PAR25CD,PAR25NM,PAR25NMW,LAD25CD,LAD25NM,LAD25NMW,ObjectId
E04000253,Brierton,,E06000001,Hartlepool,,1
E04000254,Claxton,,E06000001,Hartlepool,,2
E04000255,Dalton Piercy,,E06000001,Hartlepool,,3
E04000258,Hart,,E06000001,Hartlepool,,4
E04000259,Newton Bewley,,E06000001,Hartlepool,,5
E04000260,Headland,,E06000001,Hartlepool,,6
E04013151,Elwick,,E06000001,Hartlepool,,7
E04013152,Wynyard,,E06000001,Hartlepool,,8
E04013312,Greatham,,E06000001,Hartlepool,,9
E04000262,Stainton and Thornton,,E06000002,Middlesbrough,,10
E04013307,Nunthorpe,,E06000002,Middlesbrough,,11
E04000263,Guisborough,,E06000003,Redcar and Cleveland,,12
E04000264,Lockwood,,E06000003,Redcar and Cleveland,,13
E04000265,Loftus,,E06000003,Redcar and Cleveland,,14
E04000266,"Saltburn, Marske and New Marske",,E06000003,Redcar and Cleveland,,15
E04000267,Skelton and Brotton,,E06000003,Redcar and Cleveland,,16
E04000268,Aislaby,,E06000004,Stockton-on-Tees,,17
E04000269,Carlton,,E06000004,Stockton-on-Tees,,18
E04000272,Elton,,E06000004,Stockton-on-Tees,,19
E04000275,Ingleby Barwick,,E06000004,Stockton-on-Tees,,20
E04000277,Longnewton,,E06000004,Stockton-on-Tees,,21
E04000279,Newsham,,E06000004,Stockton-on-Tees,,22
E04000283,Thornaby,,E06000004,Stockton-on-Tees,,23
E04000284,Wolviston,,E06000004,Stockton-on-Tees,,24
E04000286,Billingham,,E06000004,Stockton-on-Tees,,25
E04012066,Castlelevington,,E06000004,Stockton-on-Tees,,26
E04012067,Egglescliffe,,E06000004,Stockton-on-Tees,,27
E04012068,Hilton,,E06000004,Stockton-on-Tees,,28
E04012069,Kirklevington,,E06000004,Stockton-on-Tees,,29
E04012070,Maltby,,E06000004,Stockton-on-Tees,,30
E04012071,Preston-on-Tees,,E06000004,Stockton-on-Tees,,31
E04012072,Redmarshall,,E06000004,Stockton-on-Tees,,32
E04012073,Stillington and Whitton,,E06000004,Stockton-on-Tees,,33
E04012074,Yarm,,E06000004,Stockton-on-Tees,,34
E04012954,Grindon and Thorpe Thewles,,E06000004,Stockton-on-Tees,,35
E04012955,Wynyard,,E06000004,Stockton-on-Tees,,36
E04000288,Barmpton,,E06000005,Darlington,,37
E04000289,Bishopton,,E06000005,Darlington,,38
E04000290,Brafferton,,E06000005,Darlington,,39
E04000291,Coatham Mundeville,,E06000005,Darlington,,40
E04000292,Denton,,E06000005,Darlington,,41
E04000293,East and West Newbiggin,,E06000005,Darlington,,42
E04000294,Great Burdon,,E06000005,Darlington,,43
E04000295,Great Stainton,,E06000005,Darlington,,44
E04000296,Heighington,,E06000005,Darlington,,45
E04000297,High Coniscliffe,,E06000005,Darlington,,46
E04000298,Houghton le Side,,E06000005,Darlington,,47
E04000300,Killerby,,E06000005,Darlington,,48
E04000301,Little Stainton,,E06000005,Darlington,,49
E04000302,Low Coniscliffe and Merrybent,,E06000005,Darlington,,50
E04000452,Pocklington,,E06000011,East Riding of Yorkshire,,51
E04000453,Pollington,,E06000011,East Riding of Yorkshire,,52
E04000454,Preston,,E06000011,East Riding of Yorkshire,,53
E04000455,Rawcliffe,,E06000011,East Riding of Yorkshire,,54
E04000456,Reedness,,E06000011,East Riding of Yorkshire,,55
E04000457,Rimswell,,E06000011,East Riding of Yorkshire,,56
E04000458,Rise,,E06000011,East Riding of Yorkshire,,57
E04000459,Riston,,E06000011,East Riding of Yorkshire,,58
E04000460,Roos,,E06000011,East Riding of Yorkshire,,59
E04000461,Routh,,E06000011,East Riding of Yorkshire,,60
E04000462,Rowley,,E06000011,East Riding of Yorkshire,,61
E04000463,Rudston,,E06000011,East Riding of Yorkshire,,62
E04000464,Sancton,,E06000011,East Riding of Yorkshire,,63
E04000465,Seaton,,E06000011,East Riding of Yorkshire,,64
E04000466,Seaton Ross,,E06000011,East Riding of Yorkshire,,65
E04000467,Shipton Thorpe,,E06000011,East Riding of Yorkshire,,66
E04000468,Sigglesthorne,,E06000011,East Riding of Yorkshire,,67
E04000469,Skeffling,,E06000011,East Riding of Yorkshire,,68
E04000470,Skerne and Wansford,,E06000011,East Riding of Yorkshire,,69
E04000471,Skidby,,E06000011,East Riding of Yorkshire,,70
E04000472,Skipsea,,E06000011,East Riding of Yorkshire,,71
E04000473,Skirlaugh,,E06000011,East Riding of Yorkshire,,72
E04000475,Sledmere,,E06000011,East Riding of Yorkshire,,73
E04000476,Snaith and Cowick,,E06000011,East Riding of Yorkshire,,74
E04000477,South Cave,,E06000011,East Riding of Yorkshire,,75
E04000478,South Cliffe,,E06000011,East Riding of Yorkshire,,76
E04000479,Spaldington,,E06000011,East Riding of Yorkshire,,77
E04000480,Sproatley,,E06000011,East Riding of Yorkshire,,78
E04000482,Sunk Island,,E06000011,East Riding of Yorkshire,,79
E04000483,Sutton upon Derwent,,E06000011,East Riding of Yorkshire,,80
E04000484,Swanland,,E06000011,East Riding of Yorkshire,,81
E04000485,Swine,,E06000011,East Riding of Yorkshire,,82
E04000486,Swinefleet,,E06000011,East Riding of Yorkshire,,83
E04000487,Thorngumbald,,E06000011,East Riding of Yorkshire,,84
E04000488,Thornton,,E06000011,East Riding of Yorkshire,,85
E04000489,Thwing,,E06000011,East Riding of Yorkshire,,86
E04000490,Tibthorpe,,E06000011,East Riding of Yorkshire,,87
E04000491,Tickton,,E06000011,East Riding of Yorkshire,,88
E04000492,Twin Rivers,,E06000011,East Riding of Yorkshire,,89
E04000493,Ulrome,,E06000011,East Riding of Yorkshire,,90
E04000494,Walkington,,E06000011,East Riding of Yorkshire,,91
E04000495,Warter,,E06000011,East Riding of Yorkshire,,92
E04000496,Watton,,E06000011,East Riding of Yorkshire,,93
E04000497,Wawne,,E06000011,East Riding of Yorkshire,,94
E04000498,Welton,,E06000011,East Riding of Yorkshire,,95
E04000499,Welwick,,E06000011,East Riding of Yorkshire,,96
E04000500,Wetwang,,E06000011,East Riding of Yorkshire,,97
E04000501,Wilberfoss,,E06000011,East Riding of Yorkshire,,98
E04000502,Withernsea,,E06000011,East Riding of Yorkshire,,99
E04000503,Withernwick,,E06000011,East Riding of Yorkshire,,100
E04000305,Morton Palms,,E06000005,Darlington,,101
E04000307,Piercebridge,,E06000005,Darlington,,102
E04000308,Sadberge,,E06000005,Darlington,,103
E04000310,Summerhouse,,E06000005,Darlington,,104
E04000311,Walworth,,E06000005,Darlington,,105
E04000312,Whessoe,,E06000005,Darlington,,106
E04012649,Archdeacon Newton,,E06000005,Darlington,,107
E04012650,Hurworth,,E06000005,Darlington,,108
E04012651,Middleton St George,,E06000005,Darlington,,109
E04012652,Neasham,,E06000005,Darlington,,110
E04000313,Daresbury,,E06000006,Halton,,111
E04000314,Hale,,E06000006,Halton,,112
E04000315,Moore,,E06000006,Halton,,113
E04000316,Preston Brook,,E06000006,Halton,,114
E04000317,Halebank,,E06000006,Halton,,115
E04000318,Sandymoor,,E06000006,Halton,,116
E04000319,Appleton,,E06000007,Warrington,,117
E04000320,Birchwood,,E06000007,Warrington,,118
E04000321,Burtonwood and Westbrook,,E06000007,Warrington,,119
E04000322,Croft,,E06000007,Warrington,,120
E04000323,Cuerdley,,E06000007,Warrington,,121
E04000324,Culcheth and Glazebury,,E06000007,Warrington,,122
E04000325,Grappenhall and Thelwall,,E06000007,Warrington,,123
E04000326,Great Sankey,,E06000007,Warrington,,124
E04000327,Hatton,,E06000007,Warrington,,125
E04000328,Lymm,,E06000007,Warrington,,126
E04000329,Penketh,,E06000007,Warrington,,127
E04000331,Rixton-with-Glazebrook,,E06000007,Warrington,,128
E04000332,Stockton Heath,,E06000007,Warrington,,129
E04000333,Stretton,,E06000007,Warrington,,130
E04000334,Walton,,E06000007,Warrington,,131
E04000336,Woolston,,E06000007,Warrington,,132
E04013419,Poulton-with-Fearnhead,,E06000007,Warrington,,133
E04013420,Winwick,,E06000007,Warrington,,134
E04000337,Eccleshill,,E06000008,Blackburn with Darwen,,135
E04000339,North Turton,,E06000008,Blackburn with Darwen,,136
E04000340,Pleasington,,E06000008,Blackburn with Darwen,,137
E04000341,Tockholes,,E06000008,Blackburn with Darwen,,138
E04000342,Yate and Pickup Bank,,E06000008,Blackburn with Darwen,,139
E04012080,Darwen,,E06000008,Blackburn with Darwen,,140
E04013124,Livesey,,E06000008,Blackburn with Darwen,,141
E04000343,Airmyn,,E06000011,East Riding of Yorkshire,,142
E04000344,Aldbrough,,E06000011,East Riding of Yorkshire,,143
E04000345,Allerthorpe,,E06000011,East Riding of Yorkshire,,144
E04000346,Asselby,,E06000011,East Riding of Yorkshire,,145
E04000347,Atwick,,E06000011,East Riding of Yorkshire,,146
E04000348,Bainton,,E06000011,East Riding of Yorkshire,,147
E04000349,Barmby Moor,,E06000011,East Riding of Yorkshire,,148
E04000350,Barmby on the Marsh,,E06000011,East Riding of Yorkshire,,149
E04000351,Barmston,,E06000011,East Riding of Yorkshire,,150
E04000402,Goole Fields,,E06000011,East Riding of Yorkshire,,151
E04000403,Gowdall,,E06000011,East Riding of Yorkshire,,152
E04000404,Grindale,,E06000011,East Riding of Yorkshire,,153
E04000405,Halsham,,E06000011,East Riding of Yorkshire,,154
E04000406,Harpham,,E06000011,East Riding of Yorkshire,,155
E04000407,Hatfield,,E06000011,East Riding of Yorkshire,,156
E04000408,Hayton,,E06000011,East Riding of Yorkshire,,157
E04000409,Hedon,,E06000011,East Riding of Yorkshire,,158
E04000410,Hessle,,E06000011,East Riding of Yorkshire,,159
E04000411,Hollym,,E06000011,East Riding of Yorkshire,,160
E04000412,Holme upon Spalding Moor,,E06000011,East Riding of Yorkshire,,161
E04000413,Holmpton,,E06000011,East Riding of Yorkshire,,162
E04000414,Hook,,E06000011,East Riding of Yorkshire,,163
E04000415,Hornsea,,E06000011,East Riding of Yorkshire,,164
E04000416,Hotham,,E06000011,East Riding of Yorkshire,,165
E04000417,Howden,,E06000011,East Riding of Yorkshire,,166
E04000418,Huggate,,E06000011,East Riding of Yorkshire,,167
E04000419,Humbleton,,E06000011,East Riding of Yorkshire,,168
E04000420,Hutton Cranswick,,E06000011,East Riding of Yorkshire,,169
E04000421,Kelk,,E06000011,East Riding of Yorkshire,,170
E04000422,Keyingham,,E06000011,East Riding of Yorkshire,,171
E04000423,Kilham,,E06000011,East Riding of Yorkshire,,172
E04000424,Kilpin,,E06000011,East Riding of Yorkshire,,173
E04000425,Kirby Underdale,,E06000011,East Riding of Yorkshire,,174
E04000426,Kirkburn,,E06000011,East Riding of Yorkshire,,175
E04000427,Langtoft,,E06000011,East Riding of Yorkshire,,176
E04000428,Laxton,,E06000011,East Riding of Yorkshire,,177
E04000429,Leconfield,,E06000011,East Riding of Yorkshire,,178
E04000430,Leven,,E06000011,East Riding of Yorkshire,,179
E04000431,Lockington,,E06000011,East Riding of Yorkshire,,180
E04000432,Londesborough,,E06000011,East Riding of Yorkshire,,181
E04000433,Lund,,E06000011,East Riding of Yorkshire,,182
E04000434,Mappleton,,E06000011,East Riding of Yorkshire,,183
E04000435,Market Weighton,,E06000011,East Riding of Yorkshire,,184
E04000436,Melbourne,,E06000011,East Riding of Yorkshire,,185
E04000437,Middleton,,E06000011,East Riding of Yorkshire,,186
E04000438,Millington,,E06000011,East Riding of Yorkshire,,187
E04000439,Molescroft,,E06000011,East Riding of Yorkshire,,188
E04000440,Nafferton,,E06000011,East Riding of Yorkshire,,189
E04000441,Newbald,,E06000011,East Riding of Yorkshire,,190
E04000442,Newport,,E06000011,East Riding of Yorkshire,,191
E04000443,Newton on Derwent,,E06000011,East Riding of Yorkshire,,192
E04000444,North Cave,,E06000011,East Riding of Yorkshire,,193
E04000445,North Dalton,,E06000011,East Riding of Yorkshire,,194
E04000446,North Ferriby,,E06000011,East Riding of Yorkshire,,195
E04000447,North Frodingham,,E06000011,East Riding of Yorkshire,,196
E04000448,Nunburnholme,,E06000011,East Riding of Yorkshire,,197
E04000449,Ottringham,,E06000011,East Riding of Yorkshire,,198
E04000450,Patrington,,E06000011,East Riding of Yorkshire,,199
E04000451,Paull,,E06000011,East Riding of Yorkshire,,200
E04000552,East Halton,,E06000013,North Lincolnshire,,201
E04000553,Eastoft,,E06000013,North Lincolnshire,,202
E04000554,Elsham,,E06000013,North Lincolnshire,,203
E04000555,Epworth,,E06000013,North Lincolnshire,,204
E04000556,Flixborough,,E06000013,North Lincolnshire,,205
E04000557,Garthorpe and Fockerby,,E06000013,North Lincolnshire,,206
E04000558,Goxhill,,E06000013,North Lincolnshire,,207
E04000559,Gunness,,E06000013,North Lincolnshire,,208
E04000560,Haxey,,E06000013,North Lincolnshire,,209
E04000561,Hibaldstow,,E06000013,North Lincolnshire,,210
E04000563,Horkstow,,E06000013,North Lincolnshire,,211
E04000564,Keadby with Althorpe,,E06000013,North Lincolnshire,,212
E04000565,Kirmington,,E06000013,North Lincolnshire,,213
E04000566,Kirton in Lindsey,,E06000013,North Lincolnshire,,214
E04000567,Luddington and Haldenby,,E06000013,North Lincolnshire,,215
E04000568,Manton,,E06000013,North Lincolnshire,,216
E04000569,Melton Ross,,E06000013,North Lincolnshire,,217
E04000571,New Holland,,E06000013,North Lincolnshire,,218
E04000572,North Killingholme,,E06000013,North Lincolnshire,,219
E04000573,Owston Ferry,,E06000013,North Lincolnshire,,220
E04000574,Redbourne,,E06000013,North Lincolnshire,,221
E04000575,Roxby cum Risby,,E06000013,North Lincolnshire,,222
E04000576,Saxby All Saints,,E06000013,North Lincolnshire,,223
E04000577,Scawby,,E06000013,North Lincolnshire,,224
E04000578,South Ferriby,,E06000013,North Lincolnshire,,225
E04000579,South Killingholme,,E06000013,North Lincolnshire,,226
E04000580,Thornton Curtis,,E06000013,North Lincolnshire,,227
E04000581,Ulceby,,E06000013,North Lincolnshire,,228
E04000582,West Butterwick,,E06000013,North Lincolnshire,,229
E04000583,West Halton,,E06000013,North Lincolnshire,,230
E04000584,Whitton,,E06000013,North Lincolnshire,,231
E04000585,Winteringham,,E06000013,North Lincolnshire,,232
E04000586,Winterton,,E06000013,North Lincolnshire,,233
E04000587,Wootton,,E06000013,North Lincolnshire,,234
E04000588,Worlaby,,E06000013,North Lincolnshire,,235
E04000589,Wrawby,,E06000013,North Lincolnshire,,236
E04000590,Wroot,,E06000013,North Lincolnshire,,237
E04000591,Ashby Parkland,,E06000013,North Lincolnshire,,238
E04012744,Messingham,,E06000013,North Lincolnshire,,239
E04000592,Acaster Malbis,,E06000014,York,,240
E04000593,Askham Bryan,,E06000014,York,,241
E04000594,Askham Richard,,E06000014,York,,242
E04000596,Clifton Without,,E06000014,York,,243
E04000597,Copmanthorpe,,E06000014,York,,244
E04000598,Deighton,,E06000014,York,,245
E04000600,Earswick,,E06000014,York,,246
E04000601,Elvington,,E06000014,York,,247
E04000602,Fulford,,E06000014,York,,248
E04000603,Haxby,,E06000014,York,,249
E04000604,Heslington,,E06000014,York,,250
E04000605,Hessay,,E06000014,York,,251
E04000606,Heworth Without,,E06000014,York,,252
E04000608,Huntington,,E06000014,York,,253
E04000609,Kexby,,E06000014,York,,254
E04000610,Murton,,E06000014,York,,255
E04000611,Naburn,,E06000014,York,,256
E04000612,Nether Poppleton,,E06000014,York,,257
E04000613,New Earswick,,E06000014,York,,258
E04000614,Osbaldwick,,E06000014,York,,259
E04000616,Rufforth with Knapton,,E06000014,York,,260
E04000618,Stockton-on-the-Forest,,E06000014,York,,261
E04000621,Upper Poppleton,,E06000014,York,,262
E04000622,Wheldrake,,E06000014,York,,263
E04000623,Wigginton,,E06000014,York,,264
E04010458,Bishopthorpe,,E06000014,York,,265
E04010459,Dunnington,,E06000014,York,,266
E04010460,Holtby,,E06000014,York,,267
E04010461,Rawcliffe,,E06000014,York,,268
E04010462,Skelton,,E06000014,York,,269
E04010463,Strensall with Towthorpe,,E06000014,York,,270
E04000624,Ashwell,,E06000017,Rutland,,271
E04000625,Ayston,,E06000017,Rutland,,272
E04000627,Barrow,,E06000017,Rutland,,273
E04000628,Barrowden,,E06000017,Rutland,,274
E04000629,Beaumont Chase,,E06000017,Rutland,,275
E04000630,Belton-in-Rutland,,E06000017,Rutland,,276
E04000631,Bisbrooke,,E06000017,Rutland,,277
E04000632,Braunston-in-Rutland,,E06000017,Rutland,,278
E04000633,Brooke,,E06000017,Rutland,,279
E04000634,Burley,,E06000017,Rutland,,280
E04000635,Caldecott,,E06000017,Rutland,,281
E04000636,Clipsham,,E06000017,Rutland,,282
E04000638,Edith Weston,,E06000017,Rutland,,283
E04000639,Egleton,,E06000017,Rutland,,284
E04000640,Empingham,,E06000017,Rutland,,285
E04000641,Essendine,,E06000017,Rutland,,286
E04000643,Glaston,,E06000017,Rutland,,287
E04000644,Great Casterton,,E06000017,Rutland,,288
E04000646,Gunthorpe,,E06000017,Rutland,,289
E04000647,Hambleton,,E06000017,Rutland,,290
E04000649,Ketton,,E06000017,Rutland,,291
E04000650,Langham,,E06000017,Rutland,,292
E04000651,Leighfield,,E06000017,Rutland,,293
E04000652,Little Casterton,,E06000017,Rutland,,294
E04000653,Lyddington,,E06000017,Rutland,,295
E04000654,Lyndon,,E06000017,Rutland,,296
E04000655,Manton,,E06000017,Rutland,,297
E04000656,Market Overton,,E06000017,Rutland,,298
E04000657,Martinsthorpe,,E06000017,Rutland,,299
E04000658,Morcott,,E06000017,Rutland,,300
E04000352,Beeford,,E06000011,East Riding of Yorkshire,,301
E04000353,Bielby,,E06000011,East Riding of Yorkshire,,302
E04000354,Bempton,,E06000011,East Riding of Yorkshire,,303
E04000355,Beswick,,E06000011,East Riding of Yorkshire,,304
E04000356,Bewholme,,E06000011,East Riding of Yorkshire,,305
E04000357,Bilton,,E06000011,East Riding of Yorkshire,,306
E04000358,Bishop Burton,,E06000011,East Riding of Yorkshire,,307
E04000359,Bishop Wilton,,E06000011,East Riding of Yorkshire,,308
E04000360,Blacktoft,,E06000011,East Riding of Yorkshire,,309
E04000361,Boynton,,E06000011,East Riding of Yorkshire,,310
E04000362,Brandesburton,,E06000011,East Riding of Yorkshire,,311
E04000363,Brantingham,,E06000011,East Riding of Yorkshire,,312
E04000364,Broomfleet,,E06000011,East Riding of Yorkshire,,313
E04000365,Bubwith,,E06000011,East Riding of Yorkshire,,314
E04000366,Bugthorpe,,E06000011,East Riding of Yorkshire,,315
E04000367,Burstwick,,E06000011,East Riding of Yorkshire,,316
E04000368,Burton Agnes,,E06000011,East Riding of Yorkshire,,317
E04000369,Burton Constable,,E06000011,East Riding of Yorkshire,,318
E04000370,Burton Fleming,,E06000011,East Riding of Yorkshire,,319
E04000371,Burton Pidsea,,E06000011,East Riding of Yorkshire,,320
E04000372,Carnaby,,E06000011,East Riding of Yorkshire,,321
E04000373,Catton,,E06000011,East Riding of Yorkshire,,322
E04000374,Catwick,,E06000011,East Riding of Yorkshire,,323
E04000375,Cherry Burton,,E06000011,East Riding of Yorkshire,,324
E04000376,Coniston,,E06000011,East Riding of Yorkshire,,325
E04000377,Cottam,,E06000011,East Riding of Yorkshire,,326
E04000378,Cottingwith,,E06000011,East Riding of Yorkshire,,327
E04000379,Dalton Holme,,E06000011,East Riding of Yorkshire,,328
E04000380,Driffield,,E06000011,East Riding of Yorkshire,,329
E04000381,Easington,,E06000011,East Riding of Yorkshire,,330
E04000382,East Garton,,E06000011,East Riding of Yorkshire,,331
E04000383,Eastrington,,E06000011,East Riding of Yorkshire,,332
E04000384,Ellerby,,E06000011,East Riding of Yorkshire,,333
E04000385,Ellerker,,E06000011,East Riding of Yorkshire,,334
E04000386,Ellerton,,E06000011,East Riding of Yorkshire,,335
E04000387,Elloughton-cum-Brough,,E06000011,East Riding of Yorkshire,,336
E04000388,Elstronwick,,E06000011,East Riding of Yorkshire,,337
E04000389,Etton,,E06000011,East Riding of Yorkshire,,338
E04000390,Everingham,,E06000011,East Riding of Yorkshire,,339
E04000391,Fangfoss,,E06000011,East Riding of Yorkshire,,340
E04000392,Fimber,,E06000011,East Riding of Yorkshire,,341
E04000393,Flamborough,,E06000011,East Riding of Yorkshire,,342
E04000394,Foggathorpe,,E06000011,East Riding of Yorkshire,,343
E04000395,Foston,,E06000011,East Riding of Yorkshire,,344
E04000396,Fridaythorpe,,E06000011,East Riding of Yorkshire,,345
E04000397,Full Sutton,,E06000011,East Riding of Yorkshire,,346
E04000398,Garton,,E06000011,East Riding of Yorkshire,,347
E04000399,Gilberdyke,,E06000011,East Riding of Yorkshire,,348
E04000400,Goodmanham,,E06000011,East Riding of Yorkshire,,349
E04000401,Goole,,E06000011,East Riding of Yorkshire,,350
E04000504,Wold Newton,,E06000011,East Riding of Yorkshire,,351
E04000505,Woodmansey,,E06000011,East Riding of Yorkshire,,352
E04000506,Wressle,,E06000011,East Riding of Yorkshire,,353
E04000507,Yapham,,E06000011,East Riding of Yorkshire,,354
E04000508,Beverley,,E06000011,East Riding of Yorkshire,,355
E04000509,Cottingham,,E06000011,East Riding of Yorkshire,,356
E04000510,Anlaby with Anlaby Common,,E06000011,East Riding of Yorkshire,,357
E04000511,Bridlington,,E06000011,East Riding of Yorkshire,,358
E04000512,Kirk Ella,,E06000011,East Riding of Yorkshire,,359
E04000513,Willerby,,E06000011,East Riding of Yorkshire,,360
E04013310,Skirpenbeck,,E06000011,East Riding of Yorkshire,,361
E04013311,Stamford Bridge,,E06000011,East Riding of Yorkshire,,362
E04000514,Ashby cum Fenby,,E06000012,North East Lincolnshire,,363
E04000515,Aylesby,,E06000012,North East Lincolnshire,,364
E04000516,Barnoldby le Beck,,E06000012,North East Lincolnshire,,365
E04000517,Beelsby,,E06000012,North East Lincolnshire,,366
E04000518,Bradley,,E06000012,North East Lincolnshire,,367
E04000519,Brigsley,,E06000012,North East Lincolnshire,,368
E04000520,East Ravendale,,E06000012,North East Lincolnshire,,369
E04000521,Habrough,,E06000012,North East Lincolnshire,,370
E04000522,Hatcliffe,,E06000012,North East Lincolnshire,,371
E04000523,Hawerby cum Beesby,,E06000012,North East Lincolnshire,,372
E04000524,Healing,,E06000012,North East Lincolnshire,,373
E04000525,Humberston,,E06000012,North East Lincolnshire,,374
E04000526,Immingham,,E06000012,North East Lincolnshire,,375
E04000527,Irby,,E06000012,North East Lincolnshire,,376
E04000528,Laceby,,E06000012,North East Lincolnshire,,377
E04000529,New Waltham,,E06000012,North East Lincolnshire,,378
E04000530,Stallingborough,,E06000012,North East Lincolnshire,,379
E04000531,Waltham,,E06000012,North East Lincolnshire,,380
E04000532,West Ravendale,,E06000012,North East Lincolnshire,,381
E04000533,Wold Newton,,E06000012,North East Lincolnshire,,382
E04000534,Great Coates,,E06000012,North East Lincolnshire,,383
E04000535,Alkborough,,E06000013,North Lincolnshire,,384
E04000536,Amcotts,,E06000013,North Lincolnshire,,385
E04000537,Appleby,,E06000013,North Lincolnshire,,386
E04000538,Barnetby le Wold,,E06000013,North Lincolnshire,,387
E04000539,Barrow upon Humber,,E06000013,North Lincolnshire,,388
E04000540,Barton,,E06000013,North Lincolnshire,,389
E04000541,Belton,,E06000013,North Lincolnshire,,390
E04000542,Bonby,,E06000013,North Lincolnshire,,391
E04000543,Bottesford,,E06000013,North Lincolnshire,,392
E04000544,Brigg,,E06000013,North Lincolnshire,,393
E04000545,Broughton,,E06000013,North Lincolnshire,,394
E04000546,Burringham,,E06000013,North Lincolnshire,,395
E04000547,Burton upon Stather,,E06000013,North Lincolnshire,,396
E04000548,Cadney,,E06000013,North Lincolnshire,,397
E04000549,Crowle and Ealand,,E06000013,North Lincolnshire,,398
E04000550,Croxton,,E06000013,North Lincolnshire,,399
E04000551,East Butterwick,,E06000013,North Lincolnshire,,400
E04000755,Evesbatch,,E06000019,"Herefordshire, County of",,401
E04000756,Ewyas Harold,,E06000019,"Herefordshire, County of",,402
E04000757,"Eye, Moreton and Ashton",,E06000019,"Herefordshire, County of",,403
E04000758,Eyton,,E06000019,"Herefordshire, County of",,404
E04000759,Felton,,E06000019,"Herefordshire, County of",,405
E04000760,Ford and Stoke Prior,,E06000019,"Herefordshire, County of",,406
E04000761,Fownhope,,E06000019,"Herefordshire, County of",,407
E04000762,Foy,,E06000019,"Herefordshire, County of",,408
E04000763,Ganarew,,E06000019,"Herefordshire, County of",,409
E04000764,Garway,,E06000019,"Herefordshire, County of",,410
E04000765,Goodrich,,E06000019,"Herefordshire, County of",,411
E04000766,Grafton,,E06000019,"Herefordshire, County of",,412
E04000767,Grendon Bishop,,E06000019,"Herefordshire, County of",,413
E04000768,Hampton Bishop,,E06000019,"Herefordshire, County of",,414
E04000769,Hampton Charles,,E06000019,"Herefordshire, County of",,415
E04000770,Harewood,,E06000019,"Herefordshire, County of",,416
E04000771,Hatfield and Newhampton,,E06000019,"Herefordshire, County of",,417
E04000772,Haywood,,E06000019,"Herefordshire, County of",,418
E04000773,Hentland,,E06000019,"Herefordshire, County of",,419
E04000774,Holme Lacy,,E06000019,"Herefordshire, County of",,420
E04000775,Holmer & Shelwick,,E06000019,"Herefordshire, County of",,421
E04000776,Hope Mansell,,E06000019,"Herefordshire, County of",,422
E04000778,How Caple,,E06000019,"Herefordshire, County of",,423
E04000779,Humber,,E06000019,"Herefordshire, County of",,424
E04000780,Huntington,,E06000019,"Herefordshire, County of",,425
E04000783,Kentchurch,,E06000019,"Herefordshire, County of",,426
E04000785,Kimbolton,,E06000019,"Herefordshire, County of",,427
E04000786,King's Pyon,,E06000019,"Herefordshire, County of",,428
E04000787,Kings Caple,,E06000019,"Herefordshire, County of",,429
E04000788,Kingsland,,E06000019,"Herefordshire, County of",,430
E04000789,Kingstone,,E06000019,"Herefordshire, County of",,431
E04000790,Kington,,E06000019,"Herefordshire, County of",,432
E04000791,Kington Rural,,E06000019,"Herefordshire, County of",,433
E04000792,Kinnersley,,E06000019,"Herefordshire, County of",,434
E04000793,Kinsham,,E06000019,"Herefordshire, County of",,435
E04000794,Knill,,E06000019,"Herefordshire, County of",,436
E04000795,Laysters,,E06000019,"Herefordshire, County of",,437
E04000796,Lea,,E06000019,"Herefordshire, County of",,438
E04000797,Ledbury,,E06000019,"Herefordshire, County of",,439
E04000798,Leinthall Starkes,,E06000019,"Herefordshire, County of",,440
E04000799,Leintwardine,,E06000019,"Herefordshire, County of",,441
E04000800,Leominster,,E06000019,"Herefordshire, County of",,442
E04000801,Letton,,E06000019,"Herefordshire, County of",,443
E04000802,Lingen,,E06000019,"Herefordshire, County of",,444
E04000803,Linton (Bromyard Bringsty Ward),,E06000019,"Herefordshire, County of",,445
E04000804,Linton (Penyard Ward),,E06000019,"Herefordshire, County of",,446
E04000805,Little Birch,,E06000019,"Herefordshire, County of",,447
E04000806,Little Cowarne,,E06000019,"Herefordshire, County of",,448
E04000807,Little Dewchurch,,E06000019,"Herefordshire, County of",,449
E04000808,Little Hereford,,E06000019,"Herefordshire, County of",,450
E04000959,Claverton,,E06000022,Bath and North East Somerset,,451
E04000659,Normanton,,E06000017,Rutland,,452
E04000660,North Luffenham,,E06000017,Rutland,,453
E04000960,Clutton,,E06000022,Bath and North East Somerset,,454
E04000662,Pickworth,,E06000017,Rutland,,455
E04000961,Combe Hay,,E06000022,Bath and North East Somerset,,456
E04000663,Pilton,,E06000017,Rutland,,457
E04000664,Preston,,E06000017,Rutland,,458
E04000962,Compton Dando,,E06000022,Bath and North East Somerset,,459
E04000665,Ridlington,,E06000017,Rutland,,460
E04000963,Compton Martin,,E06000022,Bath and North East Somerset,,461
E04000666,Ryhall,,E06000017,Rutland,,462
E04000964,Corston,,E06000022,Bath and North East Somerset,,463
E04000667,Seaton,,E06000017,Rutland,,464
E04000965,Dunkerton and Tunley,,E06000022,Bath and North East Somerset,,465
E04000668,South Luffenham,,E06000017,Rutland,,466
E04000966,East Harptree,,E06000022,Bath and North East Somerset,,467
E04000669,Stoke Dry,,E06000017,Rutland,,468
E04000967,Englishcombe,,E06000022,Bath and North East Somerset,,469
E04000670,Stretton,,E06000017,Rutland,,470
E04000968,Farmborough,,E06000022,Bath and North East Somerset,,471
E04000671,Teigh,,E06000017,Rutland,,472
E04000969,Farrington Gurney,,E06000022,Bath and North East Somerset,,473
E04000672,Thistleton,,E06000017,Rutland,,474
E04000970,Freshford,,E06000022,Bath and North East Somerset,,475
E04000673,Thorpe by Water,,E06000017,Rutland,,476
E04000971,High Littleton,,E06000022,Bath and North East Somerset,,477
E04000674,Tickencote,,E06000017,Rutland,,478
E04000972,Hinton Blewett,,E06000022,Bath and North East Somerset,,479
E04000675,Tinwell,,E06000017,Rutland,,480
E04000973,Hinton Charterhouse,,E06000022,Bath and North East Somerset,,481
E04000676,Tixover,,E06000017,Rutland,,482
E04000974,Kelston,,E06000022,Bath and North East Somerset,,483
E04000677,Uppingham,,E06000017,Rutland,,484
E04000975,Keynsham,,E06000022,Bath and North East Somerset,,485
E04000678,Wardley,,E06000017,Rutland,,486
E04000976,Marksbury,,E06000022,Bath and North East Somerset,,487
E04000679,Whissendine,,E06000017,Rutland,,488
E04000977,Monkton Combe,,E06000022,Bath and North East Somerset,,489
E04000978,Nempnett Thrubwell,,E06000022,Bath and North East Somerset,,490
E04000979,Newton St. Loe,,E06000022,Bath and North East Somerset,,491
E04000980,North Stoke,,E06000022,Bath and North East Somerset,,492
E04000981,Norton Malreward,,E06000022,Bath and North East Somerset,,493
E04000983,Paulton,,E06000022,Bath and North East Somerset,,494
E04000984,Peasedown St. John,,E06000022,Bath and North East Somerset,,495
E04000985,Priston,,E06000022,Bath and North East Somerset,,496
E04000986,Publow,,E06000022,Bath and North East Somerset,,497
E04000987,St. Catherine,,E06000022,Bath and North East Somerset,,498
E04000988,Saltford,,E06000022,Bath and North East Somerset,,499
E04000989,Shoscombe,,E06000022,Bath and North East Somerset,,500
E04000990,Southstoke,,E06000022,Bath and North East Somerset,,501
E04000991,Stanton Drew,,E06000022,Bath and North East Somerset,,502
E04000992,Stowey-Sutton,,E06000022,Bath and North East Somerset,,503
E04000993,Swainswick,,E06000022,Bath and North East Somerset,,504
E04000994,Timsbury,,E06000022,Bath and North East Somerset,,505
E04000995,Ubley,,E06000022,Bath and North East Somerset,,506
E04000996,Wellow,,E06000022,Bath and North East Somerset,,507
E04000997,West Harptree,,E06000022,Bath and North East Somerset,,508
E04000998,Whitchurch,,E06000022,Bath and North East Somerset,,509
E04012168,Midsomer Norton,,E06000022,Bath and North East Somerset,,510
E04012169,Radstock,,E06000022,Bath and North East Somerset,,511
E04012170,Westfield,,E06000022,Bath and North East Somerset,,512
E04000999,Abbots Leigh,,E06000024,North Somerset,,513
E04001002,Barrow Gurney,,E06000024,North Somerset,,514
E04001003,Blagdon,,E06000024,North Somerset,,515
E04001005,Brockley,,E06000024,North Somerset,,516
E04001006,Burrington,,E06000024,North Somerset,,517
E04001007,Butcombe,,E06000024,North Somerset,,518
E04001008,Churchill,,E06000024,North Somerset,,519
E04001009,Clapton-in-Gordano,,E06000024,North Somerset,,520
E04000680,Whitwell,,E06000017,Rutland,,521
E04000681,Wing,,E06000017,Rutland,,522
E04012420,Cottesmore,,E06000017,Rutland,,523
E04012421,Greetham,,E06000017,Rutland,,524
E04012470,Exton and Horn,,E06000017,Rutland,,525
E04012675,Barleythorpe,,E06000017,Rutland,,526
E04012676,Oakham,,E06000017,Rutland,,527
E04000682,Abbey Dore,,E06000019,"Herefordshire, County of",,528
E04000683,Aconbury,,E06000019,"Herefordshire, County of",,529
E04000684,Acton Beauchamp,,E06000019,"Herefordshire, County of",,530
E04000685,Adforton,,E06000019,"Herefordshire, County of",,531
E04000686,Allensmore,,E06000019,"Herefordshire, County of",,532
E04000687,Almeley,,E06000019,"Herefordshire, County of",,533
E04000688,Ashperton,,E06000019,"Herefordshire, County of",,534
E04000689,Aston Ingham,,E06000019,"Herefordshire, County of",,535
E04000690,Avenbury,,E06000019,"Herefordshire, County of",,536
E04000691,Aylton,,E06000019,"Herefordshire, County of",,537
E04000692,Aymestrey,,E06000019,"Herefordshire, County of",,538
E04000693,Bacton,,E06000019,"Herefordshire, County of",,539
E04000694,Ballingham,,E06000019,"Herefordshire, County of",,540
E04000695,Bartestree,,E06000019,"Herefordshire, County of",,541
E04000696,Birley with Upper Hill,,E06000019,"Herefordshire, County of",,542
E04000697,Bishop's Frome,,E06000019,"Herefordshire, County of",,543
E04000698,Bishopstone,,E06000019,"Herefordshire, County of",,544
E04000699,Blakemere,,E06000019,"Herefordshire, County of",,545
E04000700,Bodenham,,E06000019,"Herefordshire, County of",,546
E04000701,Bolstone,,E06000019,"Herefordshire, County of",,547
E04000702,Bosbury,,E06000019,"Herefordshire, County of",,548
E04000703,Brampton Abbotts,,E06000019,"Herefordshire, County of",,549
E04000704,Brampton Bryan,,E06000019,"Herefordshire, County of",,550
E04000705,Bredenbury,,E06000019,"Herefordshire, County of",,551
E04000706,Bredwardine,,E06000019,"Herefordshire, County of",,552
E04000707,Breinton,,E06000019,"Herefordshire, County of",,553
E04000708,Bridge Sollers,,E06000019,"Herefordshire, County of",,554
E04000709,Bridstow,,E06000019,"Herefordshire, County of",,555
E04000710,Brilley,,E06000019,"Herefordshire, County of",,556
E04000711,Brimfield,,E06000019,"Herefordshire, County of",,557
E04000712,Brinsop and Wormsley,,E06000019,"Herefordshire, County of",,558
E04000713,Brobury with Monnington on Wye,,E06000019,"Herefordshire, County of",,559
E04000714,Brockhampton (Old Gore Ward),,E06000019,"Herefordshire, County of",,560
E04000715,Brockhampton (Bromyard Bringsty Ward),,E06000019,"Herefordshire, County of",,561
E04000716,Bromyard and Winslow,,E06000019,"Herefordshire, County of",,562
E04000717,Buckton and Coxall,,E06000019,"Herefordshire, County of",,563
E04000718,Burghill,,E06000019,"Herefordshire, County of",,564
E04000719,Burrington,,E06000019,"Herefordshire, County of",,565
E04000720,Byford,,E06000019,"Herefordshire, County of",,566
E04000721,Byton,,E06000019,"Herefordshire, County of",,567
E04000722,Callow,,E06000019,"Herefordshire, County of",,568
E04000723,Canon Frome,,E06000019,"Herefordshire, County of",,569
E04000724,Canon Pyon,,E06000019,"Herefordshire, County of",,570
E04000725,Castle Frome,,E06000019,"Herefordshire, County of",,571
E04000726,Clehonger,,E06000019,"Herefordshire, County of",,572
E04000727,Clifford,,E06000019,"Herefordshire, County of",,573
E04000728,Coddington,,E06000019,"Herefordshire, County of",,574
E04000729,Collington,,E06000019,"Herefordshire, County of",,575
E04000730,Colwall,,E06000019,"Herefordshire, County of",,576
E04000731,Combe,,E06000019,"Herefordshire, County of",,577
E04000732,Cradley and Storridge,,E06000019,"Herefordshire, County of",,578
E04000733,Craswall,,E06000019,"Herefordshire, County of",,579
E04000734,Credenhill,,E06000019,"Herefordshire, County of",,580
E04000735,Croft and Yarpole,,E06000019,"Herefordshire, County of",,581
E04000736,Cusop,,E06000019,"Herefordshire, County of",,582
E04000737,Dewsall,,E06000019,"Herefordshire, County of",,583
E04000738,Dilwyn,,E06000019,"Herefordshire, County of",,584
E04000739,Dinedor,,E06000019,"Herefordshire, County of",,585
E04000740,Dinmore,,E06000019,"Herefordshire, County of",,586
E04000741,Docklow and Hampton Wafer,,E06000019,"Herefordshire, County of",,587
E04000742,Donnington,,E06000019,"Herefordshire, County of",,588
E04000743,Dormington,,E06000019,"Herefordshire, County of",,589
E04000744,Dorstone,,E06000019,"Herefordshire, County of",,590
E04000745,Downton,,E06000019,"Herefordshire, County of",,591
E04000746,Dulas,,E06000019,"Herefordshire, County of",,592
E04000747,Eardisland,,E06000019,"Herefordshire, County of",,593
E04000748,Eardisley,,E06000019,"Herefordshire, County of",,594
E04000749,Eastnor,,E06000019,"Herefordshire, County of",,595
E04000750,Eaton Bishop,,E06000019,"Herefordshire, County of",,596
E04000751,Edvin Loach and Saltmarshe,,E06000019,"Herefordshire, County of",,597
E04000752,Edwyn Ralph,,E06000019,"Herefordshire, County of",,598
E04000753,Eggleton,,E06000019,"Herefordshire, County of",,599
E04000754,Elton,,E06000019,"Herefordshire, County of",,600
E04000809,Little Marcle,,E06000019,"Herefordshire, County of",,601
E04000810,Llancillo,,E06000019,"Herefordshire, County of",,602
E04000811,Llandinabo,,E06000019,"Herefordshire, County of",,603
E04000812,Llangarron,,E06000019,"Herefordshire, County of",,604
E04000813,Llanrothal,,E06000019,"Herefordshire, County of",,605
E04000814,Llanveynoe,,E06000019,"Herefordshire, County of",,606
E04000815,Llanwarne,,E06000019,"Herefordshire, County of",,607
E04000816,Longtown,,E06000019,"Herefordshire, County of",,608
E04000817,Lower Bullingham,,E06000019,"Herefordshire, County of",,609
E04000818,Lower Harpton,,E06000019,"Herefordshire, County of",,610
E04000819,Lucton,,E06000019,"Herefordshire, County of",,611
E04000820,Lugwardine,,E06000019,"Herefordshire, County of",,612
E04000821,Luston,,E06000019,"Herefordshire, County of",,613
E04000822,Lyonshall,,E06000019,"Herefordshire, County of",,614
E04000823,Madley,,E06000019,"Herefordshire, County of",,615
E04000824,Mansell Gamage,,E06000019,"Herefordshire, County of",,616
E04000825,Mansell Lacy,,E06000019,"Herefordshire, County of",,617
E04000826,Marden,,E06000019,"Herefordshire, County of",,618
E04000827,Marstow,,E06000019,"Herefordshire, County of",,619
E04000828,Mathon,,E06000019,"Herefordshire, County of",,620
E04000829,Michaelchurch Escley,,E06000019,"Herefordshire, County of",,621
E04000830,Middleton on the Hill,,E06000019,"Herefordshire, County of",,622
E04000831,Moccas,,E06000019,"Herefordshire, County of",,623
E04000832,Monkland and Stretford,,E06000019,"Herefordshire, County of",,624
E04000833,Mordiford,,E06000019,"Herefordshire, County of",,625
E04000834,Moreton Jeffries,,E06000019,"Herefordshire, County of",,626
E04000836,Much Birch,,E06000019,"Herefordshire, County of",,627
E04000837,Much Cowarne,,E06000019,"Herefordshire, County of",,628
E04000838,Much Dewchurch,,E06000019,"Herefordshire, County of",,629
E04000839,Much Marcle,,E06000019,"Herefordshire, County of",,630
E04000840,Munsley,,E06000019,"Herefordshire, County of",,631
E04000841,Newton (Queenswood Ward),,E06000019,"Herefordshire, County of",,632
E04000842,Newton (Golden Valley South Ward),,E06000019,"Herefordshire, County of",,633
E04000843,Norton,,E06000019,"Herefordshire, County of",,634
E04000844,Norton Canon,,E06000019,"Herefordshire, County of",,635
E04000845,Ocle Pychard,,E06000019,"Herefordshire, County of",,636
E04000846,Orcop,,E06000019,"Herefordshire, County of",,637
E04000847,Orleton,,E06000019,"Herefordshire, County of",,638
E04000848,Pembridge,,E06000019,"Herefordshire, County of",,639
E04000849,Pencombe with Grendon Warren,,E06000019,"Herefordshire, County of",,640
E04000850,Pencoyd,,E06000019,"Herefordshire, County of",,641
E04000851,Peterchurch,,E06000019,"Herefordshire, County of",,642
E04000852,Peterstow,,E06000019,"Herefordshire, County of",,643
E04000853,Pipe and Lyde,,E06000019,"Herefordshire, County of",,644
E04000854,Pipe Aston,,E06000019,"Herefordshire, County of",,645
E04000855,Pixley,,E06000019,"Herefordshire, County of",,646
E04000856,Preston on Wye,,E06000019,"Herefordshire, County of",,647
E04000857,Preston Wynne,,E06000019,"Herefordshire, County of",,648
E04000858,Pudlestone,,E06000019,"Herefordshire, County of",,649
E04000859,Putley,,E06000019,"Herefordshire, County of",,650
E04001010,Cleeve,,E06000024,North Somerset,,651
E04001011,Clevedon,,E06000024,North Somerset,,652
E04001012,Congresbury,,E06000024,North Somerset,,653
E04001013,Dundry,,E06000024,North Somerset,,654
E04001014,Pill and Easton-in-Gordano,,E06000024,North Somerset,,655
E04001017,Kenn,,E06000024,North Somerset,,656
E04001018,Kewstoke,,E06000024,North Somerset,,657
E04001019,Kingston Seymour,,E06000024,North Somerset,,658
E04001022,Loxton,,E06000024,North Somerset,,659
E04001026,Puxton,,E06000024,North Somerset,,660
E04001027,Tickenham,,E06000024,North Somerset,,661
E04001028,Walton-in-Gordano,,E06000024,North Somerset,,662
E04001029,Weston-in-Gordano,,E06000024,North Somerset,,663
E04001032,Winscombe and Sandford,,E06000024,North Somerset,,664
E04001035,Yatton,,E06000024,North Somerset,,665
E04001037,St. Georges,,E06000024,North Somerset,,666
E04012093,Flax Bourton,,E06000024,North Somerset,,667
E04012094,Long Ashton,,E06000024,North Somerset,,668
E04012095,Nailsea,,E06000024,North Somerset,,669
E04012096,Portbury,,E06000024,North Somerset,,670
E04012097,Portishead,,E06000024,North Somerset,,671
E04012098,Wraxall and Failand,,E06000024,North Somerset,,672
E04012099,Backwell,,E06000024,North Somerset,,673
E04012100,Banwell,,E06000024,North Somerset,,674
E04012101,Bleadon,,E06000024,North Somerset,,675
E04012102,Hutton,,E06000024,North Somerset,,676
E04012103,Locking,,E06000024,North Somerset,,677
E04012104,Weston-super-Mare,,E06000024,North Somerset,,678
E04012105,Wick St. Lawrence,,E06000024,North Somerset,,679
E04012106,Winford,,E06000024,North Somerset,,680
E04012107,Wrington,,E06000024,North Somerset,,681
E04001038,Acton Turville,,E06000025,South Gloucestershire,,682
E04001040,Alveston,,E06000025,South Gloucestershire,,683
E04001041,Aust,,E06000025,South Gloucestershire,,684
E04001042,Badminton,,E06000025,South Gloucestershire,,685
E04001043,Bitton,,E06000025,South Gloucestershire,,686
E04001044,Bradley Stoke,,E06000025,South Gloucestershire,,687
E04001045,Charfield,,E06000025,South Gloucestershire,,688
E04001046,Cold Ashton,,E06000025,South Gloucestershire,,689
E04001047,Cromhall,,E06000025,South Gloucestershire,,690
E04001049,Doynton,,E06000025,South Gloucestershire,,691
E04001050,Dyrham and Hinton,,E06000025,South Gloucestershire,,692
E04001051,Falfield,,E06000025,South Gloucestershire,,693
E04001052,Filton,,E06000025,South Gloucestershire,,694
E04001054,Hanham Abbots,,E06000025,South Gloucestershire,,695
E04001055,Hawkesbury,,E06000025,South Gloucestershire,,696
E04001061,Marshfield,,E06000025,South Gloucestershire,,697
E04001063,Oldland,,E06000025,South Gloucestershire,,698
E04001064,Olveston,,E06000025,South Gloucestershire,,699
E04001066,Pilning and Severn Beach,,E06000025,South Gloucestershire,,700
E04000917,Yarkhill,,E06000019,"Herefordshire, County of",,701
E04000918,Yatton,,E06000019,"Herefordshire, County of",,702
E04000919,Yazor,,E06000019,"Herefordshire, County of",,703
E04000920,Belmont Rural,,E06000019,"Herefordshire, County of",,704
E04000921,Hereford,,E06000019,"Herefordshire, County of",,705
E04012406,Ross-on-Wye,,E06000019,"Herefordshire, County of",,706
E04012875,Moreton on Lugg,,E06000019,"Herefordshire, County of",,707
E04012876,Hope under Dinmore,,E06000019,"Herefordshire, County of",,708
E04012877,Wellington,,E06000019,"Herefordshire, County of",,709
E04012878,Kenchester,,E06000019,"Herefordshire, County of",,710
E04012879,Stretton Sugwas,,E06000019,"Herefordshire, County of",,711
E04012987,Kilpeck,,E06000019,"Herefordshire, County of",,712
E04000922,Chetwynd,,E06000020,Telford and Wrekin,,713
E04000923,Chetwynd Aston and Woodcote,,E06000020,Telford and Wrekin,,714
E04000924,Church Aston,,E06000020,Telford and Wrekin,,715
E04000925,Dawley Hamlets,,E06000020,Telford and Wrekin,,716
E04000926,Edgmond,,E06000020,Telford and Wrekin,,717
E04000927,Ercall Magna,,E06000020,Telford and Wrekin,,718
E04000928,Eyton Upon The Weald Moors,,E06000020,Telford and Wrekin,,719
E04000929,Great Dawley,,E06000020,Telford and Wrekin,,720
E04000930,Hadley & Leegomery,,E06000020,Telford and Wrekin,,721
E04000931,Hollinswood and Randlay,,E06000020,Telford and Wrekin,,722
E04000932,Ketley,,E06000020,Telford and Wrekin,,723
E04000933,Kynnersley,,E06000020,Telford and Wrekin,,724
E04000934,Lawley and Overdale,,E06000020,Telford and Wrekin,,725
E04000936,Little Wenlock,,E06000020,Telford and Wrekin,,726
E04000937,Madeley,,E06000020,Telford and Wrekin,,727
E04000938,Newport,,E06000020,Telford and Wrekin,,728
E04000939,Oakengates,,E06000020,Telford and Wrekin,,729
E04000940,Preston Upon The Weald Moors,,E06000020,Telford and Wrekin,,730
E04000941,Rodington,,E06000020,Telford and Wrekin,,731
E04000942,St Georges and Priorslee,,E06000020,Telford and Wrekin,,732
E04000943,Stirchley and Brookside,,E06000020,Telford and Wrekin,,733
E04000944,The Gorge,,E06000020,Telford and Wrekin,,734
E04000945,Tibberton and Cherrington,,E06000020,Telford and Wrekin,,735
E04000946,Waters Upton,,E06000020,Telford and Wrekin,,736
E04000947,Wellington,,E06000020,Telford and Wrekin,,737
E04000948,Wrockwardine,,E06000020,Telford and Wrekin,,738
E04000949,Wrockwardine Wood and Trench,,E06000020,Telford and Wrekin,,739
E04012425,Donnington and Muxton,,E06000020,Telford and Wrekin,,740
E04012426,Lilleshall,,E06000020,Telford and Wrekin,,741
E04000950,Bathampton,,E06000022,Bath and North East Somerset,,742
E04000951,Batheaston,,E06000022,Bath and North East Somerset,,743
E04000952,Bathford,,E06000022,Bath and North East Somerset,,744
E04000953,Temple Cloud with Cameley,,E06000022,Bath and North East Somerset,,745
E04000954,Camerton,,E06000022,Bath and North East Somerset,,746
E04000955,Charlcombe,,E06000022,Bath and North East Somerset,,747
E04000956,Chelwood,,E06000022,Bath and North East Somerset,,748
E04000957,Chew Magna,,E06000022,Bath and North East Somerset,,749
E04000958,Chew Stoke,,E06000022,Bath and North East Somerset,,750
E04000860,Richards Castle (Hereford),,E06000019,"Herefordshire, County of",,751
E04000861,"Rodd, Nash and Little Brampton",,E06000019,"Herefordshire, County of",,752
E04000864,Rowlstone,,E06000019,"Herefordshire, County of",,753
E04000866,St. Margarets,,E06000019,"Herefordshire, County of",,754
E04000867,St. Weonards,,E06000019,"Herefordshire, County of",,755
E04000868,Sarnesfield,,E06000019,"Herefordshire, County of",,756
E04000869,Sellack,,E06000019,"Herefordshire, County of",,757
E04000870,Shobdon,,E06000019,"Herefordshire, County of",,758
E04000871,Sollers Hope,,E06000019,"Herefordshire, County of",,759
E04000872,Stanford Bishop,,E06000019,"Herefordshire, County of",,760
E04000873,Stapleton,,E06000019,"Herefordshire, County of",,761
E04000874,Staunton on Arrow,,E06000019,"Herefordshire, County of",,762
E04000875,Staunton on Wye,,E06000019,"Herefordshire, County of",,763
E04000876,Stoke Edith,,E06000019,"Herefordshire, County of",,764
E04000877,Stoke Lacy,,E06000019,"Herefordshire, County of",,765
E04000878,Stretton Grandison,,E06000019,"Herefordshire, County of",,766
E04000880,Sutton,,E06000019,"Herefordshire, County of",,767
E04000881,Tarrington,,E06000019,"Herefordshire, County of",,768
E04000882,Tedstone Delamere,,E06000019,"Herefordshire, County of",,769
E04000883,Tedstone Wafer,,E06000019,"Herefordshire, County of",,770
E04000884,Thornbury,,E06000019,"Herefordshire, County of",,771
E04000885,Thruxton,,E06000019,"Herefordshire, County of",,772
E04000886,Titley,,E06000019,"Herefordshire, County of",,773
E04000887,Tretire with Michaelchurch,,E06000019,"Herefordshire, County of",,774
E04000889,Turnastone,,E06000019,"Herefordshire, County of",,775
E04000890,Tyberton,,E06000019,"Herefordshire, County of",,776
E04000891,Ullingswick,,E06000019,"Herefordshire, County of",,777
E04000892,Upper Sapey,,E06000019,"Herefordshire, County of",,778
E04000893,Upton Bishop,,E06000019,"Herefordshire, County of",,779
E04000894,Vowchurch,,E06000019,"Herefordshire, County of",,780
E04000895,Wacton,,E06000019,"Herefordshire, County of",,781
E04000896,Walford,,E06000019,"Herefordshire, County of",,782
E04000897,"Walford, Letton and Newton",,E06000019,"Herefordshire, County of",,783
E04000898,Walterstone,,E06000019,"Herefordshire, County of",,784
E04000900,Wellington Heath,,E06000019,"Herefordshire, County of",,785
E04000901,Welsh Bicknor,,E06000019,"Herefordshire, County of",,786
E04000902,Welsh Newton,,E06000019,"Herefordshire, County of",,787
E04000903,Weobley,,E06000019,"Herefordshire, County of",,788
E04000904,Westhide,,E06000019,"Herefordshire, County of",,789
E04000905,Weston Beggard,,E06000019,"Herefordshire, County of",,790
E04000906,Weston under Penyard,,E06000019,"Herefordshire, County of",,791
E04000907,Whitbourne,,E06000019,"Herefordshire, County of",,792
E04000908,Whitchurch,,E06000019,"Herefordshire, County of",,793
E04000909,Whitney-on-Wye,,E06000019,"Herefordshire, County of",,794
E04000910,Wigmore,,E06000019,"Herefordshire, County of",,795
E04000911,Willersley and Winforton,,E06000019,"Herefordshire, County of",,796
E04000912,Willey,,E06000019,"Herefordshire, County of",,797
E04000913,Withington,,E06000019,"Herefordshire, County of",,798
E04000914,Wolferlow,,E06000019,"Herefordshire, County of",,799
E04000915,Woolhope,,E06000019,"Herefordshire, County of",,800
E04010610,Cockfield,,E06000047,County Durham,,801
E04001251,Clifton Reynes,,E06000042,Milton Keynes,,802
E04001147,Aldworth,,E06000037,West Berkshire,,803
E04010611,Cornforth,,E06000047,County Durham,,804
E04001253,Emberton,,E06000042,Milton Keynes,,805
E04001148,Ashampstead,,E06000037,West Berkshire,,806
E04001069,Rockhampton,,E06000025,South Gloucestershire,,807
E04010612,Cornsay,,E06000047,County Durham,,808
E04001254,Gayhurst,,E06000042,Milton Keynes,,809
E04001149,Basildon,,E06000037,West Berkshire,,810
E04001073,Thornbury,,E06000025,South Gloucestershire,,811
E04010613,Cotherstone,,E06000047,County Durham,,812
E04001256,Hanslope,,E06000042,Milton Keynes,,813
E04001150,Beech Hill,,E06000037,West Berkshire,,814
E04001074,Tormarton,,E06000025,South Gloucestershire,,815
E04010614,Coxhoe,,E06000047,County Durham,,816
E04001257,Hardmead,,E06000042,Milton Keynes,,817
E04001151,Beedon,,E06000037,West Berkshire,,818
E04001075,Tortworth,,E06000025,South Gloucestershire,,819
E04010615,Croxdale and Hett,,E06000047,County Durham,,820
E04001259,Lathbury,,E06000042,Milton Keynes,,821
E04001152,Beenham,,E06000037,West Berkshire,,822
E04001076,Tytherington and Itchington,,E06000025,South Gloucestershire,,823
E04010616,Dalton-le-Dale,,E06000047,County Durham,,824
E04001261,Little Brickhill,,E06000042,Milton Keynes,,825
E04001153,Boxford,,E06000037,West Berkshire,,826
E04001078,Wick and Abson,,E06000025,South Gloucestershire,,827
E04010617,Dene Valley,,E06000047,County Durham,,828
E04001264,Moulsoe,,E06000042,Milton Keynes,,829
E04001154,Bradfield,,E06000037,West Berkshire,,830
E04001079,Wickwar,,E06000025,South Gloucestershire,,831
E04010618,Easington Colliery,,E06000047,County Durham,,832
E04001265,Newport Pagnell,,E06000042,Milton Keynes,,833
E04001266,Newton Blossomville,,E06000042,Milton Keynes,,834
E04001267,North Crawley,,E06000042,Milton Keynes,,835
E04001268,Olney,,E06000042,Milton Keynes,,836
E04001269,Ravenstone,,E06000042,Milton Keynes,,837
E04001272,Sherington,,E06000042,Milton Keynes,,838
E04001274,Stoke Goldington,,E06000042,Milton Keynes,,839
E04001275,Walton,,E06000042,Milton Keynes,,840
E04001276,Warrington,,E06000042,Milton Keynes,,841
E04001278,Weston Underwood,,E06000042,Milton Keynes,,842
E04001285,Kents Hill and Monkston,,E06000042,Milton Keynes,,843
E04001286,New Bradwell,,E06000042,Milton Keynes,,844
E04001287,Simpson and Ashland,,E06000042,Milton Keynes,,845
E04001289,Tyringham and Filgrave,,E06000042,Milton Keynes,,846
E04012175,Abbey Hill,,E06000042,Milton Keynes,,847
E04012176,Bletchley and Fenny Stratford,,E06000042,Milton Keynes,,848
E04012177,Bow Brickhill,,E06000042,Milton Keynes,,849
E04012178,Bradwell,,E06000042,Milton Keynes,,850
E04012180,Calverton,,E06000042,Milton Keynes,,851
E04012183,Cold Brayfield,,E06000042,Milton Keynes,,852
E04012184,Fairfields,,E06000042,Milton Keynes,,853
E04012185,Great Linford,,E06000042,Milton Keynes,,854
E04012186,Haversham-cum-Little Linford,,E06000042,Milton Keynes,,855
E04012187,Lavendon,,E06000042,Milton Keynes,,856
E04012188,Loughton & Great Holm,,E06000042,Milton Keynes,,857
E04012189,Shenley Brook End,,E06000042,Milton Keynes,,858
E04012190,Shenley Church End,,E06000042,Milton Keynes,,859
E04012191,Stantonbury,,E06000042,Milton Keynes,,860
E04012192,Stony Stratford,,E06000042,Milton Keynes,,861
E04012193,Wavendon,,E06000042,Milton Keynes,,862
E04012194,West Bletchley,,E06000042,Milton Keynes,,863
E04012195,Whitehouse,,E06000042,Milton Keynes,,864
E04012196,Woburn Sands,,E06000042,Milton Keynes,,865
E04012197,Wolverton and Greenleys,,E06000042,Milton Keynes,,866
E04012224,Campbell Park,,E06000042,Milton Keynes,,867
E04012225,Central Milton Keynes,,E06000042,Milton Keynes,,868
E04012226,Old Woughton,,E06000042,Milton Keynes,,869
E04012227,Woughton,,E06000042,Milton Keynes,,870
E04013489,Broughton and Milton Keynes,,E06000042,Milton Keynes,,871
E04001292,Rottingdean,,E06000043,Brighton and Hove,,872
E04001294,Arreton,,E06000046,Isle of Wight,,873
E04001295,Bembridge,,E06000046,Isle of Wight,,874
E04001082,Downend and Bromley Heath,,E06000025,South Gloucestershire,,875
E04010619,Easington Village,,E06000047,County Durham,,876
E04001083,Hanham,,E06000025,South Gloucestershire,,877
E04001155,Brightwalton,,E06000037,West Berkshire,,878
E04010620,Edmondbyers,,E06000047,County Durham,,879
E04012624,Dodington,,E06000025,South Gloucestershire,,880
E04001156,Brimpton,,E06000037,West Berkshire,,881
E04010621,Edmondsley,,E06000047,County Durham,,882
E04012626,Frampton Cotterell,,E06000025,South Gloucestershire,,883
E04001157,Bucklebury,,E06000037,West Berkshire,,884
E04010622,Eggleston,,E06000047,County Durham,,885
E04012627,Hill,,E06000025,South Gloucestershire,,886
E04001158,Burghfield,,E06000037,West Berkshire,,887
E04010623,Egglestone Abbey,,E06000047,County Durham,,888
E04012628,Iron Acton,,E06000025,South Gloucestershire,,889
E04001159,Catmore,,E06000037,West Berkshire,,890
E04010624,Eldon,,E06000047,County Durham,,891
E04012629,Oldbury-upon-Severn,,E06000025,South Gloucestershire,,892
E04001160,Chaddleworth,,E06000037,West Berkshire,,893
E04010625,Esh,,E06000047,County Durham,,894
E04010626,Etherley,,E06000047,County Durham,,895
E04010627,Evenwood and Barony,,E06000047,County Durham,,896
E04010628,Ferryhill,,E06000047,County Durham,,897
E04010629,Fishburn,,E06000047,County Durham,,898
E04010630,Forest and Frith,,E06000047,County Durham,,899
E04010631,Framwellgate Moor,,E06000047,County Durham,,900
E04010632,Gainford,,E06000047,County Durham,,901
E04010633,Gilmonby,,E06000047,County Durham,,902
E04010634,Great Aycliffe,,E06000047,County Durham,,903
E04010635,Great Lumley,,E06000047,County Durham,,904
E04010636,Greater Willington,,E06000047,County Durham,,905
E04010637,Greencroft,,E06000047,County Durham,,906
E04010638,Hamsterley,,E06000047,County Durham,,907
E04010639,Haswell,,E06000047,County Durham,,908
E04010640,Hawthorn,,E06000047,County Durham,,909
E04010641,Headlam,,E06000047,County Durham,,910
E04010642,Healeyfield,,E06000047,County Durham,,911
E04010643,Hedleyhope,,E06000047,County Durham,,912
E04010644,Hilton,,E06000047,County Durham,,913
E04010645,Holwick,,E06000047,County Durham,,914
E04010646,Hope,,E06000047,County Durham,,915
E04010647,Horden,,E06000047,County Durham,,916
E04010648,Hunderthwaite,,E06000047,County Durham,,917
E04010649,Hunstanworth,,E06000047,County Durham,,918
E04010650,Hutton Henry and Station Town,,E06000047,County Durham,,919
E04010651,Hutton Magna,,E06000047,County Durham,,920
E04010652,Ingleton,,E06000047,County Durham,,921
E04010653,Kelloe,,E06000047,County Durham,,922
E04010654,Kimblesworth and Plawsworth,,E06000047,County Durham,,923
E04010655,Lanchester,,E06000047,County Durham,,924
E04010656,Langleydale and Shotton,,E06000047,County Durham,,925
E04010657,Langton,,E06000047,County Durham,,926
E04010658,Lartington,,E06000047,County Durham,,927
E04010659,Little Lumley,,E06000047,County Durham,,928
E04001161,Chieveley,,E06000037,West Berkshire,,929
E04001162,Cold Ash,,E06000037,West Berkshire,,930
E04001163,Combe,,E06000037,West Berkshire,,931
E04001164,Compton,,E06000037,West Berkshire,,932
E04001165,East Garston,,E06000037,West Berkshire,,933
E04001166,East Ilsley,,E06000037,West Berkshire,,934
E04001167,Enborne,,E06000037,West Berkshire,,935
E04001168,Englefield,,E06000037,West Berkshire,,936
E04001169,Farnborough,,E06000037,West Berkshire,,937
E04001170,Fawley,,E06000037,West Berkshire,,938
E04001171,Frilsham,,E06000037,West Berkshire,,939
E04001172,Great Shefford,,E06000037,West Berkshire,,940
E04001173,Greenham,,E06000037,West Berkshire,,941
E04001174,Hampstead Norreys,,E06000037,West Berkshire,,942
E04001175,Hampstead Marshall,,E06000037,West Berkshire,,943
E04001176,Hermitage,,E06000037,West Berkshire,,944
E04001177,Hungerford,,E06000037,West Berkshire,,945
E04001178,Inkpen,,E06000037,West Berkshire,,946
E04001179,Kintbury,,E06000037,West Berkshire,,947
E04001180,Lambourn,,E06000037,West Berkshire,,948
E04001181,Leckhampstead,,E06000037,West Berkshire,,949
E04001182,Midgham,,E06000037,West Berkshire,,950
E04001183,Padworth,,E06000037,West Berkshire,,951
E04001184,Pangbourne,,E06000037,West Berkshire,,952
E04001185,Peasemore,,E06000037,West Berkshire,,953
E04001186,Purley on Thames,,E06000037,West Berkshire,,954
E04001187,Shaw cum Donnington,,E06000037,West Berkshire,,955
E04001188,Speen,,E06000037,West Berkshire,,956
E04001189,Stanford Dingley,,E06000037,West Berkshire,,957
E04001190,Stratfield Mortimer,,E06000037,West Berkshire,,958
E04001191,Streatley,,E06000037,West Berkshire,,959
E04001192,Sulham,,E06000037,West Berkshire,,960
E04001193,Sulhamstead,,E06000037,West Berkshire,,961
E04001194,Thatcham,,E06000037,West Berkshire,,962
E04001195,Theale,,E06000037,West Berkshire,,963
E04001196,Tidmarsh,,E06000037,West Berkshire,,964
E04012632,Rangeworthy,,E06000025,South Gloucestershire,,965
E04001197,Tilehurst,,E06000037,West Berkshire,,966
E04001198,Ufton Nervet,,E06000037,West Berkshire,,967
E04001199,Wasing,,E06000037,West Berkshire,,968
E04001200,Welford,,E06000037,West Berkshire,,969
E04001201,West Ilsley,,E06000037,West Berkshire,,970
E04001202,West Woodhay,,E06000037,West Berkshire,,971
E04001203,Winterbourne,,E06000037,West Berkshire,,972
E04001204,Wokefield,,E06000037,West Berkshire,,973
E04001205,Woolhampton,,E06000037,West Berkshire,,974
E04001206,Yattendon,,E06000037,West Berkshire,,975
E04001207,Newbury,,E06000037,West Berkshire,,976
E04001208,Holybrook,,E06000037,West Berkshire,,977
E04001210,Colnbrook with Poyle,,E06000039,Slough,,978
E04001211,Wexham Court,,E06000039,Slough,,979
E04012334,Britwell,,E06000039,Slough,,980
E04001212,Bisham,,E06000040,Windsor and Maidenhead,,981
E04001214,Cookham,,E06000040,Windsor and Maidenhead,,982
E04001215,Cox Green,,E06000040,Windsor and Maidenhead,,983
E04001216,Datchet,,E06000040,Windsor and Maidenhead,,984
E04001217,Eton,,E06000040,Windsor and Maidenhead,,985
E04001218,Horton,,E06000040,Windsor and Maidenhead,,986
E04001219,Hurley,,E06000040,Windsor and Maidenhead,,987
E04001220,Old Windsor,,E06000040,Windsor and Maidenhead,,988
E04001221,Shottesbrooke,,E06000040,Windsor and Maidenhead,,989
E04001222,Sunningdale,,E06000040,Windsor and Maidenhead,,990
E04001223,Sunninghill and Ascot,,E06000040,Windsor and Maidenhead,,991
E04001224,Waltham St. Lawrence,,E06000040,Windsor and Maidenhead,,992
E04001225,White Waltham,,E06000040,Windsor and Maidenhead,,993
E04001226,Wraysbury,,E06000040,Windsor and Maidenhead,,994
E04012633,Sodbury,,E06000025,South Gloucestershire,,995
E04012813,Bray,,E06000040,Windsor and Maidenhead,,996
E04012634,Stoke Lodge and The Common,,E06000025,South Gloucestershire,,997
E04001227,Arborfield and Newland,,E06000041,Wokingham,,998
E04012635,Westerleigh and Coalpit Heath,,E06000025,South Gloucestershire,,999
E04001229,Charvil,,E06000041,Wokingham,,1000
E04012636,Winterbourne,,E06000025,South Gloucestershire,,1001
E04001230,Earley,,E06000041,Wokingham,,1002
E04001231,Finchampstead,,E06000041,Wokingham,,1003
E04012637,Yate,,E06000025,South Gloucestershire,,1004
E04001232,Remenham,,E06000041,Wokingham,,1005
E04001233,Ruscombe,,E06000041,Wokingham,,1006
E04001234,"St. Nicholas, Hurst",,E06000041,Wokingham,,1007
E04013339,Almondsbury,,E06000025,South Gloucestershire,,1008
E04001235,Shinfield,,E06000041,Wokingham,,1009
E04013340,Charlton Hayes,,E06000025,South Gloucestershire,,1010
E04001236,Sonning,,E06000041,Wokingham,,1011
E04013341,Emersons Green,,E06000025,South Gloucestershire,,1012
E04001237,Swallowfield,,E06000041,Wokingham,,1013
E04013342,Horton,,E06000025,South Gloucestershire,,1014
E04001238,Twyford,,E06000041,Wokingham,,1015
E04013343,Kingswood,,E06000025,South Gloucestershire,,1016
E04001239,Wargrave,,E06000041,Wokingham,,1017
E04013344,Patchway,,E06000025,South Gloucestershire,,1018
E04001240,Winnersh,,E06000041,Wokingham,,1019
E04013345,Pucklechurch,,E06000025,South Gloucestershire,,1020
E04001242,Wokingham Without,,E06000041,Wokingham,,1021
E04013346,Siston,,E06000025,South Gloucestershire,,1022
E04001243,Woodley,,E06000041,Wokingham,,1023
E04013347,Staple Hill and Mangotsfield,,E06000025,South Gloucestershire,,1024
E04012088,Barkham,,E06000041,Wokingham,,1025
E04013348,Stoke Gifford,,E06000025,South Gloucestershire,,1026
E04012089,Wokingham,,E06000041,Wokingham,,1027
E04013349,Stoke Park and Cheswick,,E06000025,South Gloucestershire,,1028
E04001084,Brixham,,E06000027,Torbay,,1029
E04001244,Astwood,,E06000042,Milton Keynes,,1030
E04001085,Bishopstone,,E06000030,Swindon,,1031
E04001249,Castlethorpe,,E06000042,Milton Keynes,,1032
E04001087,Castle Eaton,,E06000030,Swindon,,1033
E04001250,Chicheley,,E06000042,Milton Keynes,,1034
E04001090,Hannington,,E06000030,Swindon,,1035
E04001093,Inglesham,,E06000030,Swindon,,1036
E04001094,Liddington,,E06000030,Swindon,,1037
E04001096,Stanton Fitzwarren,,E06000030,Swindon,,1038
E04001098,Wanborough,,E06000030,Swindon,,1039
E04012609,Covingham,,E06000030,Swindon,,1040
E04012662,Blunsdon,,E06000030,Swindon,,1041
E04012663,Central Swindon North,,E06000030,Swindon,,1042
E04012664,South Swindon,,E06000030,Swindon,,1043
E04012665,Chiseldon,,E06000030,Swindon,,1044
E04012666,Haydon Wick,,E06000030,Swindon,,1045
E04012667,Highworth,,E06000030,Swindon,,1046
E04012668,"Nythe, Eldene and Liden",,E06000030,Swindon,,1047
E04012669,South Marston,,E06000030,Swindon,,1048
E04012670,St Andrews,,E06000030,Swindon,,1049
E04012671,Stratton St Margaret,,E06000030,Swindon,,1050
E04010660,Lunedale,,E06000047,County Durham,,1051
E04010661,Lynesack and Softley,,E06000047,County Durham,,1052
E04010662,Marwood,,E06000047,County Durham,,1053
E04010663,Mickleton,,E06000047,County Durham,,1054
E04010664,Middleton in Teesdale,,E06000047,County Durham,,1055
E04010665,Middridge,,E06000047,County Durham,,1056
E04010666,Monk Hesleden,,E06000047,County Durham,,1057
E04010667,Mordon,,E06000047,County Durham,,1058
E04010668,Morton Tinmouth,,E06000047,County Durham,,1059
E04010669,Muggleswick,,E06000047,County Durham,,1060
E04010670,Murton,,E06000047,County Durham,,1061
E04010671,Nesbitt,,E06000047,County Durham,,1062
E04010672,Newbiggin,,E06000047,County Durham,,1063
E04010673,North Lodge,,E06000047,County Durham,,1064
E04010674,Ouston,,E06000047,County Durham,,1065
E04010675,Ovington,,E06000047,County Durham,,1066
E04010676,Pelton,,E06000047,County Durham,,1067
E04010677,Peterlee,,E06000047,County Durham,,1068
E04010678,Pittington,,E06000047,County Durham,,1069
E04010679,Raby with Keverstone,,E06000047,County Durham,,1070
E04010680,Rokeby,,E06000047,County Durham,,1071
E04010681,Romaldkirk,,E06000047,County Durham,,1072
E04010682,Sacriston,,E06000047,County Durham,,1073
E04010683,Satley,,E06000047,County Durham,,1074
E04010684,Scargill,,E06000047,County Durham,,1075
E04010685,Seaham,,E06000047,County Durham,,1076
E04010686,Seaton with Slingley,,E06000047,County Durham,,1077
E04010687,Sedgefield,,E06000047,County Durham,,1078
E04010688,Shadforth,,E06000047,County Durham,,1079
E04010689,Sheraton with Hulam,,E06000047,County Durham,,1080
E04010690,Sherburn Village,,E06000047,County Durham,,1081
E04010691,Shildon,,E06000047,County Durham,,1082
E04010693,Shotton,,E06000047,County Durham,,1083
E04010694,South Bedburn,,E06000047,County Durham,,1084
E04010695,South Hetton,,E06000047,County Durham,,1085
E04010696,Spennymoor,,E06000047,County Durham,,1086
E04010697,Staindrop,,E06000047,County Durham,,1087
E04010698,Stanhope,,E06000047,County Durham,,1088
E04010699,Stanley,,E06000047,County Durham,,1089
E04010700,Startforth,,E06000047,County Durham,,1090
E04010701,Streatlam and Stainton,,E06000047,County Durham,,1091
E04010702,Thornley,,E06000047,County Durham,,1092
E04010703,Tow Law,,E06000047,County Durham,,1093
E04010704,Trimdon,,E06000047,County Durham,,1094
E04010705,Trimdon Foundry,,E06000047,County Durham,,1095
E04010706,Urpeth,,E06000047,County Durham,,1096
E04010707,Wackerfield,,E06000047,County Durham,,1097
E04010708,Waldridge,,E06000047,County Durham,,1098
E04010709,West Auckland,,E06000047,County Durham,,1099
E04010710,West Rainton and Leamside,,E06000047,County Durham,,1100
E04001296,Brading,,E06000046,Isle of Wight,,1101
E04001297,Brighstone,,E06000046,Isle of Wight,,1102
E04001298,"Calbourne, Newtown and Porchfield",,E06000046,Isle of Wight,,1103
E04001299,Chale,,E06000046,Isle of Wight,,1104
E04001300,Cowes,,E06000046,Isle of Wight,,1105
E04001301,Freshwater,,E06000046,Isle of Wight,,1106
E04001302,Chillerton and Gatcombe,,E06000046,Isle of Wight,,1107
E04001303,Godshill,,E06000046,Isle of Wight,,1108
E04001304,Gurnard,,E06000046,Isle of Wight,,1109
E04001305,Lake,,E06000046,Isle of Wight,,1110
E04001306,Nettlestone and Seaview,,E06000046,Isle of Wight,,1111
E04001307,Newchurch,,E06000046,Isle of Wight,,1112
E04001308,Niton and Whitwell,,E06000046,Isle of Wight,,1113
E04001309,Rookley,,E06000046,Isle of Wight,,1114
E04001310,St Helens,,E06000046,Isle of Wight,,1115
E04001311,Sandown,,E06000046,Isle of Wight,,1116
E04001312,Shalfleet,,E06000046,Isle of Wight,,1117
E04001313,Shanklin,,E06000046,Isle of Wight,,1118
E04001314,Shorwell,,E06000046,Isle of Wight,,1119
E04001315,Totland,,E06000046,Isle of Wight,,1120
E04001316,Ventnor,,E06000046,Isle of Wight,,1121
E04001317,Wootton Bridge,,E06000046,Isle of Wight,,1122
E04001318,Wroxall,,E06000046,Isle of Wight,,1123
E04001319,Yarmouth,,E06000046,Isle of Wight,,1124
E04001320,East Cowes,,E06000046,Isle of Wight,,1125
E04001321,Fishbourne,,E06000046,Isle of Wight,,1126
E04001322,Havenstreet and Ashey,,E06000046,Isle of Wight,,1127
E04001323,Newport and Carisbrooke,,E06000046,Isle of Wight,,1128
E04001324,Northwood,,E06000046,Isle of Wight,,1129
E04001325,Ryde,,E06000046,Isle of Wight,,1130
E04001326,Whippingham,,E06000046,Isle of Wight,,1131
E04010590,Barforth,,E06000047,County Durham,,1132
E04010591,Barnard Castle,,E06000047,County Durham,,1133
E04010592,Barningham,,E06000047,County Durham,,1134
E04010593,Bearpark,,E06000047,County Durham,,1135
E04010594,Belmont,,E06000047,County Durham,,1136
E04010595,Bishop Auckland,,E06000047,County Durham,,1137
E04010596,Bishop Middleham,,E06000047,County Durham,,1138
E04010597,Bolam,,E06000047,County Durham,,1139
E04010598,Boldron,,E06000047,County Durham,,1140
E04010599,Bournmoor,,E06000047,County Durham,,1141
E04010600,Bowes,,E06000047,County Durham,,1142
E04010601,Bradbury and the Isle,,E06000047,County Durham,,1143
E04010602,Brancepeth,,E06000047,County Durham,,1144
E04010603,Brandon and Byshottles,,E06000047,County Durham,,1145
E04010604,Brignall,,E06000047,County Durham,,1146
E04010605,Burnhope,,E06000047,County Durham,,1147
E04010607,Castle Eden,,E06000047,County Durham,,1148
E04010608,Chilton,,E06000047,County Durham,,1149
E04010609,Cleatlam,,E06000047,County Durham,,1150
E04012672,West Swindon,,E06000030,Swindon,,1151
E04012673,Wroughton,,E06000030,Swindon,,1152
E04001100,Ailsworth,,E06000031,Peterborough,,1153
E04001101,Bainton,,E06000031,Peterborough,,1154
E04001102,Barnack,,E06000031,Peterborough,,1155
E04001103,Borough Fen,,E06000031,Peterborough,,1156
E04001104,Bretton,,E06000031,Peterborough,,1157
E04001105,Castor,,E06000031,Peterborough,,1158
E04001106,Deeping Gate,,E06000031,Peterborough,,1159
E04001107,Etton,,E06000031,Peterborough,,1160
E04001108,Eye,,E06000031,Peterborough,,1161
E04001109,Glinton,,E06000031,Peterborough,,1162
E04001110,Helpston,,E06000031,Peterborough,,1163
E04001111,Marholm,,E06000031,Peterborough,,1164
E04001112,Maxey,,E06000031,Peterborough,,1165
E04001113,Newborough,,E06000031,Peterborough,,1166
E04001114,Northborough,,E06000031,Peterborough,,1167
E04001115,Orton Longueville,,E06000031,Peterborough,,1168
E04001116,Orton Waterville,,E06000031,Peterborough,,1169
E04001117,Peakirk,,E06000031,Peterborough,,1170
E04001118,St. Martin's Without,,E06000031,Peterborough,,1171
E04001119,Southorpe,,E06000031,Peterborough,,1172
E04001120,Sutton,,E06000031,Peterborough,,1173
E04001121,Thorney,,E06000031,Peterborough,,1174
E04001122,Thornhaugh,,E06000031,Peterborough,,1175
E04001123,Ufford,,E06000031,Peterborough,,1176
E04001124,Upton,,E06000031,Peterborough,,1177
E04001125,Wansford,,E06000031,Peterborough,,1178
E04001126,Wittering,,E06000031,Peterborough,,1179
E04001127,Wothorpe,,E06000031,Peterborough,,1180
E04012079,Hampton Hargate and Vale,,E06000031,Peterborough,,1181
E04001128,Leigh-on-Sea,,E06000033,Southend-on-Sea,,1182
E04001129,Allhallows,,E06000035,Medway,,1183
E04001130,Cliffe and Cliffe Woods,,E06000035,Medway,,1184
E04001131,Cooling,,E06000035,Medway,,1185
E04001132,Cuxton,,E06000035,Medway,,1186
E04001133,Frindsbury Extra,,E06000035,Medway,,1187
E04001134,Halling,,E06000035,Medway,,1188
E04001135,High Halstow,,E06000035,Medway,,1189
E04001136,Hoo St. Werburgh,,E06000035,Medway,,1190
E04001137,Isle of Grain,,E06000035,Medway,,1191
E04001138,St. Mary Hoo,,E06000035,Medway,,1192
E04001139,Stoke,,E06000035,Medway,,1193
E04001140,Binfield,,E06000036,Bracknell Forest,,1194
E04013256,Bracknell,,E06000036,Bracknell Forest,,1195
E04013257,Crowthorne,,E06000036,Bracknell Forest,,1196
E04013258,Sandhurst,,E06000036,Bracknell Forest,,1197
E04013259,Warfield,,E06000036,Bracknell Forest,,1198
E04013260,Winkfield,,E06000036,Bracknell Forest,,1199
E04001146,Aldermaston,,E06000037,West Berkshire,,1200
E04011028,Woolstanwood,,E06000049,Cheshire East,,1201
E04011030,Wrenbury cum Frith,,E06000049,Cheshire East,,1202
E04011031,Wybunbury,,E06000049,Cheshire East,,1203
E04012173,Wilmslow,,E06000049,Cheshire East,,1204
E04012281,Crewe,,E06000049,Cheshire East,,1205
E04012282,Leighton,,E06000049,Cheshire East,,1206
E04013173,Adlington,,E06000049,Cheshire East,,1207
E04013174,Alpraham and Calveley,,E06000049,Cheshire East,,1208
E04013175,Alsager,,E06000049,Cheshire East,,1209
E04013176,Baddiley,,E06000049,Cheshire East,,1210
E04013177,Brereton,,E06000049,Cheshire East,,1211
E04013178,Bulkeley and Ridley,,E06000049,Cheshire East,,1212
E04013179,Burland and Acton,,E06000049,Cheshire East,,1213
E04013180,Church Lawton,,E06000049,Cheshire East,,1214
E04013181,Congleton,,E06000049,Cheshire East,,1215
E04013182,Weston and Crewe Green,,E06000049,Cheshire East,,1216
E04013183,Doddington and District,,E06000049,Cheshire East,,1217
E04013184,Eaton,,E06000049,Cheshire East,,1218
E04013185,Handforth,,E06000049,Cheshire East,,1219
E04010944,Great Warford,,E06000049,Cheshire East,,1220
E04011248,Cleobury North,,E06000051,Shropshire,,1221
E04013186,Haslington,,E06000049,Cheshire East,,1222
E04013187,Henbury,,E06000049,Cheshire East,,1223
E04013188,Hough and Chorlton,,E06000049,Cheshire East,,1224
E04013189,Kettleshulme and Lyme Handley,,E06000049,Cheshire East,,1225
E04013190,Knutsford,,E06000049,Cheshire East,,1226
E04013191,Little Bollington with Agden,,E06000049,Cheshire East,,1227
E04013192,Macclesfield,,E06000049,Cheshire East,,1228
E04013193,Marbury and District,,E06000049,Cheshire East,,1229
E04013194,Middlewich,,E06000049,Cheshire East,,1230
E04013195,Millington and Rostherne,,E06000049,Cheshire East,,1231
E04013196,Mobberley,,E06000049,Cheshire East,,1232
E04013197,Moston,,E06000049,Cheshire East,,1233
E04013198,Nantwich,,E06000049,Cheshire East,,1234
E04013199,Peover Superior and Snelson,,E06000049,Cheshire East,,1235
E04013200,Poynton with Worth,,E06000049,Cheshire East,,1236
E04013201,Rope,,E06000049,Cheshire East,,1237
E04013202,Sandbach,,E06000049,Cheshire East,,1238
E04013203,Shavington cum Gresty,,E06000049,Cheshire East,,1239
E04013204,Somerford,,E06000049,Cheshire East,,1240
E04013205,Stapeley and District,,E06000049,Cheshire East,,1241
E04013206,Stoke and Hurleston,,E06000049,Cheshire East,,1242
E04013207,Styal,,E06000049,Cheshire East,,1243
E04013208,Tabley Superior,,E06000049,Cheshire East,,1244
E04013209,Worleston,,E06000049,Cheshire East,,1245
E04011033,Agden,,E06000050,Cheshire West and Chester,,1246
E04011034,Aldersey,,E06000050,Cheshire West and Chester,,1247
E04011036,Allostock,,E06000050,Cheshire West and Chester,,1248
E04011037,Alvanley,,E06000050,Cheshire West and Chester,,1249
E04011039,Antrobus,,E06000050,Cheshire West and Chester,,1250
E04011042,Bache,,E06000050,Cheshire West and Chester,,1251
E04011045,Barrow,,E06000050,Cheshire West and Chester,,1252
E04010711,Westwick,,E06000047,County Durham,,1253
E04012538,Dutton,,E06000050,Cheshire West and Chester,,1254
E04011249,Clive,,E06000051,Shropshire,,1255
E04010945,Hankelow,,E06000049,Cheshire East,,1256
E04012539,Frodsham,,E06000050,Cheshire West and Chester,,1257
E04010712,Wheatley Hill,,E06000047,County Durham,,1258
E04011250,Clun,,E06000051,Shropshire,,1259
E04010947,Hassall,,E06000049,Cheshire East,,1260
E04012540,Golborne David,,E06000050,Cheshire West and Chester,,1261
E04010713,Whorlton,,E06000047,County Durham,,1262
E04011251,Clunbury,,E06000051,Shropshire,,1263
E04010948,Hatherton,,E06000049,Cheshire East,,1264
E04012542,Guilden Sutton,,E06000050,Cheshire West and Chester,,1265
E04010714,Windlestone,,E06000047,County Durham,,1266
E04011252,Clungunford,,E06000051,Shropshire,,1267
E04010949,Haughton,,E06000049,Cheshire East,,1268
E04012543,Hartford,,E06000050,Cheshire West and Chester,,1269
E04010715,Wingate,,E06000047,County Durham,,1270
E04011253,Cockshutt,,E06000051,Shropshire,,1271
E04010952,High Legh,,E06000049,Cheshire East,,1272
E04012544,Kelsall,,E06000050,Cheshire West and Chester,,1273
E04010716,Winston,,E06000047,County Durham,,1274
E04011254,Colebatch,,E06000051,Shropshire,,1275
E04010953,Higher Hurdsfield,,E06000049,Cheshire East,,1276
E04012545,Kingsley,,E06000050,Cheshire West and Chester,,1277
E04010717,Witton Gilbert,,E06000047,County Durham,,1278
E04011255,Condover,,E06000051,Shropshire,,1279
E04010954,Holmes Chapel,,E06000049,Cheshire East,,1280
E04012546,Lach Dennis and Lostock Green,,E06000050,Cheshire West and Chester,,1281
E04010718,Witton-le-Wear,,E06000047,County Durham,,1282
E04011256,Coreley,,E06000051,Shropshire,,1283
E04010956,Hulme Walfield,,E06000049,Cheshire East,,1284
E04010719,Wolsingham,,E06000047,County Durham,,1285
E04012547,Ledsham,,E06000050,Cheshire West and Chester,,1286
E04010720,"Wolsingham Park Moor lands cmn to Stanhope, Tow Law and Wolsingham",,E06000047,County Durham,,1287
E04011257,Cound,,E06000051,Shropshire,,1288
E04012548,Little Budworth,,E06000050,Cheshire West and Chester,,1289
E04010964,Little Warford,,E06000049,Cheshire East,,1290
E04012549,Little Leigh,,E06000050,Cheshire West and Chester,,1291
E04011258,Craven Arms,,E06000051,Shropshire,,1292
E04010721,Woodland,,E06000047,County Durham,,1293
E04010965,Lower Withington,,E06000049,Cheshire East,,1294
E04012550,Littleton,,E06000050,Cheshire West and Chester,,1295
E04011259,Cressage,,E06000051,Shropshire,,1296
E04010722,Wycliffe with Thorpe,,E06000047,County Durham,,1297
E04010967,Macclesfield Forest and Wildboarclough,,E06000049,Cheshire East,,1298
E04012551,Lostock Gralam,,E06000050,Cheshire West and Chester,,1299
E04011260,Culmington,,E06000051,Shropshire,,1300
E04010723,Lands Common to Brancepeth and Brandon and Byshottles,,E06000047,County Durham,,1301
E04010969,Marthall,,E06000049,Cheshire East,,1302
E04012553,Manley,,E06000050,Cheshire West and Chester,,1303
E04011261,Deuxhill,,E06000051,Shropshire,,1304
E04010724,"Lands common to Hamsterley, Lynesack and Softley and South Bedburn",,E06000047,County Durham,,1305
E04010970,Marton,,E06000049,Cheshire East,,1306
E04012554,Mouldsworth,,E06000050,Cheshire West and Chester,,1307
E04011262,Diddlebury,,E06000051,Shropshire,,1308
E04012610,Cassop-cum-Quarrington,,E06000047,County Durham,,1309
E04010971,Mere,,E06000049,Cheshire East,,1310
E04012555,Norley,,E06000050,Cheshire West and Chester,,1311
E04011263,Ditton Priors,,E06000051,Shropshire,,1312
E04012611,Shincliffe,,E06000047,County Durham,,1313
E04010974,Minshull Vernon,,E06000049,Cheshire East,,1314
E04012556,Northwich,,E06000050,Cheshire West and Chester,,1315
E04011265,Eardington,,E06000051,Shropshire,,1316
E04012745,City of Durham,,E06000047,County Durham,,1317
E04010976,Moreton cum Alcumlow,,E06000049,Cheshire East,,1318
E04012557,Rowton,,E06000050,Cheshire West and Chester,,1319
E04011266,Easthope,,E06000051,Shropshire,,1320
E04010892,Alderley Edge,,E06000049,Cheshire East,,1321
E04010978,Mottram St. Andrew,,E06000049,Cheshire East,,1322
E04012558,Rudheath,,E06000050,Cheshire West and Chester,,1323
E04011267,Eaton-under-Heywood,,E06000051,Shropshire,,1324
E04010895,Arclid,,E06000049,Cheshire East,,1325
E04010980,Nether Alderley,,E06000049,Cheshire East,,1326
E04012559,Rushton,,E06000050,Cheshire West and Chester,,1327
E04011268,Edgton,,E06000051,Shropshire,,1328
E04010896,Ashley,,E06000049,Cheshire East,,1329
E04010981,Newbold Astbury,,E06000049,Cheshire East,,1330
E04012560,Sutton Weaver,,E06000050,Cheshire West and Chester,,1331
E04011269,Ellesmere Rural,,E06000051,Shropshire,,1332
E04010897,Aston by Budworth,,E06000049,Cheshire East,,1333
E04010982,Newhall,,E06000049,Cheshire East,,1334
E04012561,Tarporley,,E06000050,Cheshire West and Chester,,1335
E04011270,Ellesmere Urban,,E06000051,Shropshire,,1336
E04010898,Aston juxta Mondrum,,E06000049,Cheshire East,,1337
E04010984,North Rode,,E06000049,Cheshire East,,1338
E04012562,Threapwood,,E06000050,Cheshire West and Chester,,1339
E04011271,Farlow,,E06000051,Shropshire,,1340
E04010899,Audlem,,E06000049,Cheshire East,,1341
E04010985,Odd Rode,,E06000049,Cheshire East,,1342
E04011272,Ford,,E06000051,Shropshire,,1343
E04012564,Weaverham,,E06000050,Cheshire West and Chester,,1344
E04011273,Frodesley,,E06000051,Shropshire,,1345
E04010986,Ollerton,,E06000049,Cheshire East,,1346
E04011274,Glazeley,,E06000051,Shropshire,,1347
E04012566,Aldford and Saighton,,E06000050,Cheshire West and Chester,,1348
E04010900,Austerson,,E06000049,Cheshire East,,1349
E04010987,Over Alderley,,E06000049,Cheshire East,,1350
E04011276,Great Ness,,E06000051,Shropshire,,1351
E04010902,Baddington,,E06000049,Cheshire East,,1352
E04012567,Hargrave and Huxley,,E06000050,Cheshire West and Chester,,1353
E04010988,Peckforton,,E06000049,Cheshire East,,1354
E04011277,Greete,,E06000051,Shropshire,,1355
E04010903,Barthomley,,E06000049,Cheshire East,,1356
E04012568,Ashton Hayes and Horton-cum-Peel,,E06000050,Cheshire West and Chester,,1357
E04010989,Peover Inferior,,E06000049,Cheshire East,,1358
E04011278,Grinshill,,E06000051,Shropshire,,1359
E04010906,Betchton,,E06000049,Cheshire East,,1360
E04012569,Backford,,E06000050,Cheshire West and Chester,,1361
E04010991,Pickmere,,E06000049,Cheshire East,,1362
E04011279,Hadnall,,E06000051,Shropshire,,1363
E04010907,Bexton,,E06000049,Cheshire East,,1364
E04012570,No Man's Heath and District,,E06000050,Cheshire West and Chester,,1365
E04010992,Plumley,,E06000049,Cheshire East,,1366
E04011280,Harley,,E06000051,Shropshire,,1367
E04010908,Bickerton,,E06000049,Cheshire East,,1368
E04012571,Dunham-on-the-Hill and Hapsford,,E06000050,Cheshire West and Chester,,1369
E04010993,Poole,,E06000049,Cheshire East,,1370
E04011282,Highley,,E06000051,Shropshire,,1371
E04010910,Bollington,,E06000049,Cheshire East,,1372
E04012572,Mickle Trafford and District,,E06000050,Cheshire West and Chester,,1373
E04010994,Pott Shrigley,,E06000049,Cheshire East,,1374
E04011283,Hinstock,,E06000051,Shropshire,,1375
E04010911,Bosley,,E06000049,Cheshire East,,1376
E04012573,"Tushingham-cum-Grindley, Macefen and Bradley",,E06000050,Cheshire West and Chester,,1377
E04010996,Prestbury,,E06000049,Cheshire East,,1378
E04011284,Hodnet,,E06000051,Shropshire,,1379
E04010912,Bradwall,,E06000049,Cheshire East,,1380
E04012574,Tarvin,,E06000050,Cheshire West and Chester,,1381
E04010997,Rainow,,E06000049,Cheshire East,,1382
E04011285,Hope Bagot,,E06000051,Shropshire,,1383
E04010915,Brindley,,E06000049,Cheshire East,,1384
E04012575,Duddon and Burton,,E06000050,Cheshire West and Chester,,1385
E04011003,Siddington,,E06000049,Cheshire East,,1386
E04011286,Hope Bowdler,,E06000051,Shropshire,,1387
E04010916,Broomhall,,E06000049,Cheshire East,,1388
E04012576,Shocklach Oviatt and District,,E06000050,Cheshire West and Chester,,1389
E04011004,Smallwood,,E06000049,Cheshire East,,1390
E04011287,Hopesay,,E06000051,Shropshire,,1391
E04010917,Buerton,,E06000049,Cheshire East,,1392
E04012577,Clotton Hoofield,,E06000050,Cheshire West and Chester,,1393
E04011007,Somerford Booths,,E06000049,Cheshire East,,1394
E04011288,Hopton Cangeford,,E06000051,Shropshire,,1395
E04010919,Bunbury,,E06000049,Cheshire East,,1396
E04012578,Christleton,,E06000050,Cheshire West and Chester,,1397
E04011008,Sound,,E06000049,Cheshire East,,1398
E04011289,Hopton Castle,,E06000051,Shropshire,,1399
E04010923,Chelford,,E06000049,Cheshire East,,1400
E04012579,Churton,,E06000050,Cheshire West and Chester,,1401
E04011009,Spurstow,,E06000049,Cheshire East,,1402
E04011290,Hopton Wafers,,E06000051,Shropshire,,1403
E04010924,Cholmondeley,,E06000049,Cheshire East,,1404
E04012580,Waverton,,E06000050,Cheshire West and Chester,,1405
E04011012,Sutton,,E06000049,Cheshire East,,1406
E04011291,Hordley,,E06000051,Shropshire,,1407
E04012581,Farndon,,E06000050,Cheshire West and Chester,,1408
E04010925,Cholmondeston,,E06000049,Cheshire East,,1409
E04011013,Swettenham,,E06000049,Cheshire East,,1410
E04011292,Hughley,,E06000051,Shropshire,,1411
E04010926,Chorley (Wilmslow West and Chorley Ward),,E06000049,Cheshire East,,1412
E04012582,Delamere and Oakmere,,E06000050,Cheshire West and Chester,,1413
E04011014,Tabley Inferior,,E06000049,Cheshire East,,1414
E04011293,Ightfield,,E06000051,Shropshire,,1415
E04010927,Chorley (Wrenbury Ward),,E06000049,Cheshire East,,1416
E04012583,Dodleston,,E06000050,Cheshire West and Chester,,1417
E04011017,Toft,,E06000049,Cheshire East,,1418
E04011294,Kemberton,,E06000051,Shropshire,,1419
E04010930,Church Minshull,,E06000049,Cheshire East,,1420
E04012584,Eaton and Eccleston,,E06000050,Cheshire West and Chester,,1421
E04011018,Twemlow,,E06000049,Cheshire East,,1422
E04011295,Kenley,,E06000051,Shropshire,,1423
E04010932,Coole Pilate,,E06000049,Cheshire East,,1424
E04012585,Poulton and Pulford,,E06000050,Cheshire West and Chester,,1425
E04011019,Walgherton,,E06000049,Cheshire East,,1426
E04011296,Kinlet,,E06000051,Shropshire,,1427
E04011301,Little Ness,,E06000051,Shropshire,,1428
E04010933,Cranage,,E06000049,Cheshire East,,1429
E04012586,Tattenhall and District,,E06000050,Cheshire West and Chester,,1430
E04011020,Wardle,,E06000049,Cheshire East,,1431
E04011297,Kinnerley,,E06000051,Shropshire,,1432
E04010935,Disley,,E06000049,Cheshire East,,1433
E04011302,Llanfair Waterdine,,E06000051,Shropshire,,1434
E04012587,Tilston,,E06000050,Cheshire West and Chester,,1435
E04011021,Warmingham,,E06000049,Cheshire East,,1436
E04011298,Knockin,,E06000051,Shropshire,,1437
E04010936,Dodcott cum Wilkesley,,E06000049,Cheshire East,,1438
E04011303,Llanyblodwel,,E06000051,Shropshire,,1439
E04012588,Malpas,,E06000050,Cheshire West and Chester,,1440
E04011023,Wettenhall,,E06000049,Cheshire East,,1441
E04011299,Leebotwood,,E06000051,Shropshire,,1442
E04010940,Egerton,,E06000049,Cheshire East,,1443
E04011304,Llanymynech and Pant,,E06000051,Shropshire,,1444
E04012589,Puddington,,E06000050,Cheshire West and Chester,,1445
E04011024,Willaston,,E06000049,Cheshire East,,1446
E04011300,Leighton and Eaton Constantine,,E06000051,Shropshire,,1447
E04010941,Faddiley,,E06000049,Cheshire East,,1448
E04011305,Longden,,E06000051,Shropshire,,1449
E04012590,Saughall and Shotwick Park,,E06000050,Cheshire West and Chester,,1450
E04011025,Wincle,,E06000049,Cheshire East,,1451
E04010942,Gawsworth,,E06000049,Cheshire East,,1452
E04011306,Longnor,,E06000051,Shropshire,,1453
E04012591,Stanthorne and Wimboldsley,,E06000050,Cheshire West and Chester,,1454
E04011027,Wistaston,,E06000049,Cheshire East,,1455
E04010943,Goostrey,,E06000049,Cheshire East,,1456
E04011307,Loppington,,E06000051,Shropshire,,1457
E04011308,Ludford,,E06000051,Shropshire,,1458
E04011309,Ludlow,,E06000051,Shropshire,,1459
E04011310,Lydbury North,,E06000051,Shropshire,,1460
E04011311,Lydham,,E06000051,Shropshire,,1461
E04011312,Mainstone,,E06000051,Shropshire,,1462
E04011314,Melverley,,E06000051,Shropshire,,1463
E04011315,Middleton Scriven,,E06000051,Shropshire,,1464
E04011316,Milson,,E06000051,Shropshire,,1465
E04011317,Minsterley,,E06000051,Shropshire,,1466
E04011318,Monkhopton,,E06000051,Shropshire,,1467
E04011319,Montford,,E06000051,Shropshire,,1468
E04011320,More,,E06000051,Shropshire,,1469
E04011321,Moreton Corbet and Lee Brockhurst,,E06000051,Shropshire,,1470
E04011322,Moreton Say,,E06000051,Shropshire,,1471
E04011323,Morville,,E06000051,Shropshire,,1472
E04011324,Much Wenlock,,E06000051,Shropshire,,1473
E04011325,Munslow,,E06000051,Shropshire,,1474
E04011326,"Myddle, Broughton and Harmer Hill",,E06000051,Shropshire,,1475
E04011327,Myndtown,,E06000051,Shropshire,,1476
E04011328,Nash,,E06000051,Shropshire,,1477
E04011329,Neen Savage,,E06000051,Shropshire,,1478
E04011330,Neen Sollars,,E06000051,Shropshire,,1479
E04011331,Neenton,,E06000051,Shropshire,,1480
E04011332,Newcastle on Clun,,E06000051,Shropshire,,1481
E04011333,Norbury,,E06000051,Shropshire,,1482
E04011334,Norton in Hales,,E06000051,Shropshire,,1483
E04011335,Onibury,,E06000051,Shropshire,,1484
E04011338,Petton,,E06000051,Shropshire,,1485
E04011340,Pitchford,,E06000051,Shropshire,,1486
E04011341,Pontesbury,,E06000051,Shropshire,,1487
E04011342,Prees,,E06000051,Shropshire,,1488
E04011343,Quatt Malvern,,E06000051,Shropshire,,1489
E04011344,Ratlinghope,,E06000051,Shropshire,,1490
E04011345,Richard's Castle (Shropshire),,E06000051,Shropshire,,1491
E04011346,Romsley,,E06000051,Shropshire,,1492
E04011347,Ruckley and Langley,,E06000051,Shropshire,,1493
E04011348,Rudge,,E06000051,Shropshire,,1494
E04011349,Rushbury,,E06000051,Shropshire,,1495
E04011351,Ryton,,E06000051,Shropshire,,1496
E04011352,Selattyn and Gobowen,,E06000051,Shropshire,,1497
E04011353,Shawbury,,E06000051,Shropshire,,1498
E04011354,Sheinton,,E06000051,Shropshire,,1499
E04011355,Sheriffhales,,E06000051,Shropshire,,1500
E04012592,Tiverton and Tilstone Fearnall,,E06000050,Cheshire West and Chester,,1501
E04012980,Great Boughton,,E06000050,Cheshire West and Chester,,1502
E04012981,Ince,,E06000050,Cheshire West and Chester,,1503
E04012982,Little Stanney,,E06000050,Cheshire West and Chester,,1504
E04012983,Stoak,,E06000050,Cheshire West and Chester,,1505
E04012988,Utkinton and Cotebrook,,E06000050,Cheshire West and Chester,,1506
E04012989,Willington,,E06000050,Cheshire West and Chester,,1507
E04011198,Acton Burnell,,E06000051,Shropshire,,1508
E04011199,Acton Round,,E06000051,Shropshire,,1509
E04011200,Acton Scott,,E06000051,Shropshire,,1510
E04011202,Alberbury with Cardeston,,E06000051,Shropshire,,1511
E04011204,All Stretton,,E06000051,Shropshire,,1512
E04011205,Alveley,,E06000051,Shropshire,,1513
E04011206,Ashford Bowdler,,E06000051,Shropshire,,1514
E04011207,Ashford Carbonel,,E06000051,Shropshire,,1515
E04011208,Astley,,E06000051,Shropshire,,1516
E04011209,Astley Abbotts,,E06000051,Shropshire,,1517
E04011210,Aston Botterell,,E06000051,Shropshire,,1518
E04011211,Aston Eyre,,E06000051,Shropshire,,1519
E04011213,Badger,,E06000051,Shropshire,,1520
E04011214,Barrow,,E06000051,Shropshire,,1521
E04011216,Bayston Hill,,E06000051,Shropshire,,1522
E04011217,Beckbury,,E06000051,Shropshire,,1523
E04011218,Bedstone,,E06000051,Shropshire,,1524
E04011220,Bettws-y-Crwyn,,E06000051,Shropshire,,1525
E04011222,Billingsley,,E06000051,Shropshire,,1526
E04011223,Bishop's Castle,,E06000051,Shropshire,,1527
E04011224,Bitterley,,E06000051,Shropshire,,1528
E04011225,Boningale,,E06000051,Shropshire,,1529
E04011226,Boraston,,E06000051,Shropshire,,1530
E04011228,Bridgnorth,,E06000051,Shropshire,,1531
E04011229,Bromfield,,E06000051,Shropshire,,1532
E04011230,Broseley,,E06000051,Shropshire,,1533
E04011231,Bucknell,,E06000051,Shropshire,,1534
E04011232,Buildwas,,E06000051,Shropshire,,1535
E04011233,Burford,,E06000051,Shropshire,,1536
E04011234,Burwarton,,E06000051,Shropshire,,1537
E04011235,Cardington,,E06000051,Shropshire,,1538
E04011236,Caynham,,E06000051,Shropshire,,1539
E04011237,Chelmarsh,,E06000051,Shropshire,,1540
E04011238,Cheswardine,,E06000051,Shropshire,,1541
E04011239,Chetton,,E06000051,Shropshire,,1542
E04011240,Child's Ercall,,E06000051,Shropshire,,1543
E04011241,Chirbury with Brompton,,E06000051,Shropshire,,1544
E04011242,Church Preen,,E06000051,Shropshire,,1545
E04011243,Church Pulverbatch,,E06000051,Shropshire,,1546
E04011244,Church Stretton,,E06000051,Shropshire,,1547
E04011245,Claverley,,E06000051,Shropshire,,1548
E04011246,Clee St. Margaret,,E06000051,Shropshire,,1549
E04011247,Cleobury Mortimer,,E06000051,Shropshire,,1550
E04011046,Barton,,E06000050,Cheshire West and Chester,,1551
E04011047,Beeston,,E06000050,Cheshire West and Chester,,1552
E04011049,Bostock,,E06000050,Cheshire West and Chester,,1553
E04011052,Broxton,,E06000050,Cheshire West and Chester,,1554
E04011056,Burwardsley,,E06000050,Cheshire West and Chester,,1555
E04011057,Byley,,E06000050,Cheshire West and Chester,,1556
E04011059,Capenhurst,,E06000050,Cheshire West and Chester,,1557
E04011062,Chester Castle,,E06000050,Cheshire West and Chester,,1558
E04011063,Chidlow,,E06000050,Cheshire West and Chester,,1559
E04011064,Chorlton,,E06000050,Cheshire West and Chester,,1560
E04011066,Chowley,,E06000050,Cheshire West and Chester,,1561
E04011075,Coddington,,E06000050,Cheshire West and Chester,,1562
E04011076,Comberbach,,E06000050,Cheshire West and Chester,,1563
E04011080,Croughton,,E06000050,Cheshire West and Chester,,1564
E04011082,Cuddington (Malpas Ward),,E06000050,Cheshire West and Chester,,1565
E04011084,Darnhall,,E06000050,Cheshire West and Chester,,1566
E04011088,Duckington,,E06000050,Cheshire West and Chester,,1567
E04011096,Elton,,E06000050,Cheshire West and Chester,,1568
E04011104,Great Budworth,,E06000050,Cheshire West and Chester,,1569
E04011107,Handley,,E06000050,Cheshire West and Chester,,1570
E04011110,Harthill,,E06000050,Cheshire West and Chester,,1571
E04011112,Helsby,,E06000050,Cheshire West and Chester,,1572
E04011117,Huntington,,E06000050,Cheshire West and Chester,,1573
E04011127,Lea-by-Backford,,E06000050,Cheshire West and Chester,,1574
E04011139,Marston,,E06000050,Cheshire West and Chester,,1575
E04011141,Mollington,,E06000050,Cheshire West and Chester,,1576
E04011142,Moston,,E06000050,Cheshire West and Chester,,1577
E04011144,Moulton,,E06000050,Cheshire West and Chester,,1578
E04011145,Neston,,E06000050,Cheshire West and Chester,,1579
E04011146,Nether Peover,,E06000050,Cheshire West and Chester,,1580
E04011167,Sproston,,E06000050,Cheshire West and Chester,,1581
E04011171,Stretton,,E06000050,Cheshire West and Chester,,1582
E04011176,Thornton-le-Moors,,E06000050,Cheshire West and Chester,,1583
E04011182,Upton-by-Chester,,E06000050,Cheshire West and Chester,,1584
E04011186,Wervin,,E06000050,Cheshire West and Chester,,1585
E04011187,Whitegate and Marton,,E06000050,Cheshire West and Chester,,1586
E04011188,Whitley,,E06000050,Cheshire West and Chester,,1587
E04011189,Wigland,,E06000050,Cheshire West and Chester,,1588
E04011193,Wincham,,E06000050,Cheshire West and Chester,,1589
E04011194,Winsford,,E06000050,Cheshire West and Chester,,1590
E04012165,Kingsmead,,E06000050,Cheshire West and Chester,,1591
E04012528,Acton Bridge,,E06000050,Cheshire West and Chester,,1592
E04012529,Anderton with Marbury,,E06000050,Cheshire West and Chester,,1593
E04012530,Aston,,E06000050,Cheshire West and Chester,,1594
E04012531,Barnton,,E06000050,Cheshire West and Chester,,1595
E04012532,Carden,,E06000050,Cheshire West and Chester,,1596
E04012533,Clutton,,E06000050,Cheshire West and Chester,,1597
E04012534,Crowton,,E06000050,Cheshire West and Chester,,1598
E04012535,Cuddington (Weaver and Cuddington Ward),,E06000050,Cheshire West and Chester,,1599
E04012536,Davenham,,E06000050,Cheshire West and Chester,,1600
E04011655,Bulford,,E06000054,Wiltshire,,1601
E04011356,Shifnal,,E06000051,Shropshire,,1602
E04011357,Shipton,,E06000051,Shropshire,,1603
E04011656,Bulkington,,E06000054,Wiltshire,,1604
E04011359,Sibdon Carwood,,E06000051,Shropshire,,1605
E04011657,Burbage,,E06000054,Wiltshire,,1606
E04011360,Sidbury,,E06000051,Shropshire,,1607
E04011658,Burcombe Without,,E06000054,Wiltshire,,1608
E04011361,Smethcott,,E06000051,Shropshire,,1609
E04011659,Buttermere,,E06000054,Wiltshire,,1610
E04011362,St. Martin's,,E06000051,Shropshire,,1611
E04011663,Chapmanslade,,E06000054,Wiltshire,,1612
E04011594,Tremaine,,E06000052,Cornwall,,1613
E04011363,Stanton Lacy,,E06000051,Shropshire,,1614
E04011664,Charlton,,E06000054,Wiltshire,,1615
E04011596,Tresmeer,,E06000052,Cornwall,,1616
E04011364,Stanton Long,,E06000051,Shropshire,,1617
E04011665,Charlton St Peter,,E06000054,Wiltshire,,1618
E04011597,Trevalga,,E06000052,Cornwall,,1619
E04011365,Stanton upon Hine Heath,,E06000051,Shropshire,,1620
E04011667,Cheverell Magna,,E06000054,Wiltshire,,1621
E04011598,Treverbyn,,E06000052,Cornwall,,1622
E04011366,Stockton,,E06000051,Shropshire,,1623
E04011668,Little Cheverell,,E06000054,Wiltshire,,1624
E04011599,Trewen,,E06000052,Cornwall,,1625
E04011367,Stoke St. Milborough,,E06000051,Shropshire,,1626
E04011669,Chicklade,,E06000054,Wiltshire,,1627
E04011601,Tywardreath and Par,,E06000052,Cornwall,,1628
E04011368,Stoke upon Tern,,E06000051,Shropshire,,1629
E04011670,Chilmark,,E06000054,Wiltshire,,1630
E04011602,Veryan,,E06000052,Cornwall,,1631
E04011369,Stottesdon,,E06000051,Shropshire,,1632
E04011671,Chilton Foliat,,E06000054,Wiltshire,,1633
E04011605,Warleggan,,E06000052,Cornwall,,1634
E04011370,Stowe,,E06000051,Shropshire,,1635
E04011674,Chirton,,E06000054,Wiltshire,,1636
E04011606,Week St. Mary,,E06000052,Cornwall,,1637
E04011371,Sutton Maddock,,E06000051,Shropshire,,1638
E04011675,Chitterne,,E06000054,Wiltshire,,1639
E04011608,Werrington,,E06000052,Cornwall,,1640
E04011372,Sutton upon Tern,,E06000051,Shropshire,,1641
E04011676,Cholderton,,E06000054,Wiltshire,,1642
E04011609,Whitstone,,E06000052,Cornwall,,1643
E04011373,Tasley,,E06000051,Shropshire,,1644
E04011678,Chute,,E06000054,Wiltshire,,1645
E04011610,Withiel,,E06000052,Cornwall,,1646
E04011374,Tong,,E06000051,Shropshire,,1647
E04011679,Chute Forest,,E06000054,Wiltshire,,1648
E04011611,Zennor,,E06000052,Cornwall,,1649
E04011376,Upton Cressett,,E06000051,Shropshire,,1650
E04011680,Clarendon Park,,E06000054,Wiltshire,,1651
E04011460,Lanlivery,,E06000052,Cornwall,,1652
E04013049,Budock,,E06000052,Cornwall,,1653
E04013488,Uffington,,E06000051,Shropshire,,1654
E04011377,Upton Magna,,E06000051,Shropshire,,1655
E04011681,Clyffe Pypard,,E06000054,Wiltshire,,1656
E04011461,Lanner,,E06000052,Cornwall,,1657
E04013050,Carharrack,,E06000052,Cornwall,,1658
E04013492,Adderley,,E06000051,Shropshire,,1659
E04011378,Welshampton and Lyneal,,E06000051,Shropshire,,1660
E04011682,Codford,,E06000054,Wiltshire,,1661
E04011462,Lanreath,,E06000052,Cornwall,,1662
E04011464,Lanteglos,,E06000052,Cornwall,,1663
E04011465,Launcells,,E06000052,Cornwall,,1664
E04011466,Launceston,,E06000052,Cornwall,,1665
E04011467,Lawhitton Rural,,E06000052,Cornwall,,1666
E04011468,Lesnewth,,E06000052,Cornwall,,1667
E04011469,Lewannick,,E06000052,Cornwall,,1668
E04011470,Lezant,,E06000052,Cornwall,,1669
E04011471,Linkinhorne,,E06000052,Cornwall,,1670
E04011474,Lostwithiel,,E06000052,Cornwall,,1671
E04011476,Luxulyan,,E06000052,Cornwall,,1672
E04011477,Mabe,,E06000052,Cornwall,,1673
E04011478,Madron,,E06000052,Cornwall,,1674
E04011479,Maker-with-Rame,,E06000052,Cornwall,,1675
E04011480,Manaccan,,E06000052,Cornwall,,1676
E04011482,Marhamchurch,,E06000052,Cornwall,,1677
E04011483,Mawgan-in-Meneage,,E06000052,Cornwall,,1678
E04011484,Mawgan-in-Pydar,,E06000052,Cornwall,,1679
E04011485,Mawnan,,E06000052,Cornwall,,1680
E04011487,Mevagissey,,E06000052,Cornwall,,1681
E04011488,Michaelstow,,E06000052,Cornwall,,1682
E04011489,Millbrook,,E06000052,Cornwall,,1683
E04011490,Morvah,,E06000052,Cornwall,,1684
E04011492,Morwenstow,,E06000052,Cornwall,,1685
E04011493,Mullion,,E06000052,Cornwall,,1686
E04011494,Mylor,,E06000052,Cornwall,,1687
E04011496,North Hill,,E06000052,Cornwall,,1688
E04011497,North Petherwin,,E06000052,Cornwall,,1689
E04011498,North Tamerton,,E06000052,Cornwall,,1690
E04011499,Otterham,,E06000052,Cornwall,,1691
E04011500,Padstow,,E06000052,Cornwall,,1692
E04011502,Pelynt,,E06000052,Cornwall,,1693
E04011505,Penzance,,E06000052,Cornwall,,1694
E04011508,Perranzabuloe,,E06000052,Cornwall,,1695
E04011509,Philleigh,,E06000052,Cornwall,,1696
E04011510,Pillaton,,E06000052,Cornwall,,1697
E04011511,Porthleven,,E06000052,Cornwall,,1698
E04011513,Poundstock,,E06000052,Cornwall,,1699
E04011515,Quethiock,,E06000052,Cornwall,,1700
E04011516,Redruth,,E06000052,Cornwall,,1701
E04011517,Roche,,E06000052,Cornwall,,1702
E04011518,Ruanlanihorne,,E06000052,Cornwall,,1703
E04011519,Saltash,,E06000052,Cornwall,,1704
E04011520,Sancreed,,E06000052,Cornwall,,1705
E04011521,Sennen,,E06000052,Cornwall,,1706
E04011522,Sheviock,,E06000052,Cornwall,,1707
E04011523,Sithney,,E06000052,Cornwall,,1708
E04011524,South Hill,,E06000052,Cornwall,,1709
E04013051,Chacewater,,E06000052,Cornwall,,1710
E04011379,Wem Rural,,E06000051,Shropshire,,1711
E04011683,Colerne,,E06000054,Wiltshire,,1712
E04013052,Colan,,E06000052,Cornwall,,1713
E04011380,Wem Urban,,E06000051,Shropshire,,1714
E04011684,Collingbourne Ducis,,E06000054,Wiltshire,,1715
E04013053,Crantock,,E06000052,Cornwall,,1716
E04013493,Market Drayton,,E06000051,Shropshire,,1717
E04011381,Wentnor,,E06000051,Shropshire,,1718
E04011685,Collingbourne Kingston,,E06000054,Wiltshire,,1719
E04013054,Cubert,,E06000052,Cornwall,,1720
E04013494,Baschurch,,E06000051,Shropshire,,1721
E04011383,Westbury,,E06000051,Shropshire,,1722
E04011687,Compton Chamberlayne,,E06000054,Wiltshire,,1723
E04013055,Delabole,,E06000052,Cornwall,,1724
E04013495,Bomere Heath and District,,E06000051,Shropshire,,1725
E04011384,Weston Rhyn,,E06000051,Shropshire,,1726
E04011688,Coombe Bissett,,E06000054,Wiltshire,,1727
E04013056,Dobwalls,,E06000052,Cornwall,,1728
E04013496,Albrighton and Donington,,E06000051,Shropshire,,1729
E04011385,Weston-under-Redcastle,,E06000051,Shropshire,,1730
E04011690,Corsley,,E06000054,Wiltshire,,1731
E04013057,Egloshayle,,E06000052,Cornwall,,1732
E04011399,Advent,,E06000052,Cornwall,,1733
E04011400,Altarnun,,E06000052,Cornwall,,1734
E04011401,Antony,,E06000052,Cornwall,,1735
E04011402,Blisland,,E06000052,Cornwall,,1736
E04011403,Boconnoc,,E06000052,Cornwall,,1737
E04011404,Bodmin,,E06000052,Cornwall,,1738
E04011405,Botusfleming,,E06000052,Cornwall,,1739
E04011406,Boyton,,E06000052,Cornwall,,1740
E04011407,Breage,,E06000052,Cornwall,,1741
E04011408,Braddock,,E06000052,Cornwall,,1742
E04011409,Bude-Stratton,,E06000052,Cornwall,,1743
E04011411,Callington,,E06000052,Cornwall,,1744
E04011412,Calstock,,E06000052,Cornwall,,1745
E04011413,Camborne,,E06000052,Cornwall,,1746
E04011414,Camelford,,E06000052,Cornwall,,1747
E04011415,Cardinham,,E06000052,Cornwall,,1748
E04011417,Carlyon,,E06000052,Cornwall,,1749
E04011418,Carn Brea,,E06000052,Cornwall,,1750
E04011421,Constantine,,E06000052,Cornwall,,1751
E04011423,Crowan,,E06000052,Cornwall,,1752
E04011426,Cury,,E06000052,Cornwall,,1753
E04011428,Deviock,,E06000052,Cornwall,,1754
E04011430,Duloe,,E06000052,Cornwall,,1755
E04011432,Egloskerry,,E06000052,Cornwall,,1756
E04011434,Feock,,E06000052,Cornwall,,1757
E04011435,Forrabury and Minster,,E06000052,Cornwall,,1758
E04011436,Fowey,,E06000052,Cornwall,,1759
E04011437,Germoe,,E06000052,Cornwall,,1760
E04011438,Gerrans,,E06000052,Cornwall,,1761
E04011439,Grade-Ruan,,E06000052,Cornwall,,1762
E04011441,Gunwalloe,,E06000052,Cornwall,,1763
E04011442,Gweek,,E06000052,Cornwall,,1764
E04011446,Helland,,E06000052,Cornwall,,1765
E04011448,Illogan,,E06000052,Cornwall,,1766
E04011449,Jacobstow,,E06000052,Cornwall,,1767
E04011450,Kea,,E06000052,Cornwall,,1768
E04011451,Kenwyn,,E06000052,Cornwall,,1769
E04011452,Kilkhampton,,E06000052,Cornwall,,1770
E04011454,Landewednack,,E06000052,Cornwall,,1771
E04011455,Landrake with St. Erney,,E06000052,Cornwall,,1772
E04011456,Landulph,,E06000052,Cornwall,,1773
E04011457,Laneast,,E06000052,Cornwall,,1774
E04011458,Lanhydrock,,E06000052,Cornwall,,1775
E04011459,Lanivet,,E06000052,Cornwall,,1776
E04011386,Wheathill,,E06000051,Shropshire,,1777
E04011691,Coulston,,E06000054,Wiltshire,,1778
E04013058,Falmouth,,E06000052,Cornwall,,1779
E04011387,Whitchurch Rural,,E06000051,Shropshire,,1780
E04011692,Cricklade,,E06000054,Wiltshire,,1781
E04013059,Grampound with Creed,,E06000052,Cornwall,,1782
E04011388,Whitchurch Urban,,E06000051,Shropshire,,1783
E04011693,Crudwell,,E06000054,Wiltshire,,1784
E04013060,Gwennap,,E06000052,Cornwall,,1785
E04011390,Whitton,,E06000051,Shropshire,,1786
E04011694,Dauntsey,,E06000054,Wiltshire,,1787
E04013061,Gwinear-Gwithian,,E06000052,Cornwall,,1788
E04011391,Whixall,,E06000051,Shropshire,,1789
E04011697,Dinton,,E06000054,Wiltshire,,1790
E04013062,Hayle,,E06000052,Cornwall,,1791
E04011392,Wistanstow,,E06000051,Shropshire,,1792
E04011698,Donhead St. Andrew,,E06000054,Wiltshire,,1793
E04013063,Helston,,E06000052,Cornwall,,1794
E04011393,Withington,,E06000051,Shropshire,,1795
E04011699,Donhead St. Mary,,E06000054,Wiltshire,,1796
E04013064,Ladock,,E06000052,Cornwall,,1797
E04011394,Woolstaston,,E06000051,Shropshire,,1798
E04011700,Downton,,E06000054,Wiltshire,,1799
E04013066,Looe,,E06000052,Cornwall,,1800
E04011395,Woore,,E06000051,Shropshire,,1801
E04011701,Durnford,,E06000054,Wiltshire,,1802
E04013067,Ludgvan,,E06000052,Cornwall,,1803
E04011396,Worfield,,E06000051,Shropshire,,1804
E04011702,Durrington,,E06000054,Wiltshire,,1805
E04011703,East Kennett,,E06000054,Wiltshire,,1806
E04011704,East Knoyle,,E06000054,Wiltshire,,1807
E04011705,Easterton,,E06000054,Wiltshire,,1808
E04011706,Easton,,E06000054,Wiltshire,,1809
E04011707,Easton Grey,,E06000054,Wiltshire,,1810
E04011708,Ebbesborne Wake,,E06000054,Wiltshire,,1811
E04011709,Edington,,E06000054,Wiltshire,,1812
E04011710,Enford,,E06000054,Wiltshire,,1813
E04011711,Erlestoke,,E06000054,Wiltshire,,1814
E04011712,Etchilhampton,,E06000054,Wiltshire,,1815
E04011713,Everleigh,,E06000054,Wiltshire,,1816
E04011715,Firsdown,,E06000054,Wiltshire,,1817
E04011717,Fonthill Bishop,,E06000054,Wiltshire,,1818
E04013087,St. Hilary,,E06000052,Cornwall,,1819
E04011718,Fonthill Gifford,,E06000054,Wiltshire,,1820
E04013068,Marazion,,E06000052,Cornwall,,1821
E04011397,Worthen with Shelve,,E06000051,Shropshire,,1822
E04013069,Morval,,E06000052,Cornwall,,1823
E04011719,Fovant,,E06000054,Wiltshire,,1824
E04013088,St. Keyne and Trewidland,,E06000052,Cornwall,,1825
E04011398,Wroxeter and Uppington,,E06000051,Shropshire,,1826
E04013070,Newquay,,E06000052,Cornwall,,1827
E04011720,Froxfield,,E06000054,Wiltshire,,1828
E04013089,St. Martin-by-Looe,,E06000052,Cornwall,,1829
E04012254,Oswestry,,E06000051,Shropshire,,1830
E04013071,Penryn,,E06000052,Cornwall,,1831
E04011721,Fyfield,,E06000054,Wiltshire,,1832
E04013090,St. Mewan,,E06000052,Cornwall,,1833
E04012255,Oswestry Rural,,E06000051,Shropshire,,1834
E04013072,Pentewan Valley,,E06000052,Cornwall,,1835
E04011722,Grafton,,E06000054,Wiltshire,,1836
E04013091,St. Newlyn East,,E06000052,Cornwall,,1837
E04012256,Whittington,,E06000051,Shropshire,,1838
E04013073,Perranarworthal,,E06000052,Cornwall,,1839
E04011723,Great Bedwyn,,E06000054,Wiltshire,,1840
E04013092,St. Teath,,E06000052,Cornwall,,1841
E04012266,Ruyton-XI-Towns,,E06000051,Shropshire,,1842
E04013074,Perranuthnoe,,E06000052,Cornwall,,1843
E04011724,Great Hinton,,E06000054,Wiltshire,,1844
E04013093,St. Thomas the Apostle Rural,,E06000052,Cornwall,,1845
E04012267,West Felton,,E06000051,Shropshire,,1846
E04013075,Polperro,,E06000052,Cornwall,,1847
E04011725,Great Somerford,,E06000054,Wiltshire,,1848
E04013094,South Petherwin,,E06000052,Cornwall,,1849
E04012659,Abdon and Heath,,E06000051,Shropshire,,1850
E04013076,Ponsanooth,,E06000052,Cornwall,,1851
E04011726,Great Wishford,,E06000054,Wiltshire,,1852
E04013095,Towednack,,E06000052,Cornwall,,1853
E04013483,Atcham,,E06000051,Shropshire,,1854
E04013077,Portreath,,E06000052,Cornwall,,1855
E04011727,Grimstead,,E06000054,Wiltshire,,1856
E04013096,Tregony with Cuby,,E06000052,Cornwall,,1857
E04013484,Berrington,,E06000051,Shropshire,,1858
E04013078,Probus,,E06000052,Cornwall,,1859
E04011729,Ham,,E06000054,Wiltshire,,1860
E04013097,Truro,,E06000052,Cornwall,,1861
E04013485,Bicton,,E06000051,Shropshire,,1862
E04013079,St. Agnes,,E06000052,Cornwall,,1863
E04011730,Hankerton,,E06000054,Wiltshire,,1864
E04013098,Wadebridge,,E06000052,Cornwall,,1865
E04013486,Great Hanwood,,E06000051,Shropshire,,1866
E04013080,St Austell,,E06000052,Cornwall,,1867
E04011732,Heytesbury,,E06000054,Wiltshire,,1868
E04013099,Wendron,,E06000052,Cornwall,,1869
E04013487,Shrewsbury,,E06000051,Shropshire,,1870
E04013081,St Austell Bay,,E06000052,Cornwall,,1871
E04011736,Hindon,,E06000054,Wiltshire,,1872
E04013442,Davidstow,,E06000052,Cornwall,,1873
E04013082,"St. Buryan, Lamorna and Paul",,E06000052,Cornwall,,1874
E04011737,Holt,,E06000054,Wiltshire,,1875
E04011738,Horningsham,,E06000054,Wiltshire,,1876
E04011740,Hullavington,,E06000054,Wiltshire,,1877
E04011741,Idmiston,,E06000054,Wiltshire,,1878
E04011742,Keevil,,E06000054,Wiltshire,,1879
E04011743,Kilmington,,E06000054,Wiltshire,,1880
E04011744,Kingston Deverill,,E06000054,Wiltshire,,1881
E04011745,Kington Langley,,E06000054,Wiltshire,,1882
E04011747,Knook,,E06000054,Wiltshire,,1883
E04011751,Latton,,E06000054,Wiltshire,,1884
E04011753,Lea and Cleverton,,E06000054,Wiltshire,,1885
E04011754,Leigh,,E06000054,Wiltshire,,1886
E04011755,Limpley Stoke,,E06000054,Wiltshire,,1887
E04011756,Little Bedwyn,,E06000054,Wiltshire,,1888
E04011757,Little Somerford,,E06000054,Wiltshire,,1889
E04011758,Longbridge Deverill,,E06000054,Wiltshire,,1890
E04011759,Luckington,,E06000054,Wiltshire,,1891
E04011760,Ludgershall,,E06000054,Wiltshire,,1892
E04011761,Lydiard Millicent,,E06000054,Wiltshire,,1893
E04011762,Lydiard Tregoze,,E06000054,Wiltshire,,1894
E04011763,Lyneham and Bradenstoke,,E06000054,Wiltshire,,1895
E04011764,Maiden Bradley with Yarnfield,,E06000054,Wiltshire,,1896
E04011765,Malmesbury,,E06000054,Wiltshire,,1897
E04011767,Marden,,E06000054,Wiltshire,,1898
E04011768,Market Lavington,,E06000054,Wiltshire,,1899
E04011769,Marlborough,,E06000054,Wiltshire,,1900
E04011770,Marston,,E06000054,Wiltshire,,1901
E04011771,Marston Maisey,,E06000054,Wiltshire,,1902
E04011775,Mildenhall,,E06000054,Wiltshire,,1903
E04011776,Milston,,E06000054,Wiltshire,,1904
E04011777,Milton Lilbourne,,E06000054,Wiltshire,,1905
E04011778,Minety,,E06000054,Wiltshire,,1906
E04011779,Monkton Farleigh,,E06000054,Wiltshire,,1907
E04011783,Newton Tony,,E06000054,Wiltshire,,1908
E04011785,North Newnton,,E06000054,Wiltshire,,1909
E04011786,North Wraxall,,E06000054,Wiltshire,,1910
E04013083,St. Clement,,E06000052,Cornwall,,1911
E04013084,St. Day,,E06000052,Cornwall,,1912
E04013085,St. Enoder,,E06000052,Cornwall,,1913
E04013086,St. Erth,,E06000052,Cornwall,,1914
E04013443,Liskeard,,E06000052,Cornwall,,1915
E04013444,Menheniot,,E06000052,Cornwall,,1916
E04013445,Warbstow,,E06000052,Cornwall,,1917
E04012729,Bryher,,E06000053,Isles of Scilly,,1918
E04012730,St Agnes,,E06000053,Isles of Scilly,,1919
E04012731,St Martin's,,E06000053,Isles of Scilly,,1920
E04012732,St Mary's,,E06000053,Isles of Scilly,,1921
E04012733,Tresco,,E06000053,Isles of Scilly,,1922
E04011617,Aldbourne,,E06000054,Wiltshire,,1923
E04011618,Alderbury,,E06000054,Wiltshire,,1924
E04011619,All Cannings,,E06000054,Wiltshire,,1925
E04011620,Allington,,E06000054,Wiltshire,,1926
E04011621,Alton,,E06000054,Wiltshire,,1927
E04011622,Alvediston,,E06000054,Wiltshire,,1928
E04011623,Amesbury,,E06000054,Wiltshire,,1929
E04011624,Ansty,,E06000054,Wiltshire,,1930
E04011625,Ashton Keynes,,E06000054,Wiltshire,,1931
E04011626,Atworth,,E06000054,Wiltshire,,1932
E04011627,Avebury,,E06000054,Wiltshire,,1933
E04011628,Barford St. Martin,,E06000054,Wiltshire,,1934
E04011629,Baydon,,E06000054,Wiltshire,,1935
E04011630,Beechingstoke,,E06000054,Wiltshire,,1936
E04011631,Berwick Bassett,,E06000054,Wiltshire,,1937
E04011632,Berwick St. James,,E06000054,Wiltshire,,1938
E04011633,Berwick St. John,,E06000054,Wiltshire,,1939
E04011634,Berwick St. Leonard,,E06000054,Wiltshire,,1940
E04011637,Bishopstone,,E06000054,Wiltshire,,1941
E04011639,Bowerchalke,,E06000054,Wiltshire,,1942
E04011641,Boyton,,E06000054,Wiltshire,,1943
E04011642,Bradford-on-Avon,,E06000054,Wiltshire,,1944
E04011643,Bratton,,E06000054,Wiltshire,,1945
E04011644,Braydon,,E06000054,Wiltshire,,1946
E04011648,Brixton Deverill,,E06000054,Wiltshire,,1947
E04011649,Broad Chalke,,E06000054,Wiltshire,,1948
E04011650,Broad Hinton,,E06000054,Wiltshire,,1949
E04011651,Broad Town,,E06000054,Wiltshire,,1950
E04011527,St. Allen,,E06000052,Cornwall,,1951
E04011528,St. Anthony-in-Meneage,,E06000052,Cornwall,,1952
E04011531,St. Blaise,,E06000052,Cornwall,,1953
E04011532,St. Breock,,E06000052,Cornwall,,1954
E04011533,St. Breward,,E06000052,Cornwall,,1955
E04011535,St. Cleer,,E06000052,Cornwall,,1956
E04011537,St. Clether,,E06000052,Cornwall,,1957
E04011538,St. Columb Major,,E06000052,Cornwall,,1958
E04011540,St. Dennis,,E06000052,Cornwall,,1959
E04011541,St. Dominick,,E06000052,Cornwall,,1960
E04011542,St. Endellion,,E06000052,Cornwall,,1961
E04011544,St. Erme,,E06000052,Cornwall,,1962
E04011546,St. Ervan,,E06000052,Cornwall,,1963
E04011547,St. Eval,,E06000052,Cornwall,,1964
E04011548,St. Ewe,,E06000052,Cornwall,,1965
E04011549,St. Gennys,,E06000052,Cornwall,,1966
E04011550,St. Germans,,E06000052,Cornwall,,1967
E04011552,St. Goran,,E06000052,Cornwall,,1968
E04011554,St. Issey,,E06000052,Cornwall,,1969
E04011555,St. Ive and Pensilva,,E06000052,Cornwall,,1970
E04011556,St. Ives,,E06000052,Cornwall,,1971
E04011557,St. John,,E06000052,Cornwall,,1972
E04011558,St. Juliot,,E06000052,Cornwall,,1973
E04011559,St. Just,,E06000052,Cornwall,,1974
E04011560,St. Just-in-Roseland,,E06000052,Cornwall,,1975
E04011561,St. Keverne,,E06000052,Cornwall,,1976
E04011562,St. Kew,,E06000052,Cornwall,,1977
E04011564,St. Levan,,E06000052,Cornwall,,1978
E04011565,St. Mabyn,,E06000052,Cornwall,,1979
E04011567,St. Martin-in-Meneage,,E06000052,Cornwall,,1980
E04011568,St. Mellion,,E06000052,Cornwall,,1981
E04011569,St. Merryn,,E06000052,Cornwall,,1982
E04011571,St. Michael Caerhays,,E06000052,Cornwall,,1983
E04011572,St. Michael Penkevil,,E06000052,Cornwall,,1984
E04011573,St. Michael's Mount,,E06000052,Cornwall,,1985
E04011574,St. Minver Highlands,,E06000052,Cornwall,,1986
E04011575,St. Minver Lowlands,,E06000052,Cornwall,,1987
E04011576,St. Neot,,E06000052,Cornwall,,1988
E04011578,St. Pinnock,,E06000052,Cornwall,,1989
E04011579,St. Sampson,,E06000052,Cornwall,,1990
E04011580,St. Stephen-in-Brannel,,E06000052,Cornwall,,1991
E04011581,St. Stephens by Launceston Rural,,E06000052,Cornwall,,1992
E04011584,St. Tudy,,E06000052,Cornwall,,1993
E04011585,St. Veep,,E06000052,Cornwall,,1994
E04011586,St. Wenn,,E06000052,Cornwall,,1995
E04011587,St. Winnow,,E06000052,Cornwall,,1996
E04011588,Stithians,,E06000052,Cornwall,,1997
E04011589,Stokeclimsland,,E06000052,Cornwall,,1998
E04011590,Tintagel,,E06000052,Cornwall,,1999
E04011591,Torpoint,,E06000052,Cornwall,,2000
E04012805,Caddington,,E06000056,Central Bedfordshire,,2001
E04012806,Dunstable,,E06000056,Central Bedfordshire,,2002
E04012807,Houghton Conquest,,E06000056,Central Bedfordshire,,2003
E04012808,Houghton Regis,,E06000056,Central Bedfordshire,,2004
E04012809,Maulden,,E06000056,Central Bedfordshire,,2005
E04012810,Moggerhanger,,E06000056,Central Bedfordshire,,2006
E04012811,Northill,,E06000056,Central Bedfordshire,,2007
E04012812,Sandy,,E06000056,Central Bedfordshire,,2008
E04010725,Acklington,,E06000057,Northumberland,,2009
E04011846,Urchfont,,E06000054,Wiltshire,,2010
E04011902,Odell,,E06000055,Bedford,,2011
E04010726,Acomb,,E06000057,Northumberland,,2012
E04010727,Adderstone with Lucker,,E06000057,Northumberland,,2013
E04010728,Akeld,,E06000057,Northumberland,,2014
E04010729,Allendale,,E06000057,Northumberland,,2015
E04010730,Alnham,,E06000057,Northumberland,,2016
E04010731,Alnmouth,,E06000057,Northumberland,,2017
E04010733,Alwinton,,E06000057,Northumberland,,2018
E04010735,Ancroft,,E06000057,Northumberland,,2019
E04010737,Bamburgh,,E06000057,Northumberland,,2020
E04010738,Bardon Mill,,E06000057,Northumberland,,2021
E04010739,Bavington,,E06000057,Northumberland,,2022
E04010742,Bellingham,,E06000057,Northumberland,,2023
E04010743,Belsay,,E06000057,Northumberland,,2024
E04010744,Berwick-upon-Tweed,,E06000057,Northumberland,,2025
E04010745,Bewick,,E06000057,Northumberland,,2026
E04010746,Biddlestone,,E06000057,Northumberland,,2027
E04010747,Birtley,,E06000057,Northumberland,,2028
E04010748,Blanchland,,E06000057,Northumberland,,2029
E04010749,Bowsden,,E06000057,Northumberland,,2030
E04010750,Branxton,,E06000057,Northumberland,,2031
E04010751,Brinkburn,,E06000057,Northumberland,,2032
E04010752,Broomhaugh and Riding,,E06000057,Northumberland,,2033
E04010753,Stocksfield,,E06000057,Northumberland,,2034
E04010754,Bywell,,E06000057,Northumberland,,2035
E04010755,Callaly,,E06000057,Northumberland,,2036
E04010756,Capheaton,,E06000057,Northumberland,,2037
E04010757,Carham,,E06000057,Northumberland,,2038
E04010759,Chatton,,E06000057,Northumberland,,2039
E04010760,Chillingham,,E06000057,Northumberland,,2040
E04010761,Chollerton,,E06000057,Northumberland,,2041
E04010762,Coanwood,,E06000057,Northumberland,,2042
E04010763,Corbridge,,E06000057,Northumberland,,2043
E04010764,Cornhill-on-Tweed,,E06000057,Northumberland,,2044
E04010765,Corsenside,,E06000057,Northumberland,,2045
E04010767,Cresswell,,E06000057,Northumberland,,2046
E04010769,Doddington,,E06000057,Northumberland,,2047
E04010770,Duddo,,E06000057,Northumberland,,2048
E04010771,Earle,,E06000057,Northumberland,,2049
E04010773,East Bedlington,,E06000057,Northumberland,,2050
E04010774,East Chevington,,E06000057,Northumberland,,2051
E04010775,Edlingham,,E06000057,Northumberland,,2052
E04010776,Eglingham,,E06000057,Northumberland,,2053
E04013446,Biddestone & Slaughterford,,E06000054,Wiltshire,,2054
E04011787,Norton,,E06000054,Wiltshire,,2055
E04011949,Flitton and Greenfield,,E06000056,Central Bedfordshire,,2056
E04011849,West Dean,,E06000054,Wiltshire,,2057
E04011903,Pavenham,,E06000055,Bedford,,2058
E04013447,Bremhill,,E06000054,Wiltshire,,2059
E04010777,Ellingham,,E06000057,Northumberland,,2060
E04011850,West Knoyle,,E06000054,Wiltshire,,2061
E04011788,Norton Bavant,,E06000054,Wiltshire,,2062
E04011904,Pertenhall,,E06000055,Bedford,,2063
E04013448,Brinkworth,,E06000054,Wiltshire,,2064
E04011950,Flitwick,,E06000056,Central Bedfordshire,,2065
E04010778,Ellington and Linton,,E06000057,Northumberland,,2066
E04011851,West Lavington,,E06000054,Wiltshire,,2067
E04011789,Oaksey,,E06000054,Wiltshire,,2068
E04011905,Podington,,E06000055,Bedford,,2069
E04013449,Brokenborough,,E06000054,Wiltshire,,2070
E04011951,Gravenhurst,,E06000056,Central Bedfordshire,,2071
E04010779,Elsdon,,E06000057,Northumberland,,2072
E04011852,West Overton,,E06000054,Wiltshire,,2073
E04011790,Odstock,,E06000054,Wiltshire,,2074
E04011907,Renhold,,E06000055,Bedford,,2075
E04013450,Bromham,,E06000054,Wiltshire,,2076
E04011952,Billington,,E06000056,Central Bedfordshire,,2077
E04010781,Ewart,,E06000057,Northumberland,,2078
E04011853,West Tisbury,,E06000054,Wiltshire,,2079
E04011791,Ogbourne St. Andrew,,E06000054,Wiltshire,,2080
E04011908,Riseley,,E06000055,Bedford,,2081
E04013451,Calne,,E06000054,Wiltshire,,2082
E04013452,Castle Combe,,E06000054,Wiltshire,,2083
E04013453,Cherhill,,E06000054,Wiltshire,,2084
E04013454,Christian Malford,,E06000054,Wiltshire,,2085
E04013455,Compton Bassett,,E06000054,Wiltshire,,2086
E04013456,Derry Hill & Studley,,E06000054,Wiltshire,,2087
E04013457,Dilton Marsh,,E06000054,Wiltshire,,2088
E04013458,Figheldean,,E06000054,Wiltshire,,2089
E04013459,Fittleton cum Haxton,,E06000054,Wiltshire,,2090
E04013460,Grittleton,,E06000054,Wiltshire,,2091
E04013461,Heddington,,E06000054,Wiltshire,,2092
E04013462,Heywood,,E06000054,Wiltshire,,2093
E04013463,Hilmarton,,E06000054,Wiltshire,,2094
E04013464,Langley Burrell Without,,E06000054,Wiltshire,,2095
E04013465,Mere,,E06000054,Wiltshire,,2096
E04013466,Netheravon,,E06000054,Wiltshire,,2097
E04013467,Nettleton,,E06000054,Wiltshire,,2098
E04013468,North Bradley,,E06000054,Wiltshire,,2099
E04013469,Royal Wootton Bassett,,E06000054,Wiltshire,,2100
E04013470,Southwick,,E06000054,Wiltshire,,2101
E04013471,St. Paul Malmesbury Without,,E06000054,Wiltshire,,2102
E04013472,Trowbridge,,E06000054,Wiltshire,,2103
E04013473,Westbury,,E06000054,Wiltshire,,2104
E04013474,Yatton Keynell,,E06000054,Wiltshire,,2105
E04013475,Zeals,,E06000054,Wiltshire,,2106
E04011877,Biddenham,,E06000055,Bedford,,2107
E04011878,Bletsoe,,E06000055,Bedford,,2108
E04011879,Bolnhurst and Keysoe,,E06000055,Bedford,,2109
E04011881,Bromham,,E06000055,Bedford,,2110
E04011883,Carlton and Chellington,,E06000055,Bedford,,2111
E04011885,Colmworth,,E06000055,Bedford,,2112
E04011886,Cople,,E06000055,Bedford,,2113
E04011887,Dean and Shelton,,E06000055,Bedford,,2114
E04011890,Felmersham,,E06000055,Bedford,,2115
E04011891,Great Barford,,E06000055,Bedford,,2116
E04011892,Great Denham,,E06000055,Bedford,,2117
E04011893,Harrold,,E06000055,Bedford,,2118
E04011894,Kempston,,E06000055,Bedford,,2119
E04011895,Kempston Rural,,E06000055,Bedford,,2120
E04011896,Knotting and Souldrop,,E06000055,Bedford,,2121
E04011897,Little Barford,,E06000055,Bedford,,2122
E04011898,Little Staughton,,E06000055,Bedford,,2123
E04011899,Melchbourne and Yielden,,E06000055,Bedford,,2124
E04011900,Milton Ernest,,E06000055,Bedford,,2125
E04011901,Oakley,,E06000055,Bedford,,2126
E04011792,Ogbourne St. George,,E06000054,Wiltshire,,2127
E04011909,Roxton,,E06000055,Bedford,,2128
E04011793,Orcheston,,E06000054,Wiltshire,,2129
E04011855,Westwood,,E06000054,Wiltshire,,2130
E04011910,Sharnbrook,,E06000055,Bedford,,2131
E04011794,Patney,,E06000054,Wiltshire,,2132
E04011856,Whiteparish,,E06000054,Wiltshire,,2133
E04011953,Harlington,,E06000056,Central Bedfordshire,,2134
E04011911,Stagsden,,E06000055,Bedford,,2135
E04010782,Falstone,,E06000057,Northumberland,,2136
E04011796,Pitton and Farley,,E06000054,Wiltshire,,2137
E04011858,Wilsford,,E06000054,Wiltshire,,2138
E04011954,Haynes,,E06000056,Central Bedfordshire,,2139
E04011912,Staploe,,E06000055,Bedford,,2140
E04010783,Featherstone,,E06000057,Northumberland,,2141
E04011797,Potterne,,E06000054,Wiltshire,,2142
E04011859,Wilsford cum Lake,,E06000054,Wiltshire,,2143
E04011955,Heath and Reach,,E06000056,Central Bedfordshire,,2144
E04011913,Stevington,,E06000055,Bedford,,2145
E04010784,Felton,,E06000057,Northumberland,,2146
E04011798,Poulshot,,E06000054,Wiltshire,,2147
E04011860,Wilton,,E06000054,Wiltshire,,2148
E04011956,Henlow,,E06000056,Central Bedfordshire,,2149
E04011914,Stewartby,,E06000055,Bedford,,2150
E04011915,Swineshead,,E06000055,Bedford,,2151
E04011916,Thurleigh,,E06000055,Bedford,,2152
E04011917,Turvey,,E06000055,Bedford,,2153
E04011918,Wilden,,E06000055,Bedford,,2154
E04011919,Willington,,E06000055,Bedford,,2155
E04011921,Wootton,,E06000055,Bedford,,2156
E04011922,"Wyboston, Chawston and Colesden",,E06000055,Bedford,,2157
E04011923,Wymington,,E06000055,Bedford,,2158
E04012424,Ravensden,,E06000055,Bedford,,2159
E04012623,Wilshamstead,,E06000055,Bedford,,2160
E04012992,Brickhill,,E06000055,Bedford,,2161
E04012993,Cardington,,E06000055,Bedford,,2162
E04012994,Clapham,,E06000055,Bedford,,2163
E04012995,Cotton End,,E06000055,Bedford,,2164
E04012996,Elstow,,E06000055,Bedford,,2165
E04012997,Shortstown,,E06000055,Bedford,,2166
E04012998,Wixams,,E06000055,Bedford,,2167
E04011925,Arlesey,,E06000056,Central Bedfordshire,,2168
E04011926,Aspley Guise,,E06000056,Central Bedfordshire,,2169
E04011927,Aspley Heath,,E06000056,Central Bedfordshire,,2170
E04011928,Astwick,,E06000056,Central Bedfordshire,,2171
E04011929,Barton-le-Clay,,E06000056,Central Bedfordshire,,2172
E04011930,Battlesden,,E06000056,Central Bedfordshire,,2173
E04011931,Biggleswade,,E06000056,Central Bedfordshire,,2174
E04011933,Brogborough,,E06000056,Central Bedfordshire,,2175
E04011935,Campton and Chicksands,,E06000056,Central Bedfordshire,,2176
E04011936,Chalgrave,,E06000056,Central Bedfordshire,,2177
E04011937,Chalton,,E06000056,Central Bedfordshire,,2178
E04011938,Clifton,,E06000056,Central Bedfordshire,,2179
E04011939,Clophill,,E06000056,Central Bedfordshire,,2180
E04011940,Cranfield,,E06000056,Central Bedfordshire,,2181
E04011942,Dunton,,E06000056,Central Bedfordshire,,2182
E04011943,Eaton Bray,,E06000056,Central Bedfordshire,,2183
E04011944,Edworth,,E06000056,Central Bedfordshire,,2184
E04011945,Eggington,,E06000056,Central Bedfordshire,,2185
E04011946,Eversholt,,E06000056,Central Bedfordshire,,2186
E04011947,Everton,,E06000056,Central Bedfordshire,,2187
E04011948,Eyeworth,,E06000056,Central Bedfordshire,,2188
E04010785,Ford,,E06000057,Northumberland,,2189
E04011862,Winsley,,E06000054,Wiltshire,,2190
E04011799,Preshute,,E06000054,Wiltshire,,2191
E04010786,Glanton,,E06000057,Northumberland,,2192
E04011863,Winterbourne,,E06000054,Wiltshire,,2193
E04011957,Hockliffe,,E06000056,Central Bedfordshire,,2194
E04011800,Purton,,E06000054,Wiltshire,,2195
E04010787,Greenhead,,E06000057,Northumberland,,2196
E04011864,Winterbourne Bassett,,E06000054,Wiltshire,,2197
E04011960,Hulcote and Salford,,E06000056,Central Bedfordshire,,2198
E04011802,Ramsbury,,E06000054,Wiltshire,,2199
E04010788,Greystead,,E06000057,Northumberland,,2200
E04011865,Winterbourne Monkton,,E06000054,Wiltshire,,2201
E04011961,Husborne Crawley,,E06000056,Central Bedfordshire,,2202
E04011805,Rowde,,E06000054,Wiltshire,,2203
E04010789,Haltwhistle,,E06000057,Northumberland,,2204
E04011866,Winterbourne Stoke,,E06000054,Wiltshire,,2205
E04011962,Hyde,,E06000056,Central Bedfordshire,,2206
E04011806,Rushall,,E06000054,Wiltshire,,2207
E04010790,Harbottle,,E06000057,Northumberland,,2208
E04011867,Winterslow,,E06000054,Wiltshire,,2209
E04011963,Kensworth,,E06000056,Central Bedfordshire,,2210
E04011807,Savernake,,E06000054,Wiltshire,,2211
E04010791,Hartburn,,E06000057,Northumberland,,2212
E04011869,Woodford,,E06000054,Wiltshire,,2213
E04011964,Langford,,E06000056,Central Bedfordshire,,2214
E04011808,Seagry,,E06000054,Wiltshire,,2215
E04011809,Sedgehill and Semley,,E06000054,Wiltshire,,2216
E04011810,Seend,,E06000054,Wiltshire,,2217
E04011811,Semington,,E06000054,Wiltshire,,2218
E04011812,Shalbourne,,E06000054,Wiltshire,,2219
E04011813,Sherrington,,E06000054,Wiltshire,,2220
E04011814,Sherston,,E06000054,Wiltshire,,2221
E04011815,Shrewton,,E06000054,Wiltshire,,2222
E04011816,Sopworth,,E06000054,Wiltshire,,2223
E04011818,South Wraxall,,E06000054,Wiltshire,,2224
E04011821,Stanton St. Bernard,,E06000054,Wiltshire,,2225
E04011822,Stanton St. Quintin,,E06000054,Wiltshire,,2226
E04011823,Stapleford,,E06000054,Wiltshire,,2227
E04011824,Staverton,,E06000054,Wiltshire,,2228
E04011825,Steeple Ashton,,E06000054,Wiltshire,,2229
E04011826,Steeple Langford,,E06000054,Wiltshire,,2230
E04011827,Stert,,E06000054,Wiltshire,,2231
E04011828,Stockton,,E06000054,Wiltshire,,2232
E04011829,Stourton with Gasper,,E06000054,Wiltshire,,2233
E04011830,Stratford Toney,,E06000054,Wiltshire,,2234
E04011831,Sutton Benger,,E06000054,Wiltshire,,2235
E04011832,Sutton Mandeville,,E06000054,Wiltshire,,2236
E04011834,Swallowcliffe,,E06000054,Wiltshire,,2237
E04011835,Teffont,,E06000054,Wiltshire,,2238
E04011836,Tidcombe and Fosbury,,E06000054,Wiltshire,,2239
E04011837,Tidworth,,E06000054,Wiltshire,,2240
E04011838,Tilshead,,E06000054,Wiltshire,,2241
E04011839,Tisbury,,E06000054,Wiltshire,,2242
E04011840,Tockenham,,E06000054,Wiltshire,,2243
E04011841,Tollard Royal,,E06000054,Wiltshire,,2244
E04011843,Upavon,,E06000054,Wiltshire,,2245
E04011844,Upton Lovell,,E06000054,Wiltshire,,2246
E04011845,Upton Scudamore,,E06000054,Wiltshire,,2247
E04010792,Hartleyburn,,E06000057,Northumberland,,2248
E04011965,Leighton-Linslade,,E06000056,Central Bedfordshire,,2249
E04010794,Haydon,,E06000057,Northumberland,,2250
E04011966,Lidlington,,E06000056,Central Bedfordshire,,2251
E04010795,Healey,,E06000057,Northumberland,,2252
E04011967,Marston Moreteyne,,E06000056,Central Bedfordshire,,2253
E04010797,Heddon-on-the-Wall,,E06000057,Northumberland,,2254
E04011969,Meppershall,,E06000056,Central Bedfordshire,,2255
E04010798,Hedgeley,,E06000057,Northumberland,,2256
E04011871,Wootton Rivers,,E06000054,Wiltshire,,2257
E04011970,Millbrook,,E06000056,Central Bedfordshire,,2258
E04010800,Henshaw,,E06000057,Northumberland,,2259
E04011872,Worton,,E06000054,Wiltshire,,2260
E04011971,Milton Bryan,,E06000056,Central Bedfordshire,,2261
E04010801,Hepple,,E06000057,Northumberland,,2262
E04011873,Wylye,,E06000054,Wiltshire,,2263
E04011974,Old Warden,,E06000056,Central Bedfordshire,,2264
E04010803,Hesleyhurst,,E06000057,Northumberland,,2265
E04012680,Bishops Cannings,,E06000054,Wiltshire,,2266
E04011975,Potsgrove,,E06000056,Central Bedfordshire,,2267
E04010804,Hexham,,E06000057,Northumberland,,2268
E04012681,Bishopstrow,,E06000054,Wiltshire,,2269
E04011976,Potton,,E06000056,Central Bedfordshire,,2270
E04010807,Hollinghill,,E06000057,Northumberland,,2271
E04012682,Box,,E06000054,Wiltshire,,2272
E04011977,Pulloxhill,,E06000056,Central Bedfordshire,,2273
E04010808,Holy Island,,E06000057,Northumberland,,2274
E04012683,Britford,,E06000054,Wiltshire,,2275
E04011978,Ridgmont,,E06000056,Central Bedfordshire,,2276
E04010810,Horsley,,E06000057,Northumberland,,2277
E04012684,Broughton Gifford,,E06000054,Wiltshire,,2278
E04011980,Shefford,,E06000056,Central Bedfordshire,,2279
E04010811,Humshaugh,,E06000057,Northumberland,,2280
E04012688,Corsham,,E06000054,Wiltshire,,2281
E04012689,Devizes,,E06000054,Wiltshire,,2282
E04012690,Hilperton,,E06000054,Wiltshire,,2283
E04012691,Landford,,E06000054,Wiltshire,,2284
E04012692,Laverstock,,E06000054,Wiltshire,,2285
E04012696,Quidhampton,,E06000054,Wiltshire,,2286
E04012697,Redlynch,,E06000054,Wiltshire,,2287
E04012699,South Newton,,E06000054,Wiltshire,,2288
E04012700,Sutton Veny,,E06000054,Wiltshire,,2289
E04012702,Warminster,,E06000054,Wiltshire,,2290
E04012703,West Ashton,,E06000054,Wiltshire,,2291
E04012704,Wingfield,,E06000054,Wiltshire,,2292
E04013038,Chippenham,,E06000054,Wiltshire,,2293
E04013039,Lacock,,E06000054,Wiltshire,,2294
E04013041,Melksham,,E06000054,Wiltshire,,2295
E04013042,Melksham Without,,E06000054,Wiltshire,,2296
E04013043,Netherhampton,,E06000054,Wiltshire,,2297
E04013045,Pewsey,,E06000054,Wiltshire,,2298
E04013046,Salisbury,,E06000054,Wiltshire,,2299
E04013048,"Wilcot, Huish and Oare",,E06000054,Wiltshire,,2300
E04013106,Chippenham Without,,E06000054,Wiltshire,,2301
E04013107,Kington St. Michael,,E06000054,Wiltshire,,2302
E04013108,Manningford,,E06000054,Wiltshire,,2303
E04013109,Woodborough,,E06000054,Wiltshire,,2304
E04010812,Ilderton,,E06000057,Northumberland,,2305
E04010813,Ingram,,E06000057,Northumberland,,2306
E04010814,Kielder,,E06000057,Northumberland,,2307
E04010815,Kilham,,E06000057,Northumberland,,2308
E04010816,Kirknewton,,E06000057,Northumberland,,2309
E04010817,Kirkwhelpington,,E06000057,Northumberland,,2310
E04010818,Knaresdale with Kirkhaugh,,E06000057,Northumberland,,2311
E04010819,Kyloe,,E06000057,Northumberland,,2312
E04010820,Lesbury,,E06000057,Northumberland,,2313
E04010821,Lilburn,,E06000057,Northumberland,,2314
E04010822,Longframlington,,E06000057,Northumberland,,2315
E04010823,Longhirst,,E06000057,Northumberland,,2316
E04010824,Longhorsley,,E06000057,Northumberland,,2317
E04010826,Lowick,,E06000057,Northumberland,,2318
E04010827,Lynemouth,,E06000057,Northumberland,,2319
E04010828,Matfen,,E06000057,Northumberland,,2320
E04010829,Meldon,,E06000057,Northumberland,,2321
E04011981,Shillington,,E06000056,Central Bedfordshire,,2322
E04010830,Melkridge,,E06000057,Northumberland,,2323
E04011982,Silsoe,,E06000056,Central Bedfordshire,,2324
E04010831,Middleton,,E06000057,Northumberland,,2325
E04011983,Slip End,,E06000056,Central Bedfordshire,,2326
E04010832,Milfield,,E06000057,Northumberland,,2327
E04011984,Southill,,E06000056,Central Bedfordshire,,2328
E04010833,Mitford,,E06000057,Northumberland,,2329
E04011985,Stanbridge,,E06000056,Central Bedfordshire,,2330
E04010835,Netherton,,E06000057,Northumberland,,2331
E04011986,Steppingley,,E06000056,Central Bedfordshire,,2332
E04011987,Stondon,,E06000056,Central Bedfordshire,,2333
E04011989,Streatley,,E06000056,Central Bedfordshire,,2334
E04011990,Studham,,E06000056,Central Bedfordshire,,2335
E04011991,Sundon,,E06000056,Central Bedfordshire,,2336
E04011992,Sutton,,E06000056,Central Bedfordshire,,2337
E04011993,Tempsford,,E06000056,Central Bedfordshire,,2338
E04011994,Tilsworth,,E06000056,Central Bedfordshire,,2339
E04011995,Tingrith,,E06000056,Central Bedfordshire,,2340
E04011996,Toddington,,E06000056,Central Bedfordshire,,2341
E04011997,Totternhoe,,E06000056,Central Bedfordshire,,2342
E04011998,Westoning,,E06000056,Central Bedfordshire,,2343
E04011999,Whipsnade,,E06000056,Central Bedfordshire,,2344
E04012000,Woburn,,E06000056,Central Bedfordshire,,2345
E04012001,Wrestlingworth and Cockayne Hatley,,E06000056,Central Bedfordshire,,2346
E04012257,Fairfield,,E06000056,Central Bedfordshire,,2347
E04012258,Stotfold,,E06000056,Central Bedfordshire,,2348
E04012803,Ampthill,,E06000056,Central Bedfordshire,,2349
E04012804,Blunham,,E06000056,Central Bedfordshire,,2350
E04010836,Netherwitton,,E06000057,Northumberland,,2351
E04010837,Newbiggin by the Sea,,E06000057,Northumberland,,2352
E04010838,Newbrough,,E06000057,Northumberland,,2353
E04010839,Newton-by-the-Sea,,E06000057,Northumberland,,2354
E04010840,Newton-on-the-Moor and Swarland,,E06000057,Northumberland,,2355
E04010842,Choppington,,E06000057,Northumberland,,2356
E04010844,Nunnykirk,,E06000057,Northumberland,,2357
E04010845,Ord,,E06000057,Northumberland,,2358
E04010846,Otterburn,,E06000057,Northumberland,,2359
E04010847,Ovingham,,E06000057,Northumberland,,2360
E04010848,Ovington,,E06000057,Northumberland,,2361
E04010850,Plenmeller with Whitfield,,E06000057,Northumberland,,2362
E04010851,Ponteland,,E06000057,Northumberland,,2363
E04010852,Prudhoe,,E06000057,Northumberland,,2364
E04010853,Rennington,,E06000057,Northumberland,,2365
E04010854,Rochester,,E06000057,Northumberland,,2366
E04010855,Roddam,,E06000057,Northumberland,,2367
E04010857,Rothley,,E06000057,Northumberland,,2368
E04010858,Sandhoe,,E06000057,Northumberland,,2369
E04010859,Shilbottle,,E06000057,Northumberland,,2370
E04010860,Shoreswood,,E06000057,Northumberland,,2371
E04010861,Shotley Low Quarter,,E06000057,Northumberland,,2372
E04010862,Simonburn,,E06000057,Northumberland,,2373
E04010863,Slaley,,E06000057,Northumberland,,2374
E04010864,Snitter,,E06000057,Northumberland,,2375
E04010865,Stamfordham,,E06000057,Northumberland,,2376
E04010866,Stannington,,E06000057,Northumberland,,2377
E04010867,Tarset,,E06000057,Northumberland,,2378
E04010868,Thirlwall,,E06000057,Northumberland,,2379
E04010869,Thirston,,E06000057,Northumberland,,2380
E04010871,Togston,,E06000057,Northumberland,,2381
E04010872,Tritlington and West Chevington,,E06000057,Northumberland,,2382
E04010873,Ulgham,,E06000057,Northumberland,,2383
E04010874,Wall,,E06000057,Northumberland,,2384
E04010875,Wallington Demesne,,E06000057,Northumberland,,2385
E04010876,Warden,,E06000057,Northumberland,,2386
E04010877,Wark,,E06000057,Northumberland,,2387
E04010878,Warkworth,,E06000057,Northumberland,,2388
E04010879,West Allen,,E06000057,Northumberland,,2389
E04010880,West Bedlington,,E06000057,Northumberland,,2390
E04010881,Whalton,,E06000057,Northumberland,,2391
E04010882,Whittingham,,E06000057,Northumberland,,2392
E04010883,Whittington,,E06000057,Northumberland,,2393
E04010885,Widdrington Station and Stobswood,,E06000057,Northumberland,,2394
E04010886,Widdrington Village,,E06000057,Northumberland,,2395
E04010887,Wooler,,E06000057,Northumberland,,2396
E04010888,Wylam,,E06000057,Northumberland,,2397
E04012006,Cramlington,,E06000057,Northumberland,,2398
E04012083,Beadnell,,E06000057,Northumberland,,2399
E04012084,North Sunderland,,E06000057,Northumberland,,2400
E04003545,Hermitage,,E06000059,Dorset,,2401
E04012455,Sixpenny Handley and Pentridge,,E06000059,Dorset,,2402
E04003546,Hilfield,,E06000059,Dorset,,2403
E04003547,Holnest,,E06000059,Dorset,,2404
E04012459,West Moors,,E06000059,Dorset,,2405
E04003548,Holwell,,E06000059,Dorset,,2406
E04012461,West Parley,,E06000059,Dorset,,2407
E04003549,Hooke,,E06000059,Dorset,,2408
E04012463,Ferndown Town,,E06000059,Dorset,,2409
E04001467,Charndon,,E06000060,Buckinghamshire,,2410
E04003604,Thorncombe,,E06000059,Dorset,,2411
E04001517,Oakley,,E06000060,Buckinghamshire,,2412
E04003551,Langton Herring,,E06000059,Dorset,,2413
E04003552,Leigh,,E06000059,Dorset,,2414
E04003553,Leweston,,E06000059,Dorset,,2415
E04003554,Lillington,,E06000059,Dorset,,2416
E04003555,Littlebredy,,E06000059,Dorset,,2417
E04003556,Litton Cheney,,E06000059,Dorset,,2418
E04003559,Longburton,,E06000059,Dorset,,2419
E04003560,Lyme Regis,,E06000059,Dorset,,2420
E04003562,Mapperton,,E06000059,Dorset,,2421
E04003563,Marshwood,,E06000059,Dorset,,2422
E04003564,Melbury Bubb,,E06000059,Dorset,,2423
E04003565,Melbury Osmond,,E06000059,Dorset,,2424
E04003566,Melbury Sampford,,E06000059,Dorset,,2425
E04003567,Melcombe Horsey,,E06000059,Dorset,,2426
E04003477,Lytchett Matravers,,E06000059,Dorset,,2427
E04003568,Minterne Magna,,E06000059,Dorset,,2428
E04003569,Mosterton,,E06000059,Dorset,,2429
E04003571,Nether Cerne,,E06000059,Dorset,,2430
E04003572,Nether Compton,,E06000059,Dorset,,2431
E04003573,North Poorton,,E06000059,Dorset,,2432
E04003574,North Wootton,,E06000059,Dorset,,2433
E04003575,Oborne,,E06000059,Dorset,,2434
E04003576,Osmington,,E06000059,Dorset,,2435
E04003577,Over Compton,,E06000059,Dorset,,2436
E04003578,Owermoigne,,E06000059,Dorset,,2437
E04003579,Piddlehinton,,E06000059,Dorset,,2438
E04003580,Piddletrenthide,,E06000059,Dorset,,2439
E04003581,Pilsdon,,E06000059,Dorset,,2440
E04003582,Portesham,,E06000059,Dorset,,2441
E04003583,Powerstock,,E06000059,Dorset,,2442
E04003584,Poxwell,,E06000059,Dorset,,2443
E04003585,Poyntington,,E06000059,Dorset,,2444
E04003587,Puncknowle,,E06000059,Dorset,,2445
E04003588,Purse Caundle,,E06000059,Dorset,,2446
E04003589,Rampisham,,E06000059,Dorset,,2447
E04003590,Ryme Intrinseca,,E06000059,Dorset,,2448
E04003591,Sandford Orcas,,E06000059,Dorset,,2449
E04003592,Seaborough,,E06000059,Dorset,,2450
E04003593,Sherborne,,E06000059,Dorset,,2451
E04003595,South Perrott,,E06000059,Dorset,,2452
E04003597,Stinsford,,E06000059,Dorset,,2453
E04003598,Stockwood,,E06000059,Dorset,,2454
E04003599,Stoke Abbott,,E06000059,Dorset,,2455
E04003600,Stratton,,E06000059,Dorset,,2456
E04003601,Swyre,,E06000059,Dorset,,2457
E04003602,Sydling St. Nicholas,,E06000059,Dorset,,2458
E04003408,Fontmell Magna,,E06000059,Dorset,,2459
E04012162,Hexhamshire,,E06000057,Northumberland,,2460
E04003478,Lytchett Minster and Upton,,E06000059,Dorset,,2461
E04012232,Pegswood,,E06000057,Northumberland,,2462
E04003410,Glanvilles Wootton,,E06000059,Dorset,,2463
E04001468,Chearsley,,E06000060,Buckinghamshire,,2464
E04003480,Moreton,,E06000059,Dorset,,2465
E04012817,Chalbury,,E06000059,Dorset,,2466
E04001518,Oving,,E06000060,Buckinghamshire,,2467
E04012233,Ashington,,E06000057,Northumberland,,2468
E04003411,Hammoon,,E06000059,Dorset,,2469
E04003605,Thornford,,E06000059,Dorset,,2470
E04001469,Cheddington,,E06000060,Buckinghamshire,,2471
E04003482,Studland,,E06000059,Dorset,,2472
E04012818,Horton,,E06000059,Dorset,,2473
E04001519,Padbury,,E06000060,Buckinghamshire,,2474
E04012279,Embleton,,E06000057,Northumberland,,2475
E04003412,Hanford,,E06000059,Dorset,,2476
E04003606,Tincleton,,E06000059,Dorset,,2477
E04001470,Chetwode,,E06000060,Buckinghamshire,,2478
E04003483,Swanage,,E06000059,Dorset,,2479
E04012819,Verwood,,E06000059,Dorset,,2480
E04001520,Pitchcott,,E06000060,Buckinghamshire,,2481
E04012291,Hedley,,E06000057,Northumberland,,2482
E04003413,Hazelbury Bryan,,E06000059,Dorset,,2483
E04003607,Toller Fratrum,,E06000059,Dorset,,2484
E04001471,Chilton,,E06000060,Buckinghamshire,,2485
E04003488,West Lulworth,,E06000059,Dorset,,2486
E04013368,Athelhampton and Puddletown,,E06000059,Dorset,,2487
E04001521,Pitstone,,E06000060,Buckinghamshire,,2488
E04001522,Poundon,,E06000060,Buckinghamshire,,2489
E04001523,Preston Bissett,,E06000060,Buckinghamshire,,2490
E04001524,Quainton,,E06000060,Buckinghamshire,,2491
E04001525,Berryfields,,E06000060,Buckinghamshire,,2492
E04001526,Radclive-cum-Chackmore,,E06000060,Buckinghamshire,,2493
E04001527,Shabbington,,E06000060,Buckinghamshire,,2494
E04001528,Shalstone,,E06000060,Buckinghamshire,,2495
E04001529,Slapton,,E06000060,Buckinghamshire,,2496
E04001530,Soulbury,,E06000060,Buckinghamshire,,2497
E04001531,Steeple Claydon,,E06000060,Buckinghamshire,,2498
E04001532,Stewkley,,E06000060,Buckinghamshire,,2499
E04001533,Stoke Hammond,,E06000060,Buckinghamshire,,2500
E04001534,Stoke Mandeville,,E06000060,Buckinghamshire,,2501
E04001535,Stone with Bishopstone and Hartwell,,E06000060,Buckinghamshire,,2502
E04001536,Stowe,,E06000060,Buckinghamshire,,2503
E04001537,Swanbourne,,E06000060,Buckinghamshire,,2504
E04001538,Thornborough,,E06000060,Buckinghamshire,,2505
E04001539,Thornton,,E06000060,Buckinghamshire,,2506
E04001540,Tingewick,,E06000060,Buckinghamshire,,2507
E04001541,Turweston,,E06000060,Buckinghamshire,,2508
E04001542,Twyford,,E06000060,Buckinghamshire,,2509
E04001543,Upper Winchendon,,E06000060,Buckinghamshire,,2510
E04001544,Waddesdon,,E06000060,Buckinghamshire,,2511
E04001545,Water Stratford,,E06000060,Buckinghamshire,,2512
E04001547,Wendover,,E06000060,Buckinghamshire,,2513
E04001548,Westbury,,E06000060,Buckinghamshire,,2514
E04001549,Westcott,,E06000060,Buckinghamshire,,2515
E04001550,Weston Turville,,E06000060,Buckinghamshire,,2516
E04001551,Whaddon,,E06000060,Buckinghamshire,,2517
E04001552,Whitchurch,,E06000060,Buckinghamshire,,2518
E04001553,Wing,,E06000060,Buckinghamshire,,2519
E04001554,Wingrave with Rowsham,,E06000060,Buckinghamshire,,2520
E04001555,Winslow,,E06000060,Buckinghamshire,,2521
E04001556,Woodham,,E06000060,Buckinghamshire,,2522
E04001557,Worminghall,,E06000060,Buckinghamshire,,2523
E04001558,Wotton Underwood,,E06000060,Buckinghamshire,,2524
E04001559,Aylesbury,,E06000060,Buckinghamshire,,2525
E04001560,Coldharbour,,E06000060,Buckinghamshire,,2526
E04001561,Watermead,,E06000060,Buckinghamshire,,2527
E04001562,Calvert Green,,E06000060,Buckinghamshire,,2528
E04001563,Amersham,,E06000060,Buckinghamshire,,2529
E04001564,Ashley Green,,E06000060,Buckinghamshire,,2530
E04001565,Chalfont St Giles,,E06000060,Buckinghamshire,,2531
E04001566,Chalfont St. Peter,,E06000060,Buckinghamshire,,2532
E04001567,Chartridge,,E06000060,Buckinghamshire,,2533
E04003608,Toller Porcorum,,E06000059,Dorset,,2534
E04013369,Bincombe,,E06000059,Dorset,,2535
E04001472,Creslow,,E06000060,Buckinghamshire,,2536
E04003610,Trent,,E06000059,Dorset,,2537
E04003414,Hilton,,E06000059,Dorset,,2538
E04012449,Horncliffe,,E06000057,Northumberland,,2539
E04013370,Bridport,,E06000059,Dorset,,2540
E04001473,Cublington,,E06000060,Buckinghamshire,,2541
E04003611,Up Cerne,,E06000059,Dorset,,2542
E04003415,Hinton St. Mary,,E06000059,Dorset,,2543
E04012450,Norham,,E06000057,Northumberland,,2544
E04013371,Broadmayne,,E06000059,Dorset,,2545
E04003489,Winfrith Newburgh,,E06000059,Dorset,,2546
E04001474,Cuddington,,E06000060,Buckinghamshire,,2547
E04003612,Warmwell,,E06000059,Dorset,,2548
E04003416,Ibberton,,E06000059,Dorset,,2549
E04012705,Alnwick,,E06000057,Northumberland,,2550
E04013372,Burleston and Tolpuddle,,E06000059,Dorset,,2551
E04003490,Wool,,E06000059,Dorset,,2552
E04003492,Abbotsbury,,E06000059,Dorset,,2553
E04003494,Alton Pancras,,E06000059,Dorset,,2554
E04003495,Askerswell,,E06000059,Dorset,,2555
E04003497,Batcombe,,E06000059,Dorset,,2556
E04003498,Beaminster,,E06000059,Dorset,,2557
E04003499,Beer Hackett,,E06000059,Dorset,,2558
E04003500,Bettiscombe,,E06000059,Dorset,,2559
E04003502,Bishop's Caundle,,E06000059,Dorset,,2560
E04003504,Bradford Abbas,,E06000059,Dorset,,2561
E04003505,Bradford Peverell,,E06000059,Dorset,,2562
E04003509,Broadwindsor,,E06000059,Dorset,,2563
E04003510,Buckland Newton,,E06000059,Dorset,,2564
E04003512,Burstock,,E06000059,Dorset,,2565
E04003514,Castleton,,E06000059,Dorset,,2566
E04003515,Catherston Leweston,,E06000059,Dorset,,2567
E04003516,Cattistock,,E06000059,Dorset,,2568
E04003517,Caundle Marsh,,E06000059,Dorset,,2569
E04003518,Cerne Abbas,,E06000059,Dorset,,2570
E04003519,Charminster,,E06000059,Dorset,,2571
E04003520,Charmouth,,E06000059,Dorset,,2572
E04003521,Chedington,,E06000059,Dorset,,2573
E04003522,Cheselbourne,,E06000059,Dorset,,2574
E04003523,Chetnole,,E06000059,Dorset,,2575
E04003524,Chickerell,,E06000059,Dorset,,2576
E04003526,Chilcombe,,E06000059,Dorset,,2577
E04003527,Chilfrome,,E06000059,Dorset,,2578
E04003528,Clifton Maybank,,E06000059,Dorset,,2579
E04003529,Compton Valence,,E06000059,Dorset,,2580
E04003530,Corscombe,,E06000059,Dorset,,2581
E04003531,Crossways,,E06000059,Dorset,,2582
E04003532,Dewlish,,E06000059,Dorset,,2583
E04003533,Dorchester,,E06000059,Dorset,,2584
E04003534,East Chelborough,,E06000059,Dorset,,2585
E04003535,Evershot,,E06000059,Dorset,,2586
E04003536,Fleet,,E06000059,Dorset,,2587
E04003537,Folke,,E06000059,Dorset,,2588
E04003538,Frampton,,E06000059,Dorset,,2589
E04003539,Frome St. Quintin,,E06000059,Dorset,,2590
E04003541,Goathill,,E06000059,Dorset,,2591
E04003542,Godmanstone,,E06000059,Dorset,,2592
E04003543,Halstock,,E06000059,Dorset,,2593
E04003544,Haydon,,E06000059,Dorset,,2594
E04001475,Dinton-with-Ford and Upton,,E06000060,Buckinghamshire,,2595
E04012706,Denwick,,E06000057,Northumberland,,2596
E04003419,Iwerne Stepleton,,E06000059,Dorset,,2597
E04001476,Dorton,,E06000060,Buckinghamshire,,2598
E04013373,Burton Bradstock,,E06000059,Dorset,,2599
E04012896,Blyth,,E06000057,Northumberland,,2600
E04003422,Lydlinch,,E06000059,Dorset,,2601
E04003613,West Chelborough,,E06000059,Dorset,,2602
E04001477,Drayton Beauchamp,,E06000060,Buckinghamshire,,2603
E04013374,Chideock,,E06000059,Dorset,,2604
E04012897,Seaton Valley,,E06000057,Northumberland,,2605
E04003423,Manston,,E06000059,Dorset,,2606
E04003614,West Compton,,E06000059,Dorset,,2607
E04001478,Drayton Parslow,,E06000060,Buckinghamshire,,2608
E04013375,Colehill,,E06000059,Dorset,,2609
E04013125,Amble by the Sea,,E06000057,Northumberland,,2610
E04003424,Mappowder,,E06000059,Dorset,,2611
E04003616,West Stafford,,E06000059,Dorset,,2612
E04001479,Dunton,,E06000060,Buckinghamshire,,2613
E04013376,East Stour,,E06000059,Dorset,,2614
E04013126,Hauxley,,E06000057,Northumberland,,2615
E04003425,Margaret Marsh,,E06000059,Dorset,,2616
E04003619,Winterborne Came,,E06000059,Dorset,,2617
E04001480,East Claydon,,E06000060,Buckinghamshire,,2618
E04013377,Frome Vauchurch,,E06000059,Dorset,,2619
E04013128,Thropton,,E06000057,Northumberland,,2620
E04003427,Melbury Abbas,,E06000059,Dorset,,2621
E04003620,Winterborne Herringston,,E06000059,Dorset,,2622
E04001481,Edgcott,,E06000060,Buckinghamshire,,2623
E04001482,Edlesborough,,E06000060,Buckinghamshire,,2624
E04001483,Fleet Marston,,E06000060,Buckinghamshire,,2625
E04001484,Foscott,,E06000060,Buckinghamshire,,2626
E04001485,Gawcott with Lenborough,,E06000060,Buckinghamshire,,2627
E04001486,Granborough,,E06000060,Buckinghamshire,,2628
E04001487,Great Brickhill,,E06000060,Buckinghamshire,,2629
E04001488,Great Horwood,,E06000060,Buckinghamshire,,2630
E04001489,Grendon Underwood,,E06000060,Buckinghamshire,,2631
E04001490,Haddenham,,E06000060,Buckinghamshire,,2632
E04001491,Halton,,E06000060,Buckinghamshire,,2633
E04001492,Hardwick,,E06000060,Buckinghamshire,,2634
E04001493,Hillesden,,E06000060,Buckinghamshire,,2635
E04001494,Hoggeston,,E06000060,Buckinghamshire,,2636
E04001495,Hogshaw,,E06000060,Buckinghamshire,,2637
E04001496,Hulcott,,E06000060,Buckinghamshire,,2638
E04001497,Ickford,,E06000060,Buckinghamshire,,2639
E04001498,Ivinghoe,,E06000060,Buckinghamshire,,2640
E04001499,Kingsey,,E06000060,Buckinghamshire,,2641
E04001500,Kingswood,,E06000060,Buckinghamshire,,2642
E04001501,Leckhampstead,,E06000060,Buckinghamshire,,2643
E04001502,Lillingstone Dayrell with Luffield Abbey,,E06000060,Buckinghamshire,,2644
E04001503,Lillingstone Lovell,,E06000060,Buckinghamshire,,2645
E04001504,Little Horwood,,E06000060,Buckinghamshire,,2646
E04001505,Long Crendon,,E06000060,Buckinghamshire,,2647
E04001506,Nether Winchendon,,E06000060,Buckinghamshire,,2648
E04001507,Ludgershall,,E06000060,Buckinghamshire,,2649
E04001508,Maids Moreton,,E06000060,Buckinghamshire,,2650
E04001509,Marsh Gibbon,,E06000060,Buckinghamshire,,2651
E04001510,Marsworth,,E06000060,Buckinghamshire,,2652
E04001511,Mentmore,,E06000060,Buckinghamshire,,2653
E04001512,Middle Claydon,,E06000060,Buckinghamshire,,2654
E04001513,Mursley,,E06000060,Buckinghamshire,,2655
E04001514,Nash,,E06000060,Buckinghamshire,,2656
E04001515,Newton Longville,,E06000060,Buckinghamshire,,2657
E04001516,North Marston,,E06000060,Buckinghamshire,,2658
E04003623,Winterbourne Abbas,,E06000059,Dorset,,2659
E04003624,Winterbourne Steepleton,,E06000059,Dorset,,2660
E04003625,Woodsford,,E06000059,Dorset,,2661
E04003626,Wootton Fitzpaine,,E06000059,Dorset,,2662
E04003627,Wraxall,,E06000059,Dorset,,2663
E04003628,Wynford Eagle,,E06000059,Dorset,,2664
E04003629,Yetminster,,E06000059,Dorset,,2665
E04003630,Portland,,E06000059,Dorset,,2666
E04010487,Anderson,,E06000059,Dorset,,2667
E04010488,Blandford Forum,,E06000059,Dorset,,2668
E04010489,Blandford St. Mary,,E06000059,Dorset,,2669
E04010490,Bryanston,,E06000059,Dorset,,2670
E04010491,Child Okeford,,E06000059,Dorset,,2671
E04010492,Iwerne Courtney or Shroton,,E06000059,Dorset,,2672
E04010493,Iwerne Minster,,E06000059,Dorset,,2673
E04010494,Kington Magna,,E06000059,Dorset,,2674
E04010495,Langton Long Blandford,,E06000059,Dorset,,2675
E04010496,Marnhull,,E06000059,Dorset,,2676
E04010497,Pimperne,,E06000059,Dorset,,2677
E04010498,Stourpaine,,E06000059,Dorset,,2678
E04010499,Tarrant Keyneston,,E06000059,Dorset,,2679
E04010500,Tarrant Monkton,,E06000059,Dorset,,2680
E04010501,Tarrant Rawston,,E06000059,Dorset,,2681
E04010502,Tarrant Rushton,,E06000059,Dorset,,2682
E04010503,Todber,,E06000059,Dorset,,2683
E04010504,West Stour,,E06000059,Dorset,,2684
E04010505,Winterborne Kingston,,E06000059,Dorset,,2685
E04012320,Affpuddle and Turnerspuddle,,E06000059,Dorset,,2686
E04012321,Arne,,E06000059,Dorset,,2687
E04012322,Bere Regis,,E06000059,Dorset,,2688
E04012323,Corfe Castle,,E06000059,Dorset,,2689
E04012324,Morden,,E06000059,Dorset,,2690
E04012325,Steeple with Tyneham,,E06000059,Dorset,,2691
E04012326,Wareham St. Martin,,E06000059,Dorset,,2692
E04012327,Wareham Town,,E06000059,Dorset,,2693
E04012328,Worth Matravers,,E06000059,Dorset,,2694
E04012453,Crichel,,E06000059,Dorset,,2695
E04013378,Gillingham,,E06000059,Dorset,,2696
E04003428,Milborne St. Andrew,,E06000059,Dorset,,2697
E04013129,Belford,,E06000057,Northumberland,,2698
E04013379,Hinton,,E06000059,Dorset,,2699
E04013380,Holt,,E06000059,Dorset,,2700
E04013381,Loders,,E06000059,Dorset,,2701
E04013382,Long Bredy and Kingston Russell,,E06000059,Dorset,,2702
E04013383,Maiden Newton,,E06000059,Dorset,,2703
E04013384,Netherbury,,E06000059,Dorset,,2704
E04013385,Pamphill,,E06000059,Dorset,,2705
E04013386,Shipton Gorge,,E06000059,Dorset,,2706
E04013387,Stanton St. Gabriel,,E06000059,Dorset,,2707
E04013388,Symondsbury,,E06000059,Dorset,,2708
E04013389,West Knighton,,E06000059,Dorset,,2709
E04013390,Weymouth,,E06000059,Dorset,,2710
E04013391,Whitchurch Canonicorum,,E06000059,Dorset,,2711
E04013392,Whitcombe,,E06000059,Dorset,,2712
E04013393,Wimborne Minster,,E06000059,Dorset,,2713
E04013394,Winterborne Monkton,,E06000059,Dorset,,2714
E04013395,Winterborne St. Martin,,E06000059,Dorset,,2715
E04013396,Witchampton,,E06000059,Dorset,,2716
E04001452,Addington,,E06000060,Buckinghamshire,,2717
E04001453,Adstock,,E06000060,Buckinghamshire,,2718
E04001454,Akeley,,E06000060,Buckinghamshire,,2719
E04001455,Ashendon,,E06000060,Buckinghamshire,,2720
E04001456,Aston Abbotts,,E06000060,Buckinghamshire,,2721
E04001457,Aston Clinton,,E06000060,Buckinghamshire,,2722
E04001458,Aston Sandford,,E06000060,Buckinghamshire,,2723
E04001459,Barton Hartshorn,,E06000060,Buckinghamshire,,2724
E04001460,Beachampton,,E06000060,Buckinghamshire,,2725
E04001461,Biddlesden,,E06000060,Buckinghamshire,,2726
E04001463,Boarstall,,E06000060,Buckinghamshire,,2727
E04001464,Brill,,E06000060,Buckinghamshire,,2728
E04001465,Buckingham,,E06000060,Buckinghamshire,,2729
E04001466,Buckland,,E06000060,Buckinghamshire,,2730
E04013130,Craster,,E06000057,Northumberland,,2731
E04013131,Longhoughton,,E06000057,Northumberland,,2732
E04013132,Rothbury,,E06000057,Northumberland,,2733
E04013133,Whitton and Tosson,,E06000057,Northumberland,,2734
E04013350,Hebron,,E06000057,Northumberland,,2735
E04013351,Hepscott,,E06000057,Northumberland,,2736
E04013352,Morpeth,,E06000057,Northumberland,,2737
E04003360,Burton and Winkton,,E06000058,"Bournemouth, Christchurch and Poole",,2738
E04012814,Christchurch,,E06000058,"Bournemouth, Christchurch and Poole",,2739
E04012815,Highcliffe and Walkford,,E06000058,"Bournemouth, Christchurch and Poole",,2740
E04012816,Hurn,,E06000058,"Bournemouth, Christchurch and Poole",,2741
E04013409,Throop and Holdenhurst,,E06000058,"Bournemouth, Christchurch and Poole",,2742
E04003362,Alderholt,,E06000059,Dorset,,2743
E04003365,Corfe Mullen,,E06000059,Dorset,,2744
E04003366,Cranborne,,E06000059,Dorset,,2745
E04003367,Edmondsham,,E06000059,Dorset,,2746
E04003369,Gussage All Saints,,E06000059,Dorset,,2747
E04003370,Gussage St. Michael,,E06000059,Dorset,,2748
E04003379,St. Leonards and St. Ives,,E06000059,Dorset,,2749
E04003380,Shapwick,,E06000059,Dorset,,2750
E04003382,Sturminster Marshall,,E06000059,Dorset,,2751
E04003387,Wimborne St. Giles,,E06000059,Dorset,,2752
E04003389,Woodlands,,E06000059,Dorset,,2753
E04003391,Ashmore,,E06000059,Dorset,,2754
E04003394,Bourton,,E06000059,Dorset,,2755
E04003396,Buckhorn Weston,,E06000059,Dorset,,2756
E04003397,Cann,,E06000059,Dorset,,2757
E04003398,Charlton Marshall,,E06000059,Dorset,,2758
E04003399,Chettle,,E06000059,Dorset,,2759
E04003401,Compton Abbas,,E06000059,Dorset,,2760
E04003402,Durweston,,E06000059,Dorset,,2761
E04003403,East Orchard,,E06000059,Dorset,,2762
E04003405,Farnham,,E06000059,Dorset,,2763
E04003406,Fifehead Magdalen,,E06000059,Dorset,,2764
E04003407,Fifehead Neville,,E06000059,Dorset,,2765
E04003429,Milton Abbas,,E06000059,Dorset,,2766
E04003430,Motcombe,,E06000059,Dorset,,2767
E04003431,Okeford Fitzpaine,,E06000059,Dorset,,2768
E04003433,Pulham,,E06000059,Dorset,,2769
E04003434,Shaftesbury,,E06000059,Dorset,,2770
E04003435,Shillingstone,,E06000059,Dorset,,2771
E04003436,Silton,,E06000059,Dorset,,2772
E04003437,Spetisbury,,E06000059,Dorset,,2773
E04003438,Stalbridge,,E06000059,Dorset,,2774
E04003439,Stoke Wake,,E06000059,Dorset,,2775
E04003441,Stour Provost,,E06000059,Dorset,,2776
E04003442,Stourton Caundle,,E06000059,Dorset,,2777
E04003443,Sturminster Newton,,E06000059,Dorset,,2778
E04003444,Sutton Waldron,,E06000059,Dorset,,2779
E04003445,Tarrant Crawford,,E06000059,Dorset,,2780
E04003446,Tarrant Gunville,,E06000059,Dorset,,2781
E04003447,Tarrant Hinton,,E06000059,Dorset,,2782
E04003449,Tarrant Launceston,,E06000059,Dorset,,2783
E04003454,Turnworth,,E06000059,Dorset,,2784
E04003455,West Orchard,,E06000059,Dorset,,2785
E04003457,Winterborne Clenston,,E06000059,Dorset,,2786
E04003458,Winterborne Houghton,,E06000059,Dorset,,2787
E04003460,Winterborne Stickland,,E06000059,Dorset,,2788
E04003461,Winterborne Whitechurch,,E06000059,Dorset,,2789
E04003462,Winterborne Zelston,,E06000059,Dorset,,2790
E04003463,Woolland,,E06000059,Dorset,,2791
E04003467,Bloxworth,,E06000059,Dorset,,2792
E04003468,Chaldon Herring,,E06000059,Dorset,,2793
E04003469,Church Knowle,,E06000059,Dorset,,2794
E04003470,Coombe Keynes,,E06000059,Dorset,,2795
E04003472,East Holme,,E06000059,Dorset,,2796
E04003473,East Lulworth,,E06000059,Dorset,,2797
E04003474,East Stoke,,E06000059,Dorset,,2798
E04003475,Kimmeridge,,E06000059,Dorset,,2799
E04003476,Langton Matravers,,E06000059,Dorset,,2800
E04006675,Lilbourne,,E06000062,West Northamptonshire,,2801
E04006677,Maidwell,,E06000062,West Northamptonshire,,2802
E04006678,Marston Trussell,,E06000062,West Northamptonshire,,2803
E04006680,Naseby,,E06000062,West Northamptonshire,,2804
E04006683,Old,,E06000062,West Northamptonshire,,2805
E04006684,Overstone,,E06000062,West Northamptonshire,,2806
E04006686,Preston Capes,,E06000062,West Northamptonshire,,2807
E04006688,Scaldwell,,E06000062,West Northamptonshire,,2808
E04006689,Sibbertoft,,E06000062,West Northamptonshire,,2809
E04006690,Spratton,,E06000062,West Northamptonshire,,2810
E04006691,Stanford,,E06000062,West Northamptonshire,,2811
E04006692,Staverton,,E06000062,West Northamptonshire,,2812
E04006693,Stowe IX Churches,,E06000062,West Northamptonshire,,2813
E04006694,Sulby,,E06000062,West Northamptonshire,,2814
E04006695,Thornby,,E06000062,West Northamptonshire,,2815
E04006696,Walgrave,,E06000062,West Northamptonshire,,2816
E04006699,Welford,,E06000062,West Northamptonshire,,2817
E04006701,West Haddon,,E06000062,West Northamptonshire,,2818
E04006703,Winwick,,E06000062,West Northamptonshire,,2819
E04006705,Yelvertoft,,E06000062,West Northamptonshire,,2820
E04006791,Billing,,E06000062,West Northamptonshire,,2821
E04006751,Thorpe Achurch,,E06000061,North Northamptonshire,,2822
E04002393,Bridekirk,,E06000063,Cumberland,,2823
E04006793,Duston,,E06000062,West Northamptonshire,,2824
E04006798,Abthorpe,,E06000062,West Northamptonshire,,2825
E04006799,Adstone,,E06000062,West Northamptonshire,,2826
E04006800,Ashton,,E06000062,West Northamptonshire,,2827
E04006801,Aston le Walls,,E06000062,West Northamptonshire,,2828
E04006802,Aynho,,E06000062,West Northamptonshire,,2829
E04006803,Blakesley,,E06000062,West Northamptonshire,,2830
E04006804,Blisworth,,E06000062,West Northamptonshire,,2831
E04006805,Boddington,,E06000062,West Northamptonshire,,2832
E04006807,Bradden,,E06000062,West Northamptonshire,,2833
E04006808,Brafield on the Green,,E06000062,West Northamptonshire,,2834
E04006809,Bugbrooke,,E06000062,West Northamptonshire,,2835
E04006810,Castle Ashby,,E06000062,West Northamptonshire,,2836
E04006811,Chacombe,,E06000062,West Northamptonshire,,2837
E04006813,Cogenhoe and Whiston,,E06000062,West Northamptonshire,,2838
E04006814,Cold Higham,,E06000062,West Northamptonshire,,2839
E04006815,Cosgrove,,E06000062,West Northamptonshire,,2840
E04006816,Courteenhall,,E06000062,West Northamptonshire,,2841
E04006817,Croughton,,E06000062,West Northamptonshire,,2842
E04006818,Culworth,,E06000062,West Northamptonshire,,2843
E04006819,Deanshanger,,E06000062,West Northamptonshire,,2844
E04006820,Denton,,E06000062,West Northamptonshire,,2845
E04006824,Eydon,,E06000062,West Northamptonshire,,2846
E04006825,Farthinghoe,,E06000062,West Northamptonshire,,2847
E04006826,Gayton,,E06000062,West Northamptonshire,,2848
E04006827,Grafton Regis,,E06000062,West Northamptonshire,,2849
E04006828,Greatworth and Halse,,E06000062,West Northamptonshire,,2850
E04006829,Greens Norton,,E06000062,West Northamptonshire,,2851
E04006831,Harpole,,E06000062,West Northamptonshire,,2852
E04013116,Bierton,,E06000060,Buckinghamshire,,2853
E04012339,Lutton,,E06000061,North Northamptonshire,,2854
E04006832,Hartwell,,E06000062,West Northamptonshire,,2855
E04012008,Chipping Warden and Edgcote,,E06000062,West Northamptonshire,,2856
E04001568,Chenies,,E06000060,Buckinghamshire,,2857
E04013117,Kingsbrook,,E06000060,Buckinghamshire,,2858
E04002394,Brigham,,E06000063,Cumberland,,2859
E04006833,Helmdon,,E06000062,West Northamptonshire,,2860
E04013118,Broughton Hamlet,,E06000060,Buckinghamshire,,2861
E04012340,Raunds,,E06000061,North Northamptonshire,,2862
E04006753,Thurning,,E06000061,North Northamptonshire,,2863
E04002395,Bromfield,,E06000063,Cumberland,,2864
E04006834,Hinton-in-the-Hedges,,E06000062,West Northamptonshire,,2865
E04013439,Bledlow-cum-Saunderton,,E06000060,Buckinghamshire,,2866
E04012341,Ringstead,,E06000061,North Northamptonshire,,2867
E04006754,Titchmarsh,,E06000061,North Northamptonshire,,2868
E04001569,Chesham,,E06000060,Buckinghamshire,,2869
E04012284,Collingtree,,E06000062,West Northamptonshire,,2870
E04002396,Broughton,,E06000063,Cumberland,,2871
E04006835,Kings Sutton,,E06000062,West Northamptonshire,,2872
E04013440,Lacey Green,,E06000060,Buckinghamshire,,2873
E04012342,Stanwick,,E06000061,North Northamptonshire,,2874
E04006755,Twywell,,E06000061,North Northamptonshire,,2875
E04001570,Chesham Bois,,E06000060,Buckinghamshire,,2876
E04012286,Hardingstone,,E06000062,West Northamptonshire,,2877
E04002397,Broughton Moor,,E06000063,Cumberland,,2878
E04006836,Kislingbury,,E06000062,West Northamptonshire,,2879
E04013520,Burnham,,E06000060,Buckinghamshire,,2880
E04012343,Thrapston,,E06000061,North Northamptonshire,,2881
E04006756,Wadenhoe,,E06000061,North Northamptonshire,,2882
E04001571,Cholesbury-cum-St Leonards,,E06000060,Buckinghamshire,,2883
E04012287,Hunsbury Meadows,,E06000062,West Northamptonshire,,2884
E04002398,Buttermere,,E06000063,Cumberland,,2885
E04006837,Litchborough,,E06000062,West Northamptonshire,,2886
E04013521,Dorney,,E06000060,Buckinghamshire,,2887
E04012344,Warmington,,E06000061,North Northamptonshire,,2888
E04012443,Cransley,,E06000061,North Northamptonshire,,2889
E04012444,Mawsley,,E06000061,North Northamptonshire,,2890
E04012445,Rushton,,E06000061,North Northamptonshire,,2891
E04012446,Wilbarston,,E06000061,North Northamptonshire,,2892
E04013034,Barton Seagrave,,E06000061,North Northamptonshire,,2893
E04013035,Burton Latimer,,E06000061,North Northamptonshire,,2894
E04013036,Cranford,,E06000061,North Northamptonshire,,2895
E04013037,Kettering Town,,E06000061,North Northamptonshire,,2896
E04013136,Finedon,,E06000061,North Northamptonshire,,2897
E04013137,Great Harrowden,,E06000061,North Northamptonshire,,2898
E04013138,Wellingborough,,E06000061,North Northamptonshire,,2899
E04013159,Corby,,E06000061,North Northamptonshire,,2900
E04013337,Little Stanion,,E06000061,North Northamptonshire,,2901
E04013338,Stanion,,E06000061,North Northamptonshire,,2902
E04006632,Althorp,,E06000062,West Northamptonshire,,2903
E04006633,Arthingworth,,E06000062,West Northamptonshire,,2904
E04006634,Ashby St Ledgers,,E06000062,West Northamptonshire,,2905
E04006635,Badby,,E06000062,West Northamptonshire,,2906
E04006636,Barby,,E06000062,West Northamptonshire,,2907
E04006638,Braunston,,E06000062,West Northamptonshire,,2908
E04006639,Brington,,E06000062,West Northamptonshire,,2909
E04006640,Brixworth,,E06000062,West Northamptonshire,,2910
E04006643,Canons Ashby,,E06000062,West Northamptonshire,,2911
E04006644,Catesby,,E06000062,West Northamptonshire,,2912
E04006646,Charwelton,,E06000062,West Northamptonshire,,2913
E04006648,Clay Coton,,E06000062,West Northamptonshire,,2914
E04006649,Clipston,,E06000062,West Northamptonshire,,2915
E04006651,Cottesbrooke,,E06000062,West Northamptonshire,,2916
E04006652,Creaton,,E06000062,West Northamptonshire,,2917
E04006653,Crick,,E06000062,West Northamptonshire,,2918
E04006655,Draughton,,E06000062,West Northamptonshire,,2919
E04006656,East Farndon,,E06000062,West Northamptonshire,,2920
E04006657,East Haddon,,E06000062,West Northamptonshire,,2921
E04006659,Everdon,,E06000062,West Northamptonshire,,2922
E04006660,Farthingstone,,E06000062,West Northamptonshire,,2923
E04006661,Fawsley,,E06000062,West Northamptonshire,,2924
E04006663,Great Oxendon,,E06000062,West Northamptonshire,,2925
E04006665,Hannington,,E06000062,West Northamptonshire,,2926
E04006667,Haselbech,,E06000062,West Northamptonshire,,2927
E04006668,Hellidon,,E06000062,West Northamptonshire,,2928
E04006670,Holdenby,,E06000062,West Northamptonshire,,2929
E04006672,Kelmarsh,,E06000062,West Northamptonshire,,2930
E04006673,Kilsby,,E06000062,West Northamptonshire,,2931
E04006674,Lamport,,E06000062,West Northamptonshire,,2932
E04012288,Upton,,E06000062,West Northamptonshire,,2933
E04006625,Cottingham,,E06000061,North Northamptonshire,,2934
E04002399,Caldbeck,,E06000063,Cumberland,,2935
E04012289,West Hunsbury,,E06000062,West Northamptonshire,,2936
E04006757,Wakerley,,E06000061,North Northamptonshire,,2937
E04001572,Coleshill,,E06000060,Buckinghamshire,,2938
E04006626,East Carlton,,E06000061,North Northamptonshire,,2939
E04002400,Camerton,,E06000063,Cumberland,,2940
E04012347,East Hunsbury,,E06000062,West Northamptonshire,,2941
E04006759,Woodford,,E06000061,North Northamptonshire,,2942
E04006839,Maidford,,E06000062,West Northamptonshire,,2943
E04001573,Great Missenden,,E06000060,Buckinghamshire,,2944
E04006627,Gretton,,E06000061,North Northamptonshire,,2945
E04002401,Cockermouth,,E06000063,Cumberland,,2946
E04002402,Crosscanonby,,E06000063,Cumberland,,2947
E04002403,Dean,,E06000063,Cumberland,,2948
E04002404,Dearham,,E06000063,Cumberland,,2949
E04002405,Dundraw,,E06000063,Cumberland,,2950
E04002406,Embleton,,E06000063,Cumberland,,2951
E04002407,Gilcrux,,E06000063,Cumberland,,2952
E04002408,Great Clifton,,E06000063,Cumberland,,2953
E04002409,Greysouthen,,E06000063,Cumberland,,2954
E04002410,Hayton and Mealo,,E06000063,Cumberland,,2955
E04002411,Holme Abbey,,E06000063,Cumberland,,2956
E04002412,Holme East Waver,,E06000063,Cumberland,,2957
E04002414,Holme St Cuthbert,,E06000063,Cumberland,,2958
E04002415,Ireby and Uldale,,E06000063,Cumberland,,2959
E04002417,Kirkbampton,,E06000063,Cumberland,,2960
E04002418,Kirkbride,,E06000063,Cumberland,,2961
E04002419,Little Clifton,,E06000063,Cumberland,,2962
E04002420,Lorton,,E06000063,Cumberland,,2963
E04002421,Loweswater,,E06000063,Cumberland,,2964
E04002422,Maryport,,E06000063,Cumberland,,2965
E04002423,Oughterside and Allerby,,E06000063,Cumberland,,2966
E04002424,Papcastle,,E06000063,Cumberland,,2967
E04002425,Plumbland,,E06000063,Cumberland,,2968
E04002427,Seaton,,E06000063,Cumberland,,2969
E04002428,Sebergham,,E06000063,Cumberland,,2970
E04002429,Setmurthy,,E06000063,Cumberland,,2971
E04002431,Thursby,,E06000063,Cumberland,,2972
E04002433,Waverton,,E06000063,Cumberland,,2973
E04002434,Westnewton,,E06000063,Cumberland,,2974
E04002435,Westward,,E06000063,Cumberland,,2975
E04002436,Wigton,,E06000063,Cumberland,,2976
E04002437,Winscales,,E06000063,Cumberland,,2977
E04002438,Woodside,,E06000063,Cumberland,,2978
E04002439,Workington,,E06000063,Cumberland,,2979
E04002440,Wythop,,E06000063,Cumberland,,2980
E04002441,"Lands common to Holme Abbey, Holme Low and Holme St Cuthbert",,E06000063,Cumberland,,2981
E04002445,Arthuret,,E06000063,Cumberland,,2982
E04002446,Askerton,,E06000063,Cumberland,,2983
E04002447,Beaumont,,E06000063,Cumberland,,2984
E04002448,Bewcastle,,E06000063,Cumberland,,2985
E04002449,Brampton,,E06000063,Cumberland,,2986
E04002450,Burgh by Sands,,E06000063,Cumberland,,2987
E04001574,Latimer and Ley Hill,,E06000060,Buckinghamshire,,2988
E04001575,Little Missenden,,E06000060,Buckinghamshire,,2989
E04001576,Penn,,E06000060,Buckinghamshire,,2990
E04001577,Seer Green,,E06000060,Buckinghamshire,,2991
E04001578,The Lee,,E06000060,Buckinghamshire,,2992
E04001579,Little Chalfont,,E06000060,Buckinghamshire,,2993
E04001580,Beaconsfield,,E06000060,Buckinghamshire,,2994
E04001582,Denham,,E06000060,Buckinghamshire,,2995
E04001584,Farnham Royal,,E06000060,Buckinghamshire,,2996
E04001585,Fulmer,,E06000060,Buckinghamshire,,2997
E04001586,Gerrards Cross,,E06000060,Buckinghamshire,,2998
E04001587,Hedgerley,,E06000060,Buckinghamshire,,2999
E04001588,Iver,,E06000060,Buckinghamshire,,3000
E04006760,Woodnewton,,E06000061,North Northamptonshire,,3001
E04001589,Stoke Poges,,E06000060,Buckinghamshire,,3002
E04012823,Brackley,,E06000062,West Northamptonshire,,3003
E04006840,Marston St Lawrence,,E06000062,West Northamptonshire,,3004
E04006761,Yarwell,,E06000061,North Northamptonshire,,3005
E04006628,Middleton,,E06000061,North Northamptonshire,,3006
E04001590,Taplow,,E06000060,Buckinghamshire,,3007
E04012824,Easton Neston,,E06000062,West Northamptonshire,,3008
E04006841,Middleton Cheney,,E06000062,West Northamptonshire,,3009
E04006762,Rushden,,E06000061,North Northamptonshire,,3010
E04006629,Rockingham,,E06000061,North Northamptonshire,,3011
E04006631,Weldon,,E06000061,North Northamptonshire,,3012
E04006707,Aldwincle,,E06000061,North Northamptonshire,,3013
E04006708,Apethorpe,,E06000061,North Northamptonshire,,3014
E04006709,Ashton,,E06000061,North Northamptonshire,,3015
E04006710,Barnwell,,E06000061,North Northamptonshire,,3016
E04006711,Benefield,,E06000061,North Northamptonshire,,3017
E04006712,Blatherwycke,,E06000061,North Northamptonshire,,3018
E04006713,Brigstock,,E06000061,North Northamptonshire,,3019
E04006714,Bulwick,,E06000061,North Northamptonshire,,3020
E04006716,Clopton,,E06000061,North Northamptonshire,,3021
E04006717,Collyweston,,E06000061,North Northamptonshire,,3022
E04006718,Cotterstock,,E06000061,North Northamptonshire,,3023
E04006719,Deene,,E06000061,North Northamptonshire,,3024
E04006720,Deenethorpe,,E06000061,North Northamptonshire,,3025
E04006721,Denford,,E06000061,North Northamptonshire,,3026
E04006722,Duddington-with-Fineshade,,E06000061,North Northamptonshire,,3027
E04006723,Easton on the Hill,,E06000061,North Northamptonshire,,3028
E04006724,Fotheringhay,,E06000061,North Northamptonshire,,3029
E04006725,Glapthorn,,E06000061,North Northamptonshire,,3030
E04006726,Great Addington,,E06000061,North Northamptonshire,,3031
E04006727,Hargrave,,E06000061,North Northamptonshire,,3032
E04006728,Harringworth,,E06000061,North Northamptonshire,,3033
E04006729,Hemington,,E06000061,North Northamptonshire,,3034
E04006733,King's Cliffe,,E06000061,North Northamptonshire,,3035
E04006734,Laxton,,E06000061,North Northamptonshire,,3036
E04006735,Lilford-cum-Wigsthorpe,,E06000061,North Northamptonshire,,3037
E04006736,Little Addington,,E06000061,North Northamptonshire,,3038
E04006737,Lowick,,E06000061,North Northamptonshire,,3039
E04006738,Luddington,,E06000061,North Northamptonshire,,3040
E04006740,Nassington,,E06000061,North Northamptonshire,,3041
E04006741,Newton Bromswold,,E06000061,North Northamptonshire,,3042
E04006742,Oundle,,E06000061,North Northamptonshire,,3043
E04006743,Pilton,,E06000061,North Northamptonshire,,3044
E04006744,Polebrook,,E06000061,North Northamptonshire,,3045
E04006747,Southwick,,E06000061,North Northamptonshire,,3046
E04006748,Stoke Doyle,,E06000061,North Northamptonshire,,3047
E04006749,Sudborough,,E06000061,North Northamptonshire,,3048
E04006750,Tansor,,E06000061,North Northamptonshire,,3049
E04006842,Milton Malsor,,E06000062,West Northamptonshire,,3050
E04012825,Evenley,,E06000062,West Northamptonshire,,3051
E04006843,Moreton Pinkney,,E06000062,West Northamptonshire,,3052
E04012826,Paulerspury,,E06000062,West Northamptonshire,,3053
E04001591,Wexham,,E06000060,Buckinghamshire,,3054
E04006844,Nether Heyford,,E06000062,West Northamptonshire,,3055
E04013014,Daventry,,E06000062,West Northamptonshire,,3056
E04001593,Bradenham,,E06000060,Buckinghamshire,,3057
E04006845,Newbottle,,E06000062,West Northamptonshire,,3058
E04013015,Guilsborough,,E06000062,West Northamptonshire,,3059
E04001594,Chepping Wycombe,,E06000060,Buckinghamshire,,3060
E04006764,Ashley,,E06000061,North Northamptonshire,,3061
E04006846,Old Stratford,,E06000062,West Northamptonshire,,3062
E04013016,Harlestone,,E06000062,West Northamptonshire,,3063
E04001595,Downley,,E06000060,Buckinghamshire,,3064
E04006765,Brampton Ash,,E06000061,North Northamptonshire,,3065
E04006847,Pattishall,,E06000062,West Northamptonshire,,3066
E04013017,Harlestone Manor,,E06000062,West Northamptonshire,,3067
E04001596,Ellesborough,,E06000060,Buckinghamshire,,3068
E04001597,Fawley,,E06000060,Buckinghamshire,,3069
E04001598,Great and Little Hampden,,E06000060,Buckinghamshire,,3070
E04001599,Great and Little Kimble cum Marsh,,E06000060,Buckinghamshire,,3071
E04001600,Great Marlow,,E06000060,Buckinghamshire,,3072
E04001601,Hambleden,,E06000060,Buckinghamshire,,3073
E04001602,Hazlemere,,E06000060,Buckinghamshire,,3074
E04001603,Hedsor,,E06000060,Buckinghamshire,,3075
E04001605,Ibstone,,E06000060,Buckinghamshire,,3076
E04001607,Lane End,,E06000060,Buckinghamshire,,3077
E04001608,Little Marlow,,E06000060,Buckinghamshire,,3078
E04001609,Longwick-cum-Ilmer,,E06000060,Buckinghamshire,,3079
E04001610,Marlow,,E06000060,Buckinghamshire,,3080
E04001611,Medmenham,,E06000060,Buckinghamshire,,3081
E04001612,Piddington and Wheeler End,,E06000060,Buckinghamshire,,3082
E04001613,Princes Risborough,,E06000060,Buckinghamshire,,3083
E04001614,Radnage,,E06000060,Buckinghamshire,,3084
E04001615,Stokenchurch,,E06000060,Buckinghamshire,,3085
E04001616,Turville,,E06000060,Buckinghamshire,,3086
E04001617,West Wycombe,,E06000060,Buckinghamshire,,3087
E04001618,Wooburn,,E06000060,Buckinghamshire,,3088
E04001619,Marlow Bottom,,E06000060,Buckinghamshire,,3089
E04012160,Buckingham Park,,E06000060,Buckinghamshire,,3090
E04012161,Weedon,,E06000060,Buckinghamshire,,3091
E04012607,Hughenden,,E06000060,Buckinghamshire,,3092
E04006849,Potterspury,,E06000062,West Northamptonshire,,3093
E04006850,Quinton,,E06000062,West Northamptonshire,,3094
E04006851,Radstone,,E06000062,West Northamptonshire,,3095
E04006853,Rothersthorpe,,E06000062,West Northamptonshire,,3096
E04006854,Shutlanger,,E06000062,West Northamptonshire,,3097
E04006855,Silverstone,,E06000062,West Northamptonshire,,3098
E04006856,Slapton,,E06000062,West Northamptonshire,,3099
E04006858,Sulgrave,,E06000062,West Northamptonshire,,3100
E04006859,Syresham,,E06000062,West Northamptonshire,,3101
E04006860,Thenford,,E06000062,West Northamptonshire,,3102
E04006861,Thorpe Mandeville,,E06000062,West Northamptonshire,,3103
E04006864,Upper Heyford,,E06000062,West Northamptonshire,,3104
E04006865,Wappenham,,E06000062,West Northamptonshire,,3105
E04006866,Warkworth,,E06000062,West Northamptonshire,,3106
E04006867,Weston and Weedon,,E06000062,West Northamptonshire,,3107
E04006868,Whitfield,,E06000062,West Northamptonshire,,3108
E04006869,Whittlebury,,E06000062,West Northamptonshire,,3109
E04006870,Wicken,,E06000062,West Northamptonshire,,3110
E04006871,Woodend,,E06000062,West Northamptonshire,,3111
E04006872,Yardley Gobion,,E06000062,West Northamptonshire,,3112
E04006873,Yardley Hastings,,E06000062,West Northamptonshire,,3113
E04006874,Overthorpe,,E06000062,West Northamptonshire,,3114
E04006875,Grange Park,,E06000062,West Northamptonshire,,3115
E04006876,Alderton,,E06000062,West Northamptonshire,,3116
E04010508,Brockhall,,E06000062,West Northamptonshire,,3117
E04010509,Byfield,,E06000062,West Northamptonshire,,3118
E04010510,Cold Ashby,,E06000062,West Northamptonshire,,3119
E04010512,Elkington,,E06000062,West Northamptonshire,,3120
E04006766,Braybrooke,,E06000061,North Northamptonshire,,3121
E04010513,Flore,,E06000062,West Northamptonshire,,3122
E04013018,Hollowell,,E06000062,West Northamptonshire,,3123
E04006767,Broughton,,E06000061,North Northamptonshire,,3124
E04010515,Holcot,,E06000062,West Northamptonshire,,3125
E04013019,Newnham,,E06000062,West Northamptonshire,,3126
E04006771,Desborough,,E06000061,North Northamptonshire,,3127
E04006772,Dingley,,E06000061,North Northamptonshire,,3128
E04006773,Geddington,,E06000061,North Northamptonshire,,3129
E04006774,Grafton Underwood,,E06000061,North Northamptonshire,,3130
E04006775,Harrington,,E06000061,North Northamptonshire,,3131
E04006776,Loddington,,E06000061,North Northamptonshire,,3132
E04006777,Newton and Little Oakley,,E06000061,North Northamptonshire,,3133
E04006778,Orton,,E06000061,North Northamptonshire,,3134
E04006779,Pytchley,,E06000061,North Northamptonshire,,3135
E04006780,Rothwell,,E06000061,North Northamptonshire,,3136
E04006782,Stoke Albany,,E06000061,North Northamptonshire,,3137
E04006783,Sutton Bassett,,E06000061,North Northamptonshire,,3138
E04006784,Thorpe Malsor,,E06000061,North Northamptonshire,,3139
E04006785,Warkton,,E06000061,North Northamptonshire,,3140
E04006786,Weekley,,E06000061,North Northamptonshire,,3141
E04006787,Weston by Welland,,E06000061,North Northamptonshire,,3142
E04006877,Bozeat,,E06000061,North Northamptonshire,,3143
E04006878,Earls Barton,,E06000061,North Northamptonshire,,3144
E04006879,Easton Maudit,,E06000061,North Northamptonshire,,3145
E04006880,Ecton,,E06000061,North Northamptonshire,,3146
E04006882,Great Doddington,,E06000061,North Northamptonshire,,3147
E04006884,Grendon,,E06000061,North Northamptonshire,,3148
E04006885,Hardwick,,E06000061,North Northamptonshire,,3149
E04006886,Irchester,,E06000061,North Northamptonshire,,3150
E04006887,Isham,,E06000061,North Northamptonshire,,3151
E04006888,Little Harrowden,,E06000061,North Northamptonshire,,3152
E04006889,Mears Ashby,,E06000061,North Northamptonshire,,3153
E04006890,Orlingbury,,E06000061,North Northamptonshire,,3154
E04006891,Strixton,,E06000061,North Northamptonshire,,3155
E04006892,Sywell,,E06000061,North Northamptonshire,,3156
E04006893,Wilby,,E06000061,North Northamptonshire,,3157
E04006894,Wollaston,,E06000061,North Northamptonshire,,3158
E04012335,Chelveston-cum-Caldecott,,E06000061,North Northamptonshire,,3159
E04012336,Higham Ferrers,,E06000061,North Northamptonshire,,3160
E04012337,Irthlingborough,,E06000061,North Northamptonshire,,3161
E04012338,Islip,,E06000061,North Northamptonshire,,3162
E04010516,Long Buckby,,E06000062,West Northamptonshire,,3163
E04013020,Norton,,E06000062,West Northamptonshire,,3164
E04010520,Watford,,E06000062,West Northamptonshire,,3165
E04010522,Whilton,,E06000062,West Northamptonshire,,3166
E04013021,Ravensthorpe,,E06000062,West Northamptonshire,,3167
E04010523,Woodford cum Membris,,E06000062,West Northamptonshire,,3168
E04013022,Welton,,E06000062,West Northamptonshire,,3169
E04010524,Church with Chapel Brampton,,E06000062,West Northamptonshire,,3170
E04013031,Far Cotton and Delapre,,E06000062,West Northamptonshire,,3171
E04013033,Northampton,,E06000062,West Northamptonshire,,3172
E04013504,Boughton,,E06000062,West Northamptonshire,,3173
E04013505,Dodford,,E06000062,West Northamptonshire,,3174
E04013506,Great Houghton,,E06000062,West Northamptonshire,,3175
E04013507,Hackleton,,E06000062,West Northamptonshire,,3176
E04013508,Kingsthorpe,,E06000062,West Northamptonshire,,3177
E04013509,Little Houghton,,E06000062,West Northamptonshire,,3178
E04013510,Moulton,,E06000062,West Northamptonshire,,3179
E04013511,Pitsford,,E06000062,West Northamptonshire,,3180
E04013512,Roade,,E06000062,West Northamptonshire,,3181
E04013513,Stoke Bruerne,,E06000062,West Northamptonshire,,3182
E04013514,Tiffield,,E06000062,West Northamptonshire,,3183
E04013515,Towcester,,E06000062,West Northamptonshire,,3184
E04013516,Weedon Bec,,E06000062,West Northamptonshire,,3185
E04013517,Wootton,,E06000062,West Northamptonshire,,3186
E04002379,Above Derwent,,E06000063,Cumberland,,3187
E04002380,Aikton,,E06000063,Cumberland,,3188
E04002381,Allhallows,,E06000063,Cumberland,,3189
E04002382,Allonby,,E06000063,Cumberland,,3190
E04002383,Aspatria,,E06000063,Cumberland,,3191
E04002384,Bassenthwaite,,E06000063,Cumberland,,3192
E04002385,Bewaldeth and Snittlegarth,,E06000063,Cumberland,,3193
E04002386,Blennerhasset and Torpenhow,,E06000063,Cumberland,,3194
E04002387,Blindbothel,,E06000063,Cumberland,,3195
E04002388,Blindcrake,,E06000063,Cumberland,,3196
E04002389,Boltons,,E06000063,Cumberland,,3197
E04002390,Borrowdale,,E06000063,Cumberland,,3198
E04002391,Bothel and Threapland,,E06000063,Cumberland,,3199
E04002392,Bowness,,E06000063,Cumberland,,3200
E04002545,Kirkby Thore,,E06000064,Westmorland and Furness,,3201
E04002546,Kirkoswald,,E06000064,Westmorland and Furness,,3202
E04002547,Langwathby,,E06000064,Westmorland and Furness,,3203
E04002548,Lazonby,,E06000064,Westmorland and Furness,,3204
E04002550,Long Marton,,E06000064,Westmorland and Furness,,3205
E04002551,Lowther,,E06000064,Westmorland and Furness,,3206
E04002552,Mallerstang,,E06000064,Westmorland and Furness,,3207
E04002553,Martindale,,E06000064,Westmorland and Furness,,3208
E04002554,Matterdale,,E06000064,Westmorland and Furness,,3209
E04002555,Milburn,,E06000064,Westmorland and Furness,,3210
E04002556,Morland,,E06000064,Westmorland and Furness,,3211
E04002557,Mungrisdale,,E06000064,Westmorland and Furness,,3212
E04002558,Murton,,E06000064,Westmorland and Furness,,3213
E04002559,Musgrave,,E06000064,Westmorland and Furness,,3214
E04002560,Nateby,,E06000064,Westmorland and Furness,,3215
E04002561,Newbiggin,,E06000064,Westmorland and Furness,,3216
E04002562,Newby,,E06000064,Westmorland and Furness,,3217
E04002563,Ormside,,E06000064,Westmorland and Furness,,3218
E04002564,Orton,,E06000064,Westmorland and Furness,,3219
E04002566,Patterdale,,E06000064,Westmorland and Furness,,3220
E04002567,Ravenstonedale,,E06000064,Westmorland and Furness,,3221
E04002568,Shap,,E06000064,Westmorland and Furness,,3222
E04002569,Shap Rural,,E06000064,Westmorland and Furness,,3223
E04002570,Skelton,,E06000064,Westmorland and Furness,,3224
E04002571,Sleagill,,E06000064,Westmorland and Furness,,3225
E04002572,Sockbridge and Tirril,,E06000064,Westmorland and Furness,,3226
E04002573,Soulby,,E06000064,Westmorland and Furness,,3227
E04002574,Stainmore,,E06000064,Westmorland and Furness,,3228
E04002575,Tebay,,E06000064,Westmorland and Furness,,3229
E04002576,Temple Sowerby,,E06000064,Westmorland and Furness,,3230
E04002577,Threlkeld,,E06000064,Westmorland and Furness,,3231
E04002579,Waitby,,E06000064,Westmorland and Furness,,3232
E04002580,Warcop,,E06000064,Westmorland and Furness,,3233
E04002581,Wharton,,E06000064,Westmorland and Furness,,3234
E04002582,Winton,,E06000064,Westmorland and Furness,,3235
E04002583,Yanwath and Eamont Bridge,,E06000064,Westmorland and Furness,,3236
E04002584,Aldingham,,E06000064,Westmorland and Furness,,3237
E04002585,Angerton,,E06000064,Westmorland and Furness,,3238
E04002586,Arnside,,E06000064,Westmorland and Furness,,3239
E04002587,Barbon,,E06000064,Westmorland and Furness,,3240
E04002588,Beetham,,E06000064,Westmorland and Furness,,3241
E04002589,Blawith and Subberthwaite,,E06000064,Westmorland and Furness,,3242
E04002590,Broughton East,,E06000064,Westmorland and Furness,,3243
E04002591,Broughton West,,E06000064,Westmorland and Furness,,3244
E04002592,Burton-in-Kendal,,E06000064,Westmorland and Furness,,3245
E04002593,Cartmel Fell,,E06000064,Westmorland and Furness,,3246
E04002594,Casterton,,E06000064,Westmorland and Furness,,3247
E04002595,Claife,,E06000064,Westmorland and Furness,,3248
E04002596,Colton,,E06000064,Westmorland and Furness,,3249
E04002597,Coniston,,E06000064,Westmorland and Furness,,3250
E04007167,East Cowton,,E06000065,North Yorkshire,,3251
E04007108,Malham,,E06000065,North Yorkshire,,3252
E04002598,Crook,,E06000064,Westmorland and Furness,,3253
E04002451,Burtholme,,E06000063,Cumberland,,3254
E04007218,Little Ayton,,E06000065,North Yorkshire,,3255
E04002654,Torver,,E06000064,Westmorland and Furness,,3256
E04010486,Whicham,,E06000063,Cumberland,,3257
E04002599,Crosthwaite and Lyth,,E06000064,Westmorland and Furness,,3258
E04007109,Malham Moor,,E06000065,North Yorkshire,,3259
E04002655,Ulverston,,E06000064,Westmorland and Furness,,3260
E04007219,Little Busby,,E06000065,North Yorkshire,,3261
E04002452,Carlatton,,E06000063,Cumberland,,3262
E04002600,Dent,,E06000064,Westmorland and Furness,,3263
E04007168,East Harlsey,,E06000065,North Yorkshire,,3264
E04007110,Martons Both,,E06000065,North Yorkshire,,3265
E04012138,Egremont,,E06000063,Cumberland,,3266
E04002656,Underbarrow and Bradleyfield,,E06000064,Westmorland and Furness,,3267
E04007220,Little Langton,,E06000065,North Yorkshire,,3268
E04002453,Castle Carrock,,E06000063,Cumberland,,3269
E04002601,Docker,,E06000064,Westmorland and Furness,,3270
E04007169,East Rounton,,E06000065,North Yorkshire,,3271
E04007112,Otterburn,,E06000065,North Yorkshire,,3272
E04012139,Haile,,E06000063,Cumberland,,3273
E04002657,Lindale and Newton-in-Cartmel,,E06000064,Westmorland and Furness,,3274
E04007221,Little Smeaton,,E06000065,North Yorkshire,,3275
E04002454,Cummersdale,,E06000063,Cumberland,,3276
E04002602,Dunnerdale-with-Seathwaite,,E06000064,Westmorland and Furness,,3277
E04007170,East Tanfield,,E06000065,North Yorkshire,,3278
E04007114,Rylstone,,E06000065,North Yorkshire,,3279
E04012140,Lowside Quarter,,E06000063,Cumberland,,3280
E04002658,Urswick,,E06000064,Westmorland and Furness,,3281
E04007222,Low Worsall,,E06000065,North Yorkshire,,3282
E04002455,Cumrew,,E06000063,Cumberland,,3283
E04002603,Egton with Newland,,E06000064,Westmorland and Furness,,3284
E04007171,Eldmire with Crakehill,,E06000065,North Yorkshire,,3285
E04007115,Scosthrop,,E06000065,North Yorkshire,,3286
E04012141,Ponsonby,,E06000063,Cumberland,,3287
E04002659,Whinfell,,E06000064,Westmorland and Furness,,3288
E04007223,Marton-cum-Moxby,,E06000065,North Yorkshire,,3289
E04002456,Cumwhitton,,E06000063,Cumberland,,3290
E04002605,Firbank,,E06000064,Westmorland and Furness,,3291
E04007172,Ellerbeck,,E06000065,North Yorkshire,,3292
E04007118,Stainforth,,E06000065,North Yorkshire,,3293
E04012142,Beckermet,,E06000063,Cumberland,,3294
E04002661,Windermere and Bowness,,E06000064,Westmorland and Furness,,3295
E04007224,Maunby,,E06000065,North Yorkshire,,3296
E04002457,Dalston,,E06000063,Cumberland,,3297
E04002606,Garsdale,,E06000064,Westmorland and Furness,,3298
E04007173,"Exelby, Leeming and Londonderry",,E06000065,North Yorkshire,,3299
E04007123,Thornton in Lonsdale,,E06000065,North Yorkshire,,3300
E04012151,Drigg and Carleton,,E06000063,Cumberland,,3301
E04012411,Penrith,,E06000064,Westmorland and Furness,,3302
E04007225,Middleton-on-Leven,,E06000065,North Yorkshire,,3303
E04002458,Farlam,,E06000063,Cumberland,,3304
E04002607,Grange-over-Sands,,E06000064,Westmorland and Furness,,3305
E04007174,Faceby,,E06000065,North Yorkshire,,3306
E04007124,Thorpe,,E06000065,North Yorkshire,,3307
E04012152,Irton with Santon,,E06000063,Cumberland,,3308
E04012617,Hugill,,E06000064,Westmorland and Furness,,3309
E04012618,Kentmere,,E06000064,Westmorland and Furness,,3310
E04012619,Skelsmergh and Scalthwaiterigg,,E06000064,Westmorland and Furness,,3311
E04012620,"Witherslack, Meathop and Ulpha",,E06000064,Westmorland and Furness,,3312
E04012958,Greystoke,,E06000064,Westmorland and Furness,,3313
E04012959,Hutton,,E06000064,Westmorland and Furness,,3314
E04012960,Melmerby,,E06000064,Westmorland and Furness,,3315
E04012961,Ousby,,E06000064,Westmorland and Furness,,3316
E04012962,Little Strickland,,E06000064,Westmorland and Furness,,3317
E04013023,Selside and Fawcett Forest,,E06000064,Westmorland and Furness,,3318
E04013220,Barrow,,E06000064,Westmorland and Furness,,3319
E04007054,Airton,,E06000065,North Yorkshire,,3320
E04007056,Arncliffe,,E06000065,North Yorkshire,,3321
E04007058,Bank Newton,,E06000065,North Yorkshire,,3322
E04007059,Barden,,E06000065,North Yorkshire,,3323
E04007060,Beamsley,,E06000065,North Yorkshire,,3324
E04007061,Bentham,,E06000065,North Yorkshire,,3325
E04007062,Bolton Abbey,,E06000065,North Yorkshire,,3326
E04007064,Bradleys Both,,E06000065,North Yorkshire,,3327
E04007065,Broughton,,E06000065,North Yorkshire,,3328
E04007066,Buckden,,E06000065,North Yorkshire,,3329
E04007067,Burnsall,,E06000065,North Yorkshire,,3330
E04007068,Burton in Lonsdale,,E06000065,North Yorkshire,,3331
E04007069,Calton,,E06000065,North Yorkshire,,3332
E04007071,Clapham cum Newby,,E06000065,North Yorkshire,,3333
E04007072,Coniston Cold,,E06000065,North Yorkshire,,3334
E04007073,Conistone with Kilnsey,,E06000065,North Yorkshire,,3335
E04007080,Eshton,,E06000065,North Yorkshire,,3336
E04007082,Flasby with Winterburn,,E06000065,North Yorkshire,,3337
E04007086,Grassington,,E06000065,North Yorkshire,,3338
E04007087,Halton East,,E06000065,North Yorkshire,,3339
E04007088,Halton Gill,,E06000065,North Yorkshire,,3340
E04007089,Halton West,,E06000065,North Yorkshire,,3341
E04007090,Hanlith,,E06000065,North Yorkshire,,3342
E04007092,Hawkswick,,E06000065,North Yorkshire,,3343
E04007093,Hazlewood with Storiths,,E06000065,North Yorkshire,,3344
E04007097,Horton in Ribblesdale,,E06000065,North Yorkshire,,3345
E04007098,Ingleton,,E06000065,North Yorkshire,,3346
E04007099,Kettlewell with Starbotton,,E06000065,North Yorkshire,,3347
E04007101,Kirkby Malham,,E06000065,North Yorkshire,,3348
E04007102,Langcliffe,,E06000065,North Yorkshire,,3349
E04007105,Litton,,E06000065,North Yorkshire,,3350
E04007125,Threshfield,,E06000065,North Yorkshire,,3351
E04007175,Farlington,,E06000065,North Yorkshire,,3352
E04012422,Whitehaven,,E06000063,Cumberland,,3353
E04002608,Grayrigg,,E06000064,Westmorland and Furness,,3354
E04007126,Wigglesworth,,E06000065,North Yorkshire,,3355
E04007176,Fawdington,,E06000065,North Yorkshire,,3356
E04012984,Keswick,,E06000063,Cumberland,,3357
E04002609,Haverthwaite,,E06000064,Westmorland and Furness,,3358
E04007226,Morton-on-Swale,,E06000065,North Yorkshire,,3359
E04002459,Hayton,,E06000063,Cumberland,,3360
E04007127,Ainderby Miers with Holtby,,E06000065,North Yorkshire,,3361
E04007177,Felixkirk,,E06000065,North Yorkshire,,3362
E04012985,St John's Castlerigg and Wythburn,,E06000063,Cumberland,,3363
E04002610,Hawkshead,,E06000064,Westmorland and Furness,,3364
E04007227,Myton-on-Swale,,E06000065,North Yorkshire,,3365
E04002460,Hethersgill,,E06000063,Cumberland,,3366
E04007128,Ainderby Quernhow,,E06000065,North Yorkshire,,3367
E04007178,Firby,,E06000065,North Yorkshire,,3368
E04012986,Underskiddaw,,E06000063,Cumberland,,3369
E04013029,Holme Low,,E06000063,Cumberland,,3370
E04013030,Silloth-on-Solway,,E06000063,Cumberland,,3371
E04002442,Askam and Ireleth,,E06000064,Westmorland and Furness,,3372
E04002443,Dalton Town with Newton,,E06000064,Westmorland and Furness,,3373
E04002444,Lindal and Marton,,E06000064,Westmorland and Furness,,3374
E04002510,Ainstable,,E06000064,Westmorland and Furness,,3375
E04002511,Alston Moor,,E06000064,Westmorland and Furness,,3376
E04002512,Appleby-in-Westmorland,,E06000064,Westmorland and Furness,,3377
E04002513,Asby,,E06000064,Westmorland and Furness,,3378
E04002514,Askham,,E06000064,Westmorland and Furness,,3379
E04002515,Bampton,,E06000064,Westmorland and Furness,,3380
E04002516,Barton and Pooley Bridge,,E06000064,Westmorland and Furness,,3381
E04002517,Bolton,,E06000064,Westmorland and Furness,,3382
E04002518,Brough,,E06000064,Westmorland and Furness,,3383
E04002519,Brougham,,E06000064,Westmorland and Furness,,3384
E04002520,Brough Sowerby,,E06000064,Westmorland and Furness,,3385
E04002521,Castle Sowerby,,E06000064,Westmorland and Furness,,3386
E04002522,Catterlen,,E06000064,Westmorland and Furness,,3387
E04002523,Cliburn,,E06000064,Westmorland and Furness,,3388
E04002524,Clifton,,E06000064,Westmorland and Furness,,3389
E04002525,Colby,,E06000064,Westmorland and Furness,,3390
E04002526,Crackenthorpe,,E06000064,Westmorland and Furness,,3391
E04002527,Crosby Garrett,,E06000064,Westmorland and Furness,,3392
E04002528,Crosby Ravensworth,,E06000064,Westmorland and Furness,,3393
E04002529,Culgaith,,E06000064,Westmorland and Furness,,3394
E04002530,Dacre,,E06000064,Westmorland and Furness,,3395
E04002531,Dufton,,E06000064,Westmorland and Furness,,3396
E04002532,Glassonby,,E06000064,Westmorland and Furness,,3397
E04002533,Great Salkeld,,E06000064,Westmorland and Furness,,3398
E04002534,Great Strickland,,E06000064,Westmorland and Furness,,3399
E04002536,Hartley,,E06000064,Westmorland and Furness,,3400
E04002537,Helbeck,,E06000064,Westmorland and Furness,,3401
E04002538,Hesket,,E06000064,Westmorland and Furness,,3402
E04002539,Hoff,,E06000064,Westmorland and Furness,,3403
E04002540,Hunsonby,,E06000064,Westmorland and Furness,,3404
E04002542,Kaber,,E06000064,Westmorland and Furness,,3405
E04002543,King's Meaburn,,E06000064,Westmorland and Furness,,3406
E04002544,Kirkby Stephen,,E06000064,Westmorland and Furness,,3407
E04007179,Flawith,,E06000065,North Yorkshire,,3408
E04007129,Ainderby Steeple,,E06000065,North Yorkshire,,3409
E04002461,Irthington,,E06000063,Cumberland,,3410
E04007228,Nether Silton,,E06000065,North Yorkshire,,3411
E04007130,Aiskew and Leeming Bar,,E06000065,North Yorkshire,,3412
E04007180,Gatenby,,E06000065,North Yorkshire,,3413
E04002611,Helsington,,E06000064,Westmorland and Furness,,3414
E04002462,Kingmoor,,E06000063,Cumberland,,3415
E04007229,Newburgh,,E06000065,North Yorkshire,,3416
E04007131,Aldwark,,E06000065,North Yorkshire,,3417
E04007181,Girsby,,E06000065,North Yorkshire,,3418
E04002612,Heversham,,E06000064,Westmorland and Furness,,3419
E04002463,Kingwater,,E06000063,Cumberland,,3420
E04007230,Newby,,E06000065,North Yorkshire,,3421
E04007132,Alne,,E06000065,North Yorkshire,,3422
E04007182,Great and Little Broughton,,E06000065,North Yorkshire,,3423
E04002613,Hincaster,,E06000064,Westmorland and Furness,,3424
E04002464,Kirkandrews,,E06000063,Cumberland,,3425
E04007231,Newby Wiske,,E06000065,North Yorkshire,,3426
E04007133,Angram Grange,,E06000065,North Yorkshire,,3427
E04007134,Appleton Wiske,,E06000065,North Yorkshire,,3428
E04007135,Bagby,,E06000065,North Yorkshire,,3429
E04007136,Balk,,E06000065,North Yorkshire,,3430
E04007137,Bedale,,E06000065,North Yorkshire,,3431
E04007138,Beningbrough,,E06000065,North Yorkshire,,3432
E04007139,Bilsdale Midcable,,E06000065,North Yorkshire,,3433
E04007140,Birdforth,,E06000065,North Yorkshire,,3434
E04007141,Birkby,,E06000065,North Yorkshire,,3435
E04007142,Boltby,,E06000065,North Yorkshire,,3436
E04007143,Borrowby,,E06000065,North Yorkshire,,3437
E04007145,Brandsby-cum-Stearsby,,E06000065,North Yorkshire,,3438
E04007146,Brompton,,E06000065,North Yorkshire,,3439
E04007147,Burneston,,E06000065,North Yorkshire,,3440
E04007148,Burrill with Cowling,,E06000065,North Yorkshire,,3441
E04007149,Carlton,,E06000065,North Yorkshire,,3442
E04007150,Carlton Husthwaite,,E06000065,North Yorkshire,,3443
E04007151,Carlton Miniott,,E06000065,North Yorkshire,,3444
E04007152,Carthorpe,,E06000065,North Yorkshire,,3445
E04007153,Catton,,E06000065,North Yorkshire,,3446
E04007154,Clifton-on-Yore,,E06000065,North Yorkshire,,3447
E04007155,Cotcliffe,,E06000065,North Yorkshire,,3448
E04007156,Cowesby,,E06000065,North Yorkshire,,3449
E04007157,Coxwold,,E06000065,North Yorkshire,,3450
E04007158,Crakehall,,E06000065,North Yorkshire,,3451
E04007159,Crathorne,,E06000065,North Yorkshire,,3452
E04007160,Crayke,,E06000065,North Yorkshire,,3453
E04007161,Crosby,,E06000065,North Yorkshire,,3454
E04007162,Dalby-cum-Skewsby,,E06000065,North Yorkshire,,3455
E04007163,Dalton,,E06000065,North Yorkshire,,3456
E04007164,Deighton,,E06000065,North Yorkshire,,3457
E04007165,Easby,,E06000065,North Yorkshire,,3458
E04007166,Easingwold,,E06000065,North Yorkshire,,3459
E04002614,Holme,,E06000064,Westmorland and Furness,,3460
E04007232,Newsham with Breckenbrough,,E06000065,North Yorkshire,,3461
E04002465,Kirklinton Middle,,E06000063,Cumberland,,3462
E04002616,Hutton Roof,,E06000064,Westmorland and Furness,,3463
E04007233,Newton-on-Ouse,,E06000065,North Yorkshire,,3464
E04007183,Great Ayton,,E06000065,North Yorkshire,,3465
E04002466,Midgeholme,,E06000063,Cumberland,,3466
E04002617,Kendal,,E06000064,Westmorland and Furness,,3467
E04007234,Northallerton,,E06000065,North Yorkshire,,3468
E04007184,Great Busby,,E06000065,North Yorkshire,,3469
E04002467,Nether Denton,,E06000063,Cumberland,,3470
E04002619,Killington,,E06000064,Westmorland and Furness,,3471
E04007235,North Kilvington,,E06000065,North Yorkshire,,3472
E04007185,Great Langton,,E06000065,North Yorkshire,,3473
E04002468,Nicholforest,,E06000063,Cumberland,,3474
E04002620,Kirkby Ireleth,,E06000064,Westmorland and Furness,,3475
E04007236,North Otterington,,E06000065,North Yorkshire,,3476
E04007186,Great Smeaton,,E06000065,North Yorkshire,,3477
E04002469,Orton,,E06000063,Cumberland,,3478
E04002621,Kirkby Lonsdale,,E06000064,Westmorland and Furness,,3479
E04007237,Osmotherley,,E06000065,North Yorkshire,,3480
E04007187,Hackforth,,E06000065,North Yorkshire,,3481
E04002470,Rockcliffe,,E06000063,Cumberland,,3482
E04002622,Lakes,,E06000064,Westmorland and Furness,,3483
E04007238,Oulston,,E06000065,North Yorkshire,,3484
E04007189,High Worsall,,E06000065,North Yorkshire,,3485
E04002471,St Cuthbert Without,,E06000063,Cumberland,,3486
E04002623,Lambrigg,,E06000064,Westmorland and Furness,,3487
E04007239,Over Dinsdale,,E06000065,North Yorkshire,,3488
E04007190,Holme,,E06000065,North Yorkshire,,3489
E04007191,Hood Grange,,E06000065,North Yorkshire,,3490
E04007192,Hornby,,E06000065,North Yorkshire,,3491
E04007193,Howe,,E06000065,North Yorkshire,,3492
E04007194,Howgrave,,E06000065,North Yorkshire,,3493
E04007195,Huby,,E06000065,North Yorkshire,,3494
E04007196,Husthwaite,,E06000065,North Yorkshire,,3495
E04007197,Hutton Bonville,,E06000065,North Yorkshire,,3496
E04007198,Hutton Rudby,,E06000065,North Yorkshire,,3497
E04007199,Hutton-Sessay,,E06000065,North Yorkshire,,3498
E04007200,Ingleby Arncliffe,,E06000065,North Yorkshire,,3499
E04007201,Ingleby Greenhow,,E06000065,North Yorkshire,,3500
E04007202,Kepwick,,E06000065,North Yorkshire,,3501
E04007203,Kilburn High and Low,,E06000065,North Yorkshire,,3502
E04007204,Kildale,,E06000065,North Yorkshire,,3503
E04007205,Killerby,,E06000065,North Yorkshire,,3504
E04007206,Kiplin,,E06000065,North Yorkshire,,3505
E04007207,Kirby Knowle,,E06000065,North Yorkshire,,3506
E04007208,Kirby Sigston,,E06000065,North Yorkshire,,3507
E04007209,Kirby Wiske,,E06000065,North Yorkshire,,3508
E04007210,Kirkby,,E06000065,North Yorkshire,,3509
E04007211,Kirkby Fleetham with Fencote,,E06000065,North Yorkshire,,3510
E04007212,Kirklington-cum-Upsland,,E06000065,North Yorkshire,,3511
E04007213,Knayton with Brawith,,E06000065,North Yorkshire,,3512
E04007214,Landmoth-cum-Catto,,E06000065,North Yorkshire,,3513
E04007215,Langthorne,,E06000065,North Yorkshire,,3514
E04007216,Leake,,E06000065,North Yorkshire,,3515
E04007217,Linton-on-Ouse,,E06000065,North Yorkshire,,3516
E04007240,Over Silton,,E06000065,North Yorkshire,,3517
E04007241,Overton,,E06000065,North Yorkshire,,3518
E04007242,Pickhill with Roxby,,E06000065,North Yorkshire,,3519
E04007243,Picton,,E06000065,North Yorkshire,,3520
E04007244,Potto,,E06000065,North Yorkshire,,3521
E04007245,Rand Grange,,E06000065,North Yorkshire,,3522
E04007246,Raskelf,,E06000065,North Yorkshire,,3523
E04007247,Romanby,,E06000065,North Yorkshire,,3524
E04007248,Rookwith,,E06000065,North Yorkshire,,3525
E04007249,Rudby,,E06000065,North Yorkshire,,3526
E04007250,Sandhutton,,E06000065,North Yorkshire,,3527
E04007251,Scruton,,E06000065,North Yorkshire,,3528
E04007252,Seamer,,E06000065,North Yorkshire,,3529
E04007253,Sessay,,E06000065,North Yorkshire,,3530
E04007254,Sexhow,,E06000065,North Yorkshire,,3531
E04007255,Shipton,,E06000065,North Yorkshire,,3532
E04007256,Sinderby,,E06000065,North Yorkshire,,3533
E04007257,Skipton-on-Swale,,E06000065,North Yorkshire,,3534
E04007258,Skutterskelfe,,E06000065,North Yorkshire,,3535
E04007259,Snape with Thorp,,E06000065,North Yorkshire,,3536
E04007260,South Cowton,,E06000065,North Yorkshire,,3537
E04007261,South Kilvington,,E06000065,North Yorkshire,,3538
E04007262,South Otterington,,E06000065,North Yorkshire,,3539
E04007263,Sowerby,,E06000065,North Yorkshire,,3540
E04002624,Levens,,E06000064,Westmorland and Furness,,3541
E04007264,Sowerby-under-Cotcliffe,,E06000065,North Yorkshire,,3542
E04002472,Scaleby,,E06000063,Cumberland,,3543
E04002625,Longsleddale,,E06000064,Westmorland and Furness,,3544
E04007265,Stillington,,E06000065,North Yorkshire,,3545
E04002473,Solport,,E06000063,Cumberland,,3546
E04002626,Lower Allithwaite,,E06000064,Westmorland and Furness,,3547
E04007266,Stokesley,,E06000065,North Yorkshire,,3548
E04002474,Stanwix Rural,,E06000063,Cumberland,,3549
E04002627,Lower Holker,,E06000064,Westmorland and Furness,,3550
E04007267,Sutton-on-the-Forest,,E06000065,North Yorkshire,,3551
E04002628,Lowick,,E06000064,Westmorland and Furness,,3552
E04002629,Lupton,,E06000064,Westmorland and Furness,,3553
E04002630,Mansergh,,E06000064,Westmorland and Furness,,3554
E04002631,Mansriggs,,E06000064,Westmorland and Furness,,3555
E04002633,Middleton,,E06000064,Westmorland and Furness,,3556
E04002634,Milnthorpe,,E06000064,Westmorland and Furness,,3557
E04002635,Natland,,E06000064,Westmorland and Furness,,3558
E04002636,Nether Staveley,,E06000064,Westmorland and Furness,,3559
E04002637,New Hutton,,E06000064,Westmorland and Furness,,3560
E04002638,Old Hutton and Holmescales,,E06000064,Westmorland and Furness,,3561
E04002639,Osmotherley,,E06000064,Westmorland and Furness,,3562
E04002640,Over Staveley,,E06000064,Westmorland and Furness,,3563
E04002641,Pennington,,E06000064,Westmorland and Furness,,3564
E04002642,Preston Patrick,,E06000064,Westmorland and Furness,,3565
E04002643,Preston Richard,,E06000064,Westmorland and Furness,,3566
E04002644,Satterthwaite,,E06000064,Westmorland and Furness,,3567
E04002646,Sedbergh,,E06000064,Westmorland and Furness,,3568
E04002647,Sedgwick,,E06000064,Westmorland and Furness,,3569
E04002475,Stapleton,,E06000063,Cumberland,,3570
E04002649,Skelwith,,E06000064,Westmorland and Furness,,3571
E04002476,Upper Denton,,E06000063,Cumberland,,3572
E04002650,Stainton,,E06000064,Westmorland and Furness,,3573
E04002477,Walton,,E06000063,Cumberland,,3574
E04002651,Staveley-in-Cartmel,,E06000064,Westmorland and Furness,,3575
E04002478,Waterhead,,E06000063,Cumberland,,3576
E04002652,Strickland Ketel,,E06000064,Westmorland and Furness,,3577
E04002479,Westlinton,,E06000063,Cumberland,,3578
E04002653,Strickland Roger,,E06000064,Westmorland and Furness,,3579
E04002480,Wetheral,,E06000063,Cumberland,,3580
E04002484,Distington,,E06000063,Cumberland,,3581
E04002489,Gosforth,,E06000063,Cumberland,,3582
E04002493,Lowca,,E06000063,Cumberland,,3583
E04002500,Parton,,E06000063,Cumberland,,3584
E04002505,Seascale,,E06000063,Cumberland,,3585
E04002506,Ulpha,,E06000063,Cumberland,,3586
E04002507,Waberthwaite,,E06000063,Cumberland,,3587
E04002508,Weddicar,,E06000063,Cumberland,,3588
E04010472,Arlecdon and Frizington,,E06000063,Cumberland,,3589
E04010473,Bootle,,E06000063,Cumberland,,3590
E04010474,Cleator Moor,,E06000063,Cumberland,,3591
E04010476,Ennerdale and Kinniside,,E06000063,Cumberland,,3592
E04010477,Eskdale,,E06000063,Cumberland,,3593
E04010479,Lamplugh,,E06000063,Cumberland,,3594
E04010480,Millom,,E06000063,Cumberland,,3595
E04010481,Millom Without,,E06000063,Cumberland,,3596
E04010482,Moresby,,E06000063,Cumberland,,3597
E04010483,Muncaster,,E06000063,Cumberland,,3598
E04010484,Wasdale,,E06000063,Cumberland,,3599
E04010485,St. Bees,,E06000063,Cumberland,,3600
E04007418,South Stainley with Cayton,,E06000065,North Yorkshire,,3601
E04007419,Spofforth with Stockeld,,E06000065,North Yorkshire,,3602
E04007420,Stainburn,,E06000065,North Yorkshire,,3603
E04007421,Staveley,,E06000065,North Yorkshire,,3604
E04007422,Stonebeck Down,,E06000065,North Yorkshire,,3605
E04007423,Stonebeck Up,,E06000065,North Yorkshire,,3606
E04007424,Studley Roger,,E06000065,North Yorkshire,,3607
E04007425,Swinton with Warthermarske,,E06000065,North Yorkshire,,3608
E04007426,Thornthwaite with Padside,,E06000065,North Yorkshire,,3609
E04007427,Thornton Bridge,,E06000065,North Yorkshire,,3610
E04007428,Thornville,,E06000065,North Yorkshire,,3611
E04007429,Thorpe Underwoods,,E06000065,North Yorkshire,,3612
E04007430,Thruscross,,E06000065,North Yorkshire,,3613
E04007431,Tockwith,,E06000065,North Yorkshire,,3614
E04007432,Walkingham Hill with Occaney,,E06000065,North Yorkshire,,3615
E04007433,Warsill,,E06000065,North Yorkshire,,3616
E04007434,Wath,,E06000065,North Yorkshire,,3617
E04007435,Weeton,,E06000065,North Yorkshire,,3618
E04007436,Weston,,E06000065,North Yorkshire,,3619
E04007437,Westwick,,E06000065,North Yorkshire,,3620
E04007438,Whixley,,E06000065,North Yorkshire,,3621
E04007439,Wighill,,E06000065,North Yorkshire,,3622
E04007440,Wilstrop,,E06000065,North Yorkshire,,3623
E04007441,Winksley,,E06000065,North Yorkshire,,3624
E04007442,Akebar,,E06000065,North Yorkshire,,3625
E04007443,Aldbrough,,E06000065,North Yorkshire,,3626
E04007444,Appleton East and West,,E06000065,North Yorkshire,,3627
E04007445,Arkengarthdale,,E06000065,North Yorkshire,,3628
E04007446,Arrathorne,,E06000065,North Yorkshire,,3629
E04007447,Aske,,E06000065,North Yorkshire,,3630
E04007448,Askrigg,,E06000065,North Yorkshire,,3631
E04007449,Aysgarth,,E06000065,North Yorkshire,,3632
E04007569,Edstone,,E06000065,North Yorkshire,,3633
E04007450,Bainbridge,,E06000065,North Yorkshire,,3634
E04007451,Barden,,E06000065,North Yorkshire,,3635
E04007452,Barton,,E06000065,North Yorkshire,,3636
E04007453,Bellerby,,E06000065,North Yorkshire,,3637
E04007454,Bishopdale,,E06000065,North Yorkshire,,3638
E04007455,Bolton-on-Swale,,E06000065,North Yorkshire,,3639
E04007456,Brompton-on-Swale,,E06000065,North Yorkshire,,3640
E04007457,Brough with St. Giles,,E06000065,North Yorkshire,,3641
E04007458,Burton-cum-Walden,,E06000065,North Yorkshire,,3642
E04007459,Caldbergh with East Scrafton,,E06000065,North Yorkshire,,3643
E04007460,Caldwell,,E06000065,North Yorkshire,,3644
E04007461,Carlton Highdale,,E06000065,North Yorkshire,,3645
E04007462,Carlton Town,,E06000065,North Yorkshire,,3646
E04007463,Carperby-cum-Thoresby,,E06000065,North Yorkshire,,3647
E04007464,Castle Bolton with East and West Bolton,,E06000065,North Yorkshire,,3648
E04007468,Colburn,,E06000065,North Yorkshire,,3649
E04007465,Catterick,,E06000065,North Yorkshire,,3650
E04007466,Cleasby,,E06000065,North Yorkshire,,3651
E04007467,Cliffe,,E06000065,North Yorkshire,,3652
E04007268,Sutton-under-Whitestonecliffe,,E06000065,North Yorkshire,,3653
E04007318,Brearton,,E06000065,North Yorkshire,,3654
E04007368,Kirkby Malzeard,,E06000065,North Yorkshire,,3655
E04007519,"Reeth, Fremington and Healaugh",,E06000065,North Yorkshire,,3656
E04007619,Rillington,,E06000065,North Yorkshire,,3657
E04007620,Rosedale East Side,,E06000065,North Yorkshire,,3658
E04007319,Bridge Hewick,,E06000065,North Yorkshire,,3659
E04007520,Richmond,,E06000065,North Yorkshire,,3660
E04007269,Sutton with Howgrave,,E06000065,North Yorkshire,,3661
E04007369,Kirkby Overblow,,E06000065,North Yorkshire,,3662
E04007621,Rosedale West Side,,E06000065,North Yorkshire,,3663
E04007469,Constable Burton,,E06000065,North Yorkshire,,3664
E04007570,Fadmoor,,E06000065,North Yorkshire,,3665
E04007320,Burton Leonard,,E06000065,North Yorkshire,,3666
E04007521,St. Martin's,,E06000065,North Yorkshire,,3667
E04007270,Swainby with Allerthorpe,,E06000065,North Yorkshire,,3668
E04007370,Kirk Deighton,,E06000065,North Yorkshire,,3669
E04007622,Salton,,E06000065,North Yorkshire,,3670
E04007470,Coverham with Agglethorpe,,E06000065,North Yorkshire,,3671
E04007571,Farndale East,,E06000065,North Yorkshire,,3672
E04007321,Burton-on-Yore,,E06000065,North Yorkshire,,3673
E04007522,Scorton,,E06000065,North Yorkshire,,3674
E04007271,Theakston,,E06000065,North Yorkshire,,3675
E04007371,Kirk Hammerton,,E06000065,North Yorkshire,,3676
E04007623,Sand Hutton,,E06000065,North Yorkshire,,3677
E04007572,Farndale West,,E06000065,North Yorkshire,,3678
E04007471,Croft-on-Tees,,E06000065,North Yorkshire,,3679
E04007573,Flaxton,,E06000065,North Yorkshire,,3680
E04007322,Castley,,E06000065,North Yorkshire,,3681
E04007272,Thimbleby,,E06000065,North Yorkshire,,3682
E04007574,Foston,,E06000065,North Yorkshire,,3683
E04007323,Cattal,,E06000065,North Yorkshire,,3684
E04007472,Dalton,,E06000065,North Yorkshire,,3685
E04007523,Scotton,,E06000065,North Yorkshire,,3686
E04007372,Knaresborough,,E06000065,North Yorkshire,,3687
E04007624,Scackleton,,E06000065,North Yorkshire,,3688
E04007324,Clint cum Hamlets,,E06000065,North Yorkshire,,3689
E04007373,Langthorpe,,E06000065,North Yorkshire,,3690
E04007325,Colsterdale,,E06000065,North Yorkshire,,3691
E04007524,Skeeby,,E06000065,North Yorkshire,,3692
E04007625,Scagglethorpe,,E06000065,North Yorkshire,,3693
E04007273,Thirkleby High and Low with Osgodby,,E06000065,North Yorkshire,,3694
E04007473,Dalton-on-Tees,,E06000065,North Yorkshire,,3695
E04007575,Foxholes,,E06000065,North Yorkshire,,3696
E04007374,Laverton,,E06000065,North Yorkshire,,3697
E04007326,Coneythorpe and Clareton,,E06000065,North Yorkshire,,3698
E04007525,Spennithorne,,E06000065,North Yorkshire,,3699
E04007626,Scampston,,E06000065,North Yorkshire,,3700
E04007274,Thirlby,,E06000065,North Yorkshire,,3701
E04007474,Downholme,,E06000065,North Yorkshire,,3702
E04007576,Fryton,,E06000065,North Yorkshire,,3703
E04007375,Leathley,,E06000065,North Yorkshire,,3704
E04007327,Copgrove,,E06000065,North Yorkshire,,3705
E04007526,Stainton,,E06000065,North Yorkshire,,3706
E04007627,Scrayingham,,E06000065,North Yorkshire,,3707
E04007275,Thirn,,E06000065,North Yorkshire,,3708
E04007475,Easby,,E06000065,North Yorkshire,,3709
E04007577,Ganton,,E06000065,North Yorkshire,,3710
E04007376,Lindley,,E06000065,North Yorkshire,,3711
E04007328,Copt Hewick,,E06000065,North Yorkshire,,3712
E04007527,Stanwick St. John,,E06000065,North Yorkshire,,3713
E04007628,Settrington,,E06000065,North Yorkshire,,3714
E04007276,Thirsk,,E06000065,North Yorkshire,,3715
E04007476,East Hauxwell,,E06000065,North Yorkshire,,3716
E04007578,Gate Helmsley,,E06000065,North Yorkshire,,3717
E04007377,Lindrick with Studley Royal and Fountains,,E06000065,North Yorkshire,,3718
E04007329,Cundall with Leckby,,E06000065,North Yorkshire,,3719
E04007528,Stapleton,,E06000065,North Yorkshire,,3720
E04007629,Sherburn,,E06000065,North Yorkshire,,3721
E04007277,Tholthorpe,,E06000065,North Yorkshire,,3722
E04007477,East Layton,,E06000065,North Yorkshire,,3723
E04007579,Gillamoor,,E06000065,North Yorkshire,,3724
E04007378,Little Ouseburn,,E06000065,North Yorkshire,,3725
E04007330,Dacre,,E06000065,North Yorkshire,,3726
E04007529,Thoralby,,E06000065,North Yorkshire,,3727
E04007630,Sheriff Hutton,,E06000065,North Yorkshire,,3728
E04007278,Thormanby,,E06000065,North Yorkshire,,3729
E04007478,Ellerton Abbey,,E06000065,North Yorkshire,,3730
E04007580,Gilling East,,E06000065,North Yorkshire,,3731
E04007379,Little Ribston,,E06000065,North Yorkshire,,3732
E04007331,Denton,,E06000065,North Yorkshire,,3733
E04007530,Thornton Rust,,E06000065,North Yorkshire,,3734
E04007631,Sinnington,,E06000065,North Yorkshire,,3735
E04007279,Thornbrough,,E06000065,North Yorkshire,,3736
E04007479,Ellerton-on-Swale,,E06000065,North Yorkshire,,3737
E04007581,Grimstone,,E06000065,North Yorkshire,,3738
E04007380,Littlethorpe,,E06000065,North Yorkshire,,3739
E04007332,Dishforth,,E06000065,North Yorkshire,,3740
E04007333,Dunsforths,,E06000065,North Yorkshire,,3741
E04007334,Eavestone,,E06000065,North Yorkshire,,3742
E04007335,Ellenthorpe,,E06000065,North Yorkshire,,3743
E04007336,Ellingstring,,E06000065,North Yorkshire,,3744
E04007337,Ellington High and Low,,E06000065,North Yorkshire,,3745
E04007338,Farnham,,E06000065,North Yorkshire,,3746
E04007339,Farnley,,E06000065,North Yorkshire,,3747
E04007340,Fearby,,E06000065,North Yorkshire,,3748
E04007341,Felliscliffe,,E06000065,North Yorkshire,,3749
E04007342,Ferrensby,,E06000065,North Yorkshire,,3750
E04007343,Fewston,,E06000065,North Yorkshire,,3751
E04007344,Flaxby,,E06000065,North Yorkshire,,3752
E04007345,Follifoot,,E06000065,North Yorkshire,,3753
E04007346,Fountains Earth,,E06000065,North Yorkshire,,3754
E04007347,Givendale,,E06000065,North Yorkshire,,3755
E04007348,Goldsborough,,E06000065,North Yorkshire,,3756
E04007349,Grantley,,E06000065,North Yorkshire,,3757
E04007350,Great Ouseburn,,E06000065,North Yorkshire,,3758
E04007351,Great Ribston with Walshford,,E06000065,North Yorkshire,,3759
E04007352,Great Timble,,E06000065,North Yorkshire,,3760
E04007353,Green Hammerton,,E06000065,North Yorkshire,,3761
E04007354,Grewelthorpe,,E06000065,North Yorkshire,,3762
E04007355,Hampsthwaite,,E06000065,North Yorkshire,,3763
E04007356,Hartwith cum Winsley,,E06000065,North Yorkshire,,3764
E04007357,Haverah Park,,E06000065,North Yorkshire,,3765
E04007358,Healey,,E06000065,North Yorkshire,,3766
E04007359,High and Low Bishopside,,E06000065,North Yorkshire,,3767
E04007360,Humberton,,E06000065,North Yorkshire,,3768
E04007361,Hunsingore,,E06000065,North Yorkshire,,3769
E04007362,Hutton Conyers,,E06000065,North Yorkshire,,3770
E04007363,Ilton-cum-Pott,,E06000065,North Yorkshire,,3771
E04007364,Kearby with Netherby,,E06000065,North Yorkshire,,3772
E04007365,Killinghall,,E06000065,North Yorkshire,,3773
E04007366,Kirby Hall,,E06000065,North Yorkshire,,3774
E04007367,Kirby Hill,,E06000065,North Yorkshire,,3775
E04007531,Thornton Steward,,E06000065,North Yorkshire,,3776
E04007582,Habton,,E06000065,North Yorkshire,,3777
E04007480,Eppleby,,E06000065,North Yorkshire,,3778
E04007632,Slingsby,,E06000065,North Yorkshire,,3779
E04007532,Tunstall,,E06000065,North Yorkshire,,3780
E04007583,Harome,,E06000065,North Yorkshire,,3781
E04007280,Thornton-le-Beans,,E06000065,North Yorkshire,,3782
E04007381,Little Timble,,E06000065,North Yorkshire,,3783
E04007481,Eryholme,,E06000065,North Yorkshire,,3784
E04007633,South Holme,,E06000065,North Yorkshire,,3785
E04007533,Uckerby,,E06000065,North Yorkshire,,3786
E04007584,Hartoft,,E06000065,North Yorkshire,,3787
E04007281,Thornton-le-Moor,,E06000065,North Yorkshire,,3788
E04007382,Long Marston,,E06000065,North Yorkshire,,3789
E04007482,Finghall,,E06000065,North Yorkshire,,3790
E04007634,Spaunton,,E06000065,North Yorkshire,,3791
E04007534,Walburn,,E06000065,North Yorkshire,,3792
E04007585,Harton,,E06000065,North Yorkshire,,3793
E04007282,Thornton-le-Street,,E06000065,North Yorkshire,,3794
E04007383,Markenfield Hall,,E06000065,North Yorkshire,,3795
E04007484,Garriston,,E06000065,North Yorkshire,,3796
E04007635,Sproxton,,E06000065,North Yorkshire,,3797
E04007535,Wensley,,E06000065,North Yorkshire,,3798
E04007586,Hawnby,,E06000065,North Yorkshire,,3799
E04007283,Thornton-on-the-Hill,,E06000065,North Yorkshire,,3800
E04007384,Markington with Wallerthwaite,,E06000065,North Yorkshire,,3801
E04007385,Marton cum Grafton,,E06000065,North Yorkshire,,3802
E04007485,Gayles,,E06000065,North Yorkshire,,3803
E04007536,West Hauxwell,,E06000065,North Yorkshire,,3804
E04007587,Helmsley,,E06000065,North Yorkshire,,3805
E04007284,Thornton Watlass,,E06000065,North Yorkshire,,3806
E04007636,Stonegrave,,E06000065,North Yorkshire,,3807
E04007537,West Layton,,E06000065,North Yorkshire,,3808
E04007386,Marton-le-Moor,,E06000065,North Yorkshire,,3809
E04007285,Thrintoft,,E06000065,North Yorkshire,,3810
E04007637,Swinton,,E06000065,North Yorkshire,,3811
E04007588,Henderskelfe,,E06000065,North Yorkshire,,3812
E04007486,Gilling with Hartforth and Sedbury,,E06000065,North Yorkshire,,3813
E04007538,West Scrafton,,E06000065,North Yorkshire,,3814
E04007387,Masham,,E06000065,North Yorkshire,,3815
E04007286,Tollerton,,E06000065,North Yorkshire,,3816
E04007638,Terrington,,E06000065,North Yorkshire,,3817
E04007589,Heslerton,,E06000065,North Yorkshire,,3818
E04007487,Grinton,,E06000065,North Yorkshire,,3819
E04007539,West Witton,,E06000065,North Yorkshire,,3820
E04007388,Melmerby,,E06000065,North Yorkshire,,3821
E04007287,Topcliffe,,E06000065,North Yorkshire,,3822
E04007639,Thixendale,,E06000065,North Yorkshire,,3823
E04007590,Hovingham,,E06000065,North Yorkshire,,3824
E04007488,Harmby,,E06000065,North Yorkshire,,3825
E04007540,Whashton,,E06000065,North Yorkshire,,3826
E04007389,Darley and Menwith,,E06000065,North Yorkshire,,3827
E04007288,Upsall,,E06000065,North Yorkshire,,3828
E04007640,Thornton-le-Clay,,E06000065,North Yorkshire,,3829
E04007591,Howsham,,E06000065,North Yorkshire,,3830
E04007489,Hawes,,E06000065,North Yorkshire,,3831
E04007541,East Witton,,E06000065,North Yorkshire,,3832
E04007390,Middleton,,E06000065,North Yorkshire,,3833
E04007289,Warlaby,,E06000065,North Yorkshire,,3834
E04007641,Thornton-le-Dale,,E06000065,North Yorkshire,,3835
E04007592,Hutton-le-Hole,,E06000065,North Yorkshire,,3836
E04007490,High Abbotside,,E06000065,North Yorkshire,,3837
E04007542,Acklam,,E06000065,North Yorkshire,,3838
E04007391,Middleton Quernhow,,E06000065,North Yorkshire,,3839
E04007290,Welbury,,E06000065,North Yorkshire,,3840
E04007642,Thorpe Bassett,,E06000065,North Yorkshire,,3841
E04007593,Huttons Ambo,,E06000065,North Yorkshire,,3842
E04007491,Hipswell,,E06000065,North Yorkshire,,3843
E04007543,Aislaby,,E06000065,North Yorkshire,,3844
E04007392,Milby,,E06000065,North Yorkshire,,3845
E04007291,Well,,E06000065,North Yorkshire,,3846
E04007643,Upper Helmsley,,E06000065,North Yorkshire,,3847
E04007594,Kirby Grindalythe,,E06000065,North Yorkshire,,3848
E04007492,Hornby,,E06000065,North Yorkshire,,3849
E04007544,Allerston,,E06000065,North Yorkshire,,3850
E04007393,Moor Monkton,,E06000065,North Yorkshire,,3851
E04007292,West Harlsey,,E06000065,North Yorkshire,,3852
E04007644,Warthill,,E06000065,North Yorkshire,,3853
E04007595,Kirby Misperton,,E06000065,North Yorkshire,,3854
E04007493,Hudswell,,E06000065,North Yorkshire,,3855
E04007545,Amotherby,,E06000065,North Yorkshire,,3856
E04007394,Nesfield with Langbar,,E06000065,North Yorkshire,,3857
E04007293,West Rounton,,E06000065,North Yorkshire,,3858
E04007645,Weaverthorpe,,E06000065,North Yorkshire,,3859
E04007596,Kirkbymoorside,,E06000065,North Yorkshire,,3860
E04007494,Hunton,,E06000065,North Yorkshire,,3861
E04007546,Ampleforth,,E06000065,North Yorkshire,,3862
E04007395,Newall with Clifton,,E06000065,North Yorkshire,,3863
E04007294,West Tanfield,,E06000065,North Yorkshire,,3864
E04007646,Welburn (Sheriff Hutton & Derwent Ward),,E06000065,North Yorkshire,,3865
E04007647,Welburn (Kirkbymoorside & Dales Ward),,E06000065,North Yorkshire,,3866
E04007648,Westow,,E06000065,North Yorkshire,,3867
E04007649,Wharram,,E06000065,North Yorkshire,,3868
E04007650,Whitwell-on-the-Hill,,E06000065,North Yorkshire,,3869
E04007651,Willerby,,E06000065,North Yorkshire,,3870
E04007652,Wilton,,E06000065,North Yorkshire,,3871
E04007653,Wintringham,,E06000065,North Yorkshire,,3872
E04007654,Wombleton,,E06000065,North Yorkshire,,3873
E04007655,Wrelton,,E06000065,North Yorkshire,,3874
E04007656,Stape,,E06000065,North Yorkshire,,3875
E04007657,Aislaby,,E06000065,North Yorkshire,,3876
E04007658,Barnby,,E06000065,North Yorkshire,,3877
E04007659,Borrowby,,E06000065,North Yorkshire,,3878
E04007660,Brompton,,E06000065,North Yorkshire,,3879
E04007661,Broxa-cum-Troutsdale,,E06000065,North Yorkshire,,3880
E04007662,Burniston,,E06000065,North Yorkshire,,3881
E04007663,Cayton,,E06000065,North Yorkshire,,3882
E04007664,Cloughton,,E06000065,North Yorkshire,,3883
E04007665,Commondale,,E06000065,North Yorkshire,,3884
E04007666,Danby,,E06000065,North Yorkshire,,3885
E04007667,Darncombe-cum-Langdale End,,E06000065,North Yorkshire,,3886
E04007668,East Ayton,,E06000065,North Yorkshire,,3887
E04007396,Newby with Mulwith,,E06000065,North Yorkshire,,3888
E04007295,Whenby,,E06000065,North Yorkshire,,3889
E04007397,Nidd,,E06000065,North Yorkshire,,3890
E04007547,Appleton-le-Moors,,E06000065,North Yorkshire,,3891
E04007296,Whitwell,,E06000065,North Yorkshire,,3892
E04007398,North Deighton,,E06000065,North Yorkshire,,3893
E04007548,Appleton-le-Street with Easthorpe,,E06000065,North Yorkshire,,3894
E04007297,Whorlton,,E06000065,North Yorkshire,,3895
E04007399,North Rigton,,E06000065,North Yorkshire,,3896
E04007549,Barton-le-Street,,E06000065,North Yorkshire,,3897
E04007298,Wildon Grange,,E06000065,North Yorkshire,,3898
E04007400,North Stainley with Sleningford,,E06000065,North Yorkshire,,3899
E04007597,Langton,,E06000065,North Yorkshire,,3900
E04007495,Hutton Hang,,E06000065,North Yorkshire,,3901
E04007550,Barton-le-Willows,,E06000065,North Yorkshire,,3902
E04007299,"Winton, Stank and Hallikeld",,E06000065,North Yorkshire,,3903
E04007401,Norton Conyers,,E06000065,North Yorkshire,,3904
E04007598,Lastingham,,E06000065,North Yorkshire,,3905
E04007496,Kirby Hill,,E06000065,North Yorkshire,,3906
E04007551,Barugh (Great and Little),,E06000065,North Yorkshire,,3907
E04007300,Yafforth,,E06000065,North Yorkshire,,3908
E04007402,Norton-le-Clay,,E06000065,North Yorkshire,,3909
E04007599,Leavening,,E06000065,North Yorkshire,,3910
E04007497,Leyburn,,E06000065,North Yorkshire,,3911
E04007552,Beadlam,,E06000065,North Yorkshire,,3912
E04007301,Yearsley,,E06000065,North Yorkshire,,3913
E04007403,Norwood,,E06000065,North Yorkshire,,3914
E04007600,Levisham,,E06000065,North Yorkshire,,3915
E04007498,Low Abbotside,,E06000065,North Yorkshire,,3916
E04007553,Birdsall,,E06000065,North Yorkshire,,3917
E04007302,Youlton,,E06000065,North Yorkshire,,3918
E04007404,Nun Monkton,,E06000065,North Yorkshire,,3919
E04007601,Lillings Ambo,,E06000065,North Yorkshire,,3920
E04007499,Manfield,,E06000065,North Yorkshire,,3921
E04007554,Bransdale,,E06000065,North Yorkshire,,3922
E04007303,Danby Wiske with Lazenby,,E06000065,North Yorkshire,,3923
E04007405,Beckwithshaw,,E06000065,North Yorkshire,,3924
E04007602,Lockton,,E06000065,North Yorkshire,,3925
E04007500,Marrick,,E06000065,North Yorkshire,,3926
E04007555,Brawby,,E06000065,North Yorkshire,,3927
E04007406,Plompton,,E06000065,North Yorkshire,,3928
E04007304,Aldfield,,E06000065,North Yorkshire,,3929
E04007501,Marske,,E06000065,North Yorkshire,,3930
E04007407,Rainton with Newby,,E06000065,North Yorkshire,,3931
E04007556,Broughton,,E06000065,North Yorkshire,,3932
E04007603,Luttons,,E06000065,North Yorkshire,,3933
E04007557,Bulmer,,E06000065,North Yorkshire,,3934
E04007408,Ripley,,E06000065,North Yorkshire,,3935
E04007305,Allerton Mauleverer with Hopperton,,E06000065,North Yorkshire,,3936
E04007604,Malton,,E06000065,North Yorkshire,,3937
E04007558,Burythorpe,,E06000065,North Yorkshire,,3938
E04007502,Melbecks,,E06000065,North Yorkshire,,3939
E04007409,Ripon,,E06000065,North Yorkshire,,3940
E04007306,Arkendale,,E06000065,North Yorkshire,,3941
E04007605,Marishes,,E06000065,North Yorkshire,,3942
E04007559,Buttercrambe with Bossall,,E06000065,North Yorkshire,,3943
E04007503,Melmerby,,E06000065,North Yorkshire,,3944
E04007410,Roecliffe,,E06000065,North Yorkshire,,3945
E04007307,Asenby,,E06000065,North Yorkshire,,3946
E04007606,Marton,,E06000065,North Yorkshire,,3947
E04007560,Byland with Wass,,E06000065,North Yorkshire,,3948
E04007504,Melsonby,,E06000065,North Yorkshire,,3949
E04007411,Sawley,,E06000065,North Yorkshire,,3950
E04007308,Askwith,,E06000065,North Yorkshire,,3951
E04007607,Middleton,,E06000065,North Yorkshire,,3952
E04007561,Cawton,,E06000065,North Yorkshire,,3953
E04007505,Middleham,,E06000065,North Yorkshire,,3954
E04007412,Scotton,,E06000065,North Yorkshire,,3955
E04007309,Azerley,,E06000065,North Yorkshire,,3956
E04007608,Nawton,,E06000065,North Yorkshire,,3957
E04007562,Claxton,,E06000065,North Yorkshire,,3958
E04007506,Middleton Tyas,,E06000065,North Yorkshire,,3959
E04007413,Scriven,,E06000065,North Yorkshire,,3960
E04007310,Baldersby,,E06000065,North Yorkshire,,3961
E04007609,Newton,,E06000065,North Yorkshire,,3962
E04007563,Cold Kirby,,E06000065,North Yorkshire,,3963
E04007507,Moulton,,E06000065,North Yorkshire,,3964
E04007414,Sharow,,E06000065,North Yorkshire,,3965
E04007311,Bewerley,,E06000065,North Yorkshire,,3966
E04007610,Normanby,,E06000065,North Yorkshire,,3967
E04007564,Coneysthorpe,,E06000065,North Yorkshire,,3968
E04007508,Muker,,E06000065,North Yorkshire,,3969
E04007415,Sicklinghall,,E06000065,North Yorkshire,,3970
E04007312,Bilton-in-Ainsty with Bickerton,,E06000065,North Yorkshire,,3971
E04007611,Norton-on-Derwent,,E06000065,North Yorkshire,,3972
E04007565,Coulton,,E06000065,North Yorkshire,,3973
E04007509,Newbiggin,,E06000065,North Yorkshire,,3974
E04007416,Skelding,,E06000065,North Yorkshire,,3975
E04007313,Birstwith,,E06000065,North Yorkshire,,3976
E04007612,Nunnington,,E06000065,North Yorkshire,,3977
E04007566,Crambe,,E06000065,North Yorkshire,,3978
E04007510,New Forest,,E06000065,North Yorkshire,,3979
E04007417,Skelton-on-Ure,,E06000065,North Yorkshire,,3980
E04007314,Bishop Monkton,,E06000065,North Yorkshire,,3981
E04007613,Old Byland and Scawton,,E06000065,North Yorkshire,,3982
E04007567,Cropton,,E06000065,North Yorkshire,,3983
E04007511,Newsham,,E06000065,North Yorkshire,,3984
E04007315,"Bishop Thornton, Shaw Mills and Warsill",,E06000065,North Yorkshire,,3985
E04007614,Oldstead,,E06000065,North Yorkshire,,3986
E04007568,Ebberston and Yedingham,,E06000065,North Yorkshire,,3987
E04007512,Newton-le-Willows,,E06000065,North Yorkshire,,3988
E04007316,Blubberhouses,,E06000065,North Yorkshire,,3989
E04007317,Boroughbridge,,E06000065,North Yorkshire,,3990
E04007615,Oswaldkirk,,E06000065,North Yorkshire,,3991
E04007616,Pickering,,E06000065,North Yorkshire,,3992
E04007513,Newton Morrell,,E06000065,North Yorkshire,,3993
E04007617,Pockley,,E06000065,North Yorkshire,,3994
E04007514,North Cowton,,E06000065,North Yorkshire,,3995
E04007618,Rievaulx,,E06000065,North Yorkshire,,3996
E04007515,Patrick Brompton,,E06000065,North Yorkshire,,3997
E04007516,Preston-under-Scar,,E06000065,North Yorkshire,,3998
E04007517,Ravensworth,,E06000065,North Yorkshire,,3999
E04007518,Redmire,,E06000065,North Yorkshire,,4000
E04007669,Egton,,E06000065,North Yorkshire,,4001
E04007670,Ellerby,,E06000065,North Yorkshire,,4002
E04007671,Eskdaleside cum Ugglebarnby,,E06000065,North Yorkshire,,4003
E04007672,Filey,,E06000065,North Yorkshire,,4004
E04007673,Folkton,,E06000065,North Yorkshire,,4005
E04007674,Fylingdales,,E06000065,North Yorkshire,,4006
E04007675,Glaisdale,,E06000065,North Yorkshire,,4007
E04007676,Goathland,,E06000065,North Yorkshire,,4008
E04007677,Gristhorpe,,E06000065,North Yorkshire,,4009
E04007678,Grosmont,,E06000065,North Yorkshire,,4010
E04007679,Hackness,,E06000065,North Yorkshire,,4011
E04007680,Harwood Dale,,E06000065,North Yorkshire,,4012
E04007681,Hawsker-cum-Stainsacre,,E06000065,North Yorkshire,,4013
E04007682,Hinderwell,,E06000065,North Yorkshire,,4014
E04007683,Hunmanby,,E06000065,North Yorkshire,,4015
E04007684,Hutton Buscel,,E06000065,North Yorkshire,,4016
E04007685,Hutton Mulgrave,,E06000065,North Yorkshire,,4017
E04007686,Irton,,E06000065,North Yorkshire,,4018
E04007687,Lebberston,,E06000065,North Yorkshire,,4019
E04007688,Lythe,,E06000065,North Yorkshire,,4020
E04007689,Mickleby,,E06000065,North Yorkshire,,4021
E04007690,Muston,,E06000065,North Yorkshire,,4022
E04007692,Newholm-cum-Dunsley,,E06000065,North Yorkshire,,4023
E04007693,Newton Mulgrave,,E06000065,North Yorkshire,,4024
E04007695,Reighton,,E06000065,North Yorkshire,,4025
E04007696,Roxby,,E06000065,North Yorkshire,,4026
E04007697,Seamer,,E06000065,North Yorkshire,,4027
E04007698,Silpho,,E06000065,North Yorkshire,,4028
E04007699,Snainton,,E06000065,North Yorkshire,,4029
E04007700,Sneaton,,E06000065,North Yorkshire,,4030
E04007701,Staintondale,,E06000065,North Yorkshire,,4031
E04007702,Suffield-cum-Everley,,E06000065,North Yorkshire,,4032
E04007703,Ugthorpe,,E06000065,North Yorkshire,,4033
E04007704,West Ayton,,E06000065,North Yorkshire,,4034
E04007705,Westerdale,,E06000065,North Yorkshire,,4035
E04007706,Whitby,,E06000065,North Yorkshire,,4036
E04007707,Wykeham,,E06000065,North Yorkshire,,4037
E04007708,Lands common to Fylingdales and Hawsker-cum-Stainsacre,,E06000065,North Yorkshire,,4038
E04007710,Acaster Selby,,E06000065,North Yorkshire,,4039
E04007711,Appleton Roebuck,,E06000065,North Yorkshire,,4040
E04007712,Balne,,E06000065,North Yorkshire,,4041
E04007713,Barkston Ash,,E06000065,North Yorkshire,,4042
E04007714,Barlby with Osgodby,,E06000065,North Yorkshire,,4043
E04007715,Barlow,,E06000065,North Yorkshire,,4044
E04007716,Beal,,E06000065,North Yorkshire,,4045
E04007717,Biggin,,E06000065,North Yorkshire,,4046
E04007718,Bilbrough,,E06000065,North Yorkshire,,4047
E04007719,Birkin,,E06000065,North Yorkshire,,4048
E04007720,Bolton Percy,,E06000065,North Yorkshire,,4049
E04007721,Brayton,,E06000065,North Yorkshire,,4050
E04008743,Pitcombe,,E06000066,Somerset,,4051
E04008691,Cudworth,,E06000066,Somerset,,4052
E04008541,Baltonsborough,,E06000066,Somerset,,4053
E04007722,Brotherton,,E06000065,North Yorkshire,,4054
E04007778,Ulleskelf,,E06000065,North Yorkshire,,4055
E04008641,Pawlett,,E06000066,Somerset,,4056
E04008591,Trudoxhill,,E06000066,Somerset,,4057
E04008744,Pitney,,E06000066,Somerset,,4058
E04008542,Batcombe,,E06000066,Somerset,,4059
E04007779,Stubbs Walden,,E06000065,North Yorkshire,,4060
E04008692,Curry Mallet,,E06000066,Somerset,,4061
E04007723,Burn,,E06000065,North Yorkshire,,4062
E04008745,Puckington,,E06000066,Somerset,,4063
E04008543,Beckington,,E06000066,Somerset,,4064
E04007780,West Haddlesey,,E06000065,North Yorkshire,,4065
E04008592,Upton Noble,,E06000066,Somerset,,4066
E04008642,Puriton,,E06000066,Somerset,,4067
E04008693,Curry Rivel,,E06000066,Somerset,,4068
E04007726,Camblesforth,,E06000065,North Yorkshire,,4069
E04008746,Queen Camel,,E06000066,Somerset,,4070
E04008544,Berkley,,E06000066,Somerset,,4071
E04007781,Whitley,,E06000065,North Yorkshire,,4072
E04008593,Walton,,E06000066,Somerset,,4073
E04008643,Shapwick,,E06000066,Somerset,,4074
E04008694,Dinnington,,E06000066,Somerset,,4075
E04007727,Carlton,,E06000065,North Yorkshire,,4076
E04008747,Rimpton,,E06000066,Somerset,,4077
E04008545,Binegar,,E06000066,Somerset,,4078
E04012235,Appletreewick,,E06000065,North Yorkshire,,4079
E04008594,Wanstrow,,E06000066,Somerset,,4080
E04008644,Shipham,,E06000066,Somerset,,4081
E04008695,Donyatt,,E06000066,Somerset,,4082
E04007728,Catterton,,E06000065,North Yorkshire,,4083
E04008748,Seavington St Mary,,E06000066,Somerset,,4084
E04008546,Buckland Dinham,,E06000066,Somerset,,4085
E04012236,Carleton,,E06000065,North Yorkshire,,4086
E04008595,Wells,,E06000066,Somerset,,4087
E04008645,Spaxton,,E06000066,Somerset,,4088
E04008696,Dowlish Wake,,E06000066,Somerset,,4089
E04007729,Cawood,,E06000065,North Yorkshire,,4090
E04008749,Seavington St Michael,,E06000066,Somerset,,4091
E04008547,Butleigh,,E06000066,Somerset,,4092
E04012238,Cracoe,,E06000065,North Yorkshire,,4093
E04008596,West Bradley,,E06000066,Somerset,,4094
E04008646,Stawell,,E06000066,Somerset,,4095
E04008697,Drayton,,E06000066,Somerset,,4096
E04007730,Chapel Haddlesey,,E06000065,North Yorkshire,,4097
E04008750,Shepton Beauchamp,,E06000066,Somerset,,4098
E04008548,Chewton Mendip,,E06000066,Somerset,,4099
E04012239,Draughton,,E06000065,North Yorkshire,,4100
E04008597,Westbury,,E06000066,Somerset,,4101
E04008647,Stockland Bristol,,E06000066,Somerset,,4102
E04008698,East Chinnock,,E06000066,Somerset,,4103
E04007731,Church Fenton,,E06000065,North Yorkshire,,4104
E04008751,Shepton Montague,,E06000066,Somerset,,4105
E04008549,Chilcompton,,E06000066,Somerset,,4106
E04012240,Giggleswick,,E06000065,North Yorkshire,,4107
E04008598,West Pennard,,E06000066,Somerset,,4108
E04008648,Thurloxton,,E06000066,Somerset,,4109
E04008699,East Coker,,E06000066,Somerset,,4110
E04007732,Cliffe,,E06000065,North Yorkshire,,4111
E04008752,Somerton,,E06000066,Somerset,,4112
E04008550,Coleford,,E06000066,Somerset,,4113
E04012242,Hartlington,,E06000065,North Yorkshire,,4114
E04008599,Whatley,,E06000066,Somerset,,4115
E04008649,Weare,,E06000066,Somerset,,4116
E04008700,Fivehead,,E06000066,Somerset,,4117
E04007733,Colton,,E06000065,North Yorkshire,,4118
E04008753,South Barrow,,E06000066,Somerset,,4119
E04008551,Cranmore,,E06000066,Somerset,,4120
E04012243,Hebden,,E06000065,North Yorkshire,,4121
E04008600,Witham Friary,,E06000066,Somerset,,4122
E04008650,Wedmore,,E06000066,Somerset,,4123
E04008701,Hardington Mandeville,,E06000066,Somerset,,4124
E04007735,Drax,,E06000065,North Yorkshire,,4125
E04007736,Eggborough,,E06000065,North Yorkshire,,4126
E04007737,Escrick,,E06000065,North Yorkshire,,4127
E04007738,Fairburn,,E06000065,North Yorkshire,,4128
E04007739,Gateforth,,E06000065,North Yorkshire,,4129
E04007740,Grimston,,E06000065,North Yorkshire,,4130
E04007741,Hambleton,,E06000065,North Yorkshire,,4131
E04007742,Healaugh,,E06000065,North Yorkshire,,4132
E04007743,Heck,,E06000065,North Yorkshire,,4133
E04007744,Hemingbrough,,E06000065,North Yorkshire,,4134
E04007745,Hensall,,E06000065,North Yorkshire,,4135
E04007746,Hillam,,E06000065,North Yorkshire,,4136
E04007747,Hirst Courtney,,E06000065,North Yorkshire,,4137
E04007748,Huddleston with Newthorpe,,E06000065,North Yorkshire,,4138
E04007749,Kelfield,,E06000065,North Yorkshire,,4139
E04007750,Kellington,,E06000065,North Yorkshire,,4140
E04007751,Kirkby Wharfe with North Milford,,E06000065,North Yorkshire,,4141
E04007752,Kirk Smeaton,,E06000065,North Yorkshire,,4142
E04007753,Lead,,E06000065,North Yorkshire,,4143
E04007754,Little Fenton,,E06000065,North Yorkshire,,4144
E04007755,Little Smeaton,,E06000065,North Yorkshire,,4145
E04007756,Long Drax,,E06000065,North Yorkshire,,4146
E04007757,Monk Fryston,,E06000065,North Yorkshire,,4147
E04007758,Newland,,E06000065,North Yorkshire,,4148
E04007759,Newton Kyme cum Toulston,,E06000065,North Yorkshire,,4149
E04007760,North Duffield,,E06000065,North Yorkshire,,4150
E04007761,Oxton,,E06000065,North Yorkshire,,4151
E04007762,Riccall,,E06000065,North Yorkshire,,4152
E04007763,Ryther cum Ossendyke,,E06000065,North Yorkshire,,4153
E04007764,Saxton with Scarthingwell,,E06000065,North Yorkshire,,4154
E04007767,Skipwith,,E06000065,North Yorkshire,,4155
E04007769,Stapleton,,E06000065,North Yorkshire,,4156
E04007770,Steeton,,E06000065,North Yorkshire,,4157
E04007771,Stillingfleet,,E06000065,North Yorkshire,,4158
E04007772,Stutton with Hazlewood,,E06000065,North Yorkshire,,4159
E04007773,Tadcaster,,E06000065,North Yorkshire,,4160
E04007774,Temple Hirst,,E06000065,North Yorkshire,,4161
E04007775,Thorganby,,E06000065,North Yorkshire,,4162
E04007776,Thorpe Willoughby,,E06000065,North Yorkshire,,4163
E04007777,Towton,,E06000065,North Yorkshire,,4164
E04008651,Wembdon,,E06000066,Somerset,,4165
E04008702,Haselbury Plucknett,,E06000066,Somerset,,4166
E04008754,South Cadbury and Sutton Montis,,E06000066,Somerset,,4167
E04008552,Croscombe,,E06000066,Somerset,,4168
E04008652,West Huntspill,,E06000066,Somerset,,4169
E04008601,Wookey,,E06000066,Somerset,,4170
E04008703,Henstridge,,E06000066,Somerset,,4171
E04008755,South Petherton,,E06000066,Somerset,,4172
E04012244,Hetton-cum-Bordley,,E06000065,North Yorkshire,,4173
E04008553,Ditcheat,,E06000066,Somerset,,4174
E04008653,Westonzoyland,,E06000066,Somerset,,4175
E04008602,Ashcott,,E06000066,Somerset,,4176
E04008704,High Ham,,E06000066,Somerset,,4177
E04008756,Sparkford,,E06000066,Somerset,,4178
E04012245,Linton,,E06000065,North Yorkshire,,4179
E04008554,Doulting,,E06000066,Somerset,,4180
E04008654,Woolavington,,E06000066,Somerset,,4181
E04008603,Axbridge,,E06000066,Somerset,,4182
E04008705,Hinton St. George,,E06000066,Somerset,,4183
E04008757,Stocklinch,,E06000066,Somerset,,4184
E04012247,Rathmell,,E06000065,North Yorkshire,,4185
E04008555,Downhead,,E06000066,Somerset,,4186
E04008655,Bridgwater,,E06000066,Somerset,,4187
E04008604,Badgworth,,E06000066,Somerset,,4188
E04008706,Holton,,E06000066,Somerset,,4189
E04008707,Horsington,,E06000066,Somerset,,4190
E04008708,Horton,,E06000066,Somerset,,4191
E04008709,Huish Episcopi,,E06000066,Somerset,,4192
E04008710,Ilchester,,E06000066,Somerset,,4193
E04008711,Ilminster,,E06000066,Somerset,,4194
E04008712,Ilton,,E06000066,Somerset,,4195
E04008713,Isle Abbotts,,E06000066,Somerset,,4196
E04008714,Isle Brewers,,E06000066,Somerset,,4197
E04008715,Keinton Mandeville,,E06000066,Somerset,,4198
E04008716,Kingsbury Episcopi,,E06000066,Somerset,,4199
E04008717,Kingsdon,,E06000066,Somerset,,4200
E04008718,Kingstone,,E06000066,Somerset,,4201
E04008719,Kingweston,,E06000066,Somerset,,4202
E04008720,Knowle St. Giles,,E06000066,Somerset,,4203
E04008721,Langport,,E06000066,Somerset,,4204
E04008723,Long Load,,E06000066,Somerset,,4205
E04008724,Long Sutton,,E06000066,Somerset,,4206
E04008725,Lopen,,E06000066,Somerset,,4207
E04008726,Lovington,,E06000066,Somerset,,4208
E04008727,Maperton,,E06000066,Somerset,,4209
E04008728,Marston Magna,,E06000066,Somerset,,4210
E04008729,Martock,,E06000066,Somerset,,4211
E04008730,Merriott,,E06000066,Somerset,,4212
E04008731,Milborne Port,,E06000066,Somerset,,4213
E04008732,Misterton,,E06000066,Somerset,,4214
E04008733,Montacute,,E06000066,Somerset,,4215
E04008734,Muchelney,,E06000066,Somerset,,4216
E04008735,Mudford,,E06000066,Somerset,,4217
E04008736,North Barrow,,E06000066,Somerset,,4218
E04008737,North Cadbury,,E06000066,Somerset,,4219
E04008738,North Cheriton,,E06000066,Somerset,,4220
E04008739,North Perrott,,E06000066,Somerset,,4221
E04008740,Norton sub Hamdon,,E06000066,Somerset,,4222
E04008741,Odcombe,,E06000066,Somerset,,4223
E04008758,Stoke sub Hamdon,,E06000066,Somerset,,4224
E04008605,Bawdrip,,E06000066,Somerset,,4225
E04008760,Tatworth and Forton,,E06000066,Somerset,,4226
E04008606,Berrow,,E06000066,Somerset,,4227
E04008656,Abbas and Templecombe,,E06000066,Somerset,,4228
E04008761,Tintinhull,,E06000066,Somerset,,4229
E04008607,Brean,,E06000066,Somerset,,4230
E04008657,Alford,,E06000066,Somerset,,4231
E04008556,East Pennard,,E06000066,Somerset,,4232
E04012250,Sutton,,E06000065,North Yorkshire,,4233
E04008762,Wambrook,,E06000066,Somerset,,4234
E04008608,Brent Knoll,,E06000066,Somerset,,4235
E04008658,Aller,,E06000066,Somerset,,4236
E04008557,Great Elm,,E06000066,Somerset,,4237
E04012268,Embsay with Eastby,,E06000065,North Yorkshire,,4238
E04008763,Wayford,,E06000066,Somerset,,4239
E04008609,Bridgwater Without,,E06000066,Somerset,,4240
E04008659,Ansford,,E06000066,Somerset,,4241
E04008558,Emborough,,E06000066,Somerset,,4242
E04012269,Skipton,,E06000065,North Yorkshire,,4243
E04008764,West Camel,,E06000066,Somerset,,4244
E04008610,Broomfield,,E06000066,Somerset,,4245
E04008660,Ash,,E06000066,Somerset,,4246
E04008559,Evercreech,,E06000066,Somerset,,4247
E04012297,Austwick,,E06000065,North Yorkshire,,4248
E04008765,West and Middle Chinnock,,E06000066,Somerset,,4249
E04008611,Burnham-on-Sea and Highbridge,,E06000066,Somerset,,4250
E04008661,Ashill,,E06000066,Somerset,,4251
E04008560,Frome,,E06000066,Somerset,,4252
E04012298,Cononley,,E06000065,North Yorkshire,,4253
E04008766,West Coker,,E06000066,Somerset,,4254
E04008612,Burnham Without,,E06000066,Somerset,,4255
E04008662,Babcary,,E06000066,Somerset,,4256
E04008561,Glastonbury,,E06000066,Somerset,,4257
E04012299,Cowling,,E06000065,North Yorkshire,,4258
E04008767,West Crewkerne,,E06000066,Somerset,,4259
E04008768,Whitelackington,,E06000066,Somerset,,4260
E04008769,Whitestaunton,,E06000066,Somerset,,4261
E04008770,Wincanton,,E06000066,Somerset,,4262
E04008771,Winsham,,E06000066,Somerset,,4263
E04008772,Yarlington,,E06000066,Somerset,,4264
E04008773,Yeovil,,E06000066,Somerset,,4265
E04008775,Yeovil Without,,E06000066,Somerset,,4266
E04008776,Hambridge and Westport,,E06000066,Somerset,,4267
E04008777,Ashbrittle,,E06000066,Somerset,,4268
E04008778,Ash Priors,,E06000066,Somerset,,4269
E04008779,Bathealton,,E06000066,Somerset,,4270
E04008780,Bickenhall,,E06000066,Somerset,,4271
E04008783,Bradford-on-Tone,,E06000066,Somerset,,4272
E04008784,Burrowbridge,,E06000066,Somerset,,4273
E04008786,Chipstable,,E06000066,Somerset,,4274
E04008787,Churchstanton,,E06000066,Somerset,,4275
E04008788,Combe Florey,,E06000066,Somerset,,4276
E04008790,Corfe,,E06000066,Somerset,,4277
E04008791,Cothelstone,,E06000066,Somerset,,4278
E04008792,Creech St. Michael,,E06000066,Somerset,,4279
E04008793,Curland,,E06000066,Somerset,,4280
E04008794,Durston,,E06000066,Somerset,,4281
E04008795,Fitzhead,,E06000066,Somerset,,4282
E04008796,Halse,,E06000066,Somerset,,4283
E04008797,Hatch Beauchamp,,E06000066,Somerset,,4284
E04008799,Langford Budville,,E06000066,Somerset,,4285
E04008663,Barrington,,E06000066,Somerset,,4286
E04008562,Godney,,E06000066,Somerset,,4287
E04008664,Barton St. David,,E06000066,Somerset,,4288
E04008563,Hemington,,E06000066,Somerset,,4289
E04008665,Barwick and Stoford,,E06000066,Somerset,,4290
E04008564,Holcombe,,E06000066,Somerset,,4291
E04008613,Burtle,,E06000066,Somerset,,4292
E04012300,Farnhill,,E06000065,North Yorkshire,,4293
E04008666,Beercrocombe,,E06000066,Somerset,,4294
E04008565,Kilmersdon,,E06000066,Somerset,,4295
E04008614,Cannington,,E06000066,Somerset,,4296
E04012301,Gargrave,,E06000065,North Yorkshire,,4297
E04008667,Bratton Seymour,,E06000066,Somerset,,4298
E04008566,Lamyatt,,E06000066,Somerset,,4299
E04008615,Catcott,,E06000066,Somerset,,4300
E04012302,Glusburn and Cross Hills,,E06000065,North Yorkshire,,4301
E04008668,Brewham,,E06000066,Somerset,,4302
E04008567,Leigh-on-Mendip,,E06000066,Somerset,,4303
E04008616,Chapel Allerton,,E06000066,Somerset,,4304
E04012303,Hellifield,,E06000065,North Yorkshire,,4305
E04008669,Broadway,,E06000066,Somerset,,4306
E04008568,Litton,,E06000066,Somerset,,4307
E04008617,Cheddar,,E06000066,Somerset,,4308
E04012304,Kildwick,,E06000065,North Yorkshire,,4309
E04008670,Bruton,,E06000066,Somerset,,4310
E04008569,Lullington,,E06000066,Somerset,,4311
E04008618,Chedzoy,,E06000066,Somerset,,4312
E04012305,Lawkland,,E06000065,North Yorkshire,,4313
E04008671,Brympton,,E06000066,Somerset,,4314
E04008570,Lydford-on-Fosse,,E06000066,Somerset,,4315
E04008619,Chilton Polden,,E06000066,Somerset,,4316
E04012306,Long Preston,,E06000065,North Yorkshire,,4317
E04008672,Buckland St Mary,,E06000066,Somerset,,4318
E04008571,Meare,,E06000066,Somerset,,4319
E04008620,Chilton Trinity,,E06000066,Somerset,,4320
E04012307,Lothersdale,,E06000065,North Yorkshire,,4321
E04008673,Castle Cary,,E06000066,Somerset,,4322
E04008572,Mells,,E06000066,Somerset,,4323
E04008621,Compton Bishop,,E06000066,Somerset,,4324
E04012308,Settle,,E06000065,North Yorkshire,,4325
E04008674,Chaffcombe,,E06000066,Somerset,,4326
E04008573,Milton Clevedon,,E06000066,Somerset,,4327
E04008622,Cossington,,E06000066,Somerset,,4328
E04008623,Durleigh,,E06000066,Somerset,,4329
E04008624,East Brent,,E06000066,Somerset,,4330
E04008625,East Huntspill,,E06000066,Somerset,,4331
E04008626,Edington,,E06000066,Somerset,,4332
E04008627,Enmore,,E06000066,Somerset,,4333
E04008628,Fiddington,,E06000066,Somerset,,4334
E04008629,Goathurst,,E06000066,Somerset,,4335
E04008630,Greinton,,E06000066,Somerset,,4336
E04008631,Lympsham,,E06000066,Somerset,,4337
E04008632,Lyng,,E06000066,Somerset,,4338
E04008633,Mark,,E06000066,Somerset,,4339
E04008634,Middlezoy,,E06000066,Somerset,,4340
E04008635,Moorlinch,,E06000066,Somerset,,4341
E04008636,Nether Stowey,,E06000066,Somerset,,4342
E04008637,North Petherton,,E06000066,Somerset,,4343
E04008638,Othery,,E06000066,Somerset,,4344
E04008639,Otterhampton,,E06000066,Somerset,,4345
E04008640,Over Stowey,,E06000066,Somerset,,4346
E04008574,North Wootton,,E06000066,Somerset,,4347
E04012309,Stirton with Thorlby,,E06000065,North Yorkshire,,4348
E04008575,Norton St Philip,,E06000066,Somerset,,4349
E04012349,Elslack,,E06000065,North Yorkshire,,4350
E04008576,Nunney,,E06000066,Somerset,,4351
E04012350,Thornton in Craven,,E06000065,North Yorkshire,,4352
E04008577,Pilton,,E06000066,Somerset,,4353
E04012518,Carkin,,E06000065,North Yorkshire,,4354
E04008578,Priddy,,E06000066,Somerset,,4355
E04012519,Forcett,,E06000065,North Yorkshire,,4356
E04008579,Pylle,,E06000066,Somerset,,4357
E04012520,Burton Salmon,,E06000065,North Yorkshire,,4358
E04008580,Rode,,E06000066,Somerset,,4359
E04012521,Byram cum Sutton,,E06000065,North Yorkshire,,4360
E04008581,Rodney Stoke,,E06000066,Somerset,,4361
E04012522,Cridling Stubbs,,E06000065,North Yorkshire,,4362
E04008582,St Cuthbert Out,,E06000066,Somerset,,4363
E04012523,Selby,,E06000065,North Yorkshire,,4364
E04008583,Selwood,,E06000066,Somerset,,4365
E04012524,Sherburn in Elmet,,E06000065,North Yorkshire,,4366
E04008584,Sharpham,,E06000066,Somerset,,4367
E04012525,South Milford,,E06000065,North Yorkshire,,4368
E04008585,Shepton Mallet,,E06000066,Somerset,,4369
E04012526,Wistow,,E06000065,North Yorkshire,,4370
E04008675,Chard Town,,E06000066,Somerset,,4371
E04008586,Stoke St Michael,,E06000066,Somerset,,4372
E04012527,Womersley,,E06000065,North Yorkshire,,4373
E04008676,Charlton Horethorne,,E06000066,Somerset,,4374
E04008587,Ston Easton,,E06000066,Somerset,,4375
E04012648,Pannal and Burn Bridge,,E06000065,North Yorkshire,,4376
E04008677,The Charltons,,E06000066,Somerset,,4377
E04008588,Stratton on the Fosse,,E06000066,Somerset,,4378
E04012963,Brafferton and Helperby,,E06000065,North Yorkshire,,4379
E04008678,Charlton Musgrove,,E06000066,Somerset,,4380
E04008589,Street,,E06000066,Somerset,,4381
E04013499,Eastfield,,E06000065,North Yorkshire,,4382
E04008679,Chillington,,E06000066,Somerset,,4383
E04008590,Tellisford,,E06000066,Somerset,,4384
E04013500,Harrogate,,E06000065,North Yorkshire,,4385
E04008680,Chilthorne Domer,,E06000066,Somerset,,4386
E04013501,Newby and Scalby,,E06000065,North Yorkshire,,4387
E04008681,Chilton Cantelo,,E06000066,Somerset,,4388
E04013502,Osgodby,,E06000065,North Yorkshire,,4389
E04008682,Chiselborough,,E06000066,Somerset,,4390
E04013503,Scarborough,,E06000065,North Yorkshire,,4391
E04008683,Closworth,,E06000066,Somerset,,4392
E04008540,Ashwick,,E06000066,Somerset,,4393
E04008684,Combe St Nicholas,,E06000066,Somerset,,4394
E04008685,Compton Dundon,,E06000066,Somerset,,4395
E04008686,Compton Pauncefoot,,E06000066,Somerset,,4396
E04008687,Corton Denham,,E06000066,Somerset,,4397
E04008688,Crewkerne,,E06000066,Somerset,,4398
E04008689,Cricket St. Thomas,,E06000066,Somerset,,4399
E04008690,Cucklington,,E06000066,Somerset,,4400
E04008854,Selworthy,,E06000066,Somerset,,4401
E04008855,Skilgate,,E06000066,Somerset,,4402
E04008856,Stogumber,,E06000066,Somerset,,4403
E04008857,Stogursey,,E06000066,Somerset,,4404
E04008858,Stringston,,E06000066,Somerset,,4405
E04008859,Timberscombe,,E06000066,Somerset,,4406
E04008860,Treborough,,E06000066,Somerset,,4407
E04008861,Upton,,E06000066,Somerset,,4408
E04008862,Watchet,,E06000066,Somerset,,4409
E04008863,West Quantoxhead,,E06000066,Somerset,,4410
E04008864,Williton,,E06000066,Somerset,,4411
E04008865,Winsford,,E06000066,Somerset,,4412
E04008866,Withycombe,,E06000066,Somerset,,4413
E04008867,Withypool and Hawkridge,,E06000066,Somerset,,4414
E04008868,Wootton Courtenay,,E06000066,Somerset,,4415
E04012125,Bishop's Lydeard,,E06000066,Somerset,,4416
E04012126,Cotford St Luke,,E06000066,Somerset,,4417
E04012447,Pen Selwood,,E06000066,Somerset,,4418
E04012448,Stoke Trister,,E06000066,Somerset,,4419
E04013157,Yeovilton and District,,E06000066,Somerset,,4420
E04013213,Bishop's Hull,,E06000066,Somerset,,4421
E04013214,Cheddon Fitzpaine,,E06000066,Somerset,,4422
E04013215,Kingston St. Mary,,E06000066,Somerset,,4423
E04013216,Norton Fitzwarren,,E06000066,Somerset,,4424
E04013217,Taunton,,E06000066,Somerset,,4425
E04013218,Trull,,E06000066,Somerset,,4426
E04013219,West Monkton,,E06000066,Somerset,,4427
E04001620,Ashley,,E07000009,East Cambridgeshire,,4428
E04001621,Bottisham,,E07000009,East Cambridgeshire,,4429
E04001622,Brinkley,,E07000009,East Cambridgeshire,,4430
E04001624,Burwell,,E07000009,East Cambridgeshire,,4431
E04001625,Cheveley,,E07000009,East Cambridgeshire,,4432
E04001626,Chippenham,,E07000009,East Cambridgeshire,,4433
E04001627,Coveney,,E07000009,East Cambridgeshire,,4434
E04001629,Dullingham,,E07000009,East Cambridgeshire,,4435
E04001631,Fordham,,E07000009,East Cambridgeshire,,4436
E04001633,Isleham,,E07000009,East Cambridgeshire,,4437
E04001634,Kennett,,E07000009,East Cambridgeshire,,4438
E04001635,Kirtling,,E07000009,East Cambridgeshire,,4439
E04001636,Littleport,,E07000009,East Cambridgeshire,,4440
E04001637,Lode,,E07000009,East Cambridgeshire,,4441
E04001639,Reach,,E07000009,East Cambridgeshire,,4442
E04001640,Snailwell,,E07000009,East Cambridgeshire,,4443
E04001641,Soham,,E07000009,East Cambridgeshire,,4444
E04001642,Stetchworth,,E07000009,East Cambridgeshire,,4445
E04001643,Stretham,,E07000009,East Cambridgeshire,,4446
E04001645,Swaffham Bulbeck,,E07000009,East Cambridgeshire,,4447
E04012735,Haslingfield,,E07000012,South Cambridgeshire,,4448
E04001646,Swaffham Prior,,E07000009,East Cambridgeshire,,4449
E04001647,Thetford,,E07000009,East Cambridgeshire,,4450
E04001650,Wicken,,E07000009,East Cambridgeshire,,4451
E04012736,Hauxton,,E07000012,South Cambridgeshire,,4452
E04012737,South Trumpington,,E07000012,South Cambridgeshire,,4453
E04012746,Cambourne,,E07000012,South Cambridgeshire,,4454
E04012747,Caxton,,E07000012,South Cambridgeshire,,4455
E04012748,Elsworth,,E07000012,South Cambridgeshire,,4456
E04012749,Over,,E07000012,South Cambridgeshire,,4457
E04013119,Longstanton,,E07000012,South Cambridgeshire,,4458
E04013120,Northstowe,,E07000012,South Cambridgeshire,,4459
E04013121,Oakington and Westwick,,E07000012,South Cambridgeshire,,4460
E04013122,Willingham,,E07000012,South Cambridgeshire,,4461
E04013139,Babraham,,E07000012,South Cambridgeshire,,4462
E04013140,Sawston,,E07000012,South Cambridgeshire,,4463
E04002663,Aldercar and Langley Mill,,E07000032,Amber Valley,,4464
E04002664,Alderwasley,,E07000032,Amber Valley,,4465
E04002665,Alfreton,,E07000032,Amber Valley,,4466
E04002666,Ashleyhay,,E07000032,Amber Valley,,4467
E04002667,Belper,,E07000032,Amber Valley,,4468
E04002668,Codnor,,E07000032,Amber Valley,,4469
E04002669,Crich,,E07000032,Amber Valley,,4470
E04002670,Denby,,E07000032,Amber Valley,,4471
E04002671,"Dethick, Lea and Holloway",,E07000032,Amber Valley,,4472
E04002672,Duffield,,E07000032,Amber Valley,,4473
E04002673,Hazelwood,,E07000032,Amber Valley,,4474
E04002674,Heanor and Loscoe,,E07000032,Amber Valley,,4475
E04002676,Horsley,,E07000032,Amber Valley,,4476
E04002677,Horsley Woodhouse,,E07000032,Amber Valley,,4477
E04002678,Idridgehay and Alton,,E07000032,Amber Valley,,4478
E04002679,Ironville,,E07000032,Amber Valley,,4479
E04002680,Kedleston,,E07000032,Amber Valley,,4480
E04002682,Kirk Langley,,E07000032,Amber Valley,,4481
E04002683,Mackworth,,E07000032,Amber Valley,,4482
E04002684,Mapperley,,E07000032,Amber Valley,,4483
E04002685,Pentrich,,E07000032,Amber Valley,,4484
E04002686,Quarndon,,E07000032,Amber Valley,,4485
E04002687,Ravensdale Park,,E07000032,Amber Valley,,4486
E04002688,Ripley,,E07000032,Amber Valley,,4487
E04002689,Shipley,,E07000032,Amber Valley,,4488
E04002690,Shottle and Postern,,E07000032,Amber Valley,,4489
E04002691,Smalley,,E07000032,Amber Valley,,4490
E04002692,Somercotes,,E07000032,Amber Valley,,4491
E04002693,South Wingfield,,E07000032,Amber Valley,,4492
E04002694,Swanwick,,E07000032,Amber Valley,,4493
E04002695,Turnditch,,E07000032,Amber Valley,,4494
E04002696,Weston Underwood,,E07000032,Amber Valley,,4495
E04002697,Windley,,E07000032,Amber Valley,,4496
E04012077,Holbrook,,E07000032,Amber Valley,,4497
E04012078,Kilburn,,E07000032,Amber Valley,,4498
E04002698,Ault Hucknall,,E07000033,Bolsover,,4499
E04002699,Barlborough,,E07000033,Bolsover,,4500
E04001701,Godmanchester,,E07000011,Huntingdonshire,,4501
E04001654,Woodditton,,E07000009,East Cambridgeshire,,4502
E04008800,Lydeard St. Lawrence,,E06000066,Somerset,,4503
E04001804,Hildersham,,E07000012,South Cambridgeshire,,4504
E04012037,St. Neots,,E07000011,Huntingdonshire,,4505
E04002700,Blackwell,,E07000033,Bolsover,,4506
E04012828,Downham,,E07000009,East Cambridgeshire,,4507
E04001805,Hinxton,,E07000012,South Cambridgeshire,,4508
E04008801,Milverton,,E06000066,Somerset,,4509
E04012829,Ely,,E07000009,East Cambridgeshire,,4510
E04001702,Grafham,,E07000011,Huntingdonshire,,4511
E04001806,Histon,,E07000012,South Cambridgeshire,,4512
E04008802,North Curry,,E06000066,Somerset,,4513
E04012830,Haddenham,,E07000009,East Cambridgeshire,,4514
E04001703,Great Gidding,,E07000011,Huntingdonshire,,4515
E04002701,Clowne,,E07000033,Bolsover,,4516
E04001807,Horningsea,,E07000012,South Cambridgeshire,,4517
E04012038,Somersham,,E07000011,Huntingdonshire,,4518
E04008804,Nynehead,,E06000066,Somerset,,4519
E04012831,Mepal,,E07000009,East Cambridgeshire,,4520
E04001704,Great Gransden,,E07000011,Huntingdonshire,,4521
E04002703,Glapwell,,E07000033,Bolsover,,4522
E04001808,Horseheath,,E07000012,South Cambridgeshire,,4523
E04012039,Spaldwick,,E07000011,Huntingdonshire,,4524
E04008805,Oake,,E06000066,Somerset,,4525
E04012832,Sutton,,E07000009,East Cambridgeshire,,4526
E04001705,Great Paxton,,E07000011,Huntingdonshire,,4527
E04002704,Old Bolsover,,E07000033,Bolsover,,4528
E04012040,Stow Longa,,E07000011,Huntingdonshire,,4529
E04001809,Ickleton,,E07000012,South Cambridgeshire,,4530
E04012041,The Stukeleys,,E07000011,Huntingdonshire,,4531
E04002705,Pinxton,,E07000033,Bolsover,,4532
E04012833,Wentworth,,E07000009,East Cambridgeshire,,4533
E04001811,Kingston,,E07000012,South Cambridgeshire,,4534
E04002706,Pleasley,,E07000033,Bolsover,,4535
E04012042,Warboys,,E07000011,Huntingdonshire,,4536
E04001706,Great Staughton,,E07000011,Huntingdonshire,,4537
E04008806,Orchard Portman,,E06000066,Somerset,,4538
E04012834,Wilburton,,E07000009,East Cambridgeshire,,4539
E04012043,Wistow,,E07000011,Huntingdonshire,,4540
E04001707,Haddon,,E07000011,Huntingdonshire,,4541
E04002708,Shirebrook,,E07000033,Bolsover,,4542
E04008807,Otterford,,E06000066,Somerset,,4543
E04001812,Knapwell,,E07000012,South Cambridgeshire,,4544
E04012835,Witcham,,E07000009,East Cambridgeshire,,4545
E04012044,Woodhurst,,E07000011,Huntingdonshire,,4546
E04001712,Hilton,,E07000011,Huntingdonshire,,4547
E04002709,South Normanton,,E07000033,Bolsover,,4548
E04008808,Pitminster,,E06000066,Somerset,,4549
E04001813,Landbeach,,E07000012,South Cambridgeshire,,4550
E04012836,Witchford,,E07000009,East Cambridgeshire,,4551
E04012045,Wood Walton,,E07000011,Huntingdonshire,,4552
E04001713,Holme,,E07000011,Huntingdonshire,,4553
E04002710,Tibshelf,,E07000033,Bolsover,,4554
E04008809,Ruishton,,E06000066,Somerset,,4555
E04001814,Linton,,E07000012,South Cambridgeshire,,4556
E04013229,Burrough Green,,E07000009,East Cambridgeshire,,4557
E04001756,Abington Pigotts,,E07000012,South Cambridgeshire,,4558
E04001718,Kings Ripton,,E07000011,Huntingdonshire,,4559
E04012163,Hodthorpe and Belph,,E07000033,Bolsover,,4560
E04008810,Sampford Arundel,,E06000066,Somerset,,4561
E04001815,Litlington,,E07000012,South Cambridgeshire,,4562
E04013230,Westley Waterless,,E07000009,East Cambridgeshire,,4563
E04001757,Arrington,,E07000012,South Cambridgeshire,,4564
E04001719,Leighton,,E07000011,Huntingdonshire,,4565
E04012401,Elmton with Creswell,,E07000033,Bolsover,,4566
E04008811,Staple Fitzpaine,,E06000066,Somerset,,4567
E04001816,Little Abington,,E07000012,South Cambridgeshire,,4568
E04001655,Benwick,,E07000010,Fenland,,4569
E04001759,Balsham,,E07000012,South Cambridgeshire,,4570
E04001720,Little Gidding,,E07000011,Huntingdonshire,,4571
E04012402,Whitwell,,E07000033,Bolsover,,4572
E04008813,Stawley,,E06000066,Somerset,,4573
E04001817,Little Eversden,,E07000012,South Cambridgeshire,,4574
E04001657,Doddington,,E07000010,Fenland,,4575
E04001760,Bar Hill,,E07000012,South Cambridgeshire,,4576
E04001722,Morborne,,E07000011,Huntingdonshire,,4577
E04012451,Langwith,,E07000033,Bolsover,,4578
E04008814,Stoke St. Gregory,,E06000066,Somerset,,4579
E04001818,Little Gransden,,E07000012,South Cambridgeshire,,4580
E04001658,Elm,,E07000010,Fenland,,4581
E04001761,Barrington,,E07000012,South Cambridgeshire,,4582
E04001726,Old Weston,,E07000011,Huntingdonshire,,4583
E04012452,Scarcliffe,,E07000033,Bolsover,,4584
E04008815,Stoke St. Mary,,E06000066,Somerset,,4585
E04001819,Little Shelford,,E07000012,South Cambridgeshire,,4586
E04001659,Leverington,,E07000010,Fenland,,4587
E04001762,Bartlow,,E07000012,South Cambridgeshire,,4588
E04001727,Perry,,E07000011,Huntingdonshire,,4589
E04002712,Brimington,,E07000034,Chesterfield,,4590
E04008816,Thornfalcon,,E06000066,Somerset,,4591
E04001820,Little Wilbraham,,E07000012,South Cambridgeshire,,4592
E04001661,March,,E07000010,Fenland,,4593
E04001662,Newton-in-the-Isle,,E07000010,Fenland,,4594
E04001663,Parson Drove,,E07000010,Fenland,,4595
E04001664,Tydd St. Giles,,E07000010,Fenland,,4596
E04001665,Christchurch,,E07000010,Fenland,,4597
E04001666,Whittlesey,,E07000010,Fenland,,4598
E04001667,Wimblington,,E07000010,Fenland,,4599
E04001668,Wisbech,,E07000010,Fenland,,4600
E04001669,Wisbech St. Mary,,E07000010,Fenland,,4601
E04001670,Gorefield,,E07000010,Fenland,,4602
E04012516,Chatteris,,E07000010,Fenland,,4603
E04012517,Manea,,E07000010,Fenland,,4604
E04001674,Alconbury Weston,,E07000011,Huntingdonshire,,4605
E04001675,Alwalton,,E07000011,Huntingdonshire,,4606
E04001676,Barham and Woolley,,E07000011,Huntingdonshire,,4607
E04001677,Bluntisham,,E07000011,Huntingdonshire,,4608
E04001678,Brampton,,E07000011,Huntingdonshire,,4609
E04001679,Brington and Molesworth,,E07000011,Huntingdonshire,,4610
E04001680,Broughton,,E07000011,Huntingdonshire,,4611
E04001682,Buckworth,,E07000011,Huntingdonshire,,4612
E04001684,Bythorn and Keyston,,E07000011,Huntingdonshire,,4613
E04001685,Catworth,,E07000011,Huntingdonshire,,4614
E04001686,Chesterton,,E07000011,Huntingdonshire,,4615
E04001687,Colne,,E07000011,Huntingdonshire,,4616
E04001688,Conington,,E07000011,Huntingdonshire,,4617
E04001689,Covington,,E07000011,Huntingdonshire,,4618
E04001690,Denton and Caldecote,,E07000011,Huntingdonshire,,4619
E04001691,Diddington,,E07000011,Huntingdonshire,,4620
E04001692,Earith,,E07000011,Huntingdonshire,,4621
E04001693,Easton,,E07000011,Huntingdonshire,,4622
E04001695,Elton,,E07000011,Huntingdonshire,,4623
E04001697,Farcet,,E07000011,Huntingdonshire,,4624
E04001699,Folksworth and Washingley,,E07000011,Huntingdonshire,,4625
E04001700,Glatton,,E07000011,Huntingdonshire,,4626
E04002713,Staveley,,E07000034,Chesterfield,,4627
E04001821,Lolworth,,E07000012,South Cambridgeshire,,4628
E04008817,Tolland,,E06000066,Somerset,,4629
E04002714,Abney and Abney Grange,,E07000035,Derbyshire Dales,,4630
E04001823,Longstowe,,E07000012,South Cambridgeshire,,4631
E04001763,Barton,,E07000012,South Cambridgeshire,,4632
E04008819,Wellington,,E06000066,Somerset,,4633
E04001733,Sawtry,,E07000011,Huntingdonshire,,4634
E04002715,Aldwark,,E07000035,Derbyshire Dales,,4635
E04001824,Madingley,,E07000012,South Cambridgeshire,,4636
E04001764,Bassingbourn cum Kneesworth,,E07000012,South Cambridgeshire,,4637
E04008820,Wellington Without,,E06000066,Somerset,,4638
E04001734,Sibson-cum-Stibbington,,E07000011,Huntingdonshire,,4639
E04002716,Alkmonton,,E07000035,Derbyshire Dales,,4640
E04001825,Melbourn,,E07000012,South Cambridgeshire,,4641
E04001765,Bourn,,E07000012,South Cambridgeshire,,4642
E04008821,West Bagborough,,E06000066,Somerset,,4643
E04001736,Southoe and Midloe,,E07000011,Huntingdonshire,,4644
E04002717,Ashbourne,,E07000035,Derbyshire Dales,,4645
E04001826,Meldreth,,E07000012,South Cambridgeshire,,4646
E04001766,Boxworth,,E07000012,South Cambridgeshire,,4647
E04008822,West Buckland,,E06000066,Somerset,,4648
E04001739,Stilton,,E07000011,Huntingdonshire,,4649
E04002718,Ashford in the Water,,E07000035,Derbyshire Dales,,4650
E04001828,Newton,,E07000012,South Cambridgeshire,,4651
E04001767,Caldecote,,E07000012,South Cambridgeshire,,4652
E04008823,West Hatch,,E06000066,Somerset,,4653
E04001743,Tilbrook,,E07000011,Huntingdonshire,,4654
E04002719,Atlow,,E07000035,Derbyshire Dales,,4655
E04001830,Orwell,,E07000012,South Cambridgeshire,,4656
E04001768,Carlton,,E07000012,South Cambridgeshire,,4657
E04001769,Castle Camps,,E07000012,South Cambridgeshire,,4658
E04001771,Childerley,,E07000012,South Cambridgeshire,,4659
E04001772,Comberton,,E07000012,South Cambridgeshire,,4660
E04001773,Conington,,E07000012,South Cambridgeshire,,4661
E04001774,Coton,,E07000012,South Cambridgeshire,,4662
E04001775,Cottenham,,E07000012,South Cambridgeshire,,4663
E04001776,Croxton,,E07000012,South Cambridgeshire,,4664
E04001777,Croydon,,E07000012,South Cambridgeshire,,4665
E04001778,Dry Drayton,,E07000012,South Cambridgeshire,,4666
E04001781,Eltisley,,E07000012,South Cambridgeshire,,4667
E04001782,Fen Ditton,,E07000012,South Cambridgeshire,,4668
E04001783,Fen Drayton,,E07000012,South Cambridgeshire,,4669
E04001784,Fowlmere,,E07000012,South Cambridgeshire,,4670
E04001785,Foxton,,E07000012,South Cambridgeshire,,4671
E04001786,Fulbourn,,E07000012,South Cambridgeshire,,4672
E04001787,Gamlingay,,E07000012,South Cambridgeshire,,4673
E04001788,Girton,,E07000012,South Cambridgeshire,,4674
E04001790,Graveley,,E07000012,South Cambridgeshire,,4675
E04001791,Great Abington,,E07000012,South Cambridgeshire,,4676
E04001792,Great and Little Chishill,,E07000012,South Cambridgeshire,,4677
E04001793,Great Eversden,,E07000012,South Cambridgeshire,,4678
E04001794,Great Shelford,,E07000012,South Cambridgeshire,,4679
E04001795,Great Wilbraham,,E07000012,South Cambridgeshire,,4680
E04001796,Guilden Morden,,E07000012,South Cambridgeshire,,4681
E04001797,Hardwick,,E07000012,South Cambridgeshire,,4682
E04001798,Harlton,,E07000012,South Cambridgeshire,,4683
E04001799,Harston,,E07000012,South Cambridgeshire,,4684
E04001801,Hatley,,E07000012,South Cambridgeshire,,4685
E04001803,Heydon,,E07000012,South Cambridgeshire,,4686
E04001744,Toseland,,E07000011,Huntingdonshire,,4687
E04001745,Upton and Coppingford,,E07000011,Huntingdonshire,,4688
E04001746,Upwood and the Raveleys,,E07000011,Huntingdonshire,,4689
E04001749,Water Newton,,E07000011,Huntingdonshire,,4690
E04001750,Winwick,,E07000011,Huntingdonshire,,4691
E04001754,Yaxley,,E07000011,Huntingdonshire,,4692
E04001755,Yelling,,E07000011,Huntingdonshire,,4693
E04012014,Hamerton and Steeple Gidding,,E07000011,Huntingdonshire,,4694
E04012015,Offord Cluny and Offord D'Arcy,,E07000011,Huntingdonshire,,4695
E04012016,Waresley-cum-Tetworth,,E07000011,Huntingdonshire,,4696
E04012017,Wyton-on-the-Hill,,E07000011,Huntingdonshire,,4697
E04012018,Abbotsley,,E07000011,Huntingdonshire,,4698
E04012019,Abbots Ripton,,E07000011,Huntingdonshire,,4699
E04002720,Bakewell,,E07000035,Derbyshire Dales,,4700
E04012020,Alconbury,,E07000011,Huntingdonshire,,4701
E04002721,Ballidon,,E07000035,Derbyshire Dales,,4702
E04008825,Wiveliscombe,,E06000066,Somerset,,4703
E04001832,Pampisford,,E07000012,South Cambridgeshire,,4704
E04012021,Buckden,,E07000011,Huntingdonshire,,4705
E04002722,Baslow and Bubnell,,E07000035,Derbyshire Dales,,4706
E04008826,Bicknoller,,E06000066,Somerset,,4707
E04001833,Papworth Everard,,E07000012,South Cambridgeshire,,4708
E04012022,Bury,,E07000011,Huntingdonshire,,4709
E04002723,Beeley,,E07000035,Derbyshire Dales,,4710
E04008827,Brompton Ralph,,E06000066,Somerset,,4711
E04001834,Papworth St. Agnes,,E07000012,South Cambridgeshire,,4712
E04012023,Ellington,,E07000011,Huntingdonshire,,4713
E04002724,Biggin,,E07000035,Derbyshire Dales,,4714
E04008828,Brompton Regis,,E06000066,Somerset,,4715
E04001835,Rampton,,E07000012,South Cambridgeshire,,4716
E04012024,Fenstanton,,E07000011,Huntingdonshire,,4717
E04012025,Hail Weston,,E07000011,Huntingdonshire,,4718
E04012026,Hemingford Abbots,,E07000011,Huntingdonshire,,4719
E04012027,Hemingford Grey,,E07000011,Huntingdonshire,,4720
E04012028,Holywell-cum-Needingworth,,E07000011,Huntingdonshire,,4721
E04012029,Houghton and Wyton,,E07000011,Huntingdonshire,,4722
E04012030,Huntingdon,,E07000011,Huntingdonshire,,4723
E04012031,Kimbolton,,E07000011,Huntingdonshire,,4724
E04012032,Little Paxton,,E07000011,Huntingdonshire,,4725
E04012033,Old Hurst,,E07000011,Huntingdonshire,,4726
E04012034,Pidley cum Fenton,,E07000011,Huntingdonshire,,4727
E04012035,Ramsey,,E07000011,Huntingdonshire,,4728
E04012036,St. Ives,,E07000011,Huntingdonshire,,4729
E04002725,Birchover,,E07000035,Derbyshire Dales,,4730
E04002726,Blackwell in the Peak,,E07000035,Derbyshire Dales,,4731
E04001837,Shepreth,,E07000012,South Cambridgeshire,,4732
E04002727,Bonsall,,E07000035,Derbyshire Dales,,4733
E04008829,Brushford,,E06000066,Somerset,,4734
E04001838,Shingay cum Wendy,,E07000012,South Cambridgeshire,,4735
E04002728,Boylestone,,E07000035,Derbyshire Dales,,4736
E04008830,Carhampton,,E06000066,Somerset,,4737
E04001839,Shudy Camps,,E07000012,South Cambridgeshire,,4738
E04002729,Bradbourne,,E07000035,Derbyshire Dales,,4739
E04008831,Clatworthy,,E06000066,Somerset,,4740
E04001840,Stapleford,,E07000012,South Cambridgeshire,,4741
E04002730,Bradley,,E07000035,Derbyshire Dales,,4742
E04008832,Crowcombe,,E06000066,Somerset,,4743
E04001841,Steeple Morden,,E07000012,South Cambridgeshire,,4744
E04002731,Bradwell,,E07000035,Derbyshire Dales,,4745
E04008833,Cutcombe,,E06000066,Somerset,,4746
E04001842,Stow cum Quy,,E07000012,South Cambridgeshire,,4747
E04002732,Brailsford,,E07000035,Derbyshire Dales,,4748
E04008834,Dulverton,,E06000066,Somerset,,4749
E04001843,Swavesey,,E07000012,South Cambridgeshire,,4750
E04002733,Brassington,,E07000035,Derbyshire Dales,,4751
E04008835,Dunster,,E06000066,Somerset,,4752
E04001844,Tadlow,,E07000012,South Cambridgeshire,,4753
E04002734,Brushfield,,E07000035,Derbyshire Dales,,4754
E04008836,East Quantoxhead,,E06000066,Somerset,,4755
E04001845,Teversham,,E07000012,South Cambridgeshire,,4756
E04002735,Callow,,E07000035,Derbyshire Dales,,4757
E04008837,Elworthy,,E06000066,Somerset,,4758
E04001846,Thriplow and Heathfield,,E07000012,South Cambridgeshire,,4759
E04002736,Calver,,E07000035,Derbyshire Dales,,4760
E04008838,Exford,,E06000066,Somerset,,4761
E04001847,Toft,,E07000012,South Cambridgeshire,,4762
E04002737,Carsington,,E07000035,Derbyshire Dales,,4763
E04008839,Exmoor,,E06000066,Somerset,,4764
E04001848,Waterbeach,,E07000012,South Cambridgeshire,,4765
E04002738,Chatsworth,,E07000035,Derbyshire Dales,,4766
E04008840,Exton,,E06000066,Somerset,,4767
E04001849,Weston Colville,,E07000012,South Cambridgeshire,,4768
E04002739,Chelmorton,,E07000035,Derbyshire Dales,,4769
E04008841,Holford,,E06000066,Somerset,,4770
E04001850,West Wickham,,E07000012,South Cambridgeshire,,4771
E04002740,Clifton and Compton,,E07000035,Derbyshire Dales,,4772
E04008842,Huish Champflower,,E06000066,Somerset,,4773
E04001851,West Wratting,,E07000012,South Cambridgeshire,,4774
E04002741,Cromford,,E07000035,Derbyshire Dales,,4775
E04008843,Kilve,,E06000066,Somerset,,4776
E04001852,Whaddon,,E07000012,South Cambridgeshire,,4777
E04002742,Cubley,,E07000035,Derbyshire Dales,,4778
E04008844,Luccombe,,E06000066,Somerset,,4779
E04001855,Wimpole,,E07000012,South Cambridgeshire,,4780
E04002743,Curbar,,E07000035,Derbyshire Dales,,4781
E04010465,Impington,,E07000012,South Cambridgeshire,,4782
E04008845,Luxborough,,E06000066,Somerset,,4783
E04008846,Minehead,,E06000066,Somerset,,4784
E04008847,Minehead Without,,E06000066,Somerset,,4785
E04002744,Darley Dale,,E07000035,Derbyshire Dales,,4786
E04008848,Monksilver,,E06000066,Somerset,,4787
E04010466,Milton,,E07000012,South Cambridgeshire,,4788
E04002745,Doveridge,,E07000035,Derbyshire Dales,,4789
E04008849,Nettlecombe,,E06000066,Somerset,,4790
E04010467,Orchard Park,,E07000012,South Cambridgeshire,,4791
E04002746,Eaton and Alsop,,E07000035,Derbyshire Dales,,4792
E04008850,Oare,,E06000066,Somerset,,4793
E04012081,Duxford,,E07000012,South Cambridgeshire,,4794
E04002747,Edensor,,E07000035,Derbyshire Dales,,4795
E04008851,Old Cleeve,,E06000066,Somerset,,4796
E04012082,Whittlesford,,E07000012,South Cambridgeshire,,4797
E04008852,Porlock,,E06000066,Somerset,,4798
E04012734,Grantchester,,E07000012,South Cambridgeshire,,4799
E04008853,Sampford Brett,,E06000066,Somerset,,4800
E04002850,Hartington upper Quarter,,E07000037,High Peak,,4801
E04002851,Hayfield,,E07000037,High Peak,,4802
E04002852,Hope,,E07000037,High Peak,,4803
E04002853,Hope Woodlands,,E07000037,High Peak,,4804
E04002854,King Sterndale,,E07000037,High Peak,,4805
E04002855,New Mills,,E07000037,High Peak,,4806
E04002856,Peak Forest,,E07000037,High Peak,,4807
E04002857,Thornhill,,E07000037,High Peak,,4808
E04002858,Tintwistle,,E07000037,High Peak,,4809
E04002859,Whaley Bridge,,E07000037,High Peak,,4810
E04002860,Wormhill,,E07000037,High Peak,,4811
E04002861,Ashover,,E07000038,North East Derbyshire,,4812
E04002862,Barlow,,E07000038,North East Derbyshire,,4813
E04002863,Brackenfield,,E07000038,North East Derbyshire,,4814
E04002864,Brampton,,E07000038,North East Derbyshire,,4815
E04002865,Calow,,E07000038,North East Derbyshire,,4816
E04002866,Clay Cross,,E07000038,North East Derbyshire,,4817
E04002867,Dronfield,,E07000038,North East Derbyshire,,4818
E04002868,Eckington,,E07000038,North East Derbyshire,,4819
E04002869,"Grassmoor, Hasland and Winsick",,E07000038,North East Derbyshire,,4820
E04002870,Heath and Holmewood,,E07000038,North East Derbyshire,,4821
E04002871,Holmesfield,,E07000038,North East Derbyshire,,4822
E04002872,Holymoorside and Walton,,E07000038,North East Derbyshire,,4823
E04002873,Killamarsh,,E07000038,North East Derbyshire,,4824
E04002874,Morton,,E07000038,North East Derbyshire,,4825
E04002875,North Wingfield,,E07000038,North East Derbyshire,,4826
E04002876,Pilsley,,E07000038,North East Derbyshire,,4827
E04002877,Shirland and Higham,,E07000038,North East Derbyshire,,4828
E04002878,Stretton,,E07000038,North East Derbyshire,,4829
E04002879,Sutton cum Duckmanton,,E07000038,North East Derbyshire,,4830
E04002880,Temple Normanton,,E07000038,North East Derbyshire,,4831
E04002881,Tupton,,E07000038,North East Derbyshire,,4832
E04002882,Unstone,,E07000038,North East Derbyshire,,4833
E04002883,Wessington,,E07000038,North East Derbyshire,,4834
E04002884,Wingerworth,,E07000038,North East Derbyshire,,4835
E04002885,Ash,,E07000039,South Derbyshire,,4836
E04002886,Aston upon Trent,,E07000039,South Derbyshire,,4837
E04002888,Barton Blount,,E07000039,South Derbyshire,,4838
E04002889,Bearwardcote,,E07000039,South Derbyshire,,4839
E04002890,Bretby,,E07000039,South Derbyshire,,4840
E04002891,Burnaston,,E07000039,South Derbyshire,,4841
E04002892,Calke,,E07000039,South Derbyshire,,4842
E04002893,Castle Gresley,,E07000039,South Derbyshire,,4843
E04002894,Catton,,E07000039,South Derbyshire,,4844
E04002895,Cauldwell,,E07000039,South Derbyshire,,4845
E04002896,Church Broughton,,E07000039,South Derbyshire,,4846
E04002897,Coton in the Elms,,E07000039,South Derbyshire,,4847
E04002898,Dalbury Lees,,E07000039,South Derbyshire,,4848
E04002899,Drakelow,,E07000039,South Derbyshire,,4849
E04002900,Egginton,,E07000039,South Derbyshire,,4850
E04003052,Templeton,,E07000042,Mid Devon,,4851
E04012467,Cranbrook,,E07000040,East Devon,,4852
E04003104,Martinhoe,,E07000043,North Devon,,4853
E04002952,Clyst St. Lawrence,,E07000040,East Devon,,4854
E04002748,Edlaston and Wyaston,,E07000035,Derbyshire Dales,,4855
E04002901,Elvaston,,E07000039,South Derbyshire,,4856
E04002802,Rowland,,E07000035,Derbyshire Dales,,4857
E04003105,Marwood,,E07000043,North Devon,,4858
E04012468,Rockbeare,,E07000040,East Devon,,4859
E04003053,Thelbridge,,E07000042,Mid Devon,,4860
E04002749,Elton,,E07000035,Derbyshire Dales,,4861
E04003106,Meshaw,,E07000043,North Devon,,4862
E04002953,Clyst St. Mary,,E07000040,East Devon,,4863
E04012469,Whimple,,E07000040,East Devon,,4864
E04003054,Thorverton,,E07000042,Mid Devon,,4865
E04002750,Eyam,,E07000035,Derbyshire Dales,,4866
E04003107,Molland,,E07000043,North Devon,,4867
E04002954,Colaton Raleigh,,E07000040,East Devon,,4868
E04012660,Ottery St. Mary,,E07000040,East Devon,,4869
E04002803,Rowsley,,E07000035,Derbyshire Dales,,4870
E04002902,Etwall,,E07000039,South Derbyshire,,4871
E04003055,Tiverton,,E07000042,Mid Devon,,4872
E04002751,Fenny Bentley,,E07000035,Derbyshire Dales,,4873
E04003108,Mortehoe,,E07000043,North Devon,,4874
E04002956,Combe Raleigh,,E07000040,East Devon,,4875
E04012661,West Hill,,E07000040,East Devon,,4876
E04002804,Sheldon,,E07000035,Derbyshire Dales,,4877
E04002903,Findern,,E07000039,South Derbyshire,,4878
E04003057,Uplowman,,E07000042,Mid Devon,,4879
E04002752,Flagg,,E07000035,Derbyshire Dales,,4880
E04003109,"Horwood, Lovacott and Newton Tracey",,E07000043,North Devon,,4881
E04002957,Combpyne Rousdon,,E07000040,East Devon,,4882
E04013275,Colyford,,E07000040,East Devon,,4883
E04002805,Shirley,,E07000035,Derbyshire Dales,,4884
E04002904,Foremark,,E07000039,South Derbyshire,,4885
E04003058,Upton Hellions,,E07000042,Mid Devon,,4886
E04002753,Foolow,,E07000035,Derbyshire Dales,,4887
E04003110,North Molton,,E07000043,North Devon,,4888
E04002958,Cotleigh,,E07000040,East Devon,,4889
E04013276,Colyton,,E07000040,East Devon,,4890
E04002806,Snelston,,E07000035,Derbyshire Dales,,4891
E04002905,Foston and Scropton,,E07000039,South Derbyshire,,4892
E04003059,Washfield,,E07000042,Mid Devon,,4893
E04002754,Froggatt,,E07000035,Derbyshire Dales,,4894
E04003111,Parracombe,,E07000043,North Devon,,4895
E04002959,Dalwood,,E07000040,East Devon,,4896
E04003004,Bampton,,E07000042,Mid Devon,,4897
E04002807,Somersal Herbert,,E07000035,Derbyshire Dales,,4898
E04002906,Hartshorne,,E07000039,South Derbyshire,,4899
E04003060,Washford Pyne,,E07000042,Mid Devon,,4900
E04002755,Gratton,,E07000035,Derbyshire Dales,,4901
E04003112,Queen's Nympton,,E07000043,North Devon,,4902
E04002960,Dunkeswell,,E07000040,East Devon,,4903
E04003005,Bickleigh,,E07000042,Mid Devon,,4904
E04002809,Stanton,,E07000035,Derbyshire Dales,,4905
E04002907,Hatton,,E07000039,South Derbyshire,,4906
E04003061,Wembworthy,,E07000042,Mid Devon,,4907
E04002756,Great Hucklow,,E07000035,Derbyshire Dales,,4908
E04003113,Rackenford,,E07000043,North Devon,,4909
E04002961,East Budleigh,,E07000040,East Devon,,4910
E04003006,Bow,,E07000042,Mid Devon,,4911
E04002810,Stoney Middleton,,E07000035,Derbyshire Dales,,4912
E04003007,Bradninch,,E07000042,Mid Devon,,4913
E04002908,Hilton,,E07000039,South Derbyshire,,4914
E04003008,Brushford,,E07000042,Mid Devon,,4915
E04003063,Woolfardisworthy,,E07000042,Mid Devon,,4916
E04003114,Romansleigh,,E07000043,North Devon,,4917
E04003009,Burlescombe,,E07000042,Mid Devon,,4918
E04002909,Hoon,,E07000039,South Derbyshire,,4919
E04002811,Sudbury,,E07000035,Derbyshire Dales,,4920
E04002757,Great Longstone,,E07000035,Derbyshire Dales,,4921
E04002962,Farringdon,,E07000040,East Devon,,4922
E04002812,Taddington,,E07000035,Derbyshire Dales,,4923
E04002910,Ingleby,,E07000039,South Derbyshire,,4924
E04003064,Zeal Monachorum,,E07000042,Mid Devon,,4925
E04003115,Rose Ash,,E07000043,North Devon,,4926
E04003010,Butterleigh,,E07000042,Mid Devon,,4927
E04002963,Farway,,E07000040,East Devon,,4928
E04002758,Grindleford,,E07000035,Derbyshire Dales,,4929
E04002813,Tansley,,E07000035,Derbyshire Dales,,4930
E04002911,Linton,,E07000039,South Derbyshire,,4931
E04003065,Copplestone,,E07000042,Mid Devon,,4932
E04003116,Satterleigh and Warkleigh,,E07000043,North Devon,,4933
E04003011,Cadbury,,E07000042,Mid Devon,,4934
E04002964,Feniton,,E07000040,East Devon,,4935
E04002759,Grindlow,,E07000035,Derbyshire Dales,,4936
E04002814,Thorpe,,E07000035,Derbyshire Dales,,4937
E04002912,Lullington,,E07000039,South Derbyshire,,4938
E04013322,Cheriton Bishop,,E07000042,Mid Devon,,4939
E04003117,Shirwell,,E07000043,North Devon,,4940
E04003012,Cadeleigh,,E07000042,Mid Devon,,4941
E04002965,Gittisham,,E07000040,East Devon,,4942
E04002760,Harthill,,E07000035,Derbyshire Dales,,4943
E04002815,Tideswell,,E07000035,Derbyshire Dales,,4944
E04002913,Marston on Dove,,E07000039,South Derbyshire,,4945
E04013323,Colebrooke,,E07000042,Mid Devon,,4946
E04003119,Stoke Rivers,,E07000043,North Devon,,4947
E04003013,Chawleigh,,E07000042,Mid Devon,,4948
E04002966,Hawkchurch,,E07000040,East Devon,,4949
E04002761,Hartington Middle Quarter,,E07000035,Derbyshire Dales,,4950
E04002817,Wardlow,,E07000035,Derbyshire Dales,,4951
E04002914,Melbourne,,E07000039,South Derbyshire,,4952
E04013324,Crediton Hamlets,,E07000042,Mid Devon,,4953
E04003121,Tawstock,,E07000043,North Devon,,4954
E04003015,Cheriton Fitzpaine,,E07000042,Mid Devon,,4955
E04002967,Honiton,,E07000040,East Devon,,4956
E04002762,Hartington Nether Quarter,,E07000035,Derbyshire Dales,,4957
E04002818,Wheston,,E07000035,Derbyshire Dales,,4958
E04002915,Netherseal,,E07000039,South Derbyshire,,4959
E04013325,Halberton,,E07000042,Mid Devon,,4960
E04003122,Trentishoe,,E07000043,North Devon,,4961
E04003016,Clannaborough,,E07000042,Mid Devon,,4962
E04002968,Huxham,,E07000040,East Devon,,4963
E04002763,Hartington Town Quarter,,E07000035,Derbyshire Dales,,4964
E04002819,Winster,,E07000035,Derbyshire Dales,,4965
E04002916,Newton Solney,,E07000039,South Derbyshire,,4966
E04013326,Hittisleigh,,E07000042,Mid Devon,,4967
E04003123,Twitchen,,E07000043,North Devon,,4968
E04003017,Clayhanger,,E07000042,Mid Devon,,4969
E04002969,Kilmington,,E07000040,East Devon,,4970
E04002764,Hassop,,E07000035,Derbyshire Dales,,4971
E04002820,Wirksworth,,E07000035,Derbyshire Dales,,4972
E04002917,Osleston and Thurvaston,,E07000039,South Derbyshire,,4973
E04013327,Uffculme,,E07000042,Mid Devon,,4974
E04003124,West Anstey,,E07000043,North Devon,,4975
E04003018,Clayhidon,,E07000042,Mid Devon,,4976
E04002970,Luppitt,,E07000040,East Devon,,4977
E04013328,Willand,,E07000042,Mid Devon,,4978
E04002766,Hazlebadge,,E07000035,Derbyshire Dales,,4979
E04003066,Arlington,,E07000043,North Devon,,4980
E04002821,Yeaveley,,E07000035,Derbyshire Dales,,4981
E04002918,Overseal,,E07000039,South Derbyshire,,4982
E04003125,West Down,,E07000043,North Devon,,4983
E04002767,Highlow,,E07000035,Derbyshire Dales,,4984
E04003067,Ashford,,E07000043,North Devon,,4985
E04002919,Radbourne,,E07000039,South Derbyshire,,4986
E04002822,Yeldersley,,E07000035,Derbyshire Dales,,4987
E04002971,Lympstone,,E07000040,East Devon,,4988
E04003019,Coldridge,,E07000042,Mid Devon,,4989
E04002972,Membury,,E07000040,East Devon,,4990
E04002823,Youlgreave,,E07000035,Derbyshire Dales,,4991
E04002768,Hognaston,,E07000035,Derbyshire Dales,,4992
E04003126,Westleigh,,E07000043,North Devon,,4993
E04002920,Repton,,E07000039,South Derbyshire,,4994
E04003021,Crediton,,E07000042,Mid Devon,,4995
E04003068,Atherington,,E07000043,North Devon,,4996
E04002973,Monkton,,E07000040,East Devon,,4997
E04002824,Middleton,,E07000035,Derbyshire Dales,,4998
E04002769,Hollington,,E07000035,Derbyshire Dales,,4999
E04003127,Pilton West,,E07000043,North Devon,,5000
E04002921,Rosliston,,E07000039,South Derbyshire,,5001
E04003023,Cruwys Morchard,,E07000042,Mid Devon,,5002
E04003070,Berrynarbor,,E07000043,North Devon,,5003
E04002974,Musbury,,E07000040,East Devon,,5004
E04010588,Tissington and Lea Hall,,E07000035,Derbyshire Dales,,5005
E04002770,Hopton,,E07000035,Derbyshire Dales,,5006
E04003128,Witheridge,,E07000043,North Devon,,5007
E04002922,Shardlow and Great Wilne,,E07000039,South Derbyshire,,5008
E04003024,Cullompton,,E07000042,Mid Devon,,5009
E04003072,Bishop's Tawton,,E07000043,North Devon,,5010
E04002975,Nether Exe,,E07000040,East Devon,,5011
E04012408,Hathersage,,E07000035,Derbyshire Dales,,5012
E04002771,Hulland,,E07000035,Derbyshire Dales,,5013
E04012206,Chittlehampton,,E07000043,North Devon,,5014
E04002923,Smisby,,E07000039,South Derbyshire,,5015
E04003025,Culmstock,,E07000042,Mid Devon,,5016
E04003073,Bittadon,,E07000043,North Devon,,5017
E04002976,Newton Poppleford and Harpford,,E07000040,East Devon,,5018
E04013273,Matlock Town,,E07000035,Derbyshire Dales,,5019
E04002772,Hulland Ward,,E07000035,Derbyshire Dales,,5020
E04012261,Brendon and Countisbury,,E07000043,North Devon,,5021
E04002924,Stanton by Bridge,,E07000039,South Derbyshire,,5022
E04003026,Down St. Mary,,E07000042,Mid Devon,,5023
E04003074,Bratton Fleming,,E07000043,North Devon,,5024
E04002977,Northleigh,,E07000040,East Devon,,5025
E04013274,South Darley,,E07000035,Derbyshire Dales,,5026
E04002773,Hungry Bentley,,E07000035,Derbyshire Dales,,5027
E04012969,Barnstaple,,E07000043,North Devon,,5028
E04002926,Sutton on the Hill,,E07000039,South Derbyshire,,5029
E04003027,Eggesford,,E07000042,Mid Devon,,5030
E04003075,Braunton,,E07000043,North Devon,,5031
E04002978,Offwell,,E07000040,East Devon,,5032
E04002825,Breadsall,,E07000036,Erewash,,5033
E04002774,Ible,,E07000035,Derbyshire Dales,,5034
E04012970,Bishop's Nympton,,E07000043,North Devon,,5035
E04002927,Swarkestone,,E07000039,South Derbyshire,,5036
E04003029,Hemyock,,E07000042,Mid Devon,,5037
E04003076,Brayford,,E07000043,North Devon,,5038
E04002979,Otterton,,E07000040,East Devon,,5039
E04002826,Breaston,,E07000036,Erewash,,5040
E04002775,Ivonbrook Grange,,E07000035,Derbyshire Dales,,5041
E04012971,Goodleigh,,E07000043,North Devon,,5042
E04003031,Hockworthy,,E07000042,Mid Devon,,5043
E04003078,Burrington,,E07000043,North Devon,,5044
E04003032,Holcombe Rogus,,E07000042,Mid Devon,,5045
E04002928,Ticknall,,E07000039,South Derbyshire,,5046
E04002981,Payhembury,,E07000040,East Devon,,5047
E04002776,Kirk Ireton,,E07000035,Derbyshire Dales,,5048
E04002827,Dale Abbey,,E07000036,Erewash,,5049
E04012972,Landkey,,E07000043,North Devon,,5050
E04002828,Draycott and Church Wilne,,E07000036,Erewash,,5051
E04003079,Challacombe,,E07000043,North Devon,,5052
E04003033,Huntsham,,E07000042,Mid Devon,,5053
E04002929,Trusley,,E07000039,South Derbyshire,,5054
E04002777,Kniveton,,E07000035,Derbyshire Dales,,5055
E04012973,South Molton,,E07000043,North Devon,,5056
E04002982,Plymtree,,E07000040,East Devon,,5057
E04002829,Hopwell,,E07000036,Erewash,,5058
E04003080,Chittlehamholt,,E07000043,North Devon,,5059
E04003034,Kennerleigh,,E07000042,Mid Devon,,5060
E04002931,Walton upon Trent,,E07000039,South Derbyshire,,5061
E04002779,Little Hucklow,,E07000035,Derbyshire Dales,,5062
E04012974,Swimbridge,,E07000043,North Devon,,5063
E04002983,Poltimore,,E07000040,East Devon,,5064
E04002830,Little Eaton,,E07000036,Erewash,,5065
E04003082,Chulmleigh,,E07000043,North Devon,,5066
E04003035,Kentisbeare,,E07000042,Mid Devon,,5067
E04002932,Weston upon Trent,,E07000039,South Derbyshire,,5068
E04002780,Little Longstone,,E07000035,Derbyshire Dales,,5069
E04003129,Ashprington,,E07000044,South Hams,,5070
E04002984,Rewe,,E07000040,East Devon,,5071
E04002831,Morley,,E07000036,Erewash,,5072
E04003083,Combe Martin,,E07000043,North Devon,,5073
E04003036,Lapford,,E07000042,Mid Devon,,5074
E04002933,Willington,,E07000039,South Derbyshire,,5075
E04002781,Litton,,E07000035,Derbyshire Dales,,5076
E04003130,Aveton Gifford,,E07000044,South Hams,,5077
E04002986,Seaton,,E07000040,East Devon,,5078
E04002832,Ockbrook and Borrowash,,E07000036,Erewash,,5079
E04003085,East and West Buckland,,E07000043,North Devon,,5080
E04003037,Loxbeare,,E07000042,Mid Devon,,5081
E04002934,Woodville,,E07000039,South Derbyshire,,5082
E04002782,Longford,,E07000035,Derbyshire Dales,,5083
E04003131,Berry Pomeroy,,E07000044,South Hams,,5084
E04002987,Sheldon,,E07000040,East Devon,,5085
E04002833,Risley,,E07000036,Erewash,,5086
E04003086,East Anstey,,E07000043,North Devon,,5087
E04003038,Morchard Bishop,,E07000042,Mid Devon,,5088
E04012726,Barrow upon Trent,,E07000039,South Derbyshire,,5089
E04002783,Mapleton,,E07000035,Derbyshire Dales,,5090
E04003132,Bickleigh,,E07000044,South Hams,,5091
E04002988,Shute,,E07000040,East Devon,,5092
E04002834,Sandiacre,,E07000036,Erewash,,5093
E04003087,East Down,,E07000043,North Devon,,5094
E04003039,Morebath,,E07000042,Mid Devon,,5095
E04012727,Stenson Fields,,E07000039,South Derbyshire,,5096
E04002784,Marston Montgomery,,E07000035,Derbyshire Dales,,5097
E04003133,Bigbury,,E07000044,South Hams,,5098
E04002989,Sidmouth,,E07000040,East Devon,,5099
E04002835,Stanley and Stanley Common,,E07000036,Erewash,,5100
E04003088,East Worlington,,E07000043,North Devon,,5101
E04003040,Newton St. Cyres,,E07000042,Mid Devon,,5102
E04012728,Twyford and Stenson,,E07000039,South Derbyshire,,5103
E04002785,Matlock Bath,,E07000035,Derbyshire Dales,,5104
E04003134,Blackawton,,E07000044,South Hams,,5105
E04002990,Southleigh,,E07000040,East Devon,,5106
E04002836,Stanton by Dale,,E07000036,Erewash,,5107
E04003089,Filleigh,,E07000043,North Devon,,5108
E04003041,Nymet Rowland,,E07000042,Mid Devon,,5109
E04002787,Mercaston,,E07000035,Derbyshire Dales,,5110
E04002991,Sowton,,E07000040,East Devon,,5111
E04002935,All Saints,,E07000040,East Devon,,5112
E04002788,Middleton and Smerrill,,E07000035,Derbyshire Dales,,5113
E04003135,Brixton,,E07000044,South Hams,,5114
E04002837,West Hallam,,E07000036,Erewash,,5115
E04003090,Fremington,,E07000043,North Devon,,5116
E04003042,Oakford,,E07000042,Mid Devon,,5117
E04003043,Poughill,,E07000042,Mid Devon,,5118
E04003044,Puddington,,E07000042,Mid Devon,,5119
E04003045,Sampford Peverell,,E07000042,Mid Devon,,5120
E04003136,Buckland-Tout-Saints,,E07000044,South Hams,,5121
E04002789,Monyash,,E07000035,Derbyshire Dales,,5122
E04002838,Sawley,,E07000036,Erewash,,5123
E04003046,Sandford,,E07000042,Mid Devon,,5124
E04002992,Stockland,,E07000040,East Devon,,5125
E04002936,Awliscombe,,E07000040,East Devon,,5126
E04003091,Georgeham,,E07000043,North Devon,,5127
E04003137,Charleton,,E07000044,South Hams,,5128
E04002790,Nether Haddon,,E07000035,Derbyshire Dales,,5129
E04002839,Aston,,E07000037,High Peak,,5130
E04003047,Shobrooke,,E07000042,Mid Devon,,5131
E04002993,Stoke Canon,,E07000040,East Devon,,5132
E04002937,Axminster,,E07000040,East Devon,,5133
E04003092,George Nympton,,E07000043,North Devon,,5134
E04003138,Chivelstone,,E07000044,South Hams,,5135
E04002791,Newton Grange,,E07000035,Derbyshire Dales,,5136
E04002840,Bamford,,E07000037,High Peak,,5137
E04003048,Silverton,,E07000042,Mid Devon,,5138
E04002994,Talaton,,E07000040,East Devon,,5139
E04002938,Axmouth,,E07000040,East Devon,,5140
E04003094,Heanton Punchardon,,E07000043,North Devon,,5141
E04003139,Churchstow,,E07000044,South Hams,,5142
E04002792,Norbury and Roston,,E07000035,Derbyshire Dales,,5143
E04002841,Brough and Shatton,,E07000037,High Peak,,5144
E04003049,Stockleigh English,,E07000042,Mid Devon,,5145
E04002995,Uplyme,,E07000040,East Devon,,5146
E04002939,Aylesbeare,,E07000040,East Devon,,5147
E04003095,Ilfracombe,,E07000043,North Devon,,5148
E04003140,Cornwood,,E07000044,South Hams,,5149
E04002793,Northwood and Tinkersley,,E07000035,Derbyshire Dales,,5150
E04002842,Castleton,,E07000037,High Peak,,5151
E04003050,Stockleigh Pomeroy,,E07000042,Mid Devon,,5152
E04002996,Upottery,,E07000040,East Devon,,5153
E04002940,Beer,,E07000040,East Devon,,5154
E04003096,Instow,,E07000043,North Devon,,5155
E04003141,Cornworthy,,E07000044,South Hams,,5156
E04002794,Offcote and Underwood,,E07000035,Derbyshire Dales,,5157
E04002843,Chapel-en-le-Frith,,E07000037,High Peak,,5158
E04003051,Stoodleigh,,E07000042,Mid Devon,,5159
E04002997,Upton Pyne,,E07000040,East Devon,,5160
E04002941,Bicton,,E07000040,East Devon,,5161
E04003097,Kentisbury,,E07000043,North Devon,,5162
E04003142,Dartington,,E07000044,South Hams,,5163
E04002795,Offerton,,E07000035,Derbyshire Dales,,5164
E04002844,Charlesworth,,E07000037,High Peak,,5165
E04002999,Widworthy,,E07000040,East Devon,,5166
E04002942,Brampford Speke,,E07000040,East Devon,,5167
E04003098,King's Nympton,,E07000043,North Devon,,5168
E04003143,Dartmouth,,E07000044,South Hams,,5169
E04002796,Osmaston,,E07000035,Derbyshire Dales,,5170
E04002845,"Chinley, Buxworth and Brownside",,E07000037,High Peak,,5171
E04003000,Woodbury,,E07000040,East Devon,,5172
E04002943,Branscombe,,E07000040,East Devon,,5173
E04003099,Knowstone,,E07000043,North Devon,,5174
E04003144,Dean Prior,,E07000044,South Hams,,5175
E04002798,Over Haddon,,E07000035,Derbyshire Dales,,5176
E04002846,Chisworth,,E07000037,High Peak,,5177
E04002847,Derwent,,E07000037,High Peak,,5178
E04002848,Edale,,E07000037,High Peak,,5179
E04002849,Green Fairfield,,E07000037,High Peak,,5180
E04003101,Loxhore,,E07000043,North Devon,,5181
E04003145,Diptford,,E07000044,South Hams,,5182
E04003001,Yarcombe,,E07000040,East Devon,,5183
E04002799,Parwich,,E07000035,Derbyshire Dales,,5184
E04003102,Lynton and Lynmouth,,E07000043,North Devon,,5185
E04003146,Dittisham,,E07000044,South Hams,,5186
E04003002,Lands Common to Axminster and Kilmington C.P.s,,E07000040,East Devon,,5187
E04002800,Pilsley,,E07000035,Derbyshire Dales,,5188
E04002945,Broadhembury,,E07000040,East Devon,,5189
E04003103,Mariansleigh,,E07000043,North Devon,,5190
E04003147,East Allington,,E07000044,South Hams,,5191
E04003003,Exmouth,,E07000040,East Devon,,5192
E04002801,Rodsley,,E07000035,Derbyshire Dales,,5193
E04002946,Buckerell,,E07000040,East Devon,,5194
E04012465,Broad Clyst,,E07000040,East Devon,,5195
E04002947,Budleigh Salterton,,E07000040,East Devon,,5196
E04012466,Clyst Honiton,,E07000040,East Devon,,5197
E04002948,Chardstock,,E07000040,East Devon,,5198
E04002950,Clyst Hydon,,E07000040,East Devon,,5199
E04002951,Clyst St. George,,E07000040,East Devon,,5200
E04003250,Bradworthy,,E07000046,Torridge,,5201
E04003251,Bridgerule,,E07000046,Torridge,,5202
E04003853,Laughton,,E07000065,Wealden,,5203
E04003252,Broadwoodwidger,,E07000046,Torridge,,5204
E04003253,Buckland Brewer,,E07000046,Torridge,,5205
E04003854,Little Horsted,,E07000065,Wealden,,5206
E04003254,Buckland Filleigh,,E07000046,Torridge,,5207
E04003855,Long Man,,E07000065,Wealden,,5208
E04003255,Bulkworthy,,E07000046,Torridge,,5209
E04003804,Crowhurst,,E07000064,Rother,,5210
E04003856,Maresfield,,E07000065,Wealden,,5211
E04003256,Clawton,,E07000046,Torridge,,5212
E04003805,Dallington,,E07000064,Rother,,5213
E04003148,East Portlemouth,,E07000044,South Hams,,5214
E04003857,Mayfield and Five Ashes,,E07000065,Wealden,,5215
E04003257,Clovelly,,E07000046,Torridge,,5216
E04003806,East Guldeford,,E07000064,Rother,,5217
E04003149,Ermington,,E07000044,South Hams,,5218
E04003858,Ninfield,,E07000065,Wealden,,5219
E04003258,Cookbury,,E07000046,Torridge,,5220
E04003807,Etchingham,,E07000064,Rother,,5221
E04003150,Frogmore and Sherford,,E07000044,South Hams,,5222
E04003860,Polegate,,E07000065,Wealden,,5223
E04003259,Dolton,,E07000046,Torridge,,5224
E04003808,Ewhurst,,E07000064,Rother,,5225
E04003151,Halwell and Moreleigh,,E07000044,South Hams,,5226
E04003348,Sourton,,E07000047,West Devon,,5227
E04003861,Rotherfield,,E07000065,Wealden,,5228
E04003260,Dowland,,E07000046,Torridge,,5229
E04003809,Fairlight,,E07000064,Rother,,5230
E04003152,Harberton,,E07000044,South Hams,,5231
E04003349,South Tawton,,E07000047,West Devon,,5232
E04003862,Selmeston,,E07000065,Wealden,,5233
E04012899,Abbotsham,,E07000046,Torridge,,5234
E04003261,East Putford,,E07000046,Torridge,,5235
E04003810,Guestling,,E07000064,Rother,,5236
E04003153,Harford,,E07000044,South Hams,,5237
E04003350,Spreyton,,E07000047,West Devon,,5238
E04003863,Uckfield,,E07000065,Wealden,,5239
E04012900,Northam,,E07000046,Torridge,,5240
E04003262,Frithelstock,,E07000046,Torridge,,5241
E04003811,Hurst Green,,E07000064,Rother,,5242
E04003154,Holbeton,,E07000044,South Hams,,5243
E04003351,Sticklepath,,E07000047,West Devon,,5244
E04003864,Wadhurst,,E07000065,Wealden,,5245
E04012901,Bideford,,E07000046,Torridge,,5246
E04012902,Littleham,,E07000046,Torridge,,5247
E04012903,Monkleigh,,E07000046,Torridge,,5248
E04012904,Weare Giffard,,E07000046,Torridge,,5249
E04003304,Beaworthy,,E07000047,West Devon,,5250
E04003305,Belstone,,E07000047,West Devon,,5251
E04003306,Bere Ferrers,,E07000047,West Devon,,5252
E04003307,Bondleigh,,E07000047,West Devon,,5253
E04003308,Bradstone,,E07000047,West Devon,,5254
E04003309,Bratton Clovelly,,E07000047,West Devon,,5255
E04003310,Brentor,,E07000047,West Devon,,5256
E04003311,Bridestowe,,E07000047,West Devon,,5257
E04003312,Broadwoodkelly,,E07000047,West Devon,,5258
E04003313,Buckland Monachorum,,E07000047,West Devon,,5259
E04003314,Chagford,,E07000047,West Devon,,5260
E04003315,Coryton,,E07000047,West Devon,,5261
E04003316,Dartmoor Forest,,E07000047,West Devon,,5262
E04003317,Drewsteignton,,E07000047,West Devon,,5263
E04003318,Dunterton,,E07000047,West Devon,,5264
E04003319,Exbourne,,E07000047,West Devon,,5265
E04003320,Germansweek,,E07000047,West Devon,,5266
E04003321,Gidleigh,,E07000047,West Devon,,5267
E04003322,Gulworthy,,E07000047,West Devon,,5268
E04003323,Hatherleigh,,E07000047,West Devon,,5269
E04003324,Highampton,,E07000047,West Devon,,5270
E04003325,Horrabridge,,E07000047,West Devon,,5271
E04003326,Iddesleigh,,E07000047,West Devon,,5272
E04003327,Inwardleigh,,E07000047,West Devon,,5273
E04003328,Jacobstowe,,E07000047,West Devon,,5274
E04003329,Kelly,,E07000047,West Devon,,5275
E04003330,Lamerton,,E07000047,West Devon,,5276
E04003331,Lewtrenchard,,E07000047,West Devon,,5277
E04003332,Lifton,,E07000047,West Devon,,5278
E04003333,Lydford,,E07000047,West Devon,,5279
E04003334,Marystow,,E07000047,West Devon,,5280
E04003335,Mary Tavy,,E07000047,West Devon,,5281
E04003336,Meavy,,E07000047,West Devon,,5282
E04003337,Meeth,,E07000047,West Devon,,5283
E04003338,Milton Abbot,,E07000047,West Devon,,5284
E04003339,Monkokehampton,,E07000047,West Devon,,5285
E04003340,Northlew,,E07000047,West Devon,,5286
E04003341,North Tawton,,E07000047,West Devon,,5287
E04003342,Okehampton,,E07000047,West Devon,,5288
E04003343,Okehampton Hamlets,,E07000047,West Devon,,5289
E04003344,Peter Tavy,,E07000047,West Devon,,5290
E04003345,Sampford Courtenay,,E07000047,West Devon,,5291
E04003346,Sampford Spiney,,E07000047,West Devon,,5292
E04003347,Sheepstor,,E07000047,West Devon,,5293
E04003902,Great Henny,,E07000067,Braintree,,5294
E04003263,Great Torrington,,E07000046,Torridge,,5295
E04003812,Icklesham,,E07000064,Rother,,5296
E04003865,Warbleton,,E07000065,Wealden,,5297
E04003155,Holne,,E07000044,South Hams,,5298
E04003264,Halwill,,E07000046,Torridge,,5299
E04003813,Iden,,E07000064,Rother,,5300
E04003866,Wartling,,E07000065,Wealden,,5301
E04003156,Ivybridge,,E07000044,South Hams,,5302
E04003903,Great Maplestead,,E07000067,Braintree,,5303
E04003352,Stowford,,E07000047,West Devon,,5304
E04003265,Hartland,,E07000046,Torridge,,5305
E04003814,Mountfield,,E07000064,Rother,,5306
E04003868,Willingdon and Jevington,,E07000065,Wealden,,5307
E04003157,Kingsbridge,,E07000044,South Hams,,5308
E04003905,Great Yeldham,,E07000067,Braintree,,5309
E04003353,Sydenham Damerel,,E07000047,West Devon,,5310
E04003266,High Bickington,,E07000046,Torridge,,5311
E04003815,Northiam,,E07000064,Rother,,5312
E04003869,Withyham,,E07000065,Wealden,,5313
E04003158,Kingston,,E07000044,South Hams,,5314
E04003909,Helions Bumpstead,,E07000067,Braintree,,5315
E04003816,Peasmarsh,,E07000064,Rother,,5316
E04003354,Tavistock,,E07000047,West Devon,,5317
E04003817,Penhurst,,E07000064,Rother,,5318
E04003267,Hollacombe,,E07000046,Torridge,,5319
E04003818,Pett,,E07000064,Rother,,5320
E04003355,Throwleigh,,E07000047,West Devon,,5321
E04003910,Kelvedon,,E07000067,Braintree,,5322
E04012656,Pevensey,,E07000065,Wealden,,5323
E04003159,Kingswear,,E07000044,South Hams,,5324
E04003268,Holsworthy,,E07000046,Torridge,,5325
E04003911,Lamarsh,,E07000067,Braintree,,5326
E04003819,Playden,,E07000064,Rother,,5327
E04003356,Thrushelton,,E07000047,West Devon,,5328
E04003160,Littlehempston,,E07000044,South Hams,,5329
E04012657,Westham,,E07000065,Wealden,,5330
E04003269,Holsworthy Hamlets,,E07000046,Torridge,,5331
E04003912,Liston,,E07000067,Braintree,,5332
E04003820,Rye,,E07000064,Rother,,5333
E04003357,Walkhampton,,E07000047,West Devon,,5334
E04003161,Loddiswell,,E07000044,South Hams,,5335
E04003870,Billericay,,E07000066,Basildon,,5336
E04003270,Huish,,E07000046,Torridge,,5337
E04003913,Little Henny,,E07000067,Braintree,,5338
E04003821,Rye Foreign,,E07000064,Rother,,5339
E04003358,Whitchurch,,E07000047,West Devon,,5340
E04003162,Malborough,,E07000044,South Hams,,5341
E04003871,Great Burstead and South Green,,E07000066,Basildon,,5342
E04003271,Huntshaw,,E07000046,Torridge,,5343
E04003914,Little Maplestead,,E07000067,Braintree,,5344
E04003822,Salehurst and Robertsbridge,,E07000064,Rother,,5345
E04003359,Lands common to Bridestowe and Sourton CP's,,E07000047,West Devon,,5346
E04003163,Marldon,,E07000044,South Hams,,5347
E04003872,Little Burstead,,E07000066,Basildon,,5348
E04003272,Landcross,,E07000046,Torridge,,5349
E04003915,Little Yeldham,,E07000067,Braintree,,5350
E04003823,Sedlescombe,,E07000064,Rother,,5351
E04003766,Barcombe,,E07000063,Lewes,,5352
E04003164,Modbury,,E07000044,South Hams,,5353
E04003873,Ramsden Bellhouse,,E07000066,Basildon,,5354
E04003273,Langtree,,E07000046,Torridge,,5355
E04003916,Middleton,,E07000067,Braintree,,5356
E04003824,Ticehurst,,E07000064,Rother,,5357
E04003767,Beddingham,,E07000063,Lewes,,5358
E04003165,Newton and Noss,,E07000044,South Hams,,5359
E04003874,Ramsden Crays,,E07000066,Basildon,,5360
E04003275,Little Torrington,,E07000046,Torridge,,5361
E04003917,Ovington,,E07000067,Braintree,,5362
E04003825,Udimore,,E07000064,Rother,,5363
E04003768,Chailey,,E07000063,Lewes,,5364
E04003166,North Huish,,E07000044,South Hams,,5365
E04003875,Noak Bridge,,E07000066,Basildon,,5366
E04003276,Luffincott,,E07000046,Torridge,,5367
E04003918,Panfield,,E07000067,Braintree,,5368
E04003826,Westfield,,E07000064,Rother,,5369
E04003769,Ditchling,,E07000063,Lewes,,5370
E04003167,Rattery,,E07000044,South Hams,,5371
E04003876,Shotgate,,E07000066,Basildon,,5372
E04003277,Merton,,E07000046,Torridge,,5373
E04003919,Pebmarsh,,E07000067,Braintree,,5374
E04003827,Whatlington,,E07000064,Rother,,5375
E04003770,East Chiltington,,E07000063,Lewes,,5376
E04003168,Ringmore,,E07000044,South Hams,,5377
E04012052,Bowers Gifford and North Benfleet,,E07000066,Basildon,,5378
E04003278,Milton Damerel,,E07000046,Torridge,,5379
E04003920,Pentlow,,E07000067,Braintree,,5380
E04013123,Bexhill-on-Sea,,E07000064,Rother,,5381
E04003771,Falmer,,E07000063,Lewes,,5382
E04003169,Salcombe,,E07000044,South Hams,,5383
E04013150,Wickford,,E07000066,Basildon,,5384
E04003280,Newton St. Petrock,,E07000046,Torridge,,5385
E04003921,Rayne,,E07000067,Braintree,,5386
E04003922,Ridgewell,,E07000067,Braintree,,5387
E04003924,Shalford,,E07000067,Braintree,,5388
E04003925,Sible Hedingham,,E07000067,Braintree,,5389
E04003926,Silver End,,E07000067,Braintree,,5390
E04003927,Stambourne,,E07000067,Braintree,,5391
E04003928,Steeple Bumpstead,,E07000067,Braintree,,5392
E04003929,Stisted,,E07000067,Braintree,,5393
E04003930,Sturmer,,E07000067,Braintree,,5394
E04003931,Terling,,E07000067,Braintree,,5395
E04003932,Tilbury Juxta Clare,,E07000067,Braintree,,5396
E04003933,Toppesfield,,E07000067,Braintree,,5397
E04003934,Twinstead,,E07000067,Braintree,,5398
E04003935,Wethersfield,,E07000067,Braintree,,5399
E04003936,White Colne,,E07000067,Braintree,,5400
E04003937,White Notley,,E07000067,Braintree,,5401
E04003938,Wickham St. Paul,,E07000067,Braintree,,5402
E04012929,Great Notley,,E07000067,Braintree,,5403
E04012930,Greenstead Green and Halstead Rural,,E07000067,Braintree,,5404
E04012931,Halstead,,E07000067,Braintree,,5405
E04012932,Hatfield Peverel,,E07000067,Braintree,,5406
E04012933,Rivenhall,,E07000067,Braintree,,5407
E04012934,The Salings,,E07000067,Braintree,,5408
E04012935,Witham,,E07000067,Braintree,,5409
E04003941,"Blackmore, Hook End and Wyatts Green",,E07000068,Brentwood,,5410
E04003942,Doddinghurst,,E07000068,Brentwood,,5411
E04003943,Ingatestone and Fryerning,,E07000068,Brentwood,,5412
E04003944,Kelvedon Hatch,,E07000068,Brentwood,,5413
E04003945,Mountnessing,,E07000068,Brentwood,,5414
E04003946,Navestock,,E07000068,Brentwood,,5415
E04003947,Stondon Massey,,E07000068,Brentwood,,5416
E04003948,Herongate and Ingrave,,E07000068,Brentwood,,5417
E04003949,West Horndon,,E07000068,Brentwood,,5418
E04003950,Canvey Island,,E07000069,Castle Point,,5419
E04003953,Chignall,,E07000070,Chelmsford,,5420
E04003199,Buckfastleigh,,E07000045,Teignbridge,,5421
E04003828,Alciston,,E07000065,Wealden,,5422
E04003877,Alphamstone,,E07000067,Braintree,,5423
E04003282,Northcott,,E07000046,Torridge,,5424
E04003170,Shaugh Prior,,E07000044,South Hams,,5425
E04003829,Alfriston,,E07000065,Wealden,,5426
E04003200,Buckland in the Moor,,E07000045,Teignbridge,,5427
E04003878,Ashen,,E07000067,Braintree,,5428
E04003283,Pancrasweek,,E07000046,Torridge,,5429
E04003171,Slapton,,E07000044,South Hams,,5430
E04003772,Firle,,E07000063,Lewes,,5431
E04003830,Arlington,,E07000065,Wealden,,5432
E04003201,Christow,,E07000045,Teignbridge,,5433
E04003880,Belchamp Otten,,E07000067,Braintree,,5434
E04003284,Parkham,,E07000046,Torridge,,5435
E04003172,South Brent,,E07000044,South Hams,,5436
E04003773,Glynde,,E07000063,Lewes,,5437
E04003831,Berwick,,E07000065,Wealden,,5438
E04003202,Chudleigh,,E07000045,Teignbridge,,5439
E04003881,Belchamp St. Paul,,E07000067,Braintree,,5440
E04003285,Peters Marland,,E07000046,Torridge,,5441
E04003173,South Huish,,E07000044,South Hams,,5442
E04003774,Hamsey,,E07000063,Lewes,,5443
E04003832,Buxted,,E07000065,Wealden,,5444
E04003203,Coffinswell,,E07000045,Teignbridge,,5445
E04003882,Belchamp Walter,,E07000067,Braintree,,5446
E04003286,Petrockstow,,E07000046,Torridge,,5447
E04003174,South Milton,,E07000044,South Hams,,5448
E04003775,Iford,,E07000063,Lewes,,5449
E04003833,Chalvington with Ripe,,E07000065,Wealden,,5450
E04003204,Dawlish,,E07000045,Teignbridge,,5451
E04003883,Birdbrook,,E07000067,Braintree,,5452
E04003287,Pyworthy,,E07000046,Torridge,,5453
E04003175,South Pool,,E07000044,South Hams,,5454
E04003776,Kingston near Lewes,,E07000063,Lewes,,5455
E04003834,Chiddingly,,E07000065,Wealden,,5456
E04003835,Crowborough,,E07000065,Wealden,,5457
E04003836,Cuckmere Valley,,E07000065,Wealden,,5458
E04003837,Danehill,,E07000065,Wealden,,5459
E04003838,East Dean and Friston,,E07000065,Wealden,,5460
E04003839,East Hoathly with Halland,,E07000065,Wealden,,5461
E04003840,Fletching,,E07000065,Wealden,,5462
E04003841,Forest Row,,E07000065,Wealden,,5463
E04003842,Framfield,,E07000065,Wealden,,5464
E04003843,Frant,,E07000065,Wealden,,5465
E04003844,Hadlow Down,,E07000065,Wealden,,5466
E04003845,Hailsham,,E07000065,Wealden,,5467
E04003846,Hartfield,,E07000065,Wealden,,5468
E04003847,Heathfield and Waldron,,E07000065,Wealden,,5469
E04003848,Hellingly,,E07000065,Wealden,,5470
E04003849,Herstmonceux,,E07000065,Wealden,,5471
E04003850,Hooe,,E07000065,Wealden,,5472
E04003851,Horam,,E07000065,Wealden,,5473
E04003852,Isfield,,E07000065,Wealden,,5474
E04003777,Lewes,,E07000063,Lewes,,5475
E04003288,Roborough,,E07000046,Torridge,,5476
E04003176,Sparkwell,,E07000044,South Hams,,5477
E04003884,Black Notley,,E07000067,Braintree,,5478
E04003778,Newhaven,,E07000063,Lewes,,5479
E04003289,St. Giles in the Wood,,E07000046,Torridge,,5480
E04003177,Staverton,,E07000044,South Hams,,5481
E04003205,Doddiscombsleigh,,E07000045,Teignbridge,,5482
E04003885,Borley,,E07000067,Braintree,,5483
E04003779,Newick,,E07000063,Lewes,,5484
E04003290,St. Giles on the Heath,,E07000046,Torridge,,5485
E04003178,Stoke Fleming,,E07000044,South Hams,,5486
E04003206,Dunchideock,,E07000045,Teignbridge,,5487
E04003886,Bradwell,,E07000067,Braintree,,5488
E04003780,Peacehaven,,E07000063,Lewes,,5489
E04003291,Shebbear,,E07000046,Torridge,,5490
E04003179,Stoke Gabriel,,E07000044,South Hams,,5491
E04003207,Dunsford,,E07000045,Teignbridge,,5492
E04003887,Bulmer,,E07000067,Braintree,,5493
E04003781,Piddinghoe,,E07000063,Lewes,,5494
E04003292,Sheepwash,,E07000046,Torridge,,5495
E04003180,Stokenham,,E07000044,South Hams,,5496
E04003208,Exminster,,E07000045,Teignbridge,,5497
E04003888,Bures Hamlet,,E07000067,Braintree,,5498
E04003782,Plumpton,,E07000063,Lewes,,5499
E04003293,Sutcombe,,E07000046,Torridge,,5500
E04003181,Strete,,E07000044,South Hams,,5501
E04003209,Haccombe with Combe,,E07000045,Teignbridge,,5502
E04003889,Castle Hedingham,,E07000067,Braintree,,5503
E04003783,Ringmer,,E07000063,Lewes,,5504
E04003294,Tetcott,,E07000046,Torridge,,5505
E04003182,Thurlestone,,E07000044,South Hams,,5506
E04003210,Hennock,,E07000045,Teignbridge,,5507
E04003890,Coggeshall,,E07000067,Braintree,,5508
E04003784,Rodmell,,E07000063,Lewes,,5509
E04003295,Thornbury,,E07000046,Torridge,,5510
E04003183,Totnes,,E07000044,South Hams,,5511
E04003211,Holcombe Burnell,,E07000045,Teignbridge,,5512
E04003891,Colne Engaine,,E07000067,Braintree,,5513
E04003785,St. Ann (Without),,E07000063,Lewes,,5514
E04003296,Virginstow,,E07000046,Torridge,,5515
E04003184,Ugborough,,E07000044,South Hams,,5516
E04003212,Ide,,E07000045,Teignbridge,,5517
E04003892,Cressing,,E07000067,Braintree,,5518
E04003786,St. John (Without),,E07000063,Lewes,,5519
E04003298,Welcombe,,E07000046,Torridge,,5520
E04003185,Wembury,,E07000044,South Hams,,5521
E04003213,Ideford,,E07000045,Teignbridge,,5522
E04003893,Earls Colne,,E07000067,Braintree,,5523
E04003787,Southease,,E07000063,Lewes,,5524
E04003299,West Putford,,E07000046,Torridge,,5525
E04003186,West Alvington,,E07000044,South Hams,,5526
E04003214,Ilsington,,E07000045,Teignbridge,,5527
E04003215,Ipplepen,,E07000045,Teignbridge,,5528
E04003216,Kenn,,E07000045,Teignbridge,,5529
E04003217,Kenton,,E07000045,Teignbridge,,5530
E04003218,Kingskerswell,,E07000045,Teignbridge,,5531
E04003219,Kingsteignton,,E07000045,Teignbridge,,5532
E04003220,Lustleigh,,E07000045,Teignbridge,,5533
E04003221,Mamhead,,E07000045,Teignbridge,,5534
E04003222,Manaton,,E07000045,Teignbridge,,5535
E04003223,Moretonhampstead,,E07000045,Teignbridge,,5536
E04003225,North Bovey,,E07000045,Teignbridge,,5537
E04003227,Powderham,,E07000045,Teignbridge,,5538
E04003228,Shaldon,,E07000045,Teignbridge,,5539
E04003229,Shillingford St. George,,E07000045,Teignbridge,,5540
E04003230,Starcross,,E07000045,Teignbridge,,5541
E04003231,Stokeinteignhead,,E07000045,Teignbridge,,5542
E04003232,Tedburn St. Mary,,E07000045,Teignbridge,,5543
E04003233,Teigngrace,,E07000045,Teignbridge,,5544
E04003234,Teignmouth,,E07000045,Teignbridge,,5545
E04003235,Denbury and Torbryan,,E07000045,Teignbridge,,5546
E04003236,Trusham,,E07000045,Teignbridge,,5547
E04003237,Whitestone,,E07000045,Teignbridge,,5548
E04003238,Widecombe in the Moor,,E07000045,Teignbridge,,5549
E04003239,Woodland,,E07000045,Teignbridge,,5550
E04012121,Abbotskerswell,,E07000045,Teignbridge,,5551
E04013236,Newton Abbot,,E07000045,Teignbridge,,5552
E04013237,Ogwell,,E07000045,Teignbridge,,5553
E04003240,Abbots Bickington,,E07000046,Torridge,,5554
E04003242,Alverdiscott,,E07000046,Torridge,,5555
E04003243,Alwington,,E07000046,Torridge,,5556
E04003244,Ashreigney,,E07000046,Torridge,,5557
E04003245,Ashwater,,E07000046,Torridge,,5558
E04003246,Beaford,,E07000046,Torridge,,5559
E04003248,Black Torrington,,E07000046,Torridge,,5560
E04003249,Bradford,,E07000046,Torridge,,5561
E04003894,Fairstead,,E07000067,Braintree,,5562
E04003788,South Heighton,,E07000063,Lewes,,5563
E04003300,Winkleigh,,E07000046,Torridge,,5564
E04003895,Faulkbourne,,E07000067,Braintree,,5565
E04003187,West Buckfastleigh,,E07000044,South Hams,,5566
E04003789,Streat,,E07000063,Lewes,,5567
E04003301,Woolfardisworthy,,E07000046,Torridge,,5568
E04003896,Feering,,E07000067,Braintree,,5569
E04003188,Woodleigh,,E07000044,South Hams,,5570
E04003790,Tarring Neville,,E07000063,Lewes,,5571
E04003302,Yarnscombe,,E07000046,Torridge,,5572
E04003897,Finchingfield,,E07000067,Braintree,,5573
E04003189,Yealmpton,,E07000044,South Hams,,5574
E04003791,Telscombe,,E07000063,Lewes,,5575
E04003303,Area not comprised in any Parish-Lundy Island,,E07000046,Torridge,,5576
E04003898,Foxearth,,E07000067,Braintree,,5577
E04003191,Ashburton,,E07000045,Teignbridge,,5578
E04003792,Westmeston,,E07000063,Lewes,,5579
E04003899,Gestingthorpe,,E07000067,Braintree,,5580
E04003192,Ashcombe,,E07000045,Teignbridge,,5581
E04003793,Wivelsfield,,E07000063,Lewes,,5582
E04003900,Gosfield,,E07000067,Braintree,,5583
E04003193,Ashton,,E07000045,Teignbridge,,5584
E04003794,Seaford,,E07000063,Lewes,,5585
E04003901,Great Bardfield,,E07000067,Braintree,,5586
E04003194,Bickington,,E07000045,Teignbridge,,5587
E04003795,Ashburnham,,E07000064,Rother,,5588
E04003195,Bishopsteignton,,E07000045,Teignbridge,,5589
E04003796,Battle,,E07000064,Rother,,5590
E04003196,Bovey Tracey,,E07000045,Teignbridge,,5591
E04003797,Beckley,,E07000064,Rother,,5592
E04003197,Bridford,,E07000045,Teignbridge,,5593
E04003198,Broadhempston,,E07000045,Teignbridge,,5594
E04003798,Bodiam,,E07000064,Rother,,5595
E04003799,Brede,,E07000064,Rother,,5596
E04003800,Brightling,,E07000064,Rother,,5597
E04003801,Burwash,,E07000064,Rother,,5598
E04003802,Camber,,E07000064,Rother,,5599
E04003803,Catsfield,,E07000064,Rother,,5600
E04004000,Messing-cum-Inworth,,E07000071,Colchester,,5601
E04004157,Quendon and Rickling,,E07000077,Uttlesford,,5602
E04004001,Mount Bures,,E07000071,Colchester,,5603
E04004002,Peldon,,E07000071,Colchester,,5604
E04004003,Salcott,,E07000071,Colchester,,5605
E04004004,Stanway,,E07000071,Colchester,,5606
E04004005,Tiptree,,E07000071,Colchester,,5607
E04004006,Virley,,E07000071,Colchester,,5608
E04004158,Radwinter,,E07000077,Uttlesford,,5609
E04004264,Sevenhampton,,E07000079,Cotswold,,5610
E04004050,Hazeleigh,,E07000074,Maldon,,5611
E04004007,Wakes Colne,,E07000071,Colchester,,5612
E04004161,Stebbing,,E07000077,Uttlesford,,5613
E04004265,Sezincote,,E07000079,Cotswold,,5614
E04004052,Langford,,E07000074,Maldon,,5615
E04004008,West Bergholt,,E07000071,Colchester,,5616
E04004162,Strethall,,E07000077,Uttlesford,,5617
E04004099,Harwich,,E07000076,Tendring,,5618
E04004266,Sherborne,,E07000079,Cotswold,,5619
E04004053,Latchingdon,,E07000074,Maldon,,5620
E04004009,West Mersea,,E07000071,Colchester,,5621
E04004163,Takeley,,E07000077,Uttlesford,,5622
E04004100,Lawford,,E07000076,Tendring,,5623
E04004267,Shipton,,E07000079,Cotswold,,5624
E04004054,Little Braxted,,E07000074,Maldon,,5625
E04004010,Wivenhoe,,E07000071,Colchester,,5626
E04004164,Thaxted,,E07000077,Uttlesford,,5627
E04004101,Little Bentley,,E07000076,Tendring,,5628
E04004268,Shipton Moyne,,E07000079,Cotswold,,5629
E04004055,Little Totham,,E07000074,Maldon,,5630
E04004011,Wormingford,,E07000071,Colchester,,5631
E04004102,Little Bromley,,E07000076,Tendring,,5632
E04004165,Tilty,,E07000077,Uttlesford,,5633
E04004271,South Cerney,,E07000079,Cotswold,,5634
E04004056,Maldon,,E07000074,Maldon,,5635
E04012280,Myland,,E07000071,Colchester,,5636
E04004103,Little Clacton,,E07000076,Tendring,,5637
E04004166,Ugley,,E07000077,Uttlesford,,5638
E04004272,Southrop,,E07000079,Cotswold,,5639
E04004057,Mayland,,E07000074,Maldon,,5640
E04004013,Abbess Beauchamp and Berners Roding,,E07000072,Epping Forest,,5641
E04004104,Little Oakley,,E07000076,Tendring,,5642
E04004167,Wenden Lofts,,E07000077,Uttlesford,,5643
E04004273,Stow-on-the-Wold,,E07000079,Cotswold,,5644
E04004058,Mundon,,E07000074,Maldon,,5645
E04004014,Bobbingworth,,E07000072,Epping Forest,,5646
E04004105,Manningtree,,E07000076,Tendring,,5647
E04004168,Wendens Ambo,,E07000077,Uttlesford,,5648
E04004274,Swell,,E07000079,Cotswold,,5649
E04004059,North Fambridge,,E07000074,Maldon,,5650
E04004015,Epping,,E07000072,Epping Forest,,5651
E04004106,Mistley,,E07000076,Tendring,,5652
E04004202,Chedworth,,E07000079,Cotswold,,5653
E04004169,White Roothing,,E07000077,Uttlesford,,5654
E04004275,Syde,,E07000079,Cotswold,,5655
E04003954,Danbury,,E07000070,Chelmsford,,5656
E04004060,Purleigh,,E07000074,Maldon,,5657
E04004297,Blaisdon,,E07000080,Forest of Dean,,5658
E04004016,Epping Upland,,E07000072,Epping Forest,,5659
E04004107,Ramsey and Parkeston,,E07000076,Tendring,,5660
E04004170,Wicken Bonhunt,,E07000077,Uttlesford,,5661
E04004203,Cherington,,E07000079,Cotswold,,5662
E04004276,Temple Guiting,,E07000079,Cotswold,,5663
E04004061,St. Lawrence,,E07000074,Maldon,,5664
E04003955,East Hanningfield,,E07000070,Chelmsford,,5665
E04004298,Bromesberrow,,E07000080,Forest of Dean,,5666
E04004017,Fyfield,,E07000072,Epping Forest,,5667
E04004109,Tendring,,E07000076,Tendring,,5668
E04004171,Widdington,,E07000077,Uttlesford,,5669
E04004204,Chipping Campden,,E07000079,Cotswold,,5670
E04004206,Clapton,,E07000079,Cotswold,,5671
E04004209,Cold Aston,,E07000079,Cotswold,,5672
E04004211,Coln St. Aldwyns,,E07000079,Cotswold,,5673
E04004212,Coln St. Dennis,,E07000079,Cotswold,,5674
E04004213,Compton Abdale,,E07000079,Cotswold,,5675
E04004214,Condicote,,E07000079,Cotswold,,5676
E04004216,Cutsdean,,E07000079,Cotswold,,5677
E04004217,Daglingworth,,E07000079,Cotswold,,5678
E04004218,Didmarton,,E07000079,Cotswold,,5679
E04004219,Donnington,,E07000079,Cotswold,,5680
E04004220,Dowdeswell,,E07000079,Cotswold,,5681
E04004221,Down Ampney,,E07000079,Cotswold,,5682
E04004223,Duntisbourne Abbots,,E07000079,Cotswold,,5683
E04004224,Duntisbourne Rouse,,E07000079,Cotswold,,5684
E04004225,Eastleach,,E07000079,Cotswold,,5685
E04004226,Ebrington,,E07000079,Cotswold,,5686
E04004227,Edgeworth,,E07000079,Cotswold,,5687
E04004229,Evenlode,,E07000079,Cotswold,,5688
E04004231,Farmington,,E07000079,Cotswold,,5689
E04004232,Great Rissington,,E07000079,Cotswold,,5690
E04004233,Guiting Power,,E07000079,Cotswold,,5691
E04004234,Hampnett,,E07000079,Cotswold,,5692
E04004235,Hatherop,,E07000079,Cotswold,,5693
E04004236,Hazleton,,E07000079,Cotswold,,5694
E04004237,Icomb,,E07000079,Cotswold,,5695
E04004238,Kemble and Ewen,,E07000079,Cotswold,,5696
E04004240,Kingscote,,E07000079,Cotswold,,5697
E04004241,Lechlade,,E07000079,Cotswold,,5698
E04004242,Little Rissington,,E07000079,Cotswold,,5699
E04004243,Longborough,,E07000079,Cotswold,,5700
E04004244,Long Newnton,,E07000079,Cotswold,,5701
E04004245,Lower Slaughter,,E07000079,Cotswold,,5702
E04004246,Maiseyhampton,,E07000079,Cotswold,,5703
E04004247,Maugersbury,,E07000079,Cotswold,,5704
E04004248,Mickleton,,E07000079,Cotswold,,5705
E04004249,Moreton-in-Marsh,,E07000079,Cotswold,,5706
E04004250,Naunton,,E07000079,Cotswold,,5707
E04004251,North Cerney,,E07000079,Cotswold,,5708
E04004252,Northleach with Eastington,,E07000079,Cotswold,,5709
E04004253,Notgrove,,E07000079,Cotswold,,5710
E04004254,Oddington,,E07000079,Cotswold,,5711
E04004255,Ozleworth,,E07000079,Cotswold,,5712
E04004257,Poulton,,E07000079,Cotswold,,5713
E04004259,Quenington,,E07000079,Cotswold,,5714
E04004260,Rendcomb,,E07000079,Cotswold,,5715
E04004262,Saintbury,,E07000079,Cotswold,,5716
E04004263,Sapperton,,E07000079,Cotswold,,5717
E04004279,Todenham,,E07000079,Cotswold,,5718
E04004110,Thorpe-le-Soken,,E07000076,Tendring,,5719
E04004172,Wimbish,,E07000077,Uttlesford,,5720
E04004019,High Ongar,,E07000072,Epping Forest,,5721
E04004280,Turkdean,,E07000079,Cotswold,,5722
E04004062,Southminster,,E07000074,Maldon,,5723
E04004111,Thorrington,,E07000076,Tendring,,5724
E04010506,Little Dunmow,,E07000077,Uttlesford,,5725
E04003956,Galleywood,,E07000070,Chelmsford,,5726
E04004299,Churcham,,E07000080,Forest of Dean,,5727
E04004020,Lambourne,,E07000072,Epping Forest,,5728
E04004281,Upper Slaughter,,E07000079,Cotswold,,5729
E04004063,Steeple,,E07000074,Maldon,,5730
E04004112,Weeley,,E07000076,Tendring,,5731
E04010507,Flitch Green,,E07000077,Uttlesford,,5732
E04003957,Good Easter,,E07000070,Chelmsford,,5733
E04004300,Cinderford,,E07000080,Forest of Dean,,5734
E04004022,Magdalen Laver,,E07000072,Epping Forest,,5735
E04004282,Westcote,,E07000079,Cotswold,,5736
E04004064,Stow Maries,,E07000074,Maldon,,5737
E04004113,Wix,,E07000076,Tendring,,5738
E04012218,Birchanger,,E07000077,Uttlesford,,5739
E04003958,Great and Little Leighs,,E07000070,Chelmsford,,5740
E04003960,Great Waltham,,E07000070,Chelmsford,,5741
E04003961,Highwood,,E07000070,Chelmsford,,5742
E04003962,Little Baddow,,E07000070,Chelmsford,,5743
E04003964,Margaretting,,E07000070,Chelmsford,,5744
E04003965,Mashbury,,E07000070,Chelmsford,,5745
E04003966,Pleshey,,E07000070,Chelmsford,,5746
E04003967,Rettendon,,E07000070,Chelmsford,,5747
E04003968,Roxwell,,E07000070,Chelmsford,,5748
E04003969,Runwell,,E07000070,Chelmsford,,5749
E04003970,Sandon,,E07000070,Chelmsford,,5750
E04003971,South Hanningfield,,E07000070,Chelmsford,,5751
E04003972,South Woodham Ferrers,,E07000070,Chelmsford,,5752
E04003974,Stock,,E07000070,Chelmsford,,5753
E04003975,West Hanningfield,,E07000070,Chelmsford,,5754
E04003976,Woodham Ferrers and Bicknacre,,E07000070,Chelmsford,,5755
E04003977,Writtle,,E07000070,Chelmsford,,5756
E04013166,Boreham,,E07000070,Chelmsford,,5757
E04013167,Broomfield,,E07000070,Chelmsford,,5758
E04013168,Chelmer,,E07000070,Chelmsford,,5759
E04013169,Chelmsford Garden,,E07000070,Chelmsford,,5760
E04013170,Great Baddow,,E07000070,Chelmsford,,5761
E04013171,Little Waltham,,E07000070,Chelmsford,,5762
E04013172,Springfield,,E07000070,Chelmsford,,5763
E04003978,Abberton,,E07000071,Colchester,,5764
E04003979,Aldham,,E07000071,Colchester,,5765
E04003980,Birch,,E07000071,Colchester,,5766
E04003981,Boxted,,E07000071,Colchester,,5767
E04003982,Chappel,,E07000071,Colchester,,5768
E04003983,Copford,,E07000071,Colchester,,5769
E04003984,Dedham,,E07000071,Colchester,,5770
E04003985,East Donyland,,E07000071,Colchester,,5771
E04003986,East Mersea,,E07000071,Colchester,,5772
E04003987,Eight Ash Green,,E07000071,Colchester,,5773
E04003988,Fingringhoe,,E07000071,Colchester,,5774
E04003989,Fordham,,E07000071,Colchester,,5775
E04003990,Great and Little Wigborough,,E07000071,Colchester,,5776
E04003991,Great Horkesley,,E07000071,Colchester,,5777
E04003992,Great Tey,,E07000071,Colchester,,5778
E04003993,Langenhoe,,E07000071,Colchester,,5779
E04003994,Langham,,E07000071,Colchester,,5780
E04003995,Layer Breton,,E07000071,Colchester,,5781
E04003996,Layer-de-la-Haye,,E07000071,Colchester,,5782
E04003997,Layer Marney,,E07000071,Colchester,,5783
E04003998,Little Horkesley,,E07000071,Colchester,,5784
E04003999,Marks Tey,,E07000071,Colchester,,5785
E04012219,Stansted Mountfitchet,,E07000077,Uttlesford,,5786
E04004114,Wrabness,,E07000076,Tendring,,5787
E04004024,Moreton,,E07000072,Epping Forest,,5788
E04004065,Tillingham,,E07000074,Maldon,,5789
E04012937,Great Dunmow,,E07000077,Uttlesford,,5790
E04004283,Westonbirt with Lasborough,,E07000079,Cotswold,,5791
E04012802,St Osyth,,E07000076,Tendring,,5792
E04004025,Nazeing,,E07000072,Epping Forest,,5793
E04004301,Coleford,,E07000080,Forest of Dean,,5794
E04004066,Tollesbury,,E07000074,Maldon,,5795
E04012938,Little Easton,,E07000077,Uttlesford,,5796
E04004284,Weston Subedge,,E07000079,Cotswold,,5797
E04004115,Arkesden,,E07000077,Uttlesford,,5798
E04004026,North Weald Bassett,,E07000072,Epping Forest,,5799
E04004302,Corse,,E07000080,Forest of Dean,,5800
E04004067,Tolleshunt D'Arcy,,E07000074,Maldon,,5801
E04013153,Elsenham,,E07000077,Uttlesford,,5802
E04004285,Whittington,,E07000079,Cotswold,,5803
E04004116,Ashdon,,E07000077,Uttlesford,,5804
E04004027,Ongar,,E07000072,Epping Forest,,5805
E04004303,Drybrook,,E07000080,Forest of Dean,,5806
E04004068,Tolleshunt Knights,,E07000074,Maldon,,5807
E04004069,Tolleshunt Major,,E07000074,Maldon,,5808
E04004070,Ulting,,E07000074,Maldon,,5809
E04004071,Wickham Bishops,,E07000074,Maldon,,5810
E04004072,Woodham Mortimer,,E07000074,Maldon,,5811
E04004073,Woodham Walter,,E07000074,Maldon,,5812
E04012990,Heybridge,,E07000074,Maldon,,5813
E04012991,Heybridge Basin,,E07000074,Maldon,,5814
E04004074,Ashingdon,,E07000075,Rochford,,5815
E04004075,Barling Magna,,E07000075,Rochford,,5816
E04004076,Canewdon,,E07000075,Rochford,,5817
E04004077,Foulness,,E07000075,Rochford,,5818
E04004078,Great Wakering,,E07000075,Rochford,,5819
E04004079,Hawkwell,,E07000075,Rochford,,5820
E04004080,Hockley,,E07000075,Rochford,,5821
E04004081,Hullbridge,,E07000075,Rochford,,5822
E04004082,Paglesham,,E07000075,Rochford,,5823
E04004083,Rochford,,E07000075,Rochford,,5824
E04004084,Stambridge,,E07000075,Rochford,,5825
E04004085,Sutton,,E07000075,Rochford,,5826
E04004086,Rawreth,,E07000075,Rochford,,5827
E04004087,Rayleigh,,E07000075,Rochford,,5828
E04004088,Alresford,,E07000076,Tendring,,5829
E04004089,Ardleigh,,E07000076,Tendring,,5830
E04004090,Beaumont-cum-Moze,,E07000076,Tendring,,5831
E04004091,Bradfield,,E07000076,Tendring,,5832
E04004092,Brightlingsea,,E07000076,Tendring,,5833
E04004093,Elmstead,,E07000076,Tendring,,5834
E04004094,Frating,,E07000076,Tendring,,5835
E04004095,Frinton and Walton,,E07000076,Tendring,,5836
E04004096,Great Bentley,,E07000076,Tendring,,5837
E04004097,Great Bromley,,E07000076,Tendring,,5838
E04004098,Great Oakley,,E07000076,Tendring,,5839
E04004117,Aythorpe Roding,,E07000077,Uttlesford,,5840
E04013155,Henham,,E07000077,Uttlesford,,5841
E04004304,Dymock,,E07000080,Forest of Dean,,5842
E04004118,Barnston,,E07000077,Uttlesford,,5843
E04004028,Roydon,,E07000072,Epping Forest,,5844
E04013410,Great Chesterford,,E07000077,Uttlesford,,5845
E04004305,English Bicknor,,E07000080,Forest of Dean,,5846
E04004119,Berden,,E07000077,Uttlesford,,5847
E04004029,Sheering,,E07000072,Epping Forest,,5848
E04013411,Little Chesterford,,E07000077,Uttlesford,,5849
E04004286,Wick Rissington,,E07000079,Cotswold,,5850
E04004306,Hartpury,,E07000080,Forest of Dean,,5851
E04004121,Broxted,,E07000077,Uttlesford,,5852
E04004030,Stanford Rivers,,E07000072,Epping Forest,,5853
E04013412,Saffron Walden,,E07000077,Uttlesford,,5854
E04004287,Willersey,,E07000079,Cotswold,,5855
E04004307,Hewelsfield and Brockweir,,E07000080,Forest of Dean,,5856
E04004122,Chickney,,E07000077,Uttlesford,,5857
E04004031,Stapleford Abbotts,,E07000072,Epping Forest,,5858
E04013413,Sewards End,,E07000077,Uttlesford,,5859
E04004288,Windrush,,E07000079,Cotswold,,5860
E04004308,Huntley,,E07000080,Forest of Dean,,5861
E04004123,Chrishall,,E07000077,Uttlesford,,5862
E04004032,Stapleford Tawney,,E07000072,Epping Forest,,5863
E04004176,Swindon,,E07000078,Cheltenham,,5864
E04004289,Winson,,E07000079,Cotswold,,5865
E04004309,Kempley,,E07000080,Forest of Dean,,5866
E04004124,Clavering,,E07000077,Uttlesford,,5867
E04004033,Theydon Bois,,E07000072,Epping Forest,,5868
E04012753,Charlton Kings,,E07000078,Cheltenham,,5869
E04004290,Winstone,,E07000079,Cotswold,,5870
E04004310,Littledean,,E07000080,Forest of Dean,,5871
E04004125,Debden,,E07000077,Uttlesford,,5872
E04004034,Theydon Garnon,,E07000072,Epping Forest,,5873
E04012754,Leckhampton with Warden Hill,,E07000078,Cheltenham,,5874
E04004292,Yanworth,,E07000079,Cotswold,,5875
E04004311,Longhope,,E07000080,Forest of Dean,,5876
E04004312,Lydbrook,,E07000080,Forest of Dean,,5877
E04004313,Lydney,,E07000080,Forest of Dean,,5878
E04004314,Mitcheldean,,E07000080,Forest of Dean,,5879
E04004315,Newent,,E07000080,Forest of Dean,,5880
E04004316,Newland,,E07000080,Forest of Dean,,5881
E04004317,Newnham,,E07000080,Forest of Dean,,5882
E04004318,Oxenhall,,E07000080,Forest of Dean,,5883
E04004319,Pauntley,,E07000080,Forest of Dean,,5884
E04004320,Redmarley D'Abitot,,E07000080,Forest of Dean,,5885
E04004321,Ruardean,,E07000080,Forest of Dean,,5886
E04004322,Rudford and Highleadon,,E07000080,Forest of Dean,,5887
E04004323,Ruspidge and Soudley,,E07000080,Forest of Dean,,5888
E04004324,St. Briavels,,E07000080,Forest of Dean,,5889
E04004325,Staunton,,E07000080,Forest of Dean,,5890
E04004326,Staunton Coleford,,E07000080,Forest of Dean,,5891
E04004327,Taynton,,E07000080,Forest of Dean,,5892
E04004328,Tibberton,,E07000080,Forest of Dean,,5893
E04004329,Tidenham,,E07000080,Forest of Dean,,5894
E04004330,Upleadon,,E07000080,Forest of Dean,,5895
E04004331,Westbury-on-Severn,,E07000080,Forest of Dean,,5896
E04004332,West Dean,,E07000080,Forest of Dean,,5897
E04004333,Woolaston,,E07000080,Forest of Dean,,5898
E04004334,Gorsley and Kilcot,,E07000080,Forest of Dean,,5899
E04004335,Quedgeley,,E07000081,Gloucester,,5900
E04004336,Alderley,,E07000082,Stroud,,5901
E04004337,Alkington,,E07000082,Stroud,,5902
E04004338,Arlingham,,E07000082,Stroud,,5903
E04004339,Berkeley,,E07000082,Stroud,,5904
E04004341,Brookthorpe-with-Whaddon,,E07000082,Stroud,,5905
E04004343,Cam,,E07000082,Stroud,,5906
E04004345,Coaley,,E07000082,Stroud,,5907
E04004347,Dursley,,E07000082,Stroud,,5908
E04004349,Elmore,,E07000082,Stroud,,5909
E04004350,Frampton on Severn,,E07000082,Stroud,,5910
E04004351,Fretherne with Saul,,E07000082,Stroud,,5911
E04004035,Theydon Mount,,E07000072,Epping Forest,,5912
E04012755,Prestbury,,E07000078,Cheltenham,,5913
E04004293,Upper Rissington,,E07000079,Cotswold,,5914
E04004036,Waltham Abbey,,E07000072,Epping Forest,,5915
E04004126,Elmdon,,E07000077,Uttlesford,,5916
E04012756,Up Hatherley,,E07000078,Cheltenham,,5917
E04012376,Coates,,E07000079,Cotswold,,5918
E04004037,Willingale,,E07000072,Epping Forest,,5919
E04004128,Farnham,,E07000077,Uttlesford,,5920
E04004179,Adlestrop,,E07000079,Cotswold,,5921
E04012378,Colesbourne,,E07000079,Cotswold,,5922
E04004038,Buckhurst Hill,,E07000072,Epping Forest,,5923
E04004129,Felsted,,E07000077,Uttlesford,,5924
E04004180,Aldsworth,,E07000079,Cotswold,,5925
E04012380,Elkstone,,E07000079,Cotswold,,5926
E04004039,Chigwell,,E07000072,Epping Forest,,5927
E04004130,Great Canfield,,E07000077,Uttlesford,,5928
E04004183,Ampney St. Peter,,E07000079,Cotswold,,5929
E04012381,Fairford,,E07000079,Cotswold,,5930
E04004040,Loughton,,E07000072,Epping Forest,,5931
E04004133,Great Easton,,E07000077,Uttlesford,,5932
E04004184,Andoversford,,E07000079,Cotswold,,5933
E04012382,Kempsford,,E07000079,Cotswold,,5934
E04012201,High Laver,,E07000072,Epping Forest,,5935
E04004134,Great Hallingbury,,E07000077,Uttlesford,,5936
E04004185,Ashley,,E07000079,Cotswold,,5937
E04012383,Poole Keynes,,E07000079,Cotswold,,5938
E04012202,Little Laver,,E07000072,Epping Forest,,5939
E04004135,Great Sampford,,E07000077,Uttlesford,,5940
E04004186,Aston Subedge,,E07000079,Cotswold,,5941
E04012384,Preston,,E07000079,Cotswold,,5942
E04012203,Matching,,E07000072,Epping Forest,,5943
E04004041,Althorne,,E07000074,Maldon,,5944
E04004042,Asheldham,,E07000074,Maldon,,5945
E04004043,Bradwell-on-Sea,,E07000074,Maldon,,5946
E04004044,Burnham-on-Crouch,,E07000074,Maldon,,5947
E04004045,Cold Norton,,E07000074,Maldon,,5948
E04004046,Dengie,,E07000074,Maldon,,5949
E04004047,Goldhanger,,E07000074,Maldon,,5950
E04004048,Great Braxted,,E07000074,Maldon,,5951
E04004049,Great Totham,,E07000074,Maldon,,5952
E04004187,Avening,,E07000079,Cotswold,,5953
E04012385,Rodmarton,,E07000079,Cotswold,,5954
E04004188,Bagendon,,E07000079,Cotswold,,5955
E04004189,Barnsley,,E07000079,Cotswold,,5956
E04012386,Siddington,,E07000079,Cotswold,,5957
E04004190,Barrington,,E07000079,Cotswold,,5958
E04012387,Somerford Keynes,,E07000079,Cotswold,,5959
E04004191,Batsford,,E07000079,Cotswold,,5960
E04012388,Tetbury,,E07000079,Cotswold,,5961
E04004193,Beverston,,E07000079,Cotswold,,5962
E04004136,Hadstock,,E07000077,Uttlesford,,5963
E04012389,Tetbury Upton,,E07000079,Cotswold,,5964
E04004194,Bibury,,E07000079,Cotswold,,5965
E04004137,Hatfield Broad Oak,,E07000077,Uttlesford,,5966
E04013253,Ampney Crucis,,E07000079,Cotswold,,5967
E04004195,Bledington,,E07000079,Cotswold,,5968
E04004138,Hatfield Heath,,E07000077,Uttlesford,,5969
E04013254,Ampney St. Mary,,E07000079,Cotswold,,5970
E04004196,Blockley,,E07000079,Cotswold,,5971
E04004139,Hempstead,,E07000077,Uttlesford,,5972
E04013255,Driffield,,E07000079,Cotswold,,5973
E04004197,Bourton-on-the-Hill,,E07000079,Cotswold,,5974
E04004141,High Easter,,E07000077,Uttlesford,,5975
E04013301,Baunton,,E07000079,Cotswold,,5976
E04004198,Bourton-on-the-Water,,E07000079,Cotswold,,5977
E04004142,High Roothing,,E07000077,Uttlesford,,5978
E04013302,Birdlip,,E07000079,Cotswold,,5979
E04004199,Boxwell with Leighterton,,E07000079,Cotswold,,5980
E04004143,Langley,,E07000077,Uttlesford,,5981
E04013303,Cirencester,,E07000079,Cotswold,,5982
E04004201,Broadwell,,E07000079,Cotswold,,5983
E04004144,Leaden Roding,     ,E07000077,Uttlesford,,5984
E04013304,Coberley,,E07000079,Cotswold,,5985
E04004145,Lindsell,,E07000077,Uttlesford,,5986
E04013305,Cowley,,E07000079,Cotswold,,5987
E04004146,Little Bardfield,,E07000077,Uttlesford,,5988
E04013306,Withington,,E07000079,Cotswold,,5989
E04004147,Little Canfield,,E07000077,Uttlesford,,5990
E04013329,Brimpsfield,,E07000079,Cotswold,,5991
E04004151,Little Hallingbury,,E07000077,Uttlesford,,5992
E04004294,Alvington,,E07000080,Forest of Dean,,5993
E04004152,Little Sampford,,E07000077,Uttlesford,,5994
E04004295,Awre,,E07000080,Forest of Dean,,5995
E04004153,Littlebury,,E07000077,Uttlesford,,5996
E04004296,Aylburton,,E07000080,Forest of Dean,,5997
E04004154,Manuden,,E07000077,Uttlesford,,5998
E04004155,Margaret Roding,,E07000077,Uttlesford,,5999
E04004156,Newport,,E07000077,Uttlesford,,6000
E04004687,Swanmore,,E07000094,Winchester,,6001
E04004688,Tichborne,,E07000094,Winchester,,6002
E04004689,Twyford,,E07000094,Winchester,,6003
E04004690,Upham,,E07000094,Winchester,,6004
E04004691,Warnford,,E07000094,Winchester,,6005
E04004692,West Meon,,E07000094,Winchester,,6006
E04004693,Wickham and Knowle,,E07000094,Winchester,,6007
E04004694,Wonston,,E07000094,Winchester,,6008
E04012911,Denmead,,E07000094,Winchester,,6009
E04004444,Candovers,,E07000084,Basingstoke and Deane,,6010
E04012912,Newlands,,E07000094,Winchester,,6011
E04012913,Southwick and Widley,,E07000094,Winchester,,6012
E04013299,Curdridge,,E07000094,Winchester,,6013
E04013300,Whiteley,,E07000094,Winchester,,6014
E04004696,Aldbury,,E07000096,Dacorum,,6015
E04004697,Berkhamsted,,E07000096,Dacorum,,6016
E04004698,Bovingdon,,E07000096,Dacorum,,6017
E04004699,Chipperfield,,E07000096,Dacorum,,6018
E04004700,Flamstead,,E07000096,Dacorum,,6019
E04004701,Flaunden,,E07000096,Dacorum,,6020
E04004702,Great Gaddesden,,E07000096,Dacorum,,6021
E04004703,Kings Langley,,E07000096,Dacorum,,6022
E04004704,Little Gaddesden,,E07000096,Dacorum,,6023
E04004705,Markyate,,E07000096,Dacorum,,6024
E04004706,Nash Mills,,E07000096,Dacorum,,6025
E04004707,Nettleden with Potten End,,E07000096,Dacorum,,6026
E04004708,Northchurch,,E07000096,Dacorum,,6027
E04004709,Tring,,E07000096,Dacorum,,6028
E04004710,Tring Rural,,E07000096,Dacorum,,6029
E04004711,Wigginton,,E07000096,Dacorum,,6030
E04004763,Elstree and Borehamwood,,E07000098,Hertsmere,,6031
E04004765,Shenley,,E07000098,Hertsmere,,6032
E04013250,Aldenham,,E07000098,Hertsmere,,6033
E04013251,Hertsmere Meriden,,E07000098,Hertsmere,,6034
E04013252,South Mimms and Ridge,,E07000098,Hertsmere,,6035
E04004767,Ashwell,,E07000099,North Hertfordshire,,6036
E04004768,Barkway,,E07000099,North Hertfordshire,,6037
E04004769,Barley,,E07000099,North Hertfordshire,,6038
E04004770,Bygrave,,E07000099,North Hertfordshire,,6039
E04004771,Caldecote,,E07000099,North Hertfordshire,,6040
E04004772,Clothall,,E07000099,North Hertfordshire,,6041
E04004773,Codicote,,E07000099,North Hertfordshire,,6042
E04004775,Hexton,,E07000099,North Hertfordshire,,6043
E04004776,Hinxworth,,E07000099,North Hertfordshire,,6044
E04004777,Holwell,,E07000099,North Hertfordshire,,6045
E04004778,Ickleford,,E07000099,North Hertfordshire,,6046
E04004779,St Ippolyts,,E07000099,North Hertfordshire,,6047
E04004780,Kelshall,,E07000099,North Hertfordshire,,6048
E04004781,Kimpton,,E07000099,North Hertfordshire,,6049
E04004352,Frocester,,E07000082,Stroud,,6050
E04004782,King's Walden,,E07000099,North Hertfordshire,,6051
E04004783,Knebworth,,E07000099,North Hertfordshire,,6052
E04004398,Down Hatherley,,E07000083,Tewkesbury,,6053
E04004541,Eversley,,E07000089,Hart,,6054
E04012850,Melchet Park and Plaitford,,E07000093,Test Valley,,6055
E04004493,Binsted,,E07000085,East Hampshire,,6056
E04004586,Sway,,E07000091,New Forest,,6057
E04004445,Chineham,,E07000084,Basingstoke and Deane,,6058
E04004400,Elmstone Hardwicke,,E07000083,Tewkesbury,,6059
E04012851,Nether Wallop,,E07000093,Test Valley,,6060
E04004353,Ham and Stone,,E07000082,Stroud,,6061
E04004542,Greywell,,E07000089,Hart,,6062
E04004446,Cliddesden,,E07000084,Basingstoke and Deane,,6063
E04004401,Forthampton,,E07000083,Tewkesbury,,6064
E04012852,North Baddesley,,E07000093,Test Valley,,6065
E04004354,Hamfallow,,E07000082,Stroud,,6066
E04004587,Totton and Eling,,E07000091,New Forest,,6067
E04004494,Bramshott and Liphook,,E07000085,East Hampshire,,6068
E04004546,Hook,,E07000089,Hart,,6069
E04004447,Deane,,E07000084,Basingstoke and Deane,,6070
E04004402,Gotherington,,E07000083,Tewkesbury,,6071
E04012853,Over Wallop,,E07000093,Test Valley,,6072
E04004356,Harescombe,,E07000082,Stroud,,6073
E04004588,Whitsbury,,E07000091,New Forest,,6074
E04004495,Buriton,,E07000085,East Hampshire,,6075
E04004547,Long Sutton,,E07000089,Hart,,6076
E04004448,Dummer,,E07000084,Basingstoke and Deane,,6077
E04004403,Great Witcombe,,E07000083,Tewkesbury,,6078
E04012854,Penton Grafton,,E07000093,Test Valley,,6079
E04004358,Hillesley and Tresham,,E07000082,Stroud,,6080
E04004589,Woodgreen,,E07000091,New Forest,,6081
E04004496,Chawton,,E07000085,East Hampshire,,6082
E04004549,Odiham,,E07000089,Hart,,6083
E04004551,South Warnborough,,E07000089,Hart,,6084
E04004553,Yateley,,E07000089,Hart,,6085
E04012053,Blackwater and Hawley,,E07000089,Hart,,6086
E04012054,Church Crookham,,E07000089,Hart,,6087
E04012055,Crondall,,E07000089,Hart,,6088
E04012056,Crookham Village,,E07000089,Hart,,6089
E04012057,Dogmersfield,,E07000089,Hart,,6090
E04012058,Elvetham Heath,,E07000089,Hart,,6091
E04012059,Ewshot,,E07000089,Hart,,6092
E04012060,Fleet,,E07000089,Hart,,6093
E04012061,Hartley Wintney,,E07000089,Hart,,6094
E04012062,Heckfield,,E07000089,Hart,,6095
E04012063,Mattingley,,E07000089,Hart,,6096
E04012064,Rotherwick,,E07000089,Hart,,6097
E04012065,Winchfield,,E07000089,Hart,,6098
E04004554,Ashurst and Colbury,,E07000091,New Forest,,6099
E04004555,Beaulieu,,E07000091,New Forest,,6100
E04004556,Boldre,,E07000091,New Forest,,6101
E04004557,Bramshaw,,E07000091,New Forest,,6102
E04004558,Bransgore,,E07000091,New Forest,,6103
E04004560,Brockenhurst,,E07000091,New Forest,,6104
E04004561,Burley,,E07000091,New Forest,,6105
E04004562,Copythorne,,E07000091,New Forest,,6106
E04004563,Damerham,,E07000091,New Forest,,6107
E04004564,Denny Lodge,,E07000091,New Forest,,6108
E04004565,East Boldre,,E07000091,New Forest,,6109
E04004566,"Ellingham, Harbridge and Ibsley",,E07000091,New Forest,,6110
E04004567,Exbury and Lepe,,E07000091,New Forest,,6111
E04004568,Fawley,,E07000091,New Forest,,6112
E04004570,Hale,,E07000091,New Forest,,6113
E04004571,Hordle,,E07000091,New Forest,,6114
E04004572,Hyde,,E07000091,New Forest,,6115
E04004573,Hythe and Dibden,,E07000091,New Forest,,6116
E04004574,Lymington and Pennington,,E07000091,New Forest,,6117
E04004575,Lyndhurst,,E07000091,New Forest,,6118
E04004576,Marchwood,,E07000091,New Forest,,6119
E04004577,Martin,,E07000091,New Forest,,6120
E04004578,Milford-on-sea,,E07000091,New Forest,,6121
E04004579,Minstead,,E07000091,New Forest,,6122
E04004580,Netley Marsh,,E07000091,New Forest,,6123
E04004581,New Milton,,E07000091,New Forest,,6124
E04004582,Ringwood,,E07000091,New Forest,,6125
E04004583,Rockbourne,,E07000091,New Forest,,6126
E04004584,Sandleheath,,E07000091,New Forest,,6127
E04004585,Sopley,,E07000091,New Forest,,6128
E04004449,East Woodhay,,E07000084,Basingstoke and Deane,,6129
E04004497,Clanfield,,E07000085,East Hampshire,,6130
E04012144,Breamore,,E07000091,New Forest,,6131
E04004359,Hinton,,E07000082,Stroud,,6132
E04004404,Hasfield,,E07000083,Tewkesbury,,6133
E04004450,"Ecchinswell, Sydmonton and Bishops Green",,E07000084,Basingstoke and Deane,,6134
E04004498,Colemore and Priors Dean,,E07000085,East Hampshire,,6135
E04012145,Fordingbridge,,E07000091,New Forest,,6136
E04004360,Horsley,,E07000082,Stroud,,6137
E04012855,Quarley,,E07000093,Test Valley,,6138
E04004405,Hawling,,E07000083,Tewkesbury,,6139
E04004451,Ellisfield,,E07000084,Basingstoke and Deane,,6140
E04004499,East Meon,,E07000085,East Hampshire,,6141
E04012146,Godshill,,E07000091,New Forest,,6142
E04004361,King's Stanley,,E07000082,Stroud,,6143
E04012857,Sherfield English,,E07000093,Test Valley,,6144
E04004407,Hucclecote,,E07000083,Tewkesbury,,6145
E04004452,Farleigh Wallop,,E07000084,Basingstoke and Deane,,6146
E04004500,East Tisted,,E07000085,East Hampshire,,6147
E04004593,Amport,,E07000093,Test Valley,,6148
E04004363,Leonard Stanley,,E07000082,Stroud,,6149
E04012858,Smannell,,E07000093,Test Valley,,6150
E04004409,Leigh,,E07000083,Tewkesbury,,6151
E04004412,Minsterworth,,E07000083,Tewkesbury,,6152
E04004413,Norton,,E07000083,Tewkesbury,,6153
E04004414,Oxenton,,E07000083,Tewkesbury,,6154
E04004415,Prescott,,E07000083,Tewkesbury,,6155
E04004416,Sandhurst,,E07000083,Tewkesbury,,6156
E04004417,Shurdington,,E07000083,Tewkesbury,,6157
E04004418,Snowshill,,E07000083,Tewkesbury,,6158
E04004420,Stanton,,E07000083,Tewkesbury,,6159
E04004422,Staverton,,E07000083,Tewkesbury,,6160
E04004423,Stoke Orchard,,E07000083,Tewkesbury,,6161
E04004424,Sudeley,,E07000083,Tewkesbury,,6162
E04004425,Teddington,,E07000083,Tewkesbury,,6163
E04004426,Tewkesbury,,E07000083,Tewkesbury,,6164
E04004427,Tirley,,E07000083,Tewkesbury,,6165
E04004429,Twigworth,,E07000083,Tewkesbury,,6166
E04004430,Twyning,,E07000083,Tewkesbury,,6167
E04004431,Uckington,,E07000083,Tewkesbury,,6168
E04004432,Winchcombe,,E07000083,Tewkesbury,,6169
E04004433,Woodmancote,,E07000083,Tewkesbury,,6170
E04004434,Gretton,,E07000083,Tewkesbury,,6171
E04004436,Northway,,E07000083,Tewkesbury,,6172
E04013261,Ashchurch Rural,,E07000083,Tewkesbury,,6173
E04013262,Badgeworth,,E07000083,Tewkesbury,,6174
E04013263,Bishop's Cleeve,,E07000083,Tewkesbury,,6175
E04013264,Churchdown,,E07000083,Tewkesbury,,6176
E04013265,Highnam,,E07000083,Tewkesbury,,6177
E04013266,Innsworth,,E07000083,Tewkesbury,,6178
E04013267,Longford,,E07000083,Tewkesbury,,6179
E04013268,Maisemore,,E07000083,Tewkesbury,,6180
E04013269,Southam,,E07000083,Tewkesbury,,6181
E04013270,Stanway,,E07000083,Tewkesbury,,6182
E04013271,Toddington,,E07000083,Tewkesbury,,6183
E04013272,Wheatpieces,,E07000083,Tewkesbury,,6184
E04013313,Dumbleton,,E07000083,Tewkesbury,,6185
E04013314,Wormington,,E07000083,Tewkesbury,,6186
E04004438,Ashford Hill with Headley,,E07000084,Basingstoke and Deane,,6187
E04004439,Ashmansworth,,E07000084,Basingstoke and Deane,,6188
E04004440,Baughurst,,E07000084,Basingstoke and Deane,,6189
E04004441,Bradley,,E07000084,Basingstoke and Deane,,6190
E04004442,Bramley,,E07000084,Basingstoke and Deane,,6191
E04004443,Burghclere,,E07000084,Basingstoke and Deane,,6192
E04012859,Tangley,,E07000093,Test Valley,,6193
E04004453,Hannington,,E07000084,Basingstoke and Deane,,6194
E04004595,Ashley,,E07000093,Test Valley,,6195
E04004501,Farringdon,,E07000085,East Hampshire,,6196
E04012860,Upper Clatford,,E07000093,Test Valley,,6197
E04004454,Hartley Wespall,,E07000084,Basingstoke and Deane,,6198
E04004598,Bossington,,E07000093,Test Valley,,6199
E04004502,Four Marks,,E07000085,East Hampshire,,6200
E04012861,Valley Park,,E07000093,Test Valley,,6201
E04004455,Herriard,,E07000084,Basingstoke and Deane,,6202
E04004600,Broughton,,E07000093,Test Valley,,6203
E04004364,Longney and Epney,,E07000082,Stroud,,6204
E04004503,Froxfield and Privett,,E07000085,East Hampshire,,6205
E04012862,Wellow,,E07000093,Test Valley,,6206
E04004456,Highclere,,E07000084,Basingstoke and Deane,,6207
E04004601,Buckholt,,E07000093,Test Valley,,6208
E04004366,Miserden,,E07000082,Stroud,,6209
E04004504,Froyle,,E07000085,East Hampshire,,6210
E04012863,Wherwell,,E07000093,Test Valley,,6211
E04004457,Hurstbourne Priors,,E07000084,Basingstoke and Deane,,6212
E04004602,Bullington,,E07000093,Test Valley,,6213
E04004369,North Nibley,,E07000082,Stroud,,6214
E04004505,Grayshott,,E07000085,East Hampshire,,6215
E04013317,Awbridge,,E07000093,Test Valley,,6216
E04004604,Chilbolton,,E07000093,Test Valley,,6217
E04004458,Kingsclere,,E07000084,Basingstoke and Deane,,6218
E04004606,East Dean,,E07000093,Test Valley,,6219
E04004459,Laverstoke,,E07000084,Basingstoke and Deane,,6220
E04004607,East Tytherley,,E07000093,Test Valley,,6221
E04004460,Litchfield and Woodcott,,E07000084,Basingstoke and Deane,,6222
E04004370,Nympsfield,,E07000082,Stroud,,6223
E04004506,Greatham,,E07000085,East Hampshire,,6224
E04013318,Romsey,,E07000093,Test Valley,,6225
E04004507,Hawkley,,E07000085,East Hampshire,,6226
E04004649,Badger Farm,,E07000094,Winchester,,6227
E04004608,Faccombe,,E07000093,Test Valley,,6228
E04004371,Owlpen,,E07000082,Stroud,,6229
E04004461,Mapledurwell and Up Nately,,E07000084,Basingstoke and Deane,,6230
E04004508,Headley,,E07000085,East Hampshire,,6231
E04004650,Beauworth,,E07000094,Winchester,,6232
E04004609,Frenchmoor,,E07000093,Test Valley,,6233
E04004372,Painswick,,E07000082,Stroud,,6234
E04004462,Monk Sherborne,,E07000084,Basingstoke and Deane,,6235
E04004509,Horndean,,E07000085,East Hampshire,,6236
E04004651,Bighton,,E07000094,Winchester,,6237
E04004610,Fyfield,,E07000093,Test Valley,,6238
E04004373,Pitchcombe,,E07000082,Stroud,,6239
E04004463,Mortimer West End,,E07000084,Basingstoke and Deane,,6240
E04004510,Kingsley,,E07000085,East Hampshire,,6241
E04004652,Bishops Sutton,,E07000094,Winchester,,6242
E04004613,Houghton,,E07000093,Test Valley,,6243
E04004374,Randwick and Westrip,,E07000082,Stroud,,6244
E04004464,Newnham,,E07000084,Basingstoke and Deane,,6245
E04004511,Langrish,,E07000085,East Hampshire,,6246
E04004653,Bishops Waltham,,E07000094,Winchester,,6247
E04004614,Hurstbourne Tarrant,,E07000093,Test Valley,,6248
E04004376,Slimbridge,,E07000082,Stroud,,6249
E04004465,Newtown,,E07000084,Basingstoke and Deane,,6250
E04004512,Lasham,,E07000085,East Hampshire,,6251
E04004654,Boarhunt,,E07000094,Winchester,,6252
E04004615,Kimpton,,E07000093,Test Valley,,6253
E04004378,Stinchcombe,,E07000082,Stroud,,6254
E04004466,North Waltham,,E07000084,Basingstoke and Deane,,6255
E04004513,Lindford,,E07000085,East Hampshire,,6256
E04004655,Bramdean and Hinton Ampner,,E07000094,Winchester,,6257
E04004616,Kings Somborne,,E07000093,Test Valley,,6258
E04004382,Uley,,E07000082,Stroud,,6259
E04004467,Nutley,,E07000084,Basingstoke and Deane,,6260
E04004514,Liss,,E07000085,East Hampshire,,6261
E04004656,Cheriton,,E07000094,Winchester,,6262
E04004617,Leckford,,E07000093,Test Valley,,6263
E04004384,Whiteshill and Ruscombe,,E07000082,Stroud,,6264
E04004468,Oakley,,E07000084,Basingstoke and Deane,,6265
E04004515,Medstead,,E07000085,East Hampshire,,6266
E04004657,Chilcomb,,E07000094,Winchester,,6267
E04004618,Linkenholt,,E07000093,Test Valley,,6268
E04004385,Whitminster,,E07000082,Stroud,,6269
E04004469,Old Basing and Lychpit,,E07000084,Basingstoke and Deane,,6270
E04004516,Newton Valence,,E07000085,East Hampshire,,6271
E04004658,Colden Common,,E07000094,Winchester,,6272
E04004619,Little Somborne,,E07000093,Test Valley,,6273
E04004386,Woodchester,,E07000082,Stroud,,6274
E04004470,Overton,,E07000084,Basingstoke and Deane,,6275
E04004518,Ropley,,E07000085,East Hampshire,,6276
E04004659,Compton and Shawford,,E07000094,Winchester,,6277
E04004620,Lockerley,,E07000093,Test Valley,,6278
E04012999,Bisley-with-Lypiatt,,E07000082,Stroud,,6279
E04004471,Pamber,,E07000084,Basingstoke and Deane,,6280
E04004519,Rowlands Castle,,E07000085,East Hampshire,,6281
E04004660,Corhampton and Meonstoke,,E07000094,Winchester,,6282
E04004661,Crawley,,E07000094,Winchester,,6283
E04004664,Droxford,,E07000094,Winchester,,6284
E04004665,Durley,,E07000094,Winchester,,6285
E04004666,Exton,,E07000094,Winchester,,6286
E04004667,Hambledon,,E07000094,Winchester,,6287
E04004668,Headbourne Worthy,,E07000094,Winchester,,6288
E04004669,Hursley,,E07000094,Winchester,,6289
E04004670,Itchen Stoke and Ovington,,E07000094,Winchester,,6290
E04004671,Itchen Valley,,E07000094,Winchester,,6291
E04004672,Kilmiston,,E07000094,Winchester,,6292
E04004673,Kings Worthy,,E07000094,Winchester,,6293
E04004674,Littleton and Harestock,,E07000094,Winchester,,6294
E04004675,Micheldever,,E07000094,Winchester,,6295
E04004676,New Alresford,,E07000094,Winchester,,6296
E04004677,Northington,,E07000094,Winchester,,6297
E04004678,Old Alresford,,E07000094,Winchester,,6298
E04004679,Olivers Battery,,E07000094,Winchester,,6299
E04004680,Otterbourne,,E07000094,Winchester,,6300
E04004681,Owslebury,,E07000094,Winchester,,6301
E04004682,Shedfield,,E07000094,Winchester,,6302
E04004683,Soberton,,E07000094,Winchester,,6303
E04004685,South Wonston,,E07000094,Winchester,,6304
E04004686,Sparsholt,,E07000094,Winchester,,6305
E04013000,Brimscombe and Thrupp,,E07000082,Stroud,,6306
E04004520,Selborne,,E07000085,East Hampshire,,6307
E04004622,Longstock,,E07000093,Test Valley,,6308
E04004472,Popham,,E07000084,Basingstoke and Deane,,6309
E04013001,Chalford,,E07000082,Stroud,,6310
E04004521,Shalden,,E07000085,East Hampshire,,6311
E04004624,Michelmersh and Timsbury,,E07000093,Test Valley,,6312
E04004473,Preston Candover,,E07000084,Basingstoke and Deane,,6313
E04013002,Cranham,,E07000082,Stroud,,6314
E04004522,Steep,,E07000085,East Hampshire,,6315
E04004625,Monxton,,E07000093,Test Valley,,6316
E04004476,Silchester,,E07000084,Basingstoke and Deane,,6317
E04013004,Hardwicke,,E07000082,Stroud,,6318
E04004523,West Tisted,,E07000085,East Hampshire,,6319
E04004626,Mottisfont,,E07000093,Test Valley,,6320
E04004477,St. Mary Bourne,,E07000084,Basingstoke and Deane,,6321
E04013006,Hunts Grove,,E07000082,Stroud,,6322
E04004524,Whitehill,,E07000085,East Hampshire,,6323
E04004629,Nursling and Rownhams,,E07000093,Test Valley,,6324
E04004478,Steventon,,E07000084,Basingstoke and Deane,,6325
E04013007,Minchinhampton,,E07000082,Stroud,,6326
E04004525,Wield,,E07000085,East Hampshire,,6327
E04004632,Penton Mewsey,,E07000093,Test Valley,,6328
E04004479,Stratfield Saye,,E07000084,Basingstoke and Deane,,6329
E04013008,Nailsworth,,E07000082,Stroud,,6330
E04004526,Worldham,,E07000085,East Hampshire,,6331
E04004637,Shipton Bellinger,,E07000093,Test Valley,,6332
E04004480,Stratfield Turgis,,E07000084,Basingstoke and Deane,,6333
E04013009,Rodborough,,E07000082,Stroud,,6334
E04004527,Stroud,,E07000085,East Hampshire,,6335
E04004639,Stockbridge,,E07000093,Test Valley,,6336
E04004481,Tadley,,E07000084,Basingstoke and Deane,,6337
E04013012,Stroud,,E07000082,Stroud,,6338
E04004528,Beech,,E07000085,East Hampshire,,6339
E04004641,Thruxton,,E07000093,Test Valley,,6340
E04004482,Tunworth,,E07000084,Basingstoke and Deane,,6341
E04013013,Upton St. Leonards,,E07000082,Stroud,,6342
E04012251,Petersfield,,E07000085,East Hampshire,,6343
E04004643,Vernhams Dean,,E07000093,Test Valley,,6344
E04004483,Upton Grey,,E07000084,Basingstoke and Deane,,6345
E04013025,Cainscross,,E07000082,Stroud,,6346
E04012252,Sheet,,E07000085,East Hampshire,,6347
E04004529,Botley,,E07000086,Eastleigh,,6348
E04004536,Bishopstoke,,E07000086,Eastleigh,,6349
E04012048,Allbrook,,E07000086,Eastleigh,,6350
E04012049,Chandler's Ford,,E07000086,Eastleigh,,6351
E04012905,Bursledon,,E07000086,Eastleigh,,6352
E04012906,Fair Oak and Horton Heath,,E07000086,Eastleigh,,6353
E04012907,Hamble-le-Rice,,E07000086,Eastleigh,,6354
E04012908,Hedge End,,E07000086,Eastleigh,,6355
E04012909,Hound,,E07000086,Eastleigh,,6356
E04012910,West End,,E07000086,Eastleigh,,6357
E04013134,Boyatt Wood,,E07000086,Eastleigh,,6358
E04013135,Eastleigh Town,,E07000086,Eastleigh,,6359
E04004537,Bramshill,,E07000089,Hart,,6360
E04004484,Weston Corbett,,E07000084,Basingstoke and Deane,,6361
E04004485,Weston Patrick,,E07000084,Basingstoke and Deane,,6362
E04004486,Whitchurch,,E07000084,Basingstoke and Deane,,6363
E04013026,Kingswood,,E07000082,Stroud,,6364
E04004487,Winslade,,E07000084,Basingstoke and Deane,,6365
E04013028,Wotton-under-Edge,,E07000082,Stroud,,6366
E04004488,Wootton St. Lawrence with Ramsdell,,E07000084,Basingstoke and Deane,,6367
E04013414,Eastington,,E07000082,Stroud,,6368
E04004489,Rooksdown,,E07000084,Basingstoke and Deane,,6369
E04013415,Great Oldbury,,E07000082,Stroud,,6370
E04004645,West Tytherley,,E07000093,Test Valley,,6371
E04012234,Sherborne St John,,E07000084,Basingstoke and Deane,,6372
E04013416,Standish,,E07000082,Stroud,,6373
E04012837,Abbotts Ann,,E07000093,Test Valley,,6374
E04012645,Sherfield on Loddon,,E07000084,Basingstoke and Deane,,6375
E04013417,Stonehouse,,E07000082,Stroud,,6376
E04012838,Ampfield,,E07000093,Test Valley,,6377
E04012646,Sherfield Park,,E07000084,Basingstoke and Deane,,6378
E04013497,Haresfield,,E07000082,Stroud,,6379
E04012839,Andover,,E07000093,Test Valley,,6380
E04004490,Alton,,E07000085,East Hampshire,,6381
E04013498,Moreton Valence,,E07000082,Stroud,,6382
E04012840,Appleshaw,,E07000093,Test Valley,,6383
E04004491,Bentley,,E07000085,East Hampshire,,6384
E04004388,Alderton,,E07000083,Tewkesbury,,6385
E04012842,Barton Stacey,,E07000093,Test Valley,,6386
E04004492,Bentworth,,E07000085,East Hampshire,,6387
E04004389,Ashleworth,,E07000083,Tewkesbury,,6388
E04012843,Braishfield,,E07000093,Test Valley,,6389
E04004392,Boddington,,E07000083,Tewkesbury,,6390
E04012844,Charlton,,E07000093,Test Valley,,6391
E04004393,Brockworth,,E07000083,Tewkesbury,,6392
E04012845,Chilworth,,E07000093,Test Valley,,6393
E04004394,Buckland,,E07000083,Tewkesbury,,6394
E04012846,Enham Alamein,,E07000093,Test Valley,,6395
E04004395,Chaceley,,E07000083,Tewkesbury,,6396
E04012847,Goodworth Clatford,,E07000093,Test Valley,,6397
E04004397,Deerhurst,,E07000083,Tewkesbury,,6398
E04012848,Grateley,,E07000093,Test Valley,,6399
E04012849,Longparish,,E07000093,Test Valley,,6400
E04005141,Anglezarke,,E07000118,Chorley,,6401
E04005142,Astley Village,,E07000118,Chorley,,6402
E04005143,Bretherton,,E07000118,Chorley,,6403
E04005144,Brindle,,E07000118,Chorley,,6404
E04005145,Charnock Richard,,E07000118,Chorley,,6405
E04005146,Clayton-le-Woods,,E07000118,Chorley,,6406
E04005147,Coppull,,E07000118,Chorley,,6407
E04005148,Croston,,E07000118,Chorley,,6408
E04005149,Cuerden,,E07000118,Chorley,,6409
E04005150,Eccleston,,E07000118,Chorley,,6410
E04005151,Euxton,,E07000118,Chorley,,6411
E04012920,Southfleet,,E07000107,Dartford,,6412
E04005152,Heapey,,E07000118,Chorley,,6413
E04005153,Heath Charnock,,E07000118,Chorley,,6414
E04005154,Heskin,,E07000118,Chorley,,6415
E04005155,Hoghton,,E07000118,Chorley,,6416
E04005156,Mawdesley,,E07000118,Chorley,,6417
E04005157,Rivington,,E07000118,Chorley,,6418
E04005158,Ulnes Walton,,E07000118,Chorley,,6419
E04005159,Wheelton,,E07000118,Chorley,,6420
E04005160,Whittle-le-Woods,,E07000118,Chorley,,6421
E04005161,Withnell,,E07000118,Chorley,,6422
E04005164,Freckleton,,E07000119,Fylde,,6423
E04005165,Greenhalgh-with-Thistleton,,E07000119,Fylde,,6424
E04005166,Kirkham,,E07000119,Fylde,,6425
E04005168,Medlar-with-Wesham,,E07000119,Fylde,,6426
E04005169,Newton-with-Clifton,,E07000119,Fylde,,6427
E04005171,Singleton,,E07000119,Fylde,,6428
E04005172,Staining,,E07000119,Fylde,,6429
E04005173,"Treales, Roseacre and Wharles",,E07000119,Fylde,,6430
E04005174,Weeton-with-Preese,,E07000119,Fylde,,6431
E04005176,Saint Anne's on the Sea,,E07000119,Fylde,,6432
E04013476,Ansdell,,E07000119,Fylde,,6433
E04013477,Bryning-with-Warton,,E07000119,Fylde,,6434
E04013478,Elswick,,E07000119,Fylde,,6435
E04013479,Little Eccleston-with-Larbreck,,E07000119,Fylde,,6436
E04013480,Lytham,,E07000119,Fylde,,6437
E04013481,Ribby-with-Wrea,,E07000119,Fylde,,6438
E04013482,Westby-with-Plumptons,,E07000119,Fylde,,6439
E04005177,Altham,,E07000120,Hyndburn,,6440
E04005178,Arkholme-with-Cawood,,E07000121,Lancaster,,6441
E04005179,Bolton-le-Sands,,E07000121,Lancaster,,6442
E04005180,Borwick,,E07000121,Lancaster,,6443
E04005181,Burrow-with-Burrow,,E07000121,Lancaster,,6444
E04005182,Cantsfield,,E07000121,Lancaster,,6445
E04005183,Carnforth,,E07000121,Lancaster,,6446
E04005184,Caton-with-Littledale,,E07000121,Lancaster,,6447
E04005185,Claughton,,E07000121,Lancaster,,6448
E04005186,Cockerham,,E07000121,Lancaster,,6449
E04005187,Ellel,,E07000121,Lancaster,,6450
E04005188,Gressingham,,E07000121,Lancaster,,6451
E04004784,Langley,,E07000099,North Hertfordshire,,6452
E04005047,Bredgar,,E07000113,Swale,,6453
E04004951,Detling,,E07000110,Maidstone,,6454
E04004865,Wye with Hinxhill,,E07000105,Ashford,,6455
E04004954,East Sutton,,E07000110,Maidstone,,6456
E04012921,Stone,,E07000107,Dartford,,6457
E04012782,Bethersden,,E07000105,Ashford,,6458
E04005092,Borough Green,,E07000115,Tonbridge and Malling,,6459
E04005048,Doddington,,E07000113,Swale,,6460
E04004955,Frinsted,,E07000110,Maidstone,,6461
E04005004,Sevenoaks,,E07000111,Sevenoaks,,6462
E04004785,Lilley,,E07000099,North Hertfordshire,,6463
E04012923,Wilmington,,E07000107,Dartford,,6464
E04012783,Charing,,E07000105,Ashford,,6465
E04005049,Dunkirk,,E07000113,Swale,,6466
E04005093,Burham,,E07000115,Tonbridge and Malling,,6467
E04004956,Harrietsham,,E07000110,Maidstone,,6468
E04005007,Sundridge with Ide Hill,,E07000111,Sevenoaks,,6469
E04004786,Newnham,,E07000099,North Hertfordshire,,6470
E04013212,Swanscombe and Greenhithe,,E07000107,Dartford,,6471
E04012784,Egerton,,E07000105,Ashford,,6472
E04005050,Eastchurch,,E07000113,Swale,,6473
E04005096,East Peckham,,E07000115,Tonbridge and Malling,,6474
E04004957,Headcorn,,E07000110,Maidstone,,6475
E04005010,West Kingsdown,,E07000111,Sevenoaks,,6476
E04004787,Nuthampstead,,E07000099,North Hertfordshire,,6477
E04004900,Alkham,,E07000108,Dover,,6478
E04012785,Great Chart with Singleton,,E07000105,Ashford,,6479
E04005051,Eastling,,E07000113,Swale,,6480
E04005097,Hadlow,,E07000115,Tonbridge and Malling,,6481
E04004958,Hollingbourne,,E07000110,Maidstone,,6482
E04012390,Ash-cum-Ridley,,E07000111,Sevenoaks,,6483
E04004788,Offley,,E07000099,North Hertfordshire,,6484
E04004901,Ash,,E07000108,Dover,,6485
E04012786,Kingsnorth,,E07000105,Ashford,,6486
E04005052,Faversham,,E07000113,Swale,,6487
E04005098,Hildenborough,,E07000115,Tonbridge and Malling,,6488
E04005099,Ightham,,E07000115,Tonbridge and Malling,,6489
E04005101,Mereworth,,E07000115,Tonbridge and Malling,,6490
E04005102,Offham,,E07000115,Tonbridge and Malling,,6491
E04005103,Platt,,E07000115,Tonbridge and Malling,,6492
E04005104,Plaxtol,,E07000115,Tonbridge and Malling,,6493
E04005106,Shipbourne,,E07000115,Tonbridge and Malling,,6494
E04005107,Snodland,,E07000115,Tonbridge and Malling,,6495
E04005108,Stansted,,E07000115,Tonbridge and Malling,,6496
E04005109,Trottiscliffe,,E07000115,Tonbridge and Malling,,6497
E04005110,Wateringbury,,E07000115,Tonbridge and Malling,,6498
E04005111,West Malling,,E07000115,Tonbridge and Malling,,6499
E04005112,West Peckham,,E07000115,Tonbridge and Malling,,6500
E04005113,Wouldham,,E07000115,Tonbridge and Malling,,6501
E04005114,Wrotham,,E07000115,Tonbridge and Malling,,6502
E04012123,Ditton,,E07000115,Tonbridge and Malling,,6503
E04012345,Leybourne,,E07000115,Tonbridge and Malling,,6504
E04012346,Ryarsh,,E07000115,Tonbridge and Malling,,6505
E04012797,East Malling and Larkfield,,E07000115,Tonbridge and Malling,,6506
E04012798,Kings Hill,,E07000115,Tonbridge and Malling,,6507
E04005116,Benenden,,E07000116,Tunbridge Wells,,6508
E04005117,Bidborough,,E07000116,Tunbridge Wells,,6509
E04005118,Brenchley and Matfield,,E07000116,Tunbridge Wells,,6510
E04005119,Capel,,E07000116,Tunbridge Wells,,6511
E04005120,Cranbrook & Sissinghurst,,E07000116,Tunbridge Wells,,6512
E04005121,Frittenden,,E07000116,Tunbridge Wells,,6513
E04005122,Goudhurst,,E07000116,Tunbridge Wells,,6514
E04005123,Hawkhurst,,E07000116,Tunbridge Wells,,6515
E04005124,Horsmonden,,E07000116,Tunbridge Wells,,6516
E04005125,Lamberhurst,,E07000116,Tunbridge Wells,,6517
E04005126,Paddock Wood,,E07000116,Tunbridge Wells,,6518
E04005127,Pembury,,E07000116,Tunbridge Wells,,6519
E04005128,Sandhurst,,E07000116,Tunbridge Wells,,6520
E04005129,Southborough,,E07000116,Tunbridge Wells,,6521
E04005130,Speldhurst,,E07000116,Tunbridge Wells,,6522
E04012174,Rusthall,,E07000116,Tunbridge Wells,,6523
E04005131,Briercliffe,,E07000117,Burnley,,6524
E04005132,Cliviger,,E07000117,Burnley,,6525
E04005133,Dunnockshaw,,E07000117,Burnley,,6526
E04005134,Habergham Eaves,,E07000117,Burnley,,6527
E04005135,Hapton,,E07000117,Burnley,,6528
E04005136,Ightenhill,,E07000117,Burnley,,6529
E04005137,Worsthorne-with-Hurstwood,,E07000117,Burnley,,6530
E04005138,Padiham,,E07000117,Burnley,,6531
E04005139,Adlington,,E07000118,Chorley,,6532
E04005140,Anderton,,E07000118,Chorley,,6533
E04004789,Pirton,,E07000099,North Hertfordshire,,6534
E04004902,Aylesham,,E07000108,Dover,,6535
E04005053,Graveney with Goodnestone,,E07000113,Swale,,6536
E04012787,Little Chart,,E07000105,Ashford,,6537
E04004790,Preston,,E07000099,North Hertfordshire,,6538
E04004959,Hucking,,E07000110,Maidstone,,6539
E04004903,Capel-le-Ferne,,E07000108,Dover,,6540
E04005054,Hartlip,,E07000113,Swale,,6541
E04012391,Brasted,,E07000111,Sevenoaks,,6542
E04012790,Orlestone,,E07000105,Ashford,,6543
E04004791,Radwell,,E07000099,North Hertfordshire,,6544
E04004960,Hunton,,E07000110,Maidstone,,6545
E04004904,Denton with Wootton,,E07000108,Dover,,6546
E04005055,Hernhill,,E07000113,Swale,,6547
E04012392,Eynsford,,E07000111,Sevenoaks,,6548
E04012791,Pluckley,,E07000105,Ashford,,6549
E04004792,Reed,,E07000099,North Hertfordshire,,6550
E04004962,Leeds,,E07000110,Maidstone,,6551
E04004905,Eastry,,E07000108,Dover,,6552
E04004906,Eythorne,,E07000108,Dover,,6553
E04004907,Goodnestone,,E07000108,Dover,,6554
E04004908,Guston,,E07000108,Dover,,6555
E04004909,Hougham Without,,E07000108,Dover,,6556
E04004910,Langdon,,E07000108,Dover,,6557
E04004911,Lydden,,E07000108,Dover,,6558
E04004912,Nonington,,E07000108,Dover,,6559
E04004913,Northbourne,,E07000108,Dover,,6560
E04004914,Preston,,E07000108,Dover,,6561
E04004915,Ringwould with Kingsdown,,E07000108,Dover,,6562
E04004916,Ripple,,E07000108,Dover,,6563
E04004917,River,,E07000108,Dover,,6564
E04004918,St. Margaret's at Cliffe,,E07000108,Dover,,6565
E04004919,Sandwich,,E07000108,Dover,,6566
E04004920,Shepherdswell with Coldred,,E07000108,Dover,,6567
E04004921,Sholden,,E07000108,Dover,,6568
E04004922,Staple,,E07000108,Dover,,6569
E04004923,Stourmouth,,E07000108,Dover,,6570
E04004924,Sutton,,E07000108,Dover,,6571
E04004925,Temple Ewell,,E07000108,Dover,,6572
E04004926,Tilmanstone,,E07000108,Dover,,6573
E04004927,Whitfield,,E07000108,Dover,,6574
E04004928,Wingham,,E07000108,Dover,,6575
E04004929,Woodnesborough,,E07000108,Dover,,6576
E04004930,Worth,,E07000108,Dover,,6577
E04004931,Deal,,E07000108,Dover,,6578
E04004932,Dover,,E07000108,Dover,,6579
E04004933,Great Mongeham,,E07000108,Dover,,6580
E04004934,Walmer,,E07000108,Dover,,6581
E04004935,Cobham,,E07000109,Gravesham,,6582
E04004936,Higham,,E07000109,Gravesham,,6583
E04004937,Luddesdown,,E07000109,Gravesham,,6584
E04004938,Meopham,,E07000109,Gravesham,,6585
E04004939,Shorne,,E07000109,Gravesham,,6586
E04004940,Vigo,,E07000109,Gravesham,,6587
E04004942,Bearsted,,E07000110,Maidstone,,6588
E04004943,Bicknor,,E07000110,Maidstone,,6589
E04004944,Boughton Malherbe,,E07000110,Maidstone,,6590
E04004947,Bredhurst,,E07000110,Maidstone,,6591
E04004948,Broomfield and Kingswood,,E07000110,Maidstone,,6592
E04004963,Lenham,,E07000110,Maidstone,,6593
E04012393,Hartley,,E07000111,Sevenoaks,,6594
E04004964,Linton,,E07000110,Maidstone,,6595
E04004793,Royston,,E07000099,North Hertfordshire,,6596
E04012394,Hextable,,E07000111,Sevenoaks,,6597
E04004966,Marden,,E07000110,Maidstone,,6598
E04004794,Rushden,,E07000099,North Hertfordshire,,6599
E04012792,Shadoxhurst,,E07000105,Ashford,,6600
E04012395,Leigh,,E07000111,Sevenoaks,,6601
E04005056,Iwade,,E07000113,Swale,,6602
E04004967,Nettlestead,,E07000110,Maidstone,,6603
E04004795,St Paul's Walden,,E07000099,North Hertfordshire,,6604
E04012793,Warehorne,,E07000105,Ashford,,6605
E04012396,Otford,,E07000111,Sevenoaks,,6606
E04005057,Leaveland,,E07000113,Swale,,6607
E04004969,Otterden,,E07000110,Maidstone,,6608
E04004796,Sandon,,E07000099,North Hertfordshire,,6609
E04012794,Westwell,,E07000105,Ashford,,6610
E04012397,Penshurst,,E07000111,Sevenoaks,,6611
E04005058,Leysdown,,E07000113,Swale,,6612
E04004970,Staplehurst,,E07000110,Maidstone,,6613
E04004797,Therfield,,E07000099,North Hertfordshire,,6614
E04012975,Kennington,,E07000105,Ashford,,6615
E04012399,Swanley,,E07000111,Sevenoaks,,6616
E04005059,Lower Halstow,,E07000113,Swale,,6617
E04004971,Stockbury,,E07000110,Maidstone,,6618
E04004798,Wallington,,E07000099,North Hertfordshire,,6619
E04012976,South Willesborough & Newtown,,E07000105,Ashford,,6620
E04012400,Westerham,,E07000111,Sevenoaks,,6621
E04005060,Luddenham,,E07000113,Swale,,6622
E04004972,Sutton Valence,,E07000110,Maidstone,,6623
E04004800,Wymondley,,E07000099,North Hertfordshire,,6624
E04013231,Biddenden,,E07000105,Ashford,,6625
E04013232,Boughton Aluph,,E07000105,Ashford,,6626
E04013233,High Halden,,E07000105,Ashford,,6627
E04013234,Mersham,,E07000105,Ashford,,6628
E04013235,Sevington with Finberry,,E07000105,Ashford,,6629
E04004866,Adisham,,E07000106,Canterbury,,6630
E04004867,Barham,,E07000106,Canterbury,,6631
E04004869,Bishopsbourne,,E07000106,Canterbury,,6632
E04004871,Chartham,,E07000106,Canterbury,,6633
E04004874,Fordwich,,E07000106,Canterbury,,6634
E04004875,Hackington,,E07000106,Canterbury,,6635
E04004876,Harbledown and Rough Common,,E07000106,Canterbury,,6636
E04004877,Hoath,,E07000106,Canterbury,,6637
E04004879,Kingston,,E07000106,Canterbury,,6638
E04004880,Littlebourne,,E07000106,Canterbury,,6639
E04004882,Petham,,E07000106,Canterbury,,6640
E04004885,Thanington,,E07000106,Canterbury,,6641
E04004886,Upper Hardres,,E07000106,Canterbury,,6642
E04004887,Waltham,,E07000106,Canterbury,,6643
E04004890,Womenswold,,E07000106,Canterbury,,6644
E04004891,Herne and Broomfield,,E07000106,Canterbury,,6645
E04012939,Bekesbourne-with-Patrixbourne,,E07000106,Canterbury,,6646
E04012940,Blean,,E07000106,Canterbury,,6647
E04012941,Bridge,,E07000106,Canterbury,,6648
E04012942,Chestfield,,E07000106,Canterbury,,6649
E04012943,Chislet,,E07000106,Canterbury,,6650
E04012945,Ickham and Well,,E07000106,Canterbury,,6651
E04012946,Lower Hardres and Nackington,,E07000106,Canterbury,,6652
E04012947,Sturry,,E07000106,Canterbury,,6653
E04012949,Wickhambreaux,,E07000106,Canterbury,,6654
E04013518,Hersden,,E07000106,Canterbury,,6655
E04013519,Westbere,,E07000106,Canterbury,,6656
E04004892,Bean,,E07000107,Dartford,,6657
E04004897,Sutton-at-Hone and Hawley,,E07000107,Dartford,,6658
E04012918,Darenth,,E07000107,Dartford,,6659
E04012919,Longfield and New Barn,,E07000107,Dartford,,6660
E04012200,Graveley,,E07000099,North Hertfordshire,,6661
E04012409,Chevening,,E07000111,Sevenoaks,,6662
E04012228,Great Ashby,,E07000099,North Hertfordshire,,6663
E04004973,Teston,,E07000110,Maidstone,,6664
E04012410,Sevenoaks Weald,,E07000111,Sevenoaks,,6665
E04012229,Weston,,E07000099,North Hertfordshire,,6666
E04004976,Ulcombe,,E07000110,Maidstone,,6667
E04012605,Badgers Mount,,E07000111,Sevenoaks,,6668
E04004811,Abbots Langley,,E07000102,Three Rivers,,6669
E04004977,West Farleigh,,E07000110,Maidstone,,6670
E04012606,Shoreham,,E07000111,Sevenoaks,,6671
E04005061,Lynsted with Kingsdown,,E07000113,Swale,,6672
E04004812,Chorleywood,,E07000102,Three Rivers,,6673
E04004978,Wichling,,E07000110,Maidstone,,6674
E04005012,Acrise,,E07000112,Folkestone and Hythe,,6675
E04005062,Milstead,,E07000113,Swale,,6676
E04004814,Sarratt,,E07000102,Three Rivers,,6677
E04004979,Wormshill,,E07000110,Maidstone,,6678
E04005013,Brenzett,,E07000112,Folkestone and Hythe,,6679
E04005063,Newington,,E07000113,Swale,,6680
E04004815,Watford Rural,,E07000102,Three Rivers,,6681
E04004980,Yalding,,E07000110,Maidstone,,6682
E04005014,Brookland,,E07000112,Folkestone and Hythe,,6683
E04005064,Newnham,,E07000113,Swale,,6684
E04012293,Croxley Green,,E07000102,Three Rivers,,6685
E04004981,Collier Street,,E07000110,Maidstone,,6686
E04005015,Burmarsh,,E07000112,Folkestone and Hythe,,6687
E04005065,"Norton, Buckland and Stone",,E07000113,Swale,,6688
E04012658,Batchworth,,E07000102,Three Rivers,,6689
E04013397,Barming,,E07000110,Maidstone,,6690
E04005016,Dymchurch,,E07000112,Folkestone and Hythe,,6691
E04005066,Oare,,E07000113,Swale,,6692
E04005067,Ospringe,,E07000113,Swale,,6693
E04005068,Queenborough,,E07000113,Swale,,6694
E04005069,Rodmersham,,E07000113,Swale,,6695
E04005070,Selling,,E07000113,Swale,,6696
E04005071,Sheldwich,,E07000113,Swale,,6697
E04005072,Stalisfield,,E07000113,Swale,,6698
E04005073,Teynham,,E07000113,Swale,,6699
E04005074,Throwley,,E07000113,Swale,,6700
E04005075,Tonge,,E07000113,Swale,,6701
E04005077,Upchurch,,E07000113,Swale,,6702
E04005078,Warden,,E07000113,Swale,,6703
E04005079,Minster-on-Sea,,E07000113,Swale,,6704
E04012438,Bobbing,,E07000113,Swale,,6705
E04012439,Borden,,E07000113,Swale,,6706
E04012440,Tunstall,,E07000113,Swale,,6707
E04012936,Sheerness,,E07000113,Swale,,6708
E04005080,Acol,,E07000114,Thanet,,6709
E04005081,Birchington,,E07000114,Thanet,,6710
E04005082,Broadstairs and St. Peters,,E07000114,Thanet,,6711
E04005083,Manston,,E07000114,Thanet,,6712
E04005084,Minster,,E07000114,Thanet,,6713
E04005085,Monkton,,E07000114,Thanet,,6714
E04005086,St. Nicholas at Wade,,E07000114,Thanet,,6715
E04005087,Sarre,,E07000114,Thanet,,6716
E04005088,Cliffsend,,E07000114,Thanet,,6717
E04010586,Ramsgate,,E07000114,Thanet,,6718
E04012472,Westgate-on-Sea,,E07000114,Thanet,,6719
E04005089,Addington,,E07000115,Tonbridge and Malling,,6720
E04005090,Aylesford,,E07000115,Tonbridge and Malling,,6721
E04005091,Birling,,E07000115,Tonbridge and Malling,,6722
E04013398,Boughton Monchelsea,,E07000110,Maidstone,,6723
E04005017,Elham,,E07000112,Folkestone and Hythe,,6724
E04013399,Boxley,,E07000110,Maidstone,,6725
E04005018,Elmsted,,E07000112,Folkestone and Hythe,,6726
E04013400,Chart Sutton,,E07000110,Maidstone,,6727
E04005019,Hawkinge,,E07000112,Folkestone and Hythe,,6728
E04013401,Coxheath,,E07000110,Maidstone,,6729
E04005020,Hythe,,E07000112,Folkestone and Hythe,,6730
E04013402,Downswood,,E07000110,Maidstone,,6731
E04005021,Ivychurch,,E07000112,Folkestone and Hythe,,6732
E04013403,East Farleigh,,E07000110,Maidstone,,6733
E04005022,Lydd,,E07000112,Folkestone and Hythe,,6734
E04013404,Langley,,E07000110,Maidstone,,6735
E04005023,Lyminge,,E07000112,Folkestone and Hythe,,6736
E04013405,Loose,,E07000110,Maidstone,,6737
E04005024,Lympne,,E07000112,Folkestone and Hythe,,6738
E04013406,Otham,,E07000110,Maidstone,,6739
E04005025,Monks Horton,,E07000112,Folkestone and Hythe,,6740
E04013407,Thurnham,,E07000110,Maidstone,,6741
E04005026,Newchurch,,E07000112,Folkestone and Hythe,,6742
E04013408,Tovil,,E07000110,Maidstone,,6743
E04004824,Aldington,,E07000105,Ashford,,6744
E04005027,Newington,,E07000112,Folkestone and Hythe,,6745
E04004985,Chiddingstone,,E07000111,Sevenoaks,,6746
E04004825,Appledore,,E07000105,Ashford,,6747
E04005028,New Romney,,E07000112,Folkestone and Hythe,,6748
E04004986,Cowden,,E07000111,Sevenoaks,,6749
E04004828,Bilsington,,E07000105,Ashford,,6750
E04005029,Old Romney,,E07000112,Folkestone and Hythe,,6751
E04004987,Crockenhill,,E07000111,Sevenoaks,,6752
E04004829,Bonnington,,E07000105,Ashford,,6753
E04005030,Paddlesworth,,E07000112,Folkestone and Hythe,,6754
E04004988,Dunton Green,,E07000111,Sevenoaks,,6755
E04004831,Brabourne,,E07000105,Ashford,,6756
E04005031,Postling,,E07000112,Folkestone and Hythe,,6757
E04004989,Edenbridge,,E07000111,Sevenoaks,,6758
E04004832,Brook,,E07000105,Ashford,,6759
E04005032,St. Mary in the Marsh,,E07000112,Folkestone and Hythe,,6760
E04004833,Challock,,E07000105,Ashford,,6761
E04004991,Farningham,,E07000111,Sevenoaks,,6762
E04004835,Chilham,,E07000105,Ashford,,6763
E04005033,Saltwood,,E07000112,Folkestone and Hythe,,6764
E04004992,Fawkham,,E07000111,Sevenoaks,,6765
E04004836,Crundale,,E07000105,Ashford,,6766
E04005034,Sellindge,,E07000112,Folkestone and Hythe,,6767
E04004993,Halstead,,E07000111,Sevenoaks,,6768
E04004837,Eastwell,,E07000105,Ashford,,6769
E04005035,Snargate,,E07000112,Folkestone and Hythe,,6770
E04004995,Hever,,E07000111,Sevenoaks,,6771
E04004839,Godmersham,,E07000105,Ashford,,6772
E04005036,Stanford,,E07000112,Folkestone and Hythe,,6773
E04004996,Horton Kirby and South Darenth,,E07000111,Sevenoaks,,6774
E04004841,Hastingleigh,,E07000105,Ashford,,6775
E04005037,Stelling Minnis,,E07000112,Folkestone and Hythe,,6776
E04004997,Kemsing,,E07000111,Sevenoaks,,6777
E04004843,Hothfield,,E07000105,Ashford,,6778
E04005038,Stowting,,E07000112,Folkestone and Hythe,,6779
E04004998,Knockholt,,E07000111,Sevenoaks,,6780
E04004844,Kenardington,,E07000105,Ashford,,6781
E04005039,Swingfield,,E07000112,Folkestone and Hythe,,6782
E04005002,Riverhead,,E07000111,Sevenoaks,,6783
E04004848,Molash,,E07000105,Ashford,,6784
E04005040,Folkestone,,E07000112,Folkestone and Hythe,,6785
E04005003,Seal,,E07000111,Sevenoaks,,6786
E04004849,Newenden,,E07000105,Ashford,,6787
E04005041,Sandgate,,E07000112,Folkestone and Hythe,,6788
E04004852,Rolvenden,,E07000105,Ashford,,6789
E04005042,Badlesmere,,E07000113,Swale,,6790
E04004853,Ruckinge,,E07000105,Ashford,,6791
E04005043,Bapchild,,E07000113,Swale,,6792
E04004856,Smarden,,E07000105,Ashford,,6793
E04005046,Boughton under Blean,,E07000113,Swale,,6794
E04004857,Smeeth,,E07000105,Ashford,,6795
E04004858,Stanhope,,E07000105,Ashford,,6796
E04004859,Stone-cum-Ebony,,E07000105,Ashford,,6797
E04004860,Tenterden,,E07000105,Ashford,,6798
E04004863,Wittersham,,E07000105,Ashford,,6799
E04004864,Woodchurch,,E07000105,Ashford,,6800
E04005337,Stalmine-with-Staynall,,E07000128,Wyre,,6801
E04005338,Upper Rawcliffe-with-Tarnacre,,E07000128,Wyre,,6802
E04005339,Winmarleigh,,E07000128,Wyre,,6803
E04005340,Myerscough and Bilsborrow,,E07000128,Wyre,,6804
E04010589,Fleetwood,,E07000128,Wyre,,6805
E04005341,Aston Flamville,,E07000129,Blaby,,6806
E04005342,Blaby,,E07000129,Blaby,,6807
E04005344,Cosby,,E07000129,Blaby,,6808
E04005345,Countesthorpe,,E07000129,Blaby,,6809
E04005443,King's Norton,,E07000131,Harborough,,6810
E04005346,Croft,,E07000129,Blaby,,6811
E04005347,Elmesthorpe,,E07000129,Blaby,,6812
E04005348,Enderby,,E07000129,Blaby,,6813
E04005444,Knaptoft,,E07000131,Harborough,,6814
E04005349,Glenfields,,E07000129,Blaby,,6815
E04005445,Laughton,,E07000131,Harborough,,6816
E04005350,Glen Parva,,E07000129,Blaby,,6817
E04012881,Barkby Thorpe,,E07000130,Charnwood,,6818
E04005288,Wilpshire,,E07000124,Ribble Valley,,6819
E04005446,Launde,,E07000131,Harborough,,6820
E04012796,Hungarton,,E07000131,Harborough,,6821
E04005351,Huncote,,E07000129,Blaby,,6822
E04005239,Lea,,E07000123,Preston,,6823
E04012882,Birstall,,E07000130,Charnwood,,6824
E04005290,Worston,,E07000124,Ribble Valley,,6825
E04005189,Halton-with-Aughton,,E07000121,Lancaster,,6826
E04005447,Leire,,E07000131,Harborough,,6827
E04013141,Lubenham,,E07000131,Harborough,,6828
E04005535,Stathern,,E07000133,Melton,,6829
E04005352,Kilby,,E07000129,Blaby,,6830
E04012883,Burton on the Wolds,,E07000130,Charnwood,,6831
E04005240,Whittingham,,E07000123,Preston,,6832
E04012369,Barrow,,E07000124,Ribble Valley,,6833
E04005190,Heaton-with-Oxcliffe,,E07000121,Lancaster,,6834
E04005448,Little Stretton,,E07000131,Harborough,,6835
E04013142,Fleckney,,E07000131,Harborough,,6836
E04013143,Kibworth Beauchamp,,E07000131,Harborough,,6837
E04013144,Kibworth Harcourt,,E07000131,Harborough,,6838
E04013146,Saddington,,E07000131,Harborough,,6839
E04005491,Bagworth & Thornton,,E07000132,Hinckley and Bosworth,,6840
E04005492,Barlestone,,E07000132,Hinckley and Bosworth,,6841
E04005493,Burbage,,E07000132,Hinckley and Bosworth,,6842
E04005495,Carlton,,E07000132,Hinckley and Bosworth,,6843
E04005496,Desford,,E07000132,Hinckley and Bosworth,,6844
E04005497,Groby,,E07000132,Hinckley and Bosworth,,6845
E04005498,Higham on the Hill,,E07000132,Hinckley and Bosworth,,6846
E04005500,Markfield,,E07000132,Hinckley and Bosworth,,6847
E04005501,Nailstone,,E07000132,Hinckley and Bosworth,,6848
E04005502,Newbold Verdon,,E07000132,Hinckley and Bosworth,,6849
E04005503,Osbaston,,E07000132,Hinckley and Bosworth,,6850
E04005504,"Kirkby Mallory, Peckleton & Stapleton",,E07000132,Hinckley and Bosworth,,6851
E04005505,Ratby,,E07000132,Hinckley and Bosworth,,6852
E04005506,Shackerstone,,E07000132,Hinckley and Bosworth,,6853
E04005507,Sheepy,,E07000132,Hinckley and Bosworth,,6854
E04005508,Stanton-under-Bardon,,E07000132,Hinckley and Bosworth,,6855
E04005509,Stoke Golding,,E07000132,Hinckley and Bosworth,,6856
E04005510,Dadlington & Sutton Cheney,,E07000132,Hinckley and Bosworth,,6857
E04005511,Twycross,,E07000132,Hinckley and Bosworth,,6858
E04005512,Witherley,,E07000132,Hinckley and Bosworth,,6859
E04005513,Earl Shilton,,E07000132,Hinckley and Bosworth,,6860
E04005514,Barwell,,E07000132,Hinckley and Bosworth,,6861
E04012371,Cadeby,,E07000132,Hinckley and Bosworth,,6862
E04012372,Market Bosworth,,E07000132,Hinckley and Bosworth,,6863
E04005515,Ab Kettleby,,E07000133,Melton,,6864
E04005516,Asfordby,,E07000133,Melton,,6865
E04005517,Belvoir,,E07000133,Melton,,6866
E04005518,Bottesford,,E07000133,Melton,,6867
E04005519,Broughton and Old Dalby,,E07000133,Melton,,6868
E04005520,Buckminster,,E07000133,Melton,,6869
E04005521,Burton and Dalby,,E07000133,Melton,,6870
E04005522,"Clawson, Hose and Harby",,E07000133,Melton,,6871
E04005523,Croxton Kerrial,,E07000133,Melton,,6872
E04005524,Eaton,,E07000133,Melton,,6873
E04005525,Freeby,,E07000133,Melton,,6874
E04005526,Gaddesby,,E07000133,Melton,,6875
E04005527,Garthorpe,,E07000133,Melton,,6876
E04005528,Grimston,,E07000133,Melton,,6877
E04005529,Hoby with Rotherby,,E07000133,Melton,,6878
E04005530,Knossington and Cold Overton,,E07000133,Melton,,6879
E04005531,Redmile,,E07000133,Melton,,6880
E04005532,Scalford,,E07000133,Melton,,6881
E04005533,Somerby,,E07000133,Melton,,6882
E04005534,Sproxton,,E07000133,Melton,,6883
E04005353,Kirby Muxloe,,E07000129,Blaby,,6884
E04005191,Hornby-with-Farleton,,E07000121,Lancaster,,6885
E04012370,Wiswell,,E07000124,Ribble Valley,,6886
E04012884,Cotes,,E07000130,Charnwood,,6887
E04005241,Woodplumpton,,E07000123,Preston,,6888
E04005355,Leicester Forest West,,E07000129,Blaby,,6889
E04005192,Ireby,,E07000121,Lancaster,,6890
E04005291,Whitworth,,E07000125,Rossendale,,6891
E04012885,Hamilton Lea,,E07000130,Charnwood,,6892
E04012217,Ingol and Tanterton,,E07000123,Preston,,6893
E04005356,Lubbesthorpe,,E07000129,Blaby,,6894
E04005536,Twyford and Thorpe,,E07000133,Melton,,6895
E04005449,Loddington,,E07000131,Harborough,,6896
E04005193,Leck,,E07000121,Lancaster,,6897
E04005292,Cuerdale,,E07000126,South Ribble,,6898
E04012886,Hathern,,E07000130,Charnwood,,6899
E04005242,"Aighton, Bailey and Chaigley",,E07000124,Ribble Valley,,6900
E04005243,Balderstone,,E07000124,Ribble Valley,,6901
E04005244,Bashall Eaves,,E07000124,Ribble Valley,,6902
E04005245,Billington and Langho,,E07000124,Ribble Valley,,6903
E04005246,Bolton-by-Bowland,,E07000124,Ribble Valley,,6904
E04005247,Bowland Forest High,,E07000124,Ribble Valley,,6905
E04005248,Bowland Forest Low,,E07000124,Ribble Valley,,6906
E04005249,Bowland-with-Leagram,,E07000124,Ribble Valley,,6907
E04005250,Chatburn,,E07000124,Ribble Valley,,6908
E04005251,Chipping,,E07000124,Ribble Valley,,6909
E04005252,Clayton-le-Dale,,E07000124,Ribble Valley,,6910
E04005253,Clitheroe,,E07000124,Ribble Valley,,6911
E04005254,Dinckley,,E07000124,Ribble Valley,,6912
E04005255,Downham,,E07000124,Ribble Valley,,6913
E04005256,Dutton,,E07000124,Ribble Valley,,6914
E04005257,Easington,,E07000124,Ribble Valley,,6915
E04005258,Gisburn,,E07000124,Ribble Valley,,6916
E04005259,Gisburn Forest,,E07000124,Ribble Valley,,6917
E04005260,Great Mitton,,E07000124,Ribble Valley,,6918
E04005261,Grindleton,,E07000124,Ribble Valley,,6919
E04005262,Horton,,E07000124,Ribble Valley,,6920
E04005263,Hothersall,,E07000124,Ribble Valley,,6921
E04005264,Little Mitton,,E07000124,Ribble Valley,,6922
E04005265,Longridge,,E07000124,Ribble Valley,,6923
E04005266,Mearley,,E07000124,Ribble Valley,,6924
E04005267,Mellor,,E07000124,Ribble Valley,,6925
E04005268,Middop,,E07000124,Ribble Valley,,6926
E04005269,Newsholme,,E07000124,Ribble Valley,,6927
E04005270,Newton,,E07000124,Ribble Valley,,6928
E04005271,Osbaldeston,,E07000124,Ribble Valley,,6929
E04005272,Paythorne,,E07000124,Ribble Valley,,6930
E04005273,Pendleton,,E07000124,Ribble Valley,,6931
E04005274,Ramsgreave,,E07000124,Ribble Valley,,6932
E04005275,Read,,E07000124,Ribble Valley,,6933
E04005276,Ribchester,,E07000124,Ribble Valley,,6934
E04005277,Rimington,,E07000124,Ribble Valley,,6935
E04005278,Sabden,,E07000124,Ribble Valley,,6936
E04005279,Salesbury,,E07000124,Ribble Valley,,6937
E04005280,Sawley,,E07000124,Ribble Valley,,6938
E04005281,Simonstone,,E07000124,Ribble Valley,,6939
E04005282,Slaidburn,,E07000124,Ribble Valley,,6940
E04005283,Thornley-with-Wheatley,,E07000124,Ribble Valley,,6941
E04005284,Twiston,,E07000124,Ribble Valley,,6942
E04005285,Waddington,,E07000124,Ribble Valley,,6943
E04005286,West Bradford,,E07000124,Ribble Valley,,6944
E04005287,Whalley,,E07000124,Ribble Valley,,6945
E04005357,Narborough,,E07000129,Blaby,,6946
E04005450,Lowesby,,E07000131,Harborough,,6947
E04005537,Waltham on the Wolds and Thorpe Arnold,,E07000133,Melton,,6948
E04005358,Potters Marston,,E07000129,Blaby,,6949
E04012887,Mountsorrel,,E07000130,Charnwood,,6950
E04005194,Melling-with-Wrayton,,E07000121,Lancaster,,6951
E04005452,Lutterworth,,E07000131,Harborough,,6952
E04005538,Wymondham,,E07000133,Melton,,6953
E04005360,Sharnford,,E07000129,Blaby,,6954
E04012888,Newtown Linford,,E07000130,Charnwood,,6955
E04005195,Middleton,,E07000121,Lancaster,,6956
E04005453,Marefield,,E07000131,Harborough,,6957
E04005293,Farington,,E07000126,South Ribble,,6958
E04005539,Frisby on the Wreake,,E07000133,Melton,,6959
E04005362,Thurlaston,,E07000129,Blaby,,6960
E04012889,Prestwold,,E07000130,Charnwood,,6961
E04005196,Nether Kellet,,E07000121,Lancaster,,6962
E04005454,Medbourne,,E07000131,Harborough,,6963
E04005294,Hutton,,E07000126,South Ribble,,6964
E04005540,Kirby Bellars,,E07000133,Melton,,6965
E04005363,Whetstone,,E07000129,Blaby,,6966
E04005364,Wigston Parva,,E07000129,Blaby,,6967
E04012264,Braunstone,,E07000129,Blaby,,6968
E04012265,Leicester Forest East,,E07000129,Blaby,,6969
E04012821,Sapcote,,E07000129,Blaby,,6970
E04012822,Stoney Stanton,,E07000129,Blaby,,6971
E04005365,Anstey,,E07000130,Charnwood,,6972
E04005368,Barrow upon Soar,,E07000130,Charnwood,,6973
E04005369,Beeby,,E07000130,Charnwood,,6974
E04005372,Cossington,,E07000130,Charnwood,,6975
E04005374,East Goscote,,E07000130,Charnwood,,6976
E04005376,Hoton,,E07000130,Charnwood,,6977
E04005380,Queniborough,,E07000130,Charnwood,,6978
E04005381,Quorn,,E07000130,Charnwood,,6979
E04005382,Ratcliffe on the Wreake,,E07000130,Charnwood,,6980
E04005383,Rearsby,,E07000130,Charnwood,,6981
E04005385,Seagrave,,E07000130,Charnwood,,6982
E04005387,Sileby,,E07000130,Charnwood,,6983
E04005388,South Croxton,,E07000130,Charnwood,,6984
E04005389,Swithland,,E07000130,Charnwood,,6985
E04005390,Syston,,E07000130,Charnwood,,6986
E04005391,Thrussington,,E07000130,Charnwood,,6987
E04005394,Ulverscroft,,E07000130,Charnwood,,6988
E04005395,Walton on the Wolds,,E07000130,Charnwood,,6989
E04005396,Wanlip,,E07000130,Charnwood,,6990
E04005398,Wymeswold,,E07000130,Charnwood,,6991
E04012880,Barkby,,E07000130,Charnwood,,6992
E04005197,Over Kellet,,E07000121,Lancaster,,6993
E04005541,Appleby Magna,,E07000134,North West Leicestershire,,6994
E04005198,Overton,,E07000121,Lancaster,,6995
E04012890,Rothley,,E07000130,Charnwood,,6996
E04005542,Ashby de la Zouch,,E07000134,North West Leicestershire,,6997
E04005455,Misterton with Walcote,,E07000131,Harborough,,6998
E04005199,Over Wyresdale,,E07000121,Lancaster,,6999
E04005295,Little Hoole,,E07000126,South Ribble,,7000
E04012891,Shepshed,,E07000130,Charnwood,,7001
E04005543,Ashby Woulds,,E07000134,North West Leicestershire,,7002
E04005456,Mowsley,,E07000131,Harborough,,7003
E04005200,Priest Hutton,,E07000121,Lancaster,,7004
E04005296,Longton,,E07000126,South Ribble,,7005
E04012892,Stonebow Village,,E07000130,Charnwood,,7006
E04005544,Bardon,,E07000134,North West Leicestershire,,7007
E04005457,Nevill Holt,,E07000131,Harborough,,7008
E04005201,Quernmore,,E07000121,Lancaster,,7009
E04005297,Much Hoole,,E07000126,South Ribble,,7010
E04012893,Thurcaston and Cropston,,E07000130,Charnwood,,7011
E04005545,Belton,,E07000134,North West Leicestershire,,7012
E04005458,North Kilworth,,E07000131,Harborough,,7013
E04005202,Roeburndale,,E07000121,Lancaster,,7014
E04005298,Penwortham,,E07000126,South Ribble,,7015
E04012894,Thurmaston,,E07000130,Charnwood,,7016
E04005546,Breedon on the Hill,,E07000134,North West Leicestershire,,7017
E04005459,Noseley,,E07000131,Harborough,,7018
E04005203,Scotforth,,E07000121,Lancaster,,7019
E04005299,Samlesbury,,E07000126,South Ribble,,7020
E04012895,Woodhouse,,E07000130,Charnwood,,7021
E04005547,Castle Donington,,E07000134,North West Leicestershire,,7022
E04005460,Owston and Newbold,,E07000131,Harborough,,7023
E04005204,Silverdale,,E07000121,Lancaster,,7024
E04005300,Aughton,,E07000127,West Lancashire,,7025
E04005399,Allexton,,E07000131,Harborough,,7026
E04005548,Charley,,E07000134,North West Leicestershire,,7027
E04005461,Peatling Magna,,E07000131,Harborough,,7028
E04005205,Slyne-with-Hest,,E07000121,Lancaster,,7029
E04005301,Bickerstaffe,,E07000127,West Lancashire,,7030
E04005400,Arnesby,,E07000131,Harborough,,7031
E04005549,Chilcote,,E07000134,North West Leicestershire,,7032
E04005462,Peatling Parva,,E07000131,Harborough,,7033
E04005463,Rolleston,,E07000131,Harborough,,7034
E04005465,Scraptoft,,E07000131,Harborough,,7035
E04005466,Shangton,,E07000131,Harborough,,7036
E04005467,Shawell,,E07000131,Harborough,,7037
E04005468,Shearsby,,E07000131,Harborough,,7038
E04005469,Skeffington,,E07000131,Harborough,,7039
E04005470,Slawston,,E07000131,Harborough,,7040
E04005471,Smeeton Westerby,,E07000131,Harborough,,7041
E04005472,South Kilworth,,E07000131,Harborough,,7042
E04005473,Stockerston,,E07000131,Harborough,,7043
E04005474,Stonton Wyville,,E07000131,Harborough,,7044
E04005475,Stoughton,,E07000131,Harborough,,7045
E04005476,Swinford,,E07000131,Harborough,,7046
E04005477,Theddingworth,,E07000131,Harborough,,7047
E04005478,Thorpe Langton,,E07000131,Harborough,,7048
E04005479,Thurnby and Bushby,,E07000131,Harborough,,7049
E04005480,Tilton on the Hill and Halstead,,E07000131,Harborough,,7050
E04005481,Tugby and Keythorpe,,E07000131,Harborough,,7051
E04005482,Tur Langton,,E07000131,Harborough,,7052
E04005483,Ullesthorpe,,E07000131,Harborough,,7053
E04005484,Welham,,E07000131,Harborough,,7054
E04005485,West Langton,,E07000131,Harborough,,7055
E04005486,Westrill and Starmore,,E07000131,Harborough,,7056
E04005487,Willoughby Waterleys,,E07000131,Harborough,,7057
E04005488,Wistow,,E07000131,Harborough,,7058
E04005489,Withcote,,E07000131,Harborough,,7059
E04005490,Great Bowden,,E07000131,Harborough,,7060
E04012329,Bitteswell with Bittesby,,E07000131,Harborough,,7061
E04012330,Broughton Astley,,E07000131,Harborough,,7062
E04012331,Dunton Bassett,,E07000131,Harborough,,7063
E04012795,Houghton on the Hill,,E07000131,Harborough,,7064
E04005302,Bispham,,E07000127,West Lancashire,,7065
E04005206,Tatham,,E07000121,Lancaster,,7066
E04005401,Ashby Magna,,E07000131,Harborough,,7067
E04005303,Burscough,,E07000127,West Lancashire,,7068
E04005207,Thurnham,,E07000121,Lancaster,,7069
E04005402,Ashby Parva,,E07000131,Harborough,,7070
E04005304,Dalton,,E07000127,West Lancashire,,7071
E04005208,Tunstall,,E07000121,Lancaster,,7072
E04005403,Billesdon,,E07000131,Harborough,,7073
E04005550,Coleorton,,E07000134,North West Leicestershire,,7074
E04005305,Downholland,,E07000127,West Lancashire,,7075
E04005209,Warton,,E07000121,Lancaster,,7076
E04005406,Blaston,,E07000131,Harborough,,7077
E04005551,Heather,,E07000134,North West Leicestershire,,7078
E04005306,Great Altcar,,E07000127,West Lancashire,,7079
E04005210,Wennington,,E07000121,Lancaster,,7080
E04005407,Bringhurst,,E07000131,Harborough,,7081
E04005552,Ibstock,,E07000134,North West Leicestershire,,7082
E04005307,Halsall,,E07000127,West Lancashire,,7083
E04005211,Whittington,,E07000121,Lancaster,,7084
E04005409,Bruntingthorpe,,E07000131,Harborough,,7085
E04005553,Isley cum Langley,,E07000134,North West Leicestershire,,7086
E04005308,Hesketh-with-Becconsall,,E07000127,West Lancashire,,7087
E04005212,Wray-with-Botton,,E07000121,Lancaster,,7088
E04005410,Burton Overy,,E07000131,Harborough,,7089
E04005554,Kegworth,,E07000134,North West Leicestershire,,7090
E04005309,Lathom,,E07000127,West Lancashire,,7091
E04012009,Morecambe,,E07000121,Lancaster,,7092
E04005411,Carlton Curlieu,,E07000131,Harborough,,7093
E04005555,Lockington-Hemington,,E07000134,North West Leicestershire,,7094
E04005310,Newburgh,,E07000127,West Lancashire,,7095
E04012674,Aldcliffe-with-Stodday,,E07000121,Lancaster,,7096
E04005412,Catthorpe,,E07000131,Harborough,,7097
E04005556,Long Whatton and Diseworth,,E07000134,North West Leicestershire,,7098
E04005557,Measham,,E07000134,North West Leicestershire,,7099
E04005558,Normanton le Heath,,E07000134,North West Leicestershire,,7100
E04005559,Oakthorpe and Donisthorpe,,E07000134,North West Leicestershire,,7101
E04005560,Osgathorpe,,E07000134,North West Leicestershire,,7102
E04005561,Packington,,E07000134,North West Leicestershire,,7103
E04005562,Ravenstone with Snibstone,,E07000134,North West Leicestershire,,7104
E04005563,Snarestone,,E07000134,North West Leicestershire,,7105
E04005564,Staunton Harold,,E07000134,North West Leicestershire,,7106
E04005565,Stretton en le Field,,E07000134,North West Leicestershire,,7107
E04005566,Swannington,,E07000134,North West Leicestershire,,7108
E04005567,Swepstone and Newton Burgoland,,E07000134,North West Leicestershire,,7109
E04005568,Worthington,,E07000134,North West Leicestershire,,7110
E04012147,Hugglescote and Donington le Heath,,E07000134,North West Leicestershire,,7111
E04012148,Ellistown and Battleflat,,E07000134,North West Leicestershire,,7112
E04012149,Whitwick,,E07000134,North West Leicestershire,,7113
E04005570,Algarkirk,,E07000136,Boston,,7114
E04005571,Amber Hill,,E07000136,Boston,,7115
E04005572,Benington,,E07000136,Boston,,7116
E04005573,Bicker,,E07000136,Boston,,7117
E04005574,Butterwick,,E07000136,Boston,,7118
E04005575,Fishtoft,,E07000136,Boston,,7119
E04005576,Fosdyke,,E07000136,Boston,,7120
E04005577,Frampton,,E07000136,Boston,,7121
E04005578,Freiston,,E07000136,Boston,,7122
E04005579,Holland Fen with Brothertoft,,E07000136,Boston,,7123
E04005580,Kirton,,E07000136,Boston,,7124
E04005581,Leverton,,E07000136,Boston,,7125
E04005582,Old Leake,,E07000136,Boston,,7126
E04005413,Claybrooke Magna,,E07000131,Harborough,,7127
E04005414,Claybrooke Parva,,E07000131,Harborough,,7128
E04005415,Cold Newton,,E07000131,Harborough,,7129
E04005416,Cotesbach,,E07000131,Harborough,,7130
E04005417,Cranoe,,E07000131,Harborough,,7131
E04005418,Drayton,,E07000131,Harborough,,7132
E04005420,East Langton,,E07000131,Harborough,,7133
E04005421,East Norton,,E07000131,Harborough,,7134
E04005423,Foxton,,E07000131,Harborough,,7135
E04005424,Frisby,,E07000131,Harborough,,7136
E04005425,Frolesworth,,E07000131,Harborough,,7137
E04005426,Gaulby,,E07000131,Harborough,,7138
E04005427,Gilmorton,,E07000131,Harborough,,7139
E04005311,North Meols,,E07000127,West Lancashire,,7140
E04005428,Glooston,,E07000131,Harborough,,7141
E04013418,The Yealands,,E07000121,Lancaster,,7142
E04005312,Parbold,,E07000127,West Lancashire,,7143
E04005429,Goadby,,E07000131,Harborough,,7144
E04005215,Barley-with-Wheatley Booth,,E07000122,Pendle,,7145
E04005313,Rufford,,E07000127,West Lancashire,,7146
E04005430,Great Easton,,E07000131,Harborough,,7147
E04005217,Barrowford,,E07000122,Pendle,,7148
E04005314,Scarisbrick,,E07000127,West Lancashire,,7149
E04005431,Great Glen,,E07000131,Harborough,,7150
E04005218,Blacko,,E07000122,Pendle,,7151
E04005315,Tarleton,,E07000127,West Lancashire,,7152
E04005432,Gumley,,E07000131,Harborough,,7153
E04005220,Foulridge,,E07000122,Pendle,,7154
E04005316,Up Holland,,E07000127,West Lancashire,,7155
E04005433,Hallaton,,E07000131,Harborough,,7156
E04005221,Goldshaw Booth,,E07000122,Pendle,,7157
E04005317,Wrightington,,E07000127,West Lancashire,,7158
E04005434,Horninghold,,E07000131,Harborough,,7159
E04005222,Higham-with-West Close Booth,,E07000122,Pendle,,7160
E04005318,Simonswood,,E07000127,West Lancashire,,7161
E04005319,Hilldale,,E07000127,West Lancashire,,7162
E04005320,Lathom South,,E07000127,West Lancashire,,7163
E04005321,Barnacre-with-Bonds,,E07000128,Wyre,,7164
E04005322,Bleasdale,,E07000128,Wyre,,7165
E04005323,Cabus,,E07000128,Wyre,,7166
E04005324,Catterall,,E07000128,Wyre,,7167
E04005325,Claughton,,E07000128,Wyre,,7168
E04005326,Forton,,E07000128,Wyre,,7169
E04005327,Garstang,,E07000128,Wyre,,7170
E04005328,Great Eccleston,,E07000128,Wyre,,7171
E04005329,Hambleton,,E07000128,Wyre,,7172
E04005330,Inskip-with-Sowerby,,E07000128,Wyre,,7173
E04005331,Kirkland,,E07000128,Wyre,,7174
E04005332,Nateby,,E07000128,Wyre,,7175
E04005333,Nether Wyresdale,,E07000128,Wyre,,7176
E04005334,Out Rawcliffe,,E07000128,Wyre,,7177
E04005335,Pilling,,E07000128,Wyre,,7178
E04005336,Preesall,,E07000128,Wyre,,7179
E04005223,Old Laund Booth,,E07000122,Pendle,,7180
E04005224,Reedley Hallows,,E07000122,Pendle,,7181
E04005225,Roughlee Booth,,E07000122,Pendle,,7182
E04005227,Trawden Forest,,E07000122,Pendle,,7183
E04005228,Brierfield,,E07000122,Pendle,,7184
E04005229,Earby,,E07000122,Pendle,,7185
E04005230,Kelbrook and Sough,,E07000122,Pendle,,7186
E04005231,Laneshaw Bridge,,E07000122,Pendle,,7187
E04005232,Colne,,E07000122,Pendle,,7188
E04005233,Nelson,,E07000122,Pendle,,7189
E04013238,Barnoldswick,,E07000122,Pendle,,7190
E04013239,Salterforth,,E07000122,Pendle,,7191
E04005234,Barton,,E07000123,Preston,,7192
E04005235,Broughton,,E07000123,Preston,,7193
E04005236,Goosnargh,,E07000123,Preston,,7194
E04005237,Grimsargh,,E07000123,Preston,,7195
E04005238,Haighton,,E07000123,Preston,,7196
E04005437,Husbands Bosworth,,E07000131,Harborough,,7197
E04005438,Illston on the Hill,,E07000131,Harborough,,7198
E04005439,Keyham,,E07000131,Harborough,,7199
E04005442,Kimcote and Walton,,E07000131,Harborough,,7200
E04005633,Farlesthorpe,,E07000137,East Lindsey,,7201
E04005634,Firsby,,E07000137,East Lindsey,,7202
E04005635,Fotherby,,E07000137,East Lindsey,,7203
E04005636,Friskney,,E07000137,East Lindsey,,7204
E04005637,Fulletby,,E07000137,East Lindsey,,7205
E04005638,Fulstow,,E07000137,East Lindsey,,7206
E04005639,Gautby,,E07000137,East Lindsey,,7207
E04005640,Gayton le Marsh,,E07000137,East Lindsey,,7208
E04005641,Gayton le Wold,,E07000137,East Lindsey,,7209
E04005642,Goulceby,,E07000137,East Lindsey,,7210
E04005643,Grainsby,,E07000137,East Lindsey,,7211
E04005644,Grainthorpe,,E07000137,East Lindsey,,7212
E04005645,Great Carlton,,E07000137,East Lindsey,,7213
E04005646,Great Steeping,,E07000137,East Lindsey,,7214
E04005647,Great Sturton,,E07000137,East Lindsey,,7215
E04005648,Greetham with Somersby,,E07000137,East Lindsey,,7216
E04005649,Grimoldby,,E07000137,East Lindsey,,7217
E04005650,Hagworthingham,,E07000137,East Lindsey,,7218
E04005651,Hainton,,E07000137,East Lindsey,,7219
E04005652,Hallington,,E07000137,East Lindsey,,7220
E04005653,Haltham,,E07000137,East Lindsey,,7221
E04005654,Halton Holegate,,E07000137,East Lindsey,,7222
E04005655,Hameringham,,E07000137,East Lindsey,,7223
E04005656,Hannah cum Hagnaby,,E07000137,East Lindsey,,7224
E04005657,Harrington,,E07000137,East Lindsey,,7225
E04005658,Hatton,,E07000137,East Lindsey,,7226
E04005659,Haugh,,E07000137,East Lindsey,,7227
E04005660,Haugham,,E07000137,East Lindsey,,7228
E04005784,Billinghay,,E07000139,North Kesteven,,7229
E04005733,Stixwould and Woodhall,,E07000137,East Lindsey,,7230
E04005583,Sutterton,,E07000136,Boston,,7231
E04005661,Hemingby,,E07000137,East Lindsey,,7232
E04005662,High Toynton,,E07000137,East Lindsey,,7233
E04005663,Hogsthorpe,,E07000137,East Lindsey,,7234
E04005664,Holton le Clay,,E07000137,East Lindsey,,7235
E04005665,Horncastle,,E07000137,East Lindsey,,7236
E04005666,Horsington,,E07000137,East Lindsey,,7237
E04005667,Hundleby,,E07000137,East Lindsey,,7238
E04005668,Huttoft,,E07000137,East Lindsey,,7239
E04005669,Ingoldmells,,E07000137,East Lindsey,,7240
E04005670,Irby in the Marsh,,E07000137,East Lindsey,,7241
E04005671,Keddington,,E07000137,East Lindsey,,7242
E04005672,Kirkby on Bain,,E07000137,East Lindsey,,7243
E04005673,Langriville,,E07000137,East Lindsey,,7244
E04005674,Langton,,E07000137,East Lindsey,,7245
E04005675,Langton by Spilsby,,E07000137,East Lindsey,,7246
E04005676,Langton by Wragby,,E07000137,East Lindsey,,7247
E04005677,Legbourne,,E07000137,East Lindsey,,7248
E04005678,Little Carlton,,E07000137,East Lindsey,,7249
E04005679,Little Cawthorpe,,E07000137,East Lindsey,,7250
E04005680,Little Steeping,,E07000137,East Lindsey,,7251
E04005681,Louth,,E07000137,East Lindsey,,7252
E04005682,Low Toynton,,E07000137,East Lindsey,,7253
E04005683,Ludborough,,E07000137,East Lindsey,,7254
E04005838,Temple Bruer with Temple High Grange,,E07000139,North Kesteven,,7255
E04005933,Pickworth,,E07000141,South Kesteven,,7256
E04005734,Strubby with Woodthorpe,,E07000137,East Lindsey,,7257
E04005684,Ludford,,E07000137,East Lindsey,,7258
E04005840,Threekingham,,E07000139,North Kesteven,,7259
E04005584,Swineshead,,E07000136,Boston,,7260
E04005785,Blankney,,E07000139,North Kesteven,,7261
E04005735,Swaby,,E07000137,East Lindsey,,7262
E04005685,Lusby with Winceby,,E07000137,East Lindsey,,7263
E04005841,Thurlby,,E07000139,North Kesteven,,7264
E04005934,Pointon and Sempringham,,E07000141,South Kesteven,,7265
E04005585,Wigtoft,,E07000136,Boston,,7266
E04005786,Boothby Graffoe,,E07000139,North Kesteven,,7267
E04005736,Tathwell,,E07000137,East Lindsey,,7268
E04005686,Mablethorpe and Sutton,,E07000137,East Lindsey,,7269
E04005842,Timberland,,E07000139,North Kesteven,,7270
E04005935,Rippingale,,E07000141,South Kesteven,,7271
E04005586,Wrangle,,E07000136,Boston,,7272
E04005787,Bracebridge Heath,,E07000139,North Kesteven,,7273
E04005737,Tattershall,,E07000137,East Lindsey,,7274
E04005687,Maidenwell,,E07000137,East Lindsey,,7275
E04005843,Waddington,,E07000139,North Kesteven,,7276
E04005936,Ropsley and Humby,,E07000141,South Kesteven,,7277
E04005587,Wyberton,,E07000136,Boston,,7278
E04005788,Branston and Mere,,E07000139,North Kesteven,,7279
E04005738,Tattershall Thorpe,,E07000137,East Lindsey,,7280
E04005688,Maltby le Marsh,,E07000137,East Lindsey,,7281
E04005844,Walcot near Folkingham,,E07000139,North Kesteven,,7282
E04005937,Sedgebrook,,E07000141,South Kesteven,,7283
E04005588,Aby with Greenfield,,E07000137,East Lindsey,,7284
E04005789,Brant Broughton and Stragglethorpe,,E07000139,North Kesteven,,7285
E04005739,Tetford,,E07000137,East Lindsey,,7286
E04005689,Manby,,E07000137,East Lindsey,,7287
E04005845,Walcott,,E07000139,North Kesteven,,7288
E04005938,Skillington,,E07000141,South Kesteven,,7289
E04005589,Addlethorpe,,E07000137,East Lindsey,,7290
E04005791,Burton Pedwardine,,E07000139,North Kesteven,,7291
E04005740,Tetney,,E07000137,East Lindsey,,7292
E04005690,Mareham le Fen,,E07000137,East Lindsey,,7293
E04005846,Washingborough,,E07000139,North Kesteven,,7294
E04005939,South Witham,,E07000141,South Kesteven,,7295
E04005590,Alford,,E07000137,East Lindsey,,7296
E04005792,Canwick,,E07000139,North Kesteven,,7297
E04005741,Theddlethorpe All Saints,,E07000137,East Lindsey,,7298
E04005742,Theddlethorpe St Helen,,E07000137,East Lindsey,,7299
E04005743,Thimbleby,,E07000137,East Lindsey,,7300
E04005744,Thornton le Fen,,E07000137,East Lindsey,,7301
E04005745,Thorpe St. Peter,,E07000137,East Lindsey,,7302
E04005746,Toynton All Saints,,E07000137,East Lindsey,,7303
E04005747,Toynton St Peter,,E07000137,East Lindsey,,7304
E04005748,Tumby,,E07000137,East Lindsey,,7305
E04005749,Tupholme,,E07000137,East Lindsey,,7306
E04005750,Ulceby with Fordington,,E07000137,East Lindsey,,7307
E04005751,Utterby,,E07000137,East Lindsey,,7308
E04005752,Waddingworth,,E07000137,East Lindsey,,7309
E04005753,Wainfleet All Saints,,E07000137,East Lindsey,,7310
E04005754,Wainfleet St Mary,,E07000137,East Lindsey,,7311
E04005755,Waithe,,E07000137,East Lindsey,,7312
E04005756,Walmsgate,,E07000137,East Lindsey,,7313
E04005757,Well,,E07000137,East Lindsey,,7314
E04005758,Welton le Marsh,,E07000137,East Lindsey,,7315
E04005759,Welton le Wold,,E07000137,East Lindsey,,7316
E04005760,West Ashby,,E07000137,East Lindsey,,7317
E04005761,West Barkwith,,E07000137,East Lindsey,,7318
E04005762,West Fen,,E07000137,East Lindsey,,7319
E04005763,West Keal,,E07000137,East Lindsey,,7320
E04005764,West Torrington,,E07000137,East Lindsey,,7321
E04005765,Wildmore,,E07000137,East Lindsey,,7322
E04005766,Willoughby with Sloothby,,E07000137,East Lindsey,,7323
E04005767,Withcall,,E07000137,East Lindsey,,7324
E04005768,Withern with Stain,,E07000137,East Lindsey,,7325
E04005769,Wood Enderby,,E07000137,East Lindsey,,7326
E04005770,Woodhall Spa,,E07000137,East Lindsey,,7327
E04005771,Wragby,,E07000137,East Lindsey,,7328
E04005772,Wyham cum Cadeby,,E07000137,East Lindsey,,7329
E04005773,Yarburgh,,E07000137,East Lindsey,,7330
E04005774,Saltfleetby,,E07000137,East Lindsey,,7331
E04005775,Frithville and Westville,,E07000137,East Lindsey,,7332
E04005776,Anwick,,E07000139,North Kesteven,,7333
E04005777,Asgarby and Howell,,E07000139,North Kesteven,,7334
E04005778,Ashby de la Launde and Bloxholm,,E07000139,North Kesteven,,7335
E04005779,Aswarby and Swarby,,E07000139,North Kesteven,,7336
E04005781,Aunsby and Dembleby,,E07000139,North Kesteven,,7337
E04005782,Bassingham,,E07000139,North Kesteven,,7338
E04005783,Beckingham,,E07000139,North Kesteven,,7339
E04005793,Carlton-le-Moorland,,E07000139,North Kesteven,,7340
E04005591,Alvingham,,E07000137,East Lindsey,,7341
E04005691,Mareham on the Hill,,E07000137,East Lindsey,,7342
E04005940,Stamford,,E07000141,South Kesteven,,7343
E04005794,Coleby,,E07000139,North Kesteven,,7344
E04005847,Welbourn,,E07000139,North Kesteven,,7345
E04005592,Anderby,,E07000137,East Lindsey,,7346
E04005692,Markby,,E07000137,East Lindsey,,7347
E04005941,Stoke Rochford,,E07000141,South Kesteven,,7348
E04005796,Culverthorpe and Kelby,,E07000139,North Kesteven,,7349
E04005848,Wellingore,,E07000139,North Kesteven,,7350
E04005593,Ashby with Scremby,,E07000137,East Lindsey,,7351
E04005693,Market Stainton,,E07000137,East Lindsey,,7352
E04005942,Stubton,,E07000141,South Kesteven,,7353
E04005797,Digby,,E07000139,North Kesteven,,7354
E04005849,Wilsford,,E07000139,North Kesteven,,7355
E04005594,Asterby,,E07000137,East Lindsey,,7356
E04005694,Marshchapel,,E07000137,East Lindsey,,7357
E04005943,Swayfield,,E07000141,South Kesteven,,7358
E04005799,Dogdyke,,E07000139,North Kesteven,,7359
E04005850,Witham St. Hughs,,E07000139,North Kesteven,,7360
E04005595,Aswardby,,E07000137,East Lindsey,,7361
E04005596,Authorpe,,E07000137,East Lindsey,,7362
E04005597,Baumber,,E07000137,East Lindsey,,7363
E04005598,Beesby with Saleby,,E07000137,East Lindsey,,7364
E04005599,Belchford,,E07000137,East Lindsey,,7365
E04005600,Belleau,,E07000137,East Lindsey,,7366
E04005601,Benniworth,,E07000137,East Lindsey,,7367
E04005602,Bilsby,,E07000137,East Lindsey,,7368
E04005603,Binbrook,,E07000137,East Lindsey,,7369
E04005604,Bolingbroke,,E07000137,East Lindsey,,7370
E04005605,Brackenborough with Little Grimsby,,E07000137,East Lindsey,,7371
E04005606,Bratoft,,E07000137,East Lindsey,,7372
E04005607,Brinkhill,,E07000137,East Lindsey,,7373
E04005608,Bucknall,,E07000137,East Lindsey,,7374
E04005609,Burgh le Marsh,,E07000137,East Lindsey,,7375
E04005610,Burgh on Bain,,E07000137,East Lindsey,,7376
E04005611,Burwell,,E07000137,East Lindsey,,7377
E04005612,Calcethorpe with Kelstern,,E07000137,East Lindsey,,7378
E04005613,Candlesby with Gunby,,E07000137,East Lindsey,,7379
E04005614,Carrington and New Bolingbroke,,E07000137,East Lindsey,,7380
E04005615,Chapel St. Leonards,,E07000137,East Lindsey,,7381
E04005616,Claxby St Andrew,,E07000137,East Lindsey,,7382
E04005617,Claxby with Moorby,,E07000137,East Lindsey,,7383
E04005618,Claythorpe,,E07000137,East Lindsey,,7384
E04005619,Coningsby,,E07000137,East Lindsey,,7385
E04005620,Conisholme,,E07000137,East Lindsey,,7386
E04005621,Covenham St Bartholomew,,E07000137,East Lindsey,,7387
E04005622,Covenham St Mary,,E07000137,East Lindsey,,7388
E04005623,Croft,,E07000137,East Lindsey,,7389
E04005624,Cumberworth,,E07000137,East Lindsey,,7390
E04005625,Dalby,,E07000137,East Lindsey,,7391
E04005626,Donington on Bain,,E07000137,East Lindsey,,7392
E04005627,East Barkwith,,E07000137,East Lindsey,,7393
E04005628,East Keal,,E07000137,East Lindsey,,7394
E04005629,East Kirkby,,E07000137,East Lindsey,,7395
E04005630,Eastville,,E07000137,East Lindsey,,7396
E04005631,Edlington with Wispington,,E07000137,East Lindsey,,7397
E04005632,Elkington,,E07000137,East Lindsey,,7398
E04005883,Boothby Pagnell,,E07000141,South Kesteven,,7399
E04012154,Aubourn with Haddington,,E07000139,North Kesteven,,7400
E04012155,"Cranwell, Brauncewell and Byard's Leap",,E07000139,North Kesteven,,7401
E04012156,Doddington and Whisby,,E07000139,North Kesteven,,7402
E04012157,North Hykeham,,E07000139,North Kesteven,,7403
E04012158,South Hykeham,,E07000139,North Kesteven,,7404
E04012159,Thorpe on the Hill,,E07000139,North Kesteven,,7405
E04005851,Cowbit,,E07000140,South Holland,,7406
E04005852,Crowland,,E07000140,South Holland,,7407
E04005853,Deeping St Nicholas,,E07000140,South Holland,,7408
E04005854,Donington,,E07000140,South Holland,,7409
E04005855,Fleet,,E07000140,South Holland,,7410
E04005856,Gedney,,E07000140,South Holland,,7411
E04005857,Gedney Hill,,E07000140,South Holland,,7412
E04005858,Gosberton,,E07000140,South Holland,,7413
E04005859,Holbeach,,E07000140,South Holland,,7414
E04005860,Little Sutton,,E07000140,South Holland,,7415
E04005861,Long Sutton,,E07000140,South Holland,,7416
E04005862,Lutton,,E07000140,South Holland,,7417
E04005863,The Moultons,,E07000140,South Holland,,7418
E04005884,Bourne,,E07000141,South Kesteven,,7419
E04005864,Pinchbeck,,E07000140,South Holland,,7420
E04005800,Dorrington,,E07000139,North Kesteven,,7421
E04005885,Braceborough and Wilsthorpe,,E07000141,South Kesteven,,7422
E04005695,Mavis Enderby,,E07000137,East Lindsey,,7423
E04005944,Swinstead,,E07000141,South Kesteven,,7424
E04005865,Quadring,,E07000140,South Holland,,7425
E04005945,Syston,,E07000141,South Kesteven,,7426
E04005886,Braceby and Sapperton,,E07000141,South Kesteven,,7427
E04005866,Surfleet,,E07000140,South Holland,,7428
E04005946,Tallington,,E07000141,South Kesteven,,7429
E04005696,Midville,,E07000137,East Lindsey,,7430
E04005801,Dunston,,E07000139,North Kesteven,,7431
E04005697,Minting,,E07000137,East Lindsey,,7432
E04005802,Eagle and Swinethorpe,,E07000139,North Kesteven,,7433
E04005698,Muckton,,E07000137,East Lindsey,,7434
E04005803,Ewerby and Evedon,,E07000139,North Kesteven,,7435
E04005699,Mumby,,E07000137,East Lindsey,,7436
E04005947,Thurlby,,E07000141,South Kesteven,,7437
E04005804,Great Hale,,E07000139,North Kesteven,,7438
E04005887,Burton Coggles,,E07000141,South Kesteven,,7439
E04005867,Sutton Bridge,,E07000140,South Holland,,7440
E04005700,New Leake,,E07000137,East Lindsey,,7441
E04005948,Toft with Lound and Manthorpe,,E07000141,South Kesteven,,7442
E04005805,Harmston,,E07000139,North Kesteven,,7443
E04005888,Careby Aunby and Holywell,,E07000141,South Kesteven,,7444
E04005868,Sutton St Edmund,,E07000140,South Holland,,7445
E04005701,North Cotes,,E07000137,East Lindsey,,7446
E04005949,Uffington,,E07000141,South Kesteven,,7447
E04005806,Heckington,,E07000139,North Kesteven,,7448
E04005889,Carlby,,E07000141,South Kesteven,,7449
E04005869,Sutton St James,,E07000140,South Holland,,7450
E04005702,North Cockerington,,E07000137,East Lindsey,,7451
E04005950,Welby,,E07000141,South Kesteven,,7452
E04005807,Heighington,,E07000139,North Kesteven,,7453
E04005890,Carlton Scroop,,E07000141,South Kesteven,,7454
E04005870,Tydd St Mary,,E07000140,South Holland,,7455
E04005703,North Ormsby,,E07000137,East Lindsey,,7456
E04005951,West Deeping,,E07000141,South Kesteven,,7457
E04005952,Westborough and Dry Doddington,,E07000141,South Kesteven,,7458
E04005953,Witham on the Hill,,E07000141,South Kesteven,,7459
E04005954,Woolsthorpe By Belvoir,,E07000141,South Kesteven,,7460
E04005955,Wyville cum Hungerton,,E07000141,South Kesteven,,7461
E04013441,Grantham,,E07000141,South Kesteven,,7462
E04005956,Aisthorpe,,E07000142,West Lindsey,,7463
E04005957,Apley,,E07000142,West Lindsey,,7464
E04005958,Bardney,,E07000142,West Lindsey,,7465
E04005959,Barlings,,E07000142,West Lindsey,,7466
E04005960,Bigby,,E07000142,West Lindsey,,7467
E04005961,Bishop Norton,,E07000142,West Lindsey,,7468
E04005962,Blyborough,,E07000142,West Lindsey,,7469
E04005963,Blyton,,E07000142,West Lindsey,,7470
E04005964,Brampton,,E07000142,West Lindsey,,7471
E04005965,Brattleby,,E07000142,West Lindsey,,7472
E04005966,Broadholme,,E07000142,West Lindsey,,7473
E04005967,Brocklesby,,E07000142,West Lindsey,,7474
E04005968,Broxholme,,E07000142,West Lindsey,,7475
E04005969,Bullington,,E07000142,West Lindsey,,7476
E04005970,Burton,,E07000142,West Lindsey,,7477
E04005971,Buslingthorpe,,E07000142,West Lindsey,,7478
E04005972,Cabourne,,E07000142,West Lindsey,,7479
E04005973,Caenby,,E07000142,West Lindsey,,7480
E04005974,Caistor,,E07000142,West Lindsey,,7481
E04005975,Cammeringham,,E07000142,West Lindsey,,7482
E04005976,Cherry Willingham,,E07000142,West Lindsey,,7483
E04005977,Claxby,,E07000142,West Lindsey,,7484
E04005978,Cold Hanworth,,E07000142,West Lindsey,,7485
E04005979,Corringham,,E07000142,West Lindsey,,7486
E04005980,Dunholme,,E07000142,West Lindsey,,7487
E04005981,East Ferry,,E07000142,West Lindsey,,7488
E04005704,North Somercotes,,E07000137,East Lindsey,,7489
E04005871,Weston,,E07000140,South Holland,,7490
E04005808,Helpringham,,E07000139,North Kesteven,,7491
E04005705,North Thoresby,,E07000137,East Lindsey,,7492
E04005872,Whaplode,,E07000140,South Holland,,7493
E04005809,Kirkby la Thorpe,,E07000139,North Kesteven,,7494
E04005706,Orby,,E07000137,East Lindsey,,7495
E04005891,Castle Bytham,,E07000141,South Kesteven,,7496
E04005873,Allington,,E07000141,South Kesteven,,7497
E04005810,Leadenham,,E07000139,North Kesteven,,7498
E04005707,Partney,,E07000137,East Lindsey,,7499
E04005892,Caythorpe,,E07000141,South Kesteven,,7500
E04005874,Ancaster,,E07000141,South Kesteven,,7501
E04005811,Leasingham,,E07000139,North Kesteven,,7502
E04005708,Raithby,,E07000137,East Lindsey,,7503
E04005893,Claypole,,E07000141,South Kesteven,,7504
E04005875,Aslackby and Laughton,,E07000141,South Kesteven,,7505
E04005812,Little Hale,,E07000139,North Kesteven,,7506
E04005709,Raithby cum Maltby,,E07000137,East Lindsey,,7507
E04005894,Colsterworth,,E07000141,South Kesteven,,7508
E04005876,Barholm and Stowe,,E07000141,South Kesteven,,7509
E04005813,Martin,,E07000139,North Kesteven,,7510
E04005710,Ranby,,E07000137,East Lindsey,,7511
E04005895,Corby Glen,,E07000141,South Kesteven,,7512
E04005877,Barkston,,E07000141,South Kesteven,,7513
E04005814,Metheringham,,E07000139,North Kesteven,,7514
E04005711,Reston,,E07000137,East Lindsey,,7515
E04005896,Counthorpe and Creeton,,E07000141,South Kesteven,,7516
E04005878,Barrowby,,E07000141,South Kesteven,,7517
E04005815,Navenby,,E07000139,North Kesteven,,7518
E04005712,Revesby,,E07000137,East Lindsey,,7519
E04005897,Deeping St James,,E07000141,South Kesteven,,7520
E04005879,Baston,,E07000141,South Kesteven,,7521
E04005816,Newton and Haceby,,E07000139,North Kesteven,,7522
E04005817,Nocton,,E07000139,North Kesteven,,7523
E04005819,North Kyme,,E07000139,North Kesteven,,7524
E04005820,North Rauceby,,E07000139,North Kesteven,,7525
E04005821,North Scarle,,E07000139,North Kesteven,,7526
E04005822,Norton Disney,,E07000139,North Kesteven,,7527
E04005823,Osbournby,,E07000139,North Kesteven,,7528
E04005824,Potter Hanworth,,E07000139,North Kesteven,,7529
E04005825,Rowston,,E07000139,North Kesteven,,7530
E04005826,Roxholm,,E07000139,North Kesteven,,7531
E04005827,Ruskington,,E07000139,North Kesteven,,7532
E04005828,Scopwick,,E07000139,North Kesteven,,7533
E04005829,Scredington,,E07000139,North Kesteven,,7534
E04005830,Silk Willoughby,,E07000139,North Kesteven,,7535
E04005831,Skellingthorpe,,E07000139,North Kesteven,,7536
E04005832,Sleaford,,E07000139,North Kesteven,,7537
E04005833,South Kyme,,E07000139,North Kesteven,,7538
E04005834,South Rauceby,,E07000139,North Kesteven,,7539
E04005835,Stapleford,,E07000139,North Kesteven,,7540
E04005836,Swaton,,E07000139,North Kesteven,,7541
E04005837,Swinderby,,E07000139,North Kesteven,,7542
E04005713,Rigsby with Ailby,,E07000137,East Lindsey,,7543
E04005880,Belton and Manthorpe,,E07000141,South Kesteven,,7544
E04005898,Denton,,E07000141,South Kesteven,,7545
E04005714,Roughton,,E07000137,East Lindsey,,7546
E04005715,Sausthorpe,,E07000137,East Lindsey,,7547
E04005716,Scamblesby,,E07000137,East Lindsey,,7548
E04005881,Billingborough,,E07000141,South Kesteven,,7549
E04005899,Dowsby,,E07000141,South Kesteven,,7550
E04005717,Scrivelsby,,E07000137,East Lindsey,,7551
E04005882,Bitchfield and Bassingthorpe,,E07000141,South Kesteven,,7552
E04005900,Dunsby,,E07000141,South Kesteven,,7553
E04005718,Sibsey,,E07000137,East Lindsey,,7554
E04005901,Easton,,E07000141,South Kesteven,,7555
E04005719,Skegness,,E07000137,East Lindsey,,7556
E04005902,Edenham,,E07000141,South Kesteven,,7557
E04005720,Skendleby,,E07000137,East Lindsey,,7558
E04005903,Fenton,,E07000141,South Kesteven,,7559
E04005721,Skidbrooke with Saltfleet Haven,,E07000137,East Lindsey,,7560
E04005904,Folkingham,,E07000141,South Kesteven,,7561
E04005722,Sotby,,E07000137,East Lindsey,,7562
E04005905,Foston,,E07000141,South Kesteven,,7563
E04005723,South Cockerington,,E07000137,East Lindsey,,7564
E04005906,Fulbeck,,E07000141,South Kesteven,,7565
E04005724,South Ormsby cum Ketsby,,E07000137,East Lindsey,,7566
E04005907,Great Gonerby,,E07000141,South Kesteven,,7567
E04005725,South Somercotes,,E07000137,East Lindsey,,7568
E04005908,Great Ponton,,E07000141,South Kesteven,,7569
E04005726,South Thoresby,,E07000137,East Lindsey,,7570
E04005909,Greatford,,E07000141,South Kesteven,,7571
E04005727,South Willingham,,E07000137,East Lindsey,,7572
E04005910,Gunby and Stainby,,E07000141,South Kesteven,,7573
E04005728,Spilsby,,E07000137,East Lindsey,,7574
E04005911,Haconby,,E07000141,South Kesteven,,7575
E04005729,Stenigot,,E07000137,East Lindsey,,7576
E04005912,Harlaxton,,E07000141,South Kesteven,,7577
E04005730,Stewton,,E07000137,East Lindsey,,7578
E04005913,Heydour,,E07000141,South Kesteven,,7579
E04005731,Stickford,,E07000137,East Lindsey,,7580
E04005914,Honington,,E07000141,South Kesteven,,7581
E04005732,Stickney,,E07000137,East Lindsey,,7582
E04005915,Horbling,,E07000141,South Kesteven,,7583
E04005916,Hough-on-the-Hill,,E07000141,South Kesteven,,7584
E04005917,Hougham,,E07000141,South Kesteven,,7585
E04005918,Ingoldsby,,E07000141,South Kesteven,,7586
E04005919,Irnham,,E07000141,South Kesteven,,7587
E04005920,Kirkby Underwood,,E07000141,South Kesteven,,7588
E04005921,Langtoft,,E07000141,South Kesteven,,7589
E04005922,Lenton Keisby and Osgodby,,E07000141,South Kesteven,,7590
E04005923,Little Bytham,,E07000141,South Kesteven,,7591
E04005924,Little Ponton and Stroxton,,E07000141,South Kesteven,,7592
E04005925,Londonthorpe and Harrowby Without,,E07000141,South Kesteven,,7593
E04005926,Long Bennington,,E07000141,South Kesteven,,7594
E04005927,Market Deeping,,E07000141,South Kesteven,,7595
E04005928,Marston,,E07000141,South Kesteven,,7596
E04005929,Morton & Hanthorpe,,E07000141,South Kesteven,,7597
E04005930,Normanton,,E07000141,South Kesteven,,7598
E04005931,North Witham,,E07000141,South Kesteven,,7599
E04005932,Old Somerby,,E07000141,South Kesteven,,7600
E04006135,Kilverstone,,E07000143,Breckland,,7601
E04006136,Lexham,,E07000143,Breckland,,7602
E04006137,Litcham,,E07000143,Breckland,,7603
E04006138,Little Cressingham,,E07000143,Breckland,,7604
E04006139,Little Dunham,,E07000143,Breckland,,7605
E04006140,Little Ellingham,,E07000143,Breckland,,7606
E04006141,Longham,,E07000143,Breckland,,7607
E04006142,Lynford,,E07000143,Breckland,,7608
E04006143,Lyng,,E07000143,Breckland,,7609
E04006144,Mattishall,,E07000143,Breckland,,7610
E04006145,Merton,,E07000143,Breckland,,7611
E04006146,Mileham,,E07000143,Breckland,,7612
E04006147,Mundford,,E07000143,Breckland,,7613
E04006148,Narborough,,E07000143,Breckland,,7614
E04006149,Narford,,E07000143,Breckland,,7615
E04006150,Necton,,E07000143,Breckland,,7616
E04006151,New Buckenham,,E07000143,Breckland,,7617
E04006152,Newton by Castle Acre,,E07000143,Breckland,,7618
E04006153,North Elmham,,E07000143,Breckland,,7619
E04006154,North Lopham,,E07000143,Breckland,,7620
E04006155,North Pickenham,,E07000143,Breckland,,7621
E04006156,North Tuddenham,,E07000143,Breckland,,7622
E04006157,Old Buckenham,,E07000143,Breckland,,7623
E04006158,Ovington,,E07000143,Breckland,,7624
E04006282,Winterton-on-Sea,,E07000145,Great Yarmouth,,7625
E04006159,Oxborough,,E07000143,Breckland,,7626
E04006160,Quidenham,,E07000143,Breckland,,7627
E04006161,Riddlesworth,,E07000143,Breckland,,7628
E04006162,Rocklands,,E07000143,Breckland,,7629
E04006163,Roudham and Larling,,E07000143,Breckland,,7630
E04006164,Rougham,,E07000143,Breckland,,7631
E04006283,Anmer,,E07000146,King's Lynn and West Norfolk,,7632
E04006165,Saham Toney,,E07000143,Breckland,,7633
E04006284,Bagthorpe with Barmer,,E07000146,King's Lynn and West Norfolk,,7634
E04006166,Scarning,,E07000143,Breckland,,7635
E04006186,Twyford,,E07000143,Breckland,,7636
E04005982,East Stockwith,,E07000142,West Lindsey,,7637
E04006082,Hemswell Cliff,,E07000142,West Lindsey,,7638
E04006285,Barton Bendish,,E07000146,King's Lynn and West Norfolk,,7639
E04006167,Scoulton,,E07000143,Breckland,,7640
E04006233,Horsham St. Faith and Newton St. Faith,,E07000144,Broadland,,7641
E04006187,Watton,,E07000143,Breckland,,7642
E04005983,Faldingworth,,E07000142,West Lindsey,,7643
E04006032,Owmby-by-Spital,,E07000142,West Lindsey,,7644
E04006083,Brookenby,,E07000142,West Lindsey,,7645
E04006333,Nordelph,,E07000146,King's Lynn and West Norfolk,,7646
E04006286,Barwick,,E07000146,King's Lynn and West Norfolk,,7647
E04006168,Shipdham,,E07000143,Breckland,,7648
E04006234,Horstead with Stanninghall,,E07000144,Broadland,,7649
E04006188,Weasenham All Saints,,E07000143,Breckland,,7650
E04005984,Fenton,,E07000142,West Lindsey,,7651
E04006033,Pilham,,E07000142,West Lindsey,,7652
E04006084,Ashill,,E07000143,Breckland,,7653
E04006287,Bawsey,,E07000146,King's Lynn and West Norfolk,,7654
E04006334,North Creake,,E07000146,King's Lynn and West Norfolk,,7655
E04006169,Shropham,,E07000143,Breckland,,7656
E04006235,Lingwood and Burlingham,,E07000144,Broadland,,7657
E04006086,Banham,,E07000143,Breckland,,7658
E04005985,Fillingham,,E07000142,West Lindsey,,7659
E04006189,Weasenham St. Peter,,E07000143,Breckland,,7660
E04006034,Rand,,E07000142,West Lindsey,,7661
E04006335,North Runcton,,E07000146,King's Lynn and West Norfolk,,7662
E04006288,Bircham,,E07000146,King's Lynn and West Norfolk,,7663
E04006087,Bawdeswell,,E07000143,Breckland,,7664
E04006336,Northwold,,E07000146,King's Lynn and West Norfolk,,7665
E04006035,Reepham,,E07000142,West Lindsey,,7666
E04006170,Snetterton,,E07000143,Breckland,,7667
E04005986,Fiskerton,,E07000142,West Lindsey,,7668
E04006190,Weeting-with-Broomhill,,E07000143,Breckland,,7669
E04006289,Boughton,,E07000146,King's Lynn and West Norfolk,,7670
E04006236,Little Witchingham,,E07000144,Broadland,,7671
E04006088,Beachamwell,,E07000143,Breckland,,7672
E04006338,Old Hunstanton,,E07000146,King's Lynn and West Norfolk,,7673
E04006036,Riby,,E07000142,West Lindsey,,7674
E04006171,South Acre,,E07000143,Breckland,,7675
E04005987,Friesthorpe,,E07000142,West Lindsey,,7676
E04006191,Wellingham,,E07000143,Breckland,,7677
E04006290,Brancaster,,E07000146,King's Lynn and West Norfolk,,7678
E04006237,Marsham,,E07000144,Broadland,,7679
E04006089,Beeston with Bittering,,E07000143,Breckland,,7680
E04006339,Outwell,,E07000146,King's Lynn and West Norfolk,,7681
E04006037,Riseholme,,E07000142,West Lindsey,,7682
E04006172,South Lopham,,E07000143,Breckland,,7683
E04005988,Fulnetby,,E07000142,West Lindsey,,7684
E04006192,Wendling,,E07000143,Breckland,,7685
E04006291,Burnham Market,,E07000146,King's Lynn and West Norfolk,,7686
E04006238,Morton on the Hill,,E07000144,Broadland,,7687
E04006090,Beetley,,E07000143,Breckland,,7688
E04006091,Besthorpe,,E07000143,Breckland,,7689
E04006092,Billingford,,E07000143,Breckland,,7690
E04006093,Bintree,,E07000143,Breckland,,7691
E04006094,Blo' Norton,,E07000143,Breckland,,7692
E04006095,Bradenham,,E07000143,Breckland,,7693
E04006096,Brettenham,,E07000143,Breckland,,7694
E04006097,Bridgham,,E07000143,Breckland,,7695
E04006098,Brisley,,E07000143,Breckland,,7696
E04006099,Bylaugh,,E07000143,Breckland,,7697
E04006100,Carbrooke,,E07000143,Breckland,,7698
E04006101,Caston,,E07000143,Breckland,,7699
E04006102,Cockley Cley,,E07000143,Breckland,,7700
E04006103,Colkirk,,E07000143,Breckland,,7701
E04006104,Cranwich,,E07000143,Breckland,,7702
E04006105,Cranworth,,E07000143,Breckland,,7703
E04006107,Didlington,,E07000143,Breckland,,7704
E04006108,Dereham,,E07000143,Breckland,,7705
E04006109,East Tuddenham,,E07000143,Breckland,,7706
E04006110,Elsing,,E07000143,Breckland,,7707
E04006111,Foulden,,E07000143,Breckland,,7708
E04006112,Foxley,,E07000143,Breckland,,7709
E04006113,Fransham,,E07000143,Breckland,,7710
E04006114,Garboldisham,,E07000143,Breckland,,7711
E04006115,"Garvestone, Reymerston and Thuxton",,E07000143,Breckland,,7712
E04006116,Gateley,,E07000143,Breckland,,7713
E04006117,Gooderstone,,E07000143,Breckland,,7714
E04006118,Great Cressingham,,E07000143,Breckland,,7715
E04006119,Great Dunham,,E07000143,Breckland,,7716
E04006121,Gressenhall,,E07000143,Breckland,,7717
E04006122,Griston,,E07000143,Breckland,,7718
E04006123,Guist,,E07000143,Breckland,,7719
E04006124,Hardingham,,E07000143,Breckland,,7720
E04006125,Harling,,E07000143,Breckland,,7721
E04006126,Hilborough,,E07000143,Breckland,,7722
E04006127,Hockering,,E07000143,Breckland,,7723
E04006128,Hockham,,E07000143,Breckland,,7724
E04006129,Hoe and Worthing,,E07000143,Breckland,,7725
E04006130,Holme Hale,,E07000143,Breckland,,7726
E04006131,Horningtoft,,E07000143,Breckland,,7727
E04006132,Ickburgh,,E07000143,Breckland,,7728
E04006133,Kempstone,,E07000143,Breckland,,7729
E04006134,Kenninghall,,E07000143,Breckland,,7730
E04006173,South Pickenham,,E07000143,Breckland,,7731
E04005989,Gate Burton,,E07000142,West Lindsey,,7732
E04006239,Old Catton,,E07000144,Broadland,,7733
E04006340,Pentney,,E07000146,King's Lynn and West Norfolk,,7734
E04006292,Burnham Norton,,E07000146,King's Lynn and West Norfolk,,7735
E04006174,Sparham,,E07000143,Breckland,,7736
E04005990,Glentham,,E07000142,West Lindsey,,7737
E04006038,Rothwell,,E07000142,West Lindsey,,7738
E04006240,Oulton,,E07000144,Broadland,,7739
E04006341,Ringstead,,E07000146,King's Lynn and West Norfolk,,7740
E04006193,Whinburgh and Westfield,,E07000143,Breckland,,7741
E04006293,Burnham Overy,,E07000146,King's Lynn and West Norfolk,,7742
E04006175,Sporle with Palgrave,,E07000143,Breckland,,7743
E04005991,Glentworth,,E07000142,West Lindsey,,7744
E04006039,Saxby,,E07000142,West Lindsey,,7745
E04006241,Postwick with Witton,,E07000144,Broadland,,7746
E04006342,Roydon,,E07000146,King's Lynn and West Norfolk,,7747
E04006194,Whissonsett,,E07000143,Breckland,,7748
E04006294,Burnham Thorpe,,E07000146,King's Lynn and West Norfolk,,7749
E04006176,Stanfield,,E07000143,Breckland,,7750
E04005992,Goltho,,E07000142,West Lindsey,,7751
E04006040,Saxilby with Ingleby,,E07000142,West Lindsey,,7752
E04006242,Rackheath,,E07000144,Broadland,,7753
E04006343,Runcton Holme,,E07000146,King's Lynn and West Norfolk,,7754
E04006195,Wretham,,E07000143,Breckland,,7755
E04006196,Yaxham,,E07000143,Breckland,,7756
E04013160,Attleborough,,E07000143,Breckland,,7757
E04013161,Great Ellingham,,E07000143,Breckland,,7758
E04013162,Croxton,,E07000143,Breckland,,7759
E04013163,Thetford,,E07000143,Breckland,,7760
E04006197,Acle,,E07000144,Broadland,,7761
E04006198,Alderford,,E07000144,Broadland,,7762
E04006199,Attlebridge,,E07000144,Broadland,,7763
E04006200,Aylsham,,E07000144,Broadland,,7764
E04006201,Beeston St. Andrew,,E07000144,Broadland,,7765
E04006202,Beighton,,E07000144,Broadland,,7766
E04006203,Belaugh,,E07000144,Broadland,,7767
E04006204,Blickling,,E07000144,Broadland,,7768
E04006205,Blofield,,E07000144,Broadland,,7769
E04006206,Booton,,E07000144,Broadland,,7770
E04006207,Brampton,,E07000144,Broadland,,7771
E04006208,Brandiston,,E07000144,Broadland,,7772
E04006209,Brundall,,E07000144,Broadland,,7773
E04006210,Burgh and Tuttington,,E07000144,Broadland,,7774
E04006211,Buxton with Lammas,,E07000144,Broadland,,7775
E04006212,"Cantley, Limpenhoe and Southwood",,E07000144,Broadland,,7776
E04006213,Cawston,,E07000144,Broadland,,7777
E04006214,Coltishall,,E07000144,Broadland,,7778
E04006216,Drayton,,E07000144,Broadland,,7779
E04006217,Felthorpe,,E07000144,Broadland,,7780
E04006218,Foulsham,,E07000144,Broadland,,7781
E04006219,Freethorpe,,E07000144,Broadland,,7782
E04006220,Frettenham,,E07000144,Broadland,,7783
E04006221,Great and Little Plumstead,,E07000144,Broadland,,7784
E04006222,Great Witchingham,,E07000144,Broadland,,7785
E04006223,Guestwick,,E07000144,Broadland,,7786
E04006224,Hainford,,E07000144,Broadland,,7787
E04006225,Halvergate,,E07000144,Broadland,,7788
E04006226,Haveringland,,E07000144,Broadland,,7789
E04006227,Hellesdon,,E07000144,Broadland,,7790
E04006228,Hemblington,,E07000144,Broadland,,7791
E04006229,Hevingham,,E07000144,Broadland,,7792
E04006230,Heydon,,E07000144,Broadland,,7793
E04006231,Honingham,,E07000144,Broadland,,7794
E04006232,Horsford,,E07000144,Broadland,,7795
E04006344,Ryston,,E07000146,King's Lynn and West Norfolk,,7796
E04006177,Stanford,,E07000143,Breckland,,7797
E04006345,Sandringham,,E07000146,King's Lynn and West Norfolk,,7798
E04006041,Scampton,,E07000142,West Lindsey,,7799
E04006295,Castle Acre,,E07000146,King's Lynn and West Norfolk,,7800
E04006178,Stow Bedon and Breckles,,E07000143,Breckland,,7801
E04006243,Reedham,,E07000144,Broadland,,7802
E04006346,Sedgeford,,E07000146,King's Lynn and West Norfolk,,7803
E04006042,Scothern,,E07000142,West Lindsey,,7804
E04005993,Grange de Lings,,E07000142,West Lindsey,,7805
E04006297,Choseley,,E07000146,King's Lynn and West Norfolk,,7806
E04006179,Sturston,,E07000143,Breckland,,7807
E04006244,Reepham,,E07000144,Broadland,,7808
E04006347,Shernborne,,E07000146,King's Lynn and West Norfolk,,7809
E04006043,Scotter,,E07000142,West Lindsey,,7810
E04005994,Grasby,,E07000142,West Lindsey,,7811
E04006298,Clenchwarton,,E07000146,King's Lynn and West Norfolk,,7812
E04006180,Swaffham,,E07000143,Breckland,,7813
E04006245,Ringland,,E07000144,Broadland,,7814
E04006348,Shouldham,,E07000146,King's Lynn and West Norfolk,,7815
E04006044,Scotton,,E07000142,West Lindsey,,7816
E04005995,Grayingham,,E07000142,West Lindsey,,7817
E04006299,Congham,,E07000146,King's Lynn and West Norfolk,,7818
E04006181,Swanton Morley,,E07000143,Breckland,,7819
E04006246,Salhouse,,E07000144,Broadland,,7820
E04006349,Shouldham Thorpe,,E07000146,King's Lynn and West Norfolk,,7821
E04006350,Snettisham,,E07000146,King's Lynn and West Norfolk,,7822
E04006351,South Creake,,E07000146,King's Lynn and West Norfolk,,7823
E04006352,Southery,,E07000146,King's Lynn and West Norfolk,,7824
E04006354,Stanhoe,,E07000146,King's Lynn and West Norfolk,,7825
E04006355,Stoke Ferry,,E07000146,King's Lynn and West Norfolk,,7826
E04006356,Stow Bardolph,,E07000146,King's Lynn and West Norfolk,,7827
E04006357,Stradsett,,E07000146,King's Lynn and West Norfolk,,7828
E04006358,Syderstone,,E07000146,King's Lynn and West Norfolk,,7829
E04006360,Terrington St. John,,E07000146,King's Lynn and West Norfolk,,7830
E04006361,Thornham,,E07000146,King's Lynn and West Norfolk,,7831
E04006362,Tilney All Saints,,E07000146,King's Lynn and West Norfolk,,7832
E04006363,Tilney St. Lawrence,,E07000146,King's Lynn and West Norfolk,,7833
E04006364,Titchwell,,E07000146,King's Lynn and West Norfolk,,7834
E04006365,Tottenhill,,E07000146,King's Lynn and West Norfolk,,7835
E04006366,Upwell,,E07000146,King's Lynn and West Norfolk,,7836
E04006367,Walpole,,E07000146,King's Lynn and West Norfolk,,7837
E04006369,Walpole Highway,,E07000146,King's Lynn and West Norfolk,,7838
E04006370,Walsoken,,E07000146,King's Lynn and West Norfolk,,7839
E04006371,Watlington,,E07000146,King's Lynn and West Norfolk,,7840
E04006372,Welney,,E07000146,King's Lynn and West Norfolk,,7841
E04006373,Wereham,,E07000146,King's Lynn and West Norfolk,,7842
E04006374,West Acre,,E07000146,King's Lynn and West Norfolk,,7843
E04006375,West Dereham,,E07000146,King's Lynn and West Norfolk,,7844
E04006376,West Rudham,,E07000146,King's Lynn and West Norfolk,,7845
E04006377,West Walton,,E07000146,King's Lynn and West Norfolk,,7846
E04006378,West Winch,,E07000146,King's Lynn and West Norfolk,,7847
E04006379,Wiggenhall St. Germans,,E07000146,King's Lynn and West Norfolk,,7848
E04006380,Wiggenhall St. Mary Magdalen,,E07000146,King's Lynn and West Norfolk,,7849
E04006381,Wimbotsham,,E07000146,King's Lynn and West Norfolk,,7850
E04006382,Wormegay,,E07000146,King's Lynn and West Norfolk,,7851
E04006383,Wretton,,E07000146,King's Lynn and West Norfolk,,7852
E04012271,Castle Rising,,E07000146,King's Lynn and West Norfolk,,7853
E04012272,North Wootton,,E07000146,King's Lynn and West Norfolk,,7854
E04012273,South Wootton,,E07000146,King's Lynn and West Norfolk,,7855
E04006300,Crimplesham,,E07000146,King's Lynn and West Norfolk,,7856
E04006183,Thompson,,E07000143,Breckland,,7857
E04006301,Denver,,E07000146,King's Lynn and West Norfolk,,7858
E04006247,Salle,,E07000144,Broadland,,7859
E04006184,Tittleshall,,E07000143,Breckland,,7860
E04006302,Dersingham,,E07000146,King's Lynn and West Norfolk,,7861
E04006248,South Walsham,,E07000144,Broadland,,7862
E04006185,Tottington,,E07000143,Breckland,,7863
E04006045,Searby cum Owmby,,E07000142,West Lindsey,,7864
E04005996,Great Limber,,E07000142,West Lindsey,,7865
E04006303,Docking,,E07000146,King's Lynn and West Norfolk,,7866
E04006250,Sprowston,,E07000144,Broadland,,7867
E04006046,Sixhills,,E07000142,West Lindsey,,7868
E04005997,Greetwell,,E07000142,West Lindsey,,7869
E04006304,Downham Market,,E07000146,King's Lynn and West Norfolk,,7870
E04006251,Stratton Strawless,,E07000144,Broadland,,7871
E04006047,Snarford,,E07000142,West Lindsey,,7872
E04005998,Hackthorn,,E07000142,West Lindsey,,7873
E04006305,Downham West,,E07000146,King's Lynn and West Norfolk,,7874
E04006252,Strumpshaw,,E07000144,Broadland,,7875
E04006253,Swannington,,E07000144,Broadland,,7876
E04006254,Taverham,,E07000144,Broadland,,7877
E04006255,Themelthorpe,,E07000144,Broadland,,7878
E04006256,Thorpe St. Andrew,,E07000144,Broadland,,7879
E04006257,Upton with Fishley,,E07000144,Broadland,,7880
E04006258,Weston Longville,,E07000144,Broadland,,7881
E04006259,Woodbastwick,,E07000144,Broadland,,7882
E04006260,Wood Dalling,,E07000144,Broadland,,7883
E04006261,Wroxham,,E07000144,Broadland,,7884
E04012294,Crostwick,,E07000144,Broadland,,7885
E04012295,Spixworth,,E07000144,Broadland,,7886
E04006262,Ashby with Oby,,E07000145,Great Yarmouth,,7887
E04006263,Belton with Browston,,E07000145,Great Yarmouth,,7888
E04006264,Bradwell,,E07000145,Great Yarmouth,,7889
E04006265,Burgh Castle,,E07000145,Great Yarmouth,,7890
E04006266,Caister-on-Sea,,E07000145,Great Yarmouth,,7891
E04006267,Filby,,E07000145,Great Yarmouth,,7892
E04006268,Fleggburgh,,E07000145,Great Yarmouth,,7893
E04006269,Fritton and St. Olaves,,E07000145,Great Yarmouth,,7894
E04006270,Hemsby,,E07000145,Great Yarmouth,,7895
E04006271,Hopton-on-Sea,,E07000145,Great Yarmouth,,7896
E04006272,Martham,,E07000145,Great Yarmouth,,7897
E04006273,Mautby,,E07000145,Great Yarmouth,,7898
E04006274,Ormesby St. Margaret with Scratby,,E07000145,Great Yarmouth,,7899
E04006275,Ormesby St. Michael,,E07000145,Great Yarmouth,,7900
E04006276,Repps with Bastwick,,E07000145,Great Yarmouth,,7901
E04006277,Rollesby,,E07000145,Great Yarmouth,,7902
E04006278,Somerton,,E07000145,Great Yarmouth,,7903
E04006279,Stokesby with Herringby,,E07000145,Great Yarmouth,,7904
E04006280,Thurne,,E07000145,Great Yarmouth,,7905
E04006281,West Caister,,E07000145,Great Yarmouth,,7906
E04005999,Hardwick,,E07000142,West Lindsey,,7907
E04006000,Harpswell,,E07000142,West Lindsey,,7908
E04006001,Heapham,,E07000142,West Lindsey,,7909
E04006002,Hemswell,,E07000142,West Lindsey,,7910
E04006003,Holton cum Beckering,,E07000142,West Lindsey,,7911
E04006004,Holton le Moor,,E07000142,West Lindsey,,7912
E04006005,Ingham,,E07000142,West Lindsey,,7913
E04006006,Keelby,,E07000142,West Lindsey,,7914
E04006007,Kettlethorpe,,E07000142,West Lindsey,,7915
E04006008,Kexby,,E07000142,West Lindsey,,7916
E04006009,Kirmond le Mire,,E07000142,West Lindsey,,7917
E04006010,Knaith,,E07000142,West Lindsey,,7918
E04006011,Laughton,,E07000142,West Lindsey,,7919
E04006012,Lea,,E07000142,West Lindsey,,7920
E04006013,Legsby,,E07000142,West Lindsey,,7921
E04006014,Linwood,,E07000142,West Lindsey,,7922
E04006015,Lissington,,E07000142,West Lindsey,,7923
E04006016,Market Rasen,,E07000142,West Lindsey,,7924
E04006017,Marton,,E07000142,West Lindsey,,7925
E04006018,Middle Rasen,,E07000142,West Lindsey,,7926
E04006019,Morton,,E07000142,West Lindsey,,7927
E04006020,Nettleham,,E07000142,West Lindsey,,7928
E04006021,Nettleton,,E07000142,West Lindsey,,7929
E04006022,Newball,,E07000142,West Lindsey,,7930
E04006023,Newton on Trent,,E07000142,West Lindsey,,7931
E04006306,East Rudham,,E07000146,King's Lynn and West Norfolk,,7932
E04006024,Normanby by Spital,,E07000142,West Lindsey,,7933
E04006307,East Walton,,E07000146,King's Lynn and West Norfolk,,7934
E04006048,Snelland,,E07000142,West Lindsey,,7935
E04006025,Normanby le Wold,,E07000142,West Lindsey,,7936
E04006308,East Winch,,E07000146,King's Lynn and West Norfolk,,7937
E04006049,Snitterby,,E07000142,West Lindsey,,7938
E04006026,North Carlton,,E07000142,West Lindsey,,7939
E04006027,North Kelsey,,E07000142,West Lindsey,,7940
E04006028,North Willingham,,E07000142,West Lindsey,,7941
E04006029,Northorpe,,E07000142,West Lindsey,,7942
E04006030,Osgodby,,E07000142,West Lindsey,,7943
E04006031,Owersby,,E07000142,West Lindsey,,7944
E04006309,Emneth,,E07000146,King's Lynn and West Norfolk,,7945
E04006310,Feltwell,,E07000146,King's Lynn and West Norfolk,,7946
E04006311,Fincham,,E07000146,King's Lynn and West Norfolk,,7947
E04006312,Flitcham with Appleton,,E07000146,King's Lynn and West Norfolk,,7948
E04006313,Fordham,,E07000146,King's Lynn and West Norfolk,,7949
E04006314,Fring,,E07000146,King's Lynn and West Norfolk,,7950
E04006315,Gayton,,E07000146,King's Lynn and West Norfolk,,7951
E04006316,Great Massingham,,E07000146,King's Lynn and West Norfolk,,7952
E04006317,Grimston,,E07000146,King's Lynn and West Norfolk,,7953
E04006318,Harpley,,E07000146,King's Lynn and West Norfolk,,7954
E04006319,Heacham,,E07000146,King's Lynn and West Norfolk,,7955
E04006320,Hilgay,,E07000146,King's Lynn and West Norfolk,,7956
E04006321,Hillington,,E07000146,King's Lynn and West Norfolk,,7957
E04006322,Hockwold cum Wilton,,E07000146,King's Lynn and West Norfolk,,7958
E04006323,Holme next the Sea,,E07000146,King's Lynn and West Norfolk,,7959
E04006324,Houghton,,E07000146,King's Lynn and West Norfolk,,7960
E04006325,Hunstanton,,E07000146,King's Lynn and West Norfolk,,7961
E04006326,Ingoldisthorpe,,E07000146,King's Lynn and West Norfolk,,7962
E04006327,Leziate,,E07000146,King's Lynn and West Norfolk,,7963
E04006328,Little Massingham,,E07000146,King's Lynn and West Norfolk,,7964
E04006329,Marham,,E07000146,King's Lynn and West Norfolk,,7965
E04006330,Marshland St. James,,E07000146,King's Lynn and West Norfolk,,7966
E04006331,Methwold,,E07000146,King's Lynn and West Norfolk,,7967
E04006332,Middleton,,E07000146,King's Lynn and West Norfolk,,7968
E04006050,Somerby,,E07000142,West Lindsey,,7969
E04006051,South Carlton,,E07000142,West Lindsey,,7970
E04006052,South Kelsey,,E07000142,West Lindsey,,7971
E04006053,Spridlington,,E07000142,West Lindsey,,7972
E04006054,Springthorpe,,E07000142,West Lindsey,,7973
E04006055,Stainfield,,E07000142,West Lindsey,,7974
E04006056,Stainton by Langworth,,E07000142,West Lindsey,,7975
E04006057,Stainton le Vale,,E07000142,West Lindsey,,7976
E04006058,Stow,,E07000142,West Lindsey,,7977
E04006059,Sturton by Stow,,E07000142,West Lindsey,,7978
E04006060,Sudbrooke,,E07000142,West Lindsey,,7979
E04006061,Swallow,,E07000142,West Lindsey,,7980
E04006062,Swinhope,,E07000142,West Lindsey,,7981
E04006063,Tealby,,E07000142,West Lindsey,,7982
E04006064,Thonock,,E07000142,West Lindsey,,7983
E04006065,Thoresway,,E07000142,West Lindsey,,7984
E04006066,Thorganby,,E07000142,West Lindsey,,7985
E04006067,Thorpe in the Fallows,,E07000142,West Lindsey,,7986
E04006068,Toft Newton,,E07000142,West Lindsey,,7987
E04006069,Torksey,,E07000142,West Lindsey,,7988
E04006070,Upton,,E07000142,West Lindsey,,7989
E04006071,Waddingham,,E07000142,West Lindsey,,7990
E04006072,Walesby,,E07000142,West Lindsey,,7991
E04006073,Walkerith,,E07000142,West Lindsey,,7992
E04006074,Welton,,E07000142,West Lindsey,,7993
E04006075,West Firsby,,E07000142,West Lindsey,,7994
E04006076,West Rasen,,E07000142,West Lindsey,,7995
E04006077,Wickenby,,E07000142,West Lindsey,,7996
E04006078,Wildsworth,,E07000142,West Lindsey,,7997
E04006079,Willingham,,E07000142,West Lindsey,,7998
E04006080,Willoughton,,E07000142,West Lindsey,,7999
E04006081,Gainsborough,,E07000142,West Lindsey,,8000
E04006592,Shelfanger,,E07000149,South Norfolk,,8001
E04006482,Swanton Abbott,,E07000147,North Norfolk,,8002
E04006483,Swanton Novers,,E07000147,North Norfolk,,8003
E04006538,Diss,,E07000149,South Norfolk,,8004
E04006484,Tattersett,,E07000147,North Norfolk,,8005
E04012274,Terrington St. Clement,,E07000146,King's Lynn and West Norfolk,,8006
E04006593,Shelton and Hardwick,,E07000149,South Norfolk,,8007
E04006539,Ditchingham,,E07000149,South Norfolk,,8008
E04006485,Thornage,,E07000147,North Norfolk,,8009
E04012275,Walpole Cross Keys,,E07000146,King's Lynn and West Norfolk,,8010
E04006594,Shotesham,,E07000149,South Norfolk,,8011
E04006541,East Carleton,,E07000149,South Norfolk,,8012
E04006486,Thorpe Market,,E07000147,North Norfolk,,8013
E04006384,Alby with Thwaite,,E07000147,North Norfolk,,8014
E04006595,Sisland,,E07000149,South Norfolk,,8015
E04006542,Easton,,E07000149,South Norfolk,,8016
E04006487,Thurning,,E07000147,North Norfolk,,8017
E04006385,Aldborough & Thurgarton,,E07000147,North Norfolk,,8018
E04006596,Starston,,E07000149,South Norfolk,,8019
E04006543,Ellingham,,E07000149,South Norfolk,,8020
E04006488,Thursford,,E07000147,North Norfolk,,8021
E04007899,Egmanton,,E07000175,Newark and Sherwood,,8022
E04007792,Blyth,,E07000171,Bassetlaw,,8023
E04006386,Antingham,,E07000147,North Norfolk,,8024
E04006597,Stockton,,E07000149,South Norfolk,,8025
E04006544,Flordon,,E07000149,South Norfolk,,8026
E04006432,Honing,,E07000147,North Norfolk,,8027
E04006489,Trimingham,,E07000147,North Norfolk,,8028
E04007900,Elston,,E07000175,Newark and Sherwood,,8029
E04007849,West Burton,,E07000171,Bassetlaw,,8030
E04007793,Bole,,E07000171,Bassetlaw,,8031
E04006387,Ashmanhaugh,,E07000147,North Norfolk,,8032
E04006598,Stoke Holy Cross,,E07000149,South Norfolk,,8033
E04006545,Forncett,,E07000149,South Norfolk,,8034
E04006433,Horning,,E07000147,North Norfolk,,8035
E04006490,Trunch,,E07000147,North Norfolk,,8036
E04007901,Epperstone,,E07000175,Newark and Sherwood,,8037
E04007850,West Drayton,,E07000171,Bassetlaw,,8038
E04007794,Bothamsall,,E07000171,Bassetlaw,,8039
E04006388,Aylmerton,,E07000147,North Norfolk,,8040
E04006599,Surlingham,,E07000149,South Norfolk,,8041
E04006546,Framingham Earl,,E07000149,South Norfolk,,8042
E04006434,Horsey,,E07000147,North Norfolk,,8043
E04006491,Tunstead,,E07000147,North Norfolk,,8044
E04007903,Farnsfield,,E07000175,Newark and Sherwood,,8045
E04007851,West Markham,,E07000171,Bassetlaw,,8046
E04007795,Carburton,,E07000171,Bassetlaw,,8047
E04006389,Baconsthorpe,,E07000147,North Norfolk,,8048
E04006600,Swainsthorpe,,E07000149,South Norfolk,,8049
E04006547,Framingham Pigot,,E07000149,South Norfolk,,8050
E04006435,Hoveton,,E07000147,North Norfolk,,8051
E04006492,Upper Sheringham,,E07000147,North Norfolk,,8052
E04007904,Fiskerton cum Morton,,E07000175,Newark and Sherwood,,8053
E04007852,West Stockwith,,E07000171,Bassetlaw,,8054
E04007797,Clarborough and Welham,,E07000171,Bassetlaw,,8055
E04006390,Bacton,,E07000147,North Norfolk,,8056
E04006601,Swardeston,,E07000149,South Norfolk,,8057
E04006548,Geldeston,,E07000149,South Norfolk,,8058
E04006436,Ingham,,E07000147,North Norfolk,,8059
E04006493,Walsingham,,E07000147,North Norfolk,,8060
E04007905,Girton,,E07000175,Newark and Sherwood,,8061
E04007853,Wiseton,,E07000171,Bassetlaw,,8062
E04007798,Clayworth,,E07000171,Bassetlaw,,8063
E04006391,Barsham,,E07000147,North Norfolk,,8064
E04006602,Tacolneston,,E07000149,South Norfolk,,8065
E04006549,Gillingham,,E07000149,South Norfolk,,8066
E04006437,Ingworth,,E07000147,North Norfolk,,8067
E04006494,Warham,,E07000147,North Norfolk,,8068
E04007906,Gonalston,,E07000175,Newark and Sherwood,,8069
E04007907,Grassthorpe,,E07000175,Newark and Sherwood,,8070
E04007908,Gunthorpe,,E07000175,Newark and Sherwood,,8071
E04007909,Halam,,E07000175,Newark and Sherwood,,8072
E04007910,Halloughton,,E07000175,Newark and Sherwood,,8073
E04007911,Harby,,E07000175,Newark and Sherwood,,8074
E04007913,Hockerton,,E07000175,Newark and Sherwood,,8075
E04007914,Holme,,E07000175,Newark and Sherwood,,8076
E04007915,Hoveringham,,E07000175,Newark and Sherwood,,8077
E04007916,Kelham,,E07000175,Newark and Sherwood,,8078
E04007917,Kersall,,E07000175,Newark and Sherwood,,8079
E04007918,Kilvington,,E07000175,Newark and Sherwood,,8080
E04007919,Kirklington,,E07000175,Newark and Sherwood,,8081
E04007920,Kirton,,E07000175,Newark and Sherwood,,8082
E04007921,Kneesall,,E07000175,Newark and Sherwood,,8083
E04007922,Langford,,E07000175,Newark and Sherwood,,8084
E04007923,Laxton and Moorhouse,,E07000175,Newark and Sherwood,,8085
E04007924,Lindhurst,,E07000175,Newark and Sherwood,,8086
E04007925,Lowdham,,E07000175,Newark and Sherwood,,8087
E04007926,Maplebeck,,E07000175,Newark and Sherwood,,8088
E04007927,Meering,,E07000175,Newark and Sherwood,,8089
E04007929,North Clifton,,E07000175,Newark and Sherwood,,8090
E04007930,North Muskham,,E07000175,Newark and Sherwood,,8091
E04007931,Norwell,,E07000175,Newark and Sherwood,,8092
E04007932,Ollerton and Boughton,,E07000175,Newark and Sherwood,,8093
E04007933,Ompton,,E07000175,Newark and Sherwood,,8094
E04007934,Ossington,,E07000175,Newark and Sherwood,,8095
E04007935,Oxton,,E07000175,Newark and Sherwood,,8096
E04007936,Perlethorpe cum Budby,,E07000175,Newark and Sherwood,,8097
E04007937,Rainworth,,E07000175,Newark and Sherwood,,8098
E04007938,Rolleston,,E07000175,Newark and Sherwood,,8099
E04007939,Rufford,,E07000175,Newark and Sherwood,,8100
E04007940,South Clifton,,E07000175,Newark and Sherwood,,8101
E04007941,South Muskham,,E07000175,Newark and Sherwood,,8102
E04007942,South Scarle,,E07000175,Newark and Sherwood,,8103
E04007943,Southwell,,E07000175,Newark and Sherwood,,8104
E04007944,Spalford,,E07000175,Newark and Sherwood,,8105
E04007945,Staunton,,E07000175,Newark and Sherwood,,8106
E04007946,Staythorpe,,E07000175,Newark and Sherwood,,8107
E04007947,Sutton-on-Trent,,E07000175,Newark and Sherwood,,8108
E04007948,Syerston,,E07000175,Newark and Sherwood,,8109
E04007949,Thorney,,E07000175,Newark and Sherwood,,8110
E04007950,Thorpe,,E07000175,Newark and Sherwood,,8111
E04007951,Thurgarton,,E07000175,Newark and Sherwood,,8112
E04007854,Clumber and Hardwick,,E07000171,Bassetlaw,,8113
E04006603,Tasburgh,,E07000149,South Norfolk,,8114
E04006550,Gissing,,E07000149,South Norfolk,,8115
E04006438,Itteringham,,E07000147,North Norfolk,,8116
E04006392,Barton Turf,,E07000147,North Norfolk,,8117
E04012413,North and South Wheatley,,E07000171,Bassetlaw,,8118
E04006495,Wells-next-the-Sea,,E07000147,North Norfolk,,8119
E04006604,Tharston and Hapton,,E07000149,South Norfolk,,8120
E04006551,Great Melton,,E07000149,South Norfolk,,8121
E04006439,Kelling,,E07000147,North Norfolk,,8122
E04006393,Beeston Regis,,E07000147,North Norfolk,,8123
E04007799,Cottam,,E07000171,Bassetlaw,,8124
E04013164,Carlton in Lindrick,,E07000171,Bassetlaw,,8125
E04006496,West Beckham,,E07000147,North Norfolk,,8126
E04006605,Thurlton,,E07000149,South Norfolk,,8127
E04006552,Great Moulton,,E07000149,South Norfolk,,8128
E04006440,Kettlestone,,E07000147,North Norfolk,,8129
E04006394,Binham,,E07000147,North Norfolk,,8130
E04006395,Blakeney,,E07000147,North Norfolk,,8131
E04006396,Bodham,,E07000147,North Norfolk,,8132
E04006397,Briningham,,E07000147,North Norfolk,,8133
E04006398,Brinton,,E07000147,North Norfolk,,8134
E04006399,Briston,,E07000147,North Norfolk,,8135
E04006400,Brumstead,,E07000147,North Norfolk,,8136
E04006401,Catfield,,E07000147,North Norfolk,,8137
E04006402,Cley Next The Sea,,E07000147,North Norfolk,,8138
E04006403,Colby,,E07000147,North Norfolk,,8139
E04006404,Corpusty and Saxthorpe,,E07000147,North Norfolk,,8140
E04006405,Cromer,,E07000147,North Norfolk,,8141
E04006406,Dilham,,E07000147,North Norfolk,,8142
E04006407,Dunton,,E07000147,North Norfolk,,8143
E04006408,East Beckham,,E07000147,North Norfolk,,8144
E04006409,East Ruston,,E07000147,North Norfolk,,8145
E04006410,Edgefield,,E07000147,North Norfolk,,8146
E04006411,Erpingham,,E07000147,North Norfolk,,8147
E04006412,Fakenham,,E07000147,North Norfolk,,8148
E04006413,Felbrigg,,E07000147,North Norfolk,,8149
E04006414,Felmingham,,E07000147,North Norfolk,,8150
E04006415,Field Dalling,,E07000147,North Norfolk,,8151
E04006416,Fulmodeston,,E07000147,North Norfolk,,8152
E04006417,Gimingham,,E07000147,North Norfolk,,8153
E04006418,Great Snoring,,E07000147,North Norfolk,,8154
E04006419,Gresham,,E07000147,North Norfolk,,8155
E04006420,Gunthorpe,,E07000147,North Norfolk,,8156
E04006421,Hanworth,,E07000147,North Norfolk,,8157
E04006422,Happisburgh,,E07000147,North Norfolk,,8158
E04006423,Helhoughton,,E07000147,North Norfolk,,8159
E04006424,Hempstead,,E07000147,North Norfolk,,8160
E04006425,Hempton,,E07000147,North Norfolk,,8161
E04006426,Hickling,,E07000147,North Norfolk,,8162
E04006427,High Kelling,,E07000147,North Norfolk,,8163
E04006428,Hindolveston,,E07000147,North Norfolk,,8164
E04006429,Hindringham,,E07000147,North Norfolk,,8165
E04006430,Holkham,,E07000147,North Norfolk,,8166
E04006431,Holt,,E07000147,North Norfolk,,8167
E04013165,"Norton, Cuckney, Holbeck and Welbeck",,E07000171,Bassetlaw,,8168
E04006553,Haddiscoe,,E07000149,South Norfolk,,8169
E04007856,Brinsley,,E07000172,Broxtowe,,8170
E04006497,Westwick,,E07000147,North Norfolk,,8171
E04007858,Eastwood,,E07000172,Broxtowe,,8172
E04006554,Hales,,E07000149,South Norfolk,,8173
E04006498,Weybourne,,E07000147,North Norfolk,,8174
E04007801,Darlton,,E07000171,Bassetlaw,,8175
E04007861,Nuthall,,E07000172,Broxtowe,,8176
E04006555,Heckingham,,E07000149,South Norfolk,,8177
E04006499,Wickmere,,E07000147,North Norfolk,,8178
E04006606,Thurton,,E07000149,South Norfolk,,8179
E04006441,Knapton,,E07000147,North Norfolk,,8180
E04007802,Dunham-on-Trent,,E07000171,Bassetlaw,,8181
E04013277,Awsworth,,E07000172,Broxtowe,,8182
E04006556,Hedenham,,E07000149,South Norfolk,,8183
E04006500,Wighton,,E07000147,North Norfolk,,8184
E04006607,Thwaite,,E07000149,South Norfolk,,8185
E04006442,Langham,,E07000147,North Norfolk,,8186
E04007803,East Drayton,,E07000171,Bassetlaw,,8187
E04013278,Cossall,,E07000172,Broxtowe,,8188
E04006557,Hellington,,E07000149,South Norfolk,,8189
E04006501,Witton,,E07000147,North Norfolk,,8190
E04006608,Tibenham,,E07000149,South Norfolk,,8191
E04006443,Lessingham,,E07000147,North Norfolk,,8192
E04007804,East Markham,,E07000171,Bassetlaw,,8193
E04013279,Greasley,,E07000172,Broxtowe,,8194
E04006558,Hempnall,,E07000149,South Norfolk,,8195
E04006502,Wiveton,,E07000147,North Norfolk,,8196
E04006611,Toft Monks,,E07000149,South Norfolk,,8197
E04006612,Topcroft,,E07000149,South Norfolk,,8198
E04006613,Trowse with Newton,,E07000149,South Norfolk,,8199
E04006614,Wacton,,E07000149,South Norfolk,,8200
E04006615,Wheatacre,,E07000149,South Norfolk,,8201
E04006616,Wicklewood,,E07000149,South Norfolk,,8202
E04006617,Winfarthing,,E07000149,South Norfolk,,8203
E04006618,Woodton,,E07000149,South Norfolk,,8204
E04006620,Wramplingham,,E07000149,South Norfolk,,8205
E04006621,Wreningham,,E07000149,South Norfolk,,8206
E04006623,Yelverton,,E07000149,South Norfolk,,8207
E04006624,Heywood,,E07000149,South Norfolk,,8208
E04012769,Alburgh,,E07000149,South Norfolk,,8209
E04012770,Bawburgh,,E07000149,South Norfolk,,8210
E04012771,Caistor St Edmund and Bixley,,E07000149,South Norfolk,,8211
E04012772,Costessey,,E07000149,South Norfolk,,8212
E04012773,Denton,,E07000149,South Norfolk,,8213
E04012774,Earsham,,E07000149,South Norfolk,,8214
E04012775,Hethersett,,E07000149,South Norfolk,,8215
E04012776,Little Melton,,E07000149,South Norfolk,,8216
E04012777,Poringland,,E07000149,South Norfolk,,8217
E04012778,Spooner Row,,E07000149,South Norfolk,,8218
E04012779,Tivetshall,,E07000149,South Norfolk,,8219
E04012780,Wortwell,,E07000149,South Norfolk,,8220
E04012781,Wymondham,,E07000149,South Norfolk,,8221
E04007784,Annesley,,E07000170,Ashfield,,8222
E04007785,Felley,,E07000170,Ashfield,,8223
E04007786,Selston,,E07000170,Ashfield,,8224
E04007787,Askham,,E07000171,Bassetlaw,,8225
E04007788,Babworth,,E07000171,Bassetlaw,,8226
E04007789,Barnby Moor,,E07000171,Bassetlaw,,8227
E04007790,Beckingham,,E07000171,Bassetlaw,,8228
E04007791,Bevercotes,,E07000171,Bassetlaw,,8229
E04006503,Wood Norton,,E07000147,North Norfolk,,8230
E04006560,Hingham,,E07000149,South Norfolk,,8231
E04006504,Worstead,,E07000147,North Norfolk,,8232
E04006505,Walcott,,E07000147,North Norfolk,,8233
E04006507,Aldeby,,E07000149,South Norfolk,,8234
E04006561,Holverston,,E07000149,South Norfolk,,8235
E04006508,Alpington,,E07000149,South Norfolk,,8236
E04013280,Kimberley,,E07000172,Broxtowe,,8237
E04006562,Howe,,E07000149,South Norfolk,,8238
E04006509,Ashby St. Mary,,E07000149,South Norfolk,,8239
E04007805,Eaton,,E07000171,Bassetlaw,,8240
E04013281,Stapleford,,E07000172,Broxtowe,,8241
E04006563,Keswick and Intwood,,E07000149,South Norfolk,,8242
E04006510,Ashwellthorpe and Fundenhall,,E07000149,South Norfolk,,8243
E04006444,Letheringsett with Glandford,,E07000147,North Norfolk,,8244
E04007806,Elkesley,,E07000171,Bassetlaw,,8245
E04013282,Trowell,,E07000172,Broxtowe,,8246
E04006564,Ketteringham,,E07000149,South Norfolk,,8247
E04006511,Aslacton,,E07000149,South Norfolk,,8248
E04006445,Little Barningham,,E07000147,North Norfolk,,8249
E04007807,Everton,,E07000171,Bassetlaw,,8250
E04007866,Burton Joyce,,E07000173,Gedling,,8251
E04006565,Kimberley and Carleton Forehoe,,E07000149,South Norfolk,,8252
E04006512,Barford,,E07000149,South Norfolk,,8253
E04006446,Little Snoring,,E07000147,North Norfolk,,8254
E04007808,Fledborough,,E07000171,Bassetlaw,,8255
E04007867,Calverton,,E07000173,Gedling,,8256
E04006566,Kirby Bedon,,E07000149,South Norfolk,,8257
E04006513,Barnham Broom,,E07000149,South Norfolk,,8258
E04006447,Ludham,,E07000147,North Norfolk,,8259
E04007809,Gamston,,E07000171,Bassetlaw,,8260
E04007868,Colwick,,E07000173,Gedling,,8261
E04006567,Kirby Cane,,E07000149,South Norfolk,,8262
E04007869,Lambley,,E07000173,Gedling,,8263
E04006515,Bedingham,,E07000149,South Norfolk,,8264
E04007870,Linby,,E07000173,Gedling,,8265
E04007810,Gringley on the Hill,,E07000171,Bassetlaw,,8266
E04007871,Newstead,,E07000173,Gedling,,8267
E04006516,Bergh Apton,,E07000149,South Norfolk,,8268
E04006568,Kirstead,,E07000149,South Norfolk,,8269
E04006448,Matlask,,E07000147,North Norfolk,,8270
E04007811,Grove,,E07000171,Bassetlaw,,8271
E04006569,Langley with Hardley,,E07000149,South Norfolk,,8272
E04006518,Bracon Ash,,E07000149,South Norfolk,,8273
E04006449,Melton Constable,,E07000147,North Norfolk,,8274
E04007872,Papplewick,,E07000173,Gedling,,8275
E04007812,Harworth Bircotes,,E07000171,Bassetlaw,,8276
E04006571,Loddon,,E07000149,South Norfolk,,8277
E04006519,Bramerton,,E07000149,South Norfolk,,8278
E04006450,Morston,,E07000147,North Norfolk,,8279
E04007873,Ravenshead,,E07000173,Gedling,,8280
E04007813,Haughton,,E07000171,Bassetlaw,,8281
E04006572,Long Stratton,,E07000149,South Norfolk,,8282
E04006520,Bressingham,,E07000149,South Norfolk,,8283
E04006451,Mundesley,,E07000147,North Norfolk,,8284
E04007874,Stoke Bardolph,,E07000173,Gedling,,8285
E04007814,Hayton,,E07000171,Bassetlaw,,8286
E04006573,Marlingford and Colton,,E07000149,South Norfolk,,8287
E04006521,Brockdish,,E07000149,South Norfolk,,8288
E04006452,Neatishead,,E07000147,North Norfolk,,8289
E04007875,Woodborough,,E07000173,Gedling,,8290
E04007815,Headon cum Upton,,E07000171,Bassetlaw,,8291
E04006574,Morley,,E07000149,South Norfolk,,8292
E04006522,Brooke,,E07000149,South Norfolk,,8293
E04006453,Northrepps,,E07000147,North Norfolk,,8294
E04012751,Bestwood Village,,E07000173,Gedling,,8295
E04007816,Hodsock,,E07000171,Bassetlaw,,8296
E04006575,Morningthorpe and Fritton,,E07000149,South Norfolk,,8297
E04006523,Broome,,E07000149,South Norfolk,,8298
E04006454,North Walsham,,E07000147,North Norfolk,,8299
E04012752,St. Albans,,E07000173,Gedling,,8300
E04007818,Laneham,,E07000171,Bassetlaw,,8301
E04006576,Mulbarton,,E07000149,South Norfolk,,8302
E04006524,Bunwell,,E07000149,South Norfolk,,8303
E04006455,Overstrand,,E07000147,North Norfolk,,8304
E04007876,Warsop,,E07000174,Mansfield,,8305
E04007819,Lound,,E07000171,Bassetlaw,,8306
E04006577,Mundham,,E07000149,South Norfolk,,8307
E04006525,Burgh St. Peter,,E07000149,South Norfolk,,8308
E04006456,Paston,,E07000147,North Norfolk,,8309
E04007877,Alverton,,E07000175,Newark and Sherwood,,8310
E04007820,Marnham,,E07000171,Bassetlaw,,8311
E04006578,Needham,,E07000149,South Norfolk,,8312
E04006526,Burston and Shimpling,,E07000149,South Norfolk,,8313
E04006457,Plumstead,,E07000147,North Norfolk,,8314
E04007878,Averham,,E07000175,Newark and Sherwood,,8315
E04007821,Mattersey,,E07000171,Bassetlaw,,8316
E04006579,Newton Flotman,,E07000149,South Norfolk,,8317
E04006528,Carleton Rode,,E07000149,South Norfolk,,8318
E04006458,Potter Heigham,,E07000147,North Norfolk,,8319
E04007880,Barnby in the Willows,,E07000175,Newark and Sherwood,,8320
E04007822,Misson,,E07000171,Bassetlaw,,8321
E04006580,Norton Subcourse,,E07000149,South Norfolk,,8322
E04006529,Carleton St. Peter,,E07000149,South Norfolk,,8323
E04006459,Pudding Norton,,E07000147,North Norfolk,,8324
E04007881,Bathley,,E07000175,Newark and Sherwood,,8325
E04007823,Misterton,,E07000171,Bassetlaw,,8326
E04006582,Pulham Market,,E07000149,South Norfolk,,8327
E04006530,Chedgrave,,E07000149,South Norfolk,,8328
E04006460,Raynham,,E07000147,North Norfolk,,8329
E04006461,Roughton,,E07000147,North Norfolk,,8330
E04006462,Runton,,E07000147,North Norfolk,,8331
E04006463,Ryburgh,,E07000147,North Norfolk,,8332
E04006464,Salthouse,,E07000147,North Norfolk,,8333
E04006465,Scottow,,E07000147,North Norfolk,,8334
E04006466,Sculthorpe,,E07000147,North Norfolk,,8335
E04006467,Sea Palling,,E07000147,North Norfolk,,8336
E04006468,Sheringham,,E07000147,North Norfolk,,8337
E04006469,Sidestrand,,E07000147,North Norfolk,,8338
E04006470,Skeyton,,E07000147,North Norfolk,,8339
E04006471,Sloley,,E07000147,North Norfolk,,8340
E04006472,Smallburgh,,E07000147,North Norfolk,,8341
E04006473,Southrepps,,E07000147,North Norfolk,,8342
E04006474,Stalham,,E07000147,North Norfolk,,8343
E04006475,Stibbard,,E07000147,North Norfolk,,8344
E04006476,Stiffkey,,E07000147,North Norfolk,,8345
E04006477,Stody,,E07000147,North Norfolk,,8346
E04006478,Suffield,,E07000147,North Norfolk,,8347
E04006479,Sustead,,E07000147,North Norfolk,,8348
E04006480,Sutton,,E07000147,North Norfolk,,8349
E04006481,Swafield,,E07000147,North Norfolk,,8350
E04006531,Claxton,,E07000149,South Norfolk,,8351
E04006583,Pulham St. Mary,,E07000149,South Norfolk,,8352
E04007824,Nether Langwith,,E07000171,Bassetlaw,,8353
E04006532,Colney,,E07000149,South Norfolk,,8354
E04007882,Besthorpe,,E07000175,Newark and Sherwood,,8355
E04006584,Raveningham,,E07000149,South Norfolk,,8356
E04007825,Normanton on Trent,,E07000171,Bassetlaw,,8357
E04006534,Cringleford,,E07000149,South Norfolk,,8358
E04007883,Bilsthorpe,,E07000175,Newark and Sherwood,,8359
E04006585,Redenhall with Harleston,,E07000149,South Norfolk,,8360
E04007826,North Leverton with Habblesthorpe,,E07000171,Bassetlaw,,8361
E04006536,Deopham,,E07000149,South Norfolk,,8362
E04007884,Bleasby,,E07000175,Newark and Sherwood,,8363
E04006586,Rockland St. Mary,,E07000149,South Norfolk,,8364
E04007829,Ragnall,,E07000171,Bassetlaw,,8365
E04006537,Dickleburgh and Rushall,,E07000149,South Norfolk,,8366
E04007885,Blidworth,,E07000175,Newark and Sherwood,,8367
E04006587,Roydon,,E07000149,South Norfolk,,8368
E04007830,Rampton and Woodbeck,,E07000171,Bassetlaw,,8369
E04007886,Bulcote,,E07000175,Newark and Sherwood,,8370
E04006588,"Brandon Parva, Coston, Runhall and Welborne",,E07000149,South Norfolk,,8371
E04007831,Ranskill,,E07000171,Bassetlaw,,8372
E04007887,Carlton-on-Trent,,E07000175,Newark and Sherwood,,8373
E04006589,Saxlingham Nethergate,,E07000149,South Norfolk,,8374
E04007832,Rhodesia,,E07000171,Bassetlaw,,8375
E04007888,Caunton,,E07000175,Newark and Sherwood,,8376
E04006590,Scole,,E07000149,South Norfolk,,8377
E04007833,Saundby,,E07000171,Bassetlaw,,8378
E04007889,Caythorpe,,E07000175,Newark and Sherwood,,8379
E04006591,Seething,,E07000149,South Norfolk,,8380
E04007834,Scaftworth,,E07000171,Bassetlaw,,8381
E04007892,Collingham,,E07000175,Newark and Sherwood,,8382
E04007835,Scrooby,,E07000171,Bassetlaw,,8383
E04007893,Cotham,,E07000175,Newark and Sherwood,,8384
E04007836,Shireoaks,,E07000171,Bassetlaw,,8385
E04007894,Cromwell,,E07000175,Newark and Sherwood,,8386
E04007837,South Leverton,,E07000171,Bassetlaw,,8387
E04007895,Eakring,,E07000175,Newark and Sherwood,,8388
E04007839,Stokeham,,E07000171,Bassetlaw,,8389
E04007896,East Stoke,,E07000175,Newark and Sherwood,,8390
E04007840,Sturton le Steeple,,E07000171,Bassetlaw,,8391
E04007841,Styrrup with Oldcotes,,E07000171,Bassetlaw,,8392
E04007842,Sutton,,E07000171,Bassetlaw,,8393
E04007843,Torworth,,E07000171,Bassetlaw,,8394
E04007844,Treswell,,E07000171,Bassetlaw,,8395
E04007845,Tuxford,,E07000171,Bassetlaw,,8396
E04007846,Walkeringham,,E07000171,Bassetlaw,,8397
E04007847,Wallingwells,,E07000171,Bassetlaw,,8398
E04007897,Edingley,,E07000175,Newark and Sherwood,,8399
E04007898,Edwinstowe,,E07000175,Newark and Sherwood,,8400
E04007997,Saxondale,,E07000176,Rushcliffe,,8401
E04007998,Scarrington,,E07000176,Rushcliffe,,8402
E04007999,Screveton,,E07000176,Rushcliffe,,8403
E04008001,Shelton,,E07000176,Rushcliffe,,8404
E04008002,Sibthorpe,,E07000176,Rushcliffe,,8405
E04008003,Stanford on Soar,,E07000176,Rushcliffe,,8406
E04008004,Stanton on the Wolds,,E07000176,Rushcliffe,,8407
E04008005,Sutton Bonington,,E07000176,Rushcliffe,,8408
E04008006,Thoroton,,E07000176,Rushcliffe,,8409
E04008007,Thorpe in the Glebe,,E07000176,Rushcliffe,,8410
E04008008,Thrumpton,,E07000176,Rushcliffe,,8411
E04008009,Tithby,,E07000176,Rushcliffe,,8412
E04008010,Tollerton,,E07000176,Rushcliffe,,8413
E04008011,Upper Broughton,,E07000176,Rushcliffe,,8414
E04008012,West Leake,,E07000176,Rushcliffe,,8415
E04008013,Whatton-in-the-Vale,,E07000176,Rushcliffe,,8416
E04008014,Widmerpool,,E07000176,Rushcliffe,,8417
E04008015,Willoughby on the Wolds,,E07000176,Rushcliffe,,8418
E04008016,Wiverton Hall,,E07000176,Rushcliffe,,8419
E04008017,Wysall,,E07000176,Rushcliffe,,8420
E04012441,Newton,,E07000176,Rushcliffe,,8421
E04012442,Shelford,,E07000176,Rushcliffe,,8422
E04013290,Cropwell Butler,,E07000176,Rushcliffe,,8423
E04013291,Radcliffe on Trent,,E07000176,Rushcliffe,,8424
E04013292,Upper Saxondale,,E07000176,Rushcliffe,,8425
E04008018,Adderbury,,E07000177,Cherwell,,8426
E04008021,Arncott,,E07000177,Cherwell,,8427
E04008022,Barford St. John and St. Michael,,E07000177,Cherwell,,8428
E04008023,Begbroke,,E07000177,Cherwell,,8429
E04008026,Bletchingdon,,E07000177,Cherwell,,8430
E04008027,Bloxham,,E07000177,Cherwell,,8431
E04008029,Bourton,,E07000177,Cherwell,,8432
E04008030,Broughton,,E07000177,Cherwell,,8433
E04008033,Charlton-on-Otmoor,,E07000177,Cherwell,,8434
E04008035,Claydon with Clattercot,,E07000177,Cherwell,,8435
E04008036,Cottisford,,E07000177,Cherwell,,8436
E04008037,Cropredy,,E07000177,Cherwell,,8437
E04008038,Deddington,,E07000177,Cherwell,,8438
E04008040,Duns Tew,,E07000177,Cherwell,,8439
E04008041,Epwell,,E07000177,Cherwell,,8440
E04008042,Fencott and Murcott,,E07000177,Cherwell,,8441
E04008043,Finmere,,E07000177,Cherwell,,8442
E04008044,Fringford,,E07000177,Cherwell,,8443
E04008045,Fritwell,,E07000177,Cherwell,,8444
E04008046,Godington,,E07000177,Cherwell,,8445
E04008047,Gosford and Water Eaton,,E07000177,Cherwell,,8446
E04008048,Hampton Gay and Poyle,,E07000177,Cherwell,,8447
E04008050,Hardwick with Tusmore,,E07000177,Cherwell,,8448
E04008051,Hethe,,E07000177,Cherwell,,8449
E04008052,Hook Norton,,E07000177,Cherwell,,8450
E04012514,Sutton Courtenay,,E07000180,Vale of White Horse,,8451
E04012515,Watchfield,,E07000180,Vale of White Horse,,8452
E04012866,Abingdon on Thames,,E07000180,Vale of White Horse,,8453
E04012867,Great Coxwell,,E07000180,Vale of White Horse,,8454
E04012868,Great Faringdon,,E07000180,Vale of White Horse,,8455
E04012869,Grove,,E07000180,Vale of White Horse,,8456
E04008054,Hornton,,E07000177,Cherwell,,8457
E04008195,Bourton,,E07000180,Vale of White Horse,,8458
E04012870,Lockinge,,E07000180,Vale of White Horse,,8459
E04012871,Radley,,E07000180,Vale of White Horse,,8460
E04012872,St Helen Without,,E07000180,Vale of White Horse,,8461
E04012873,Sunningwell,,E07000180,Vale of White Horse,,8462
E04012874,Wantage,,E07000180,Vale of White Horse,,8463
E04013295,Kennington,,E07000180,Vale of White Horse,,8464
E04013296,South Hinksey,,E07000180,Vale of White Horse,,8465
E04013315,Harwell,,E07000180,Vale of White Horse,,8466
E04013316,Western Valley,,E07000180,Vale of White Horse,,8467
E04008256,Alvescot,,E07000181,West Oxfordshire,,8468
E04008257,Ascott-under-Wychwood,,E07000181,West Oxfordshire,,8469
E04008259,"Aston, Cote, Shifford and Chimney",,E07000181,West Oxfordshire,,8470
E04008260,Bampton,,E07000181,West Oxfordshire,,8471
E04008261,Black Bourton,,E07000181,West Oxfordshire,,8472
E04008262,Bladon,,E07000181,West Oxfordshire,,8473
E04008263,Blenheim,,E07000181,West Oxfordshire,,8474
E04008265,Broadwell,,E07000181,West Oxfordshire,,8475
E04008266,Bruern,,E07000181,West Oxfordshire,,8476
E04008269,Cassington,,E07000181,West Oxfordshire,,8477
E04008270,Chadlington,,E07000181,West Oxfordshire,,8478
E04008271,Charlbury,,E07000181,West Oxfordshire,,8479
E04008272,Chastleton,,E07000181,West Oxfordshire,,8480
E04008273,Chilson,,E07000181,West Oxfordshire,,8481
E04008274,Chipping Norton,,E07000181,West Oxfordshire,,8482
E04008275,Churchill,,E07000181,West Oxfordshire,,8483
E04008276,Clanfield,,E07000181,West Oxfordshire,,8484
E04008277,Combe,,E07000181,West Oxfordshire,,8485
E04008279,Cornwell,,E07000181,West Oxfordshire,,8486
E04008280,Crawley,,E07000181,West Oxfordshire,,8487
E04008281,Curbridge,,E07000181,West Oxfordshire,,8488
E04008282,Ducklington,,E07000181,West Oxfordshire,,8489
E04008283,Enstone,,E07000181,West Oxfordshire,,8490
E04008284,Eynsham,,E07000181,West Oxfordshire,,8491
E04008285,Fawler,,E07000181,West Oxfordshire,,8492
E04008286,Fifield,,E07000181,West Oxfordshire,,8493
E04008287,Filkins and Broughton Poggs,,E07000181,West Oxfordshire,,8494
E04008289,Freeland,,E07000181,West Oxfordshire,,8495
E04008290,Fulbrook,,E07000181,West Oxfordshire,,8496
E04008291,Glympton,,E07000181,West Oxfordshire,,8497
E04008292,Grafton and Radcot,,E07000181,West Oxfordshire,,8498
E04008293,Great Tew,,E07000181,West Oxfordshire,,8499
E04008294,Hailey,,E07000181,West Oxfordshire,,8500
E04008295,Hanborough,,E07000181,West Oxfordshire,,8501
E04008296,Hardwick-with-Yelford,,E07000181,West Oxfordshire,,8502
E04008165,Stanton St. John,,E07000179,South Oxfordshire,,8503
E04007952,Upton,,E07000175,Newark and Sherwood,,8504
E04008297,Heythrop,,E07000181,West Oxfordshire,,8505
E04013355,Drayton,,E07000177,Cherwell,,8506
E04007953,Walesby,,E07000175,Newark and Sherwood,,8507
E04013356,Hanwell,,E07000177,Cherwell,,8508
E04008298,Holwell,,E07000181,West Oxfordshire,,8509
E04008196,Buckland,,E07000180,Vale of White Horse,,8510
E04008055,Horton-cum-Studley,,E07000177,Cherwell,,8511
E04007954,Wellow,,E07000175,Newark and Sherwood,,8512
E04008166,Stoke Row,,E07000179,South Oxfordshire,,8513
E04013357,Horley,,E07000177,Cherwell,,8514
E04008299,Idbury,,E07000181,West Oxfordshire,,8515
E04008197,Buscot,,E07000180,Vale of White Horse,,8516
E04008056,Islip,,E07000177,Cherwell,,8517
E04007955,Weston,,E07000175,Newark and Sherwood,,8518
E04008167,Stoke Talmage,,E07000179,South Oxfordshire,,8519
E04013358,Wroxton,,E07000177,Cherwell,,8520
E04008300,Kelmscott,,E07000181,West Oxfordshire,,8521
E04008198,Charney Bassett,,E07000180,Vale of White Horse,,8522
E04008057,Kidlington,,E07000177,Cherwell,,8523
E04007956,Wigsley,,E07000175,Newark and Sherwood,,8524
E04008096,Blackbird Leys,,E07000178,Oxford,,8525
E04008168,Swyncombe,,E07000179,South Oxfordshire,,8526
E04008097,Littlemore,,E07000178,Oxford,,8527
E04008199,Childrey,,E07000180,Vale of White Horse,,8528
E04008169,Sydenham,,E07000179,South Oxfordshire,,8529
E04008098,Old Marston,,E07000178,Oxford,,8530
E04007957,Winkburn,,E07000175,Newark and Sherwood,,8531
E04008301,Kencot,,E07000181,West Oxfordshire,,8532
E04008058,Kirtlington,,E07000177,Cherwell,,8533
E04008200,Chilton,,E07000180,Vale of White Horse,,8534
E04007959,Fernwood,,E07000175,Newark and Sherwood,,8535
E04008060,Lower Heyford,,E07000177,Cherwell,,8536
E04008201,Coleshill,,E07000180,Vale of White Horse,,8537
E04008099,Risinghurst and Sandhills,,E07000178,Oxford,,8538
E04008302,Kiddington with Asterleigh,,E07000181,West Oxfordshire,,8539
E04012262,Clipstone,,E07000175,Newark and Sherwood,,8540
E04008170,Tetsworth,,E07000179,South Oxfordshire,,8541
E04008061,Merton,,E07000177,Cherwell,,8542
E04008202,Compton Beauchamp,,E07000180,Vale of White Horse,,8543
E04008100,Adwell,,E07000179,South Oxfordshire,,8544
E04008303,Kingham,,E07000181,West Oxfordshire,,8545
E04012263,Kings Clipstone,,E07000175,Newark and Sherwood,,8546
E04008171,Thame,,E07000179,South Oxfordshire,,8547
E04008062,Middle Aston,,E07000177,Cherwell,,8548
E04008204,Denchworth,,E07000180,Vale of White Horse,,8549
E04008101,Aston Rowant,,E07000179,South Oxfordshire,,8550
E04008304,Langford,,E07000181,West Oxfordshire,,8551
E04012613,Coddington,,E07000175,Newark and Sherwood,,8552
E04008173,Toot Baldon,,E07000179,South Oxfordshire,,8553
E04008063,Middleton Stoney,,E07000177,Cherwell,,8554
E04008205,Drayton,,E07000180,Vale of White Horse,,8555
E04008102,Aston Tirrold,,E07000179,South Oxfordshire,,8556
E04008305,Leafield,,E07000181,West Oxfordshire,,8557
E04012614,Farndon,,E07000175,Newark and Sherwood,,8558
E04008174,Towersey,,E07000179,South Oxfordshire,,8559
E04008064,Milcombe,,E07000177,Cherwell,,8560
E04008207,East Hanney,,E07000180,Vale of White Horse,,8561
E04008103,Aston Upthorpe,,E07000179,South Oxfordshire,,8562
E04008306,Lew,,E07000181,West Oxfordshire,,8563
E04012615,Hawton,,E07000175,Newark and Sherwood,,8564
E04008176,Warborough,,E07000179,South Oxfordshire,,8565
E04008065,Milton,,E07000177,Cherwell,,8566
E04008209,Eaton Hastings,,E07000180,Vale of White Horse,,8567
E04008104,Beckley and Stowood,,E07000179,South Oxfordshire,,8568
E04008307,Little Faringdon,,E07000181,West Oxfordshire,,8569
E04013147,Balderton,,E07000175,Newark and Sherwood,,8570
E04008180,Wheatfield,,E07000179,South Oxfordshire,,8571
E04008066,Mixbury,,E07000177,Cherwell,,8572
E04008210,Fernham,,E07000180,Vale of White Horse,,8573
E04008105,Benson,,E07000179,South Oxfordshire,,8574
E04008308,Little Tew,,E07000181,West Oxfordshire,,8575
E04013148,Newark,,E07000175,Newark and Sherwood,,8576
E04008182,Whitchurch-on-Thames,,E07000179,South Oxfordshire,,8577
E04008067,Mollington,,E07000177,Cherwell,,8578
E04008211,Frilford,,E07000180,Vale of White Horse,,8579
E04008106,Berinsfield,,E07000179,South Oxfordshire,,8580
E04008309,Lyneham,,E07000181,West Oxfordshire,,8581
E04013149,Winthorpe,,E07000175,Newark and Sherwood,,8582
E04008184,Woodeaton,,E07000179,South Oxfordshire,,8583
E04008068,Newton Purcell with Shelswell,,E07000177,Cherwell,,8584
E04008213,Garford,,E07000180,Vale of White Horse,,8585
E04008107,Berrick Salome,,E07000179,South Oxfordshire,,8586
E04008310,Milton-under-Wychwood,,E07000181,West Oxfordshire,,8587
E04007960,Aslockton,,E07000176,Rushcliffe,,8588
E04007961,Barton in Fabis,,E07000176,Rushcliffe,,8589
E04007962,Bingham,,E07000176,Rushcliffe,,8590
E04007963,Bradmore,,E07000176,Rushcliffe,,8591
E04007964,Bunny,,E07000176,Rushcliffe,,8592
E04007965,Car Colston,,E07000176,Rushcliffe,,8593
E04007966,Clipston,,E07000176,Rushcliffe,,8594
E04007967,Colston Bassett,,E07000176,Rushcliffe,,8595
E04007968,Costock,,E07000176,Rushcliffe,,8596
E04007969,Cotgrave,,E07000176,Rushcliffe,,8597
E04007970,Cropwell Bishop,,E07000176,Rushcliffe,,8598
E04007972,East Bridgford,,E07000176,Rushcliffe,,8599
E04007973,East Leake,,E07000176,Rushcliffe,,8600
E04007974,Elton-on-the-Hill,,E07000176,Rushcliffe,,8601
E04007975,Flawborough,,E07000176,Rushcliffe,,8602
E04007976,Flintham,,E07000176,Rushcliffe,,8603
E04007977,Gamston,,E07000176,Rushcliffe,,8604
E04007978,Gotham,,E07000176,Rushcliffe,,8605
E04007979,Granby,,E07000176,Rushcliffe,,8606
E04007980,Hawksworth,,E07000176,Rushcliffe,,8607
E04007981,Hickling,,E07000176,Rushcliffe,,8608
E04007982,Holme Pierrepont,,E07000176,Rushcliffe,,8609
E04007983,Keyworth,,E07000176,Rushcliffe,,8610
E04007984,Kingston on Soar,,E07000176,Rushcliffe,,8611
E04007985,Kinoulton,,E07000176,Rushcliffe,,8612
E04007986,Kneeton,,E07000176,Rushcliffe,,8613
E04007987,Langar cum Barnstone,,E07000176,Rushcliffe,,8614
E04007988,Normanton on Soar,,E07000176,Rushcliffe,,8615
E04007989,Normanton on the Wolds,,E07000176,Rushcliffe,,8616
E04007990,Orston,,E07000176,Rushcliffe,,8617
E04007991,Owthorpe,,E07000176,Rushcliffe,,8618
E04007992,Plumtree,,E07000176,Rushcliffe,,8619
E04007994,Ratcliffe on Soar,,E07000176,Rushcliffe,,8620
E04007995,Rempstone,,E07000176,Rushcliffe,,8621
E04007996,Ruddington,,E07000176,Rushcliffe,,8622
E04008069,Noke,,E07000177,Cherwell,,8623
E04008214,Goosey,,E07000180,Vale of White Horse,,8624
E04008109,Brightwell Baldwin,,E07000179,South Oxfordshire,,8625
E04008070,North Aston,,E07000177,Cherwell,,8626
E04008219,Hatford,,E07000180,Vale of White Horse,,8627
E04008312,North Leigh,,E07000181,West Oxfordshire,,8628
E04008111,Britwell Salome,,E07000179,South Oxfordshire,,8629
E04008071,North Newington,,E07000177,Cherwell,,8630
E04008220,Hinton Waldrist,,E07000180,Vale of White Horse,,8631
E04008313,Northmoor,,E07000181,West Oxfordshire,,8632
E04008185,Waterperry with Thomley,,E07000179,South Oxfordshire,,8633
E04008112,Chalgrove,,E07000179,South Oxfordshire,,8634
E04008072,Oddington,,E07000177,Cherwell,,8635
E04008223,Kingston Lisle,,E07000180,Vale of White Horse,,8636
E04008314,Over Norton,,E07000181,West Oxfordshire,,8637
E04008186,Binfield Heath,,E07000179,South Oxfordshire,,8638
E04008113,Checkendon,,E07000179,South Oxfordshire,,8639
E04008073,Piddington,,E07000177,Cherwell,,8640
E04008224,Letcombe Bassett,,E07000180,Vale of White Horse,,8641
E04008316,Rollright,,E07000181,West Oxfordshire,,8642
E04012473,Brightwell-cum-Sotwell,,E07000179,South Oxfordshire,,8643
E04008114,Chinnor,,E07000179,South Oxfordshire,,8644
E04008074,Prescote,,E07000177,Cherwell,,8645
E04008225,Letcombe Regis,,E07000180,Vale of White Horse,,8646
E04008317,Rousham,,E07000181,West Oxfordshire,,8647
E04012474,Cholsey,,E07000179,South Oxfordshire,,8648
E04008117,Crowell,,E07000179,South Oxfordshire,,8649
E04008075,Shenington with Alkerton,,E07000177,Cherwell,,8650
E04008226,Little Coxwell,,E07000180,Vale of White Horse,,8651
E04008318,Salford,,E07000181,West Oxfordshire,,8652
E04008319,Sandford St. Martin,,E07000181,West Oxfordshire,,8653
E04008320,Sarsden,,E07000181,West Oxfordshire,,8654
E04008322,Shipton-under-Wychwood,,E07000181,West Oxfordshire,,8655
E04008323,South Leigh and High Cogges,,E07000181,West Oxfordshire,,8656
E04008324,Spelsbury,,E07000181,West Oxfordshire,,8657
E04008325,Standlake,,E07000181,West Oxfordshire,,8658
E04008326,Stanton Harcourt,,E07000181,West Oxfordshire,,8659
E04008327,Steeple Barton,,E07000181,West Oxfordshire,,8660
E04008328,Stonesfield,,E07000181,West Oxfordshire,,8661
E04008329,Swerford,,E07000181,West Oxfordshire,,8662
E04008330,Swinbrook and Widford,,E07000181,West Oxfordshire,,8663
E04008331,Tackley,,E07000181,West Oxfordshire,,8664
E04008332,Taynton,,E07000181,West Oxfordshire,,8665
E04008333,Westcot Barton,,E07000181,West Oxfordshire,,8666
E04008334,Westwell,,E07000181,West Oxfordshire,,8667
E04008335,Witney,,E07000181,West Oxfordshire,,8668
E04008336,Woodstock,,E07000181,West Oxfordshire,,8669
E04008337,Wootton,,E07000181,West Oxfordshire,,8670
E04008338,Worton,,E07000181,West Oxfordshire,,8671
E04012208,Asthall,,E07000181,West Oxfordshire,,8672
E04012209,Brize Norton,,E07000181,West Oxfordshire,,8673
E04012210,Burford,,E07000181,West Oxfordshire,,8674
E04012211,Carterton,,E07000181,West Oxfordshire,,8675
E04012212,Cornbury and Wychwood,,E07000181,West Oxfordshire,,8676
E04012213,Finstock,,E07000181,West Oxfordshire,,8677
E04012214,Minster Lovell,,E07000181,West Oxfordshire,,8678
E04012215,Ramsden,,E07000181,West Oxfordshire,,8679
E04012216,Shilton,,E07000181,West Oxfordshire,,8680
E04008869,Brereton and Ravenhill,,E07000192,Cannock Chase,,8681
E04008870,Bridgtown,,E07000192,Cannock Chase,,8682
E04012475,Clifton Hampden,,E07000179,South Oxfordshire,,8683
E04008227,Littleworth,,E07000180,Vale of White Horse,,8684
E04008118,Crowmarsh,,E07000179,South Oxfordshire,,8685
E04012476,Culham,,E07000179,South Oxfordshire,,8686
E04008231,Lyford,,E07000180,Vale of White Horse,,8687
E04008119,Cuddesdon and Denton,,E07000179,South Oxfordshire,,8688
E04012477,Didcot,,E07000179,South Oxfordshire,,8689
E04008234,Botley and North Hinksey,,E07000180,Vale of White Horse,,8690
E04008121,Cuxham with Easington,,E07000179,South Oxfordshire,,8691
E04012478,East Hagbourne,,E07000179,South Oxfordshire,,8692
E04008076,Shipton-on-Cherwell and Thrupp,,E07000177,Cherwell,,8693
E04008235,Pusey,,E07000180,Vale of White Horse,,8694
E04008123,Dorchester,,E07000179,South Oxfordshire,,8695
E04012479,Eye and Dunsden,,E07000179,South Oxfordshire,,8696
E04008077,Shutford,,E07000177,Cherwell,,8697
E04008238,Shellingford,,E07000180,Vale of White Horse,,8698
E04008124,Drayton St. Leonard,,E07000179,South Oxfordshire,,8699
E04012480,Goring Heath,,E07000179,South Oxfordshire,,8700
E04008078,Sibford Ferris,,E07000177,Cherwell,,8701
E04008239,Shrivenham,,E07000180,Vale of White Horse,,8702
E04008126,Elsfield,,E07000179,South Oxfordshire,,8703
E04012481,Great Milton,,E07000179,South Oxfordshire,,8704
E04008079,Sibford Gower,,E07000177,Cherwell,,8705
E04008241,Sparsholt,,E07000180,Vale of White Horse,,8706
E04008127,Ewelme,,E07000179,South Oxfordshire,,8707
E04012484,Holton,,E07000179,South Oxfordshire,,8708
E04008081,Souldern,,E07000177,Cherwell,,8709
E04008242,Stanford in the Vale,,E07000180,Vale of White Horse,,8710
E04008129,Forest Hill with Shotover,,E07000179,South Oxfordshire,,8711
E04008082,South Newington,,E07000177,Cherwell,,8712
E04012485,Kidmore End,,E07000179,South Oxfordshire,,8713
E04008083,Steeple Aston,,E07000177,Cherwell,,8714
E04008243,Steventon,,E07000180,Vale of White Horse,,8715
E04008130,Garsington,,E07000179,South Oxfordshire,,8716
E04012486,Long Wittenham,,E07000179,South Oxfordshire,,8717
E04008084,Stoke Lyne,,E07000177,Cherwell,,8718
E04008131,Goring-on-Thames,,E07000179,South Oxfordshire,,8719
E04008246,Uffington,,E07000180,Vale of White Horse,,8720
E04012487,Marsh Baldon,,E07000179,South Oxfordshire,,8721
E04008085,Stratton Audley,,E07000177,Cherwell,,8722
E04008133,Great Haseley,,E07000179,South Oxfordshire,,8723
E04008247,Upton,,E07000180,Vale of White Horse,,8724
E04012488,North Moreton,,E07000179,South Oxfordshire,,8725
E04008086,Swalcliffe,,E07000177,Cherwell,,8726
E04008137,Highmoor,,E07000179,South Oxfordshire,,8727
E04008250,West Challow,,E07000180,Vale of White Horse,,8728
E04012489,Nuneham Courtenay,,E07000179,South Oxfordshire,,8729
E04008087,Tadmarton,,E07000177,Cherwell,,8730
E04008139,Horspath,,E07000179,South Oxfordshire,,8731
E04008251,West Hanney,,E07000180,Vale of White Horse,,8732
E04012490,Pishill with Stonor,,E07000179,South Oxfordshire,,8733
E04008089,Wardington,,E07000177,Cherwell,,8734
E04008140,Ipsden,,E07000179,South Oxfordshire,,8735
E04008252,West Hendred,,E07000180,Vale of White Horse,,8736
E04012491,Pyrton,,E07000179,South Oxfordshire,,8737
E04008090,Wendlebury,,E07000177,Cherwell,,8738
E04008142,Lewknor,,E07000179,South Oxfordshire,,8739
E04008253,Woolstone,,E07000180,Vale of White Horse,,8740
E04012492,Shiplake,,E07000179,South Oxfordshire,,8741
E04008091,Weston-on-the-Green,,E07000177,Cherwell,,8742
E04008143,Little Milton,,E07000179,South Oxfordshire,,8743
E04008255,Wytham,,E07000180,Vale of White Horse,,8744
E04012493,Sonning Common,,E07000179,South Oxfordshire,,8745
E04008092,Wigginton,,E07000177,Cherwell,,8746
E04008144,Little Wittenham,,E07000179,South Oxfordshire,,8747
E04012127,East Challow,,E07000180,Vale of White Horse,,8748
E04012494,South Moreton,,E07000179,South Oxfordshire,,8749
E04008094,Yarnton,,E07000177,Cherwell,,8750
E04008146,Mapledurham,,E07000179,South Oxfordshire,,8751
E04012128,East Hendred,,E07000180,Vale of White Horse,,8752
E04012495,Tiddington-with-Albury,,E07000179,South Oxfordshire,,8753
E04012367,Caversfield,,E07000177,Cherwell,,8754
E04008148,Moulsford,,E07000179,South Oxfordshire,,8755
E04012132,Longworth,,E07000180,Vale of White Horse,,8756
E04012496,Wallingford,,E07000179,South Oxfordshire,,8757
E04012964,Ardley,,E07000177,Cherwell,,8758
E04008149,Nettlebed,,E07000179,South Oxfordshire,,8759
E04012137,Wootton,,E07000180,Vale of White Horse,,8760
E04012497,Waterstock,,E07000179,South Oxfordshire,,8761
E04012965,Heyford Park,,E07000177,Cherwell,,8762
E04008150,Newington,,E07000179,South Oxfordshire,,8763
E04012502,Appleton-with-Eaton,,E07000180,Vale of White Horse,,8764
E04012498,Watlington,,E07000179,South Oxfordshire,,8765
E04012966,Somerton,,E07000177,Cherwell,,8766
E04008152,Nuffield,,E07000179,South Oxfordshire,,8767
E04012503,Besselsleigh,,E07000180,Vale of White Horse,,8768
E04012499,West Hagbourne,,E07000179,South Oxfordshire,,8769
E04012967,Upper Heyford,,E07000177,Cherwell,,8770
E04008156,Rotherfield Greys,,E07000179,South Oxfordshire,,8771
E04012504,Cumnor,,E07000180,Vale of White Horse,,8772
E04012500,Wheatley,,E07000179,South Oxfordshire,,8773
E04013331,Ambrosden,,E07000177,Cherwell,,8774
E04013332,Bicester,,E07000177,Cherwell,,8775
E04013333,Blackthorn,,E07000177,Cherwell,,8776
E04013334,Bucknell,,E07000177,Cherwell,,8777
E04013335,Chesterton,,E07000177,Cherwell,,8778
E04013336,Launton,,E07000177,Cherwell,,8779
E04013353,Banbury,,E07000177,Cherwell,,8780
E04013354,Bodicote,,E07000177,Cherwell,,8781
E04012505,Fyfield and Tubney,,E07000180,Vale of White Horse,,8782
E04012501,Woodcote,,E07000179,South Oxfordshire,,8783
E04012508,Kingston Bagpuize with Southmoor,,E07000180,Vale of White Horse,,8784
E04008157,Rotherfield Peppard,,E07000179,South Oxfordshire,,8785
E04012864,Harpsden,,E07000179,South Oxfordshire,,8786
E04012509,Longcot,,E07000180,Vale of White Horse,,8787
E04008158,Sandford-on-Thames,,E07000179,South Oxfordshire,,8788
E04013293,Bix and Assendon,,E07000179,South Oxfordshire,,8789
E04012510,Marcham,,E07000180,Vale of White Horse,,8790
E04008160,Shirburn,,E07000179,South Oxfordshire,,8791
E04013294,Henley-on-Thames,,E07000179,South Oxfordshire,,8792
E04012511,Milton,,E07000180,Vale of White Horse,,8793
E04008163,South Stoke,,E07000179,South Oxfordshire,,8794
E04008188,Appleford-on-Thames,,E07000180,Vale of White Horse,,8795
E04008164,Stadhampton,,E07000179,South Oxfordshire,,8796
E04008190,Ardington,,E07000180,Vale of White Horse,,8797
E04008191,Ashbury,,E07000180,Vale of White Horse,,8798
E04008192,Baulking,,E07000180,Vale of White Horse,,8799
E04008194,Blewbury,,E07000180,Vale of White Horse,,8800
E04009119,Semer,,E07000200,Babergh,,8801
E04009120,Shelley,,E07000200,Babergh,,8802
E04009121,Shimpling,,E07000200,Babergh,,8803
E04009122,Shotley,,E07000200,Babergh,,8804
E04009123,Somerton,,E07000200,Babergh,,8805
E04009124,Sproughton,,E07000200,Babergh,,8806
E04009125,Stanstead,,E07000200,Babergh,,8807
E04009126,Stoke-by-Nayland,,E07000200,Babergh,,8808
E04009127,Stratford St. Mary,,E07000200,Babergh,,8809
E04009128,Stutton,,E07000200,Babergh,,8810
E04009129,Sudbury,,E07000200,Babergh,,8811
E04009130,Tattingstone,,E07000200,Babergh,,8812
E04009131,Thorpe Morieux,,E07000200,Babergh,,8813
E04009132,Wattisham,,E07000200,Babergh,,8814
E04009133,Wenham Magna,,E07000200,Babergh,,8815
E04009134,Wenham Parva,,E07000200,Babergh,,8816
E04009135,Whatfield,,E07000200,Babergh,,8817
E04009136,Wherstead,,E07000200,Babergh,,8818
E04009137,Woolverstone,,E07000200,Babergh,,8819
E04009138,Copdock and Washbrook,,E07000200,Babergh,,8820
E04009139,Pinewood,,E07000200,Babergh,,8821
E04009164,Ashbocking,,E07000203,Mid Suffolk,,8822
E04009165,Ashfield cum Thorpe,,E07000203,Mid Suffolk,,8823
E04009166,Aspall,,E07000203,Mid Suffolk,,8824
E04009167,Athelington,,E07000203,Mid Suffolk,,8825
E04009175,Bedfield,,E07000203,Mid Suffolk,,8826
E04009176,Bedingfield,,E07000203,Mid Suffolk,,8827
E04009177,Beyton,,E07000203,Mid Suffolk,,8828
E04009178,Botesdale,,E07000203,Mid Suffolk,,8829
E04009179,Braiseworth,,E07000203,Mid Suffolk,,8830
E04009180,Bramford,,E07000203,Mid Suffolk,,8831
E04009181,Brome and Oakley,,E07000203,Mid Suffolk,,8832
E04009182,Brundish,,E07000203,Mid Suffolk,,8833
E04009183,Burgate,,E07000203,Mid Suffolk,,8834
E04009186,Coddenham,,E07000203,Mid Suffolk,,8835
E04009188,Cotton,,E07000203,Mid Suffolk,,8836
E04009189,Creeting St. Mary,,E07000203,Mid Suffolk,,8837
E04009021,Doxey,,E07000197,Stafford,,8838
E04009191,Crowfield,,E07000203,Mid Suffolk,,8839
E04009192,Debenham,,E07000203,Mid Suffolk,,8840
E04009195,Elmswell,,E07000203,Mid Suffolk,,8841
E04009196,Eye,,E07000203,Mid Suffolk,,8842
E04009197,Felsham,,E07000203,Mid Suffolk,,8843
E04009198,Finningham,,E07000203,Mid Suffolk,,8844
E04009199,Flowton,,E07000203,Mid Suffolk,,8845
E04009200,Framsden,,E07000203,Mid Suffolk,,8846
E04009201,Fressingfield,,E07000203,Mid Suffolk,,8847
E04009202,Gedding,,E07000203,Mid Suffolk,,8848
E04009203,Gipping,,E07000203,Mid Suffolk,,8849
E04009204,Gislingham,,E07000203,Mid Suffolk,,8850
E04009205,Gosbeck,,E07000203,Mid Suffolk,,8851
E04008922,Edingale,,E07000194,Lichfield,,8852
E04009069,Belstead,,E07000200,Babergh,,8853
E04008871,Brindley Heath,,E07000192,Cannock Chase,,8854
E04008970,Huntington,,E07000196,South Staffordshire,,8855
E04009267,Tostock,,E07000203,Mid Suffolk,,8856
E04009210,Harleston,,E07000203,Mid Suffolk,,8857
E04008923,Elford,,E07000194,Lichfield,,8858
E04008924,Farewell and Chorley,,E07000194,Lichfield,,8859
E04008925,Fazeley,,E07000194,Lichfield,,8860
E04008926,Fisherwick,,E07000194,Lichfield,,8861
E04008927,Hammerwich,,E07000194,Lichfield,,8862
E04008928,Hamstall Ridware,,E07000194,Lichfield,,8863
E04008929,Harlaston,,E07000194,Lichfield,,8864
E04008930,Hints,,E07000194,Lichfield,,8865
E04009212,Helmingham,,E07000203,Mid Suffolk,,8866
E04008931,King's Bromley,,E07000194,Lichfield,,8867
E04012927,Swynnerton,,E07000197,Stafford,,8868
E04009213,Hemingstone,,E07000203,Mid Suffolk,,8869
E04008932,Lichfield,,E07000194,Lichfield,,8870
E04008971,Kinver,,E07000196,South Staffordshire,,8871
E04008872,Cannock Wood,,E07000192,Cannock Chase,,8872
E04012928,Yarnfield and Cold Meece,,E07000197,Stafford,,8873
E04009268,Walsham-le-Willows,,E07000203,Mid Suffolk,,8874
E04009214,Henley,,E07000203,Mid Suffolk,,8875
E04009070,Bentley,,E07000200,Babergh,,8876
E04008933,Longdon,,E07000194,Lichfield,,8877
E04008972,"Lapley, Stretton and Wheaton Aston",,E07000196,South Staffordshire,,8878
E04008873,Heath Hayes and Wimblebury,,E07000192,Cannock Chase,,8879
E04009022,Alstonefield,,E07000198,Staffordshire Moorlands,,8880
E04009269,Wattisfield,,E07000203,Mid Suffolk,,8881
E04009215,Hessett,,E07000203,Mid Suffolk,,8882
E04009071,Bildeston,,E07000200,Babergh,,8883
E04008934,Mavesyn Ridware,,E07000194,Lichfield,,8884
E04008973,Lower Penn,,E07000196,South Staffordshire,,8885
E04008874,Norton Canes,,E07000192,Cannock Chase,,8886
E04009023,Alton,,E07000198,Staffordshire Moorlands,,8887
E04009272,Wetheringsett-cum-Brockford,,E07000203,Mid Suffolk,,8888
E04009216,Hinderclay,,E07000203,Mid Suffolk,,8889
E04009072,Boxford,,E07000200,Babergh,,8890
E04008935,Shenstone,,E07000194,Lichfield,,8891
E04008974,Pattingham and Patshull,,E07000196,South Staffordshire,,8892
E04008875,Rugeley,,E07000192,Cannock Chase,,8893
E04009024,Bagnall,,E07000198,Staffordshire Moorlands,,8894
E04009273,Weybread,,E07000203,Mid Suffolk,,8895
E04009217,Horham,,E07000203,Mid Suffolk,,8896
E04009073,Boxted,,E07000200,Babergh,,8897
E04008937,Swinfen and Packington,,E07000194,Lichfield,,8898
E04008975,Penkridge,,E07000196,South Staffordshire,,8899
E04008876,Hednesford,,E07000192,Cannock Chase,,8900
E04009025,Biddulph,,E07000198,Staffordshire Moorlands,,8901
E04009275,Wickham Skeith,,E07000203,Mid Suffolk,,8902
E04009219,Hunston,,E07000203,Mid Suffolk,,8903
E04009074,Brantham,,E07000200,Babergh,,8904
E04008938,Thorpe Constantine,,E07000194,Lichfield,,8905
E04008976,Perton,,E07000196,South Staffordshire,,8906
E04008877,Abbots Bromley,,E07000193,East Staffordshire,,8907
E04009026,Blore with Swinscoe,,E07000198,Staffordshire Moorlands,,8908
E04009276,Wilby,,E07000203,Mid Suffolk,,8909
E04009220,Kenton,,E07000203,Mid Suffolk,,8910
E04009075,Brent Eleigh,,E07000200,Babergh,,8911
E04009076,Brettenham,,E07000200,Babergh,,8912
E04009077,Bures St. Mary,,E07000200,Babergh,,8913
E04009078,Burstall,,E07000200,Babergh,,8914
E04009079,Capel St. Mary,,E07000200,Babergh,,8915
E04009080,Chattisham,,E07000200,Babergh,,8916
E04009081,Chelmondiston,,E07000200,Babergh,,8917
E04009082,Chelsworth,,E07000200,Babergh,,8918
E04009083,Chilton,,E07000200,Babergh,,8919
E04009084,Cockfield,,E07000200,Babergh,,8920
E04009085,East Bergholt,,E07000200,Babergh,,8921
E04009086,Edwardstone,,E07000200,Babergh,,8922
E04009087,Elmsett,,E07000200,Babergh,,8923
E04009088,Freston,,E07000200,Babergh,,8924
E04009089,Glemsford,,E07000200,Babergh,,8925
E04009090,Great Cornard,,E07000200,Babergh,,8926
E04009091,Great Waldingfield,,E07000200,Babergh,,8927
E04009092,Groton,,E07000200,Babergh,,8928
E04009093,Hadleigh,,E07000200,Babergh,,8929
E04009094,Harkstead,,E07000200,Babergh,,8930
E04009095,Hartest,,E07000200,Babergh,,8931
E04009096,Higham,,E07000200,Babergh,,8932
E04009097,Hintlesham,,E07000200,Babergh,,8933
E04009098,Hitcham,,E07000200,Babergh,,8934
E04009099,Holbrook,,E07000200,Babergh,,8935
E04009100,Holton St. Mary,,E07000200,Babergh,,8936
E04009101,Kersey,,E07000200,Babergh,,8937
E04009102,Kettlebaston,,E07000200,Babergh,,8938
E04009103,Lavenham,,E07000200,Babergh,,8939
E04009104,Lawshall,,E07000200,Babergh,,8940
E04009105,Layham,,E07000200,Babergh,,8941
E04009106,Leavenheath,,E07000200,Babergh,,8942
E04009107,Lindsey,,E07000200,Babergh,,8943
E04009108,Little Cornard,,E07000200,Babergh,,8944
E04009109,Little Waldingfield,,E07000200,Babergh,,8945
E04009110,Long Melford,,E07000200,Babergh,,8946
E04009111,Milden,,E07000200,Babergh,,8947
E04009112,Monks Eleigh,,E07000200,Babergh,,8948
E04009113,Nayland-with-Wissington,,E07000200,Babergh,,8949
E04009114,Nedging-with-Naughton,,E07000200,Babergh,,8950
E04009115,Newton,,E07000200,Babergh,,8951
E04009116,Polstead,,E07000200,Babergh,,8952
E04009117,Preston St. Mary,,E07000200,Babergh,,8953
E04009118,Raydon,,E07000200,Babergh,,8954
E04008878,Anslow,,E07000193,East Staffordshire,,8955
E04008879,Barton-under-Needwood,,E07000193,East Staffordshire,,8956
E04008880,Blithfield,,E07000193,East Staffordshire,,8957
E04008881,Branston,,E07000193,East Staffordshire,,8958
E04008882,Croxden,,E07000193,East Staffordshire,,8959
E04008883,Denstone,,E07000193,East Staffordshire,,8960
E04008884,Draycott in the Clay,,E07000193,East Staffordshire,,8961
E04009027,Bradnop,,E07000198,Staffordshire Moorlands,,8962
E04008885,Dunstall,,E07000193,East Staffordshire,,8963
E04008977,Saredon,,E07000196,South Staffordshire,,8964
E04009028,Brown Edge,,E07000198,Staffordshire Moorlands,,8965
E04008886,Ellastone,,E07000193,East Staffordshire,,8966
E04008939,Wall,,E07000194,Lichfield,,8967
E04008978,Shareshill,,E07000196,South Staffordshire,,8968
E04009029,Butterton,,E07000198,Staffordshire Moorlands,,8969
E04009221,Langham,,E07000203,Mid Suffolk,,8970
E04009277,Willisham,,E07000203,Mid Suffolk,,8971
E04008887,Hanbury,,E07000193,East Staffordshire,,8972
E04008940,Weeford,,E07000194,Lichfield,,8973
E04008979,Swindon,,E07000196,South Staffordshire,,8974
E04009030,Caverswall,,E07000198,Staffordshire Moorlands,,8975
E04009222,Laxfield,,E07000203,Mid Suffolk,,8976
E04009278,Wingfield,,E07000203,Mid Suffolk,,8977
E04008888,Hoar Cross,,E07000193,East Staffordshire,,8978
E04008941,Whittington,,E07000194,Lichfield,,8979
E04008942,Wigginton and Hopwas,,E07000194,Lichfield,,8980
E04010539,Alrewas,,E07000194,Lichfield,,8981
E04013320,Fradley,,E07000194,Lichfield,,8982
E04013321,Streethay,,E07000194,Lichfield,,8983
E04008943,Audley Rural,,E07000195,Newcastle-under-Lyme,,8984
E04008944,Balterley,,E07000195,Newcastle-under-Lyme,,8985
E04008945,Betley,,E07000195,Newcastle-under-Lyme,,8986
E04008946,Chapel and Hill Chorlton,,E07000195,Newcastle-under-Lyme,,8987
E04008947,Keele,,E07000195,Newcastle-under-Lyme,,8988
E04008948,Kidsgrove,,E07000195,Newcastle-under-Lyme,,8989
E04008949,Loggerheads,,E07000195,Newcastle-under-Lyme,,8990
E04008950,Madeley,,E07000195,Newcastle-under-Lyme,,8991
E04008951,Maer,,E07000195,Newcastle-under-Lyme,,8992
E04008952,Whitmore,,E07000195,Newcastle-under-Lyme,,8993
E04008953,Silverdale,,E07000195,Newcastle-under-Lyme,,8994
E04008954,Acton Trussell and Bednall,,E07000196,South Staffordshire,,8995
E04008955,Bilbrook,,E07000196,South Staffordshire,,8996
E04008956,Blymhill and Weston-under-Lizard,,E07000196,South Staffordshire,,8997
E04008957,Bobbington,,E07000196,South Staffordshire,,8998
E04008958,Brewood and Coven,,E07000196,South Staffordshire,,8999
E04008959,Cheslyn Hay,,E07000196,South Staffordshire,,9000
E04008960,Codsall,,E07000196,South Staffordshire,,9001
E04008961,Coppenhall,,E07000196,South Staffordshire,,9002
E04008962,Dunston,,E07000196,South Staffordshire,,9003
E04008963,Enville,,E07000196,South Staffordshire,,9004
E04008964,Essington,,E07000196,South Staffordshire,,9005
E04008965,Featherstone,,E07000196,South Staffordshire,,9006
E04008966,Great Wyrley,,E07000196,South Staffordshire,,9007
E04008967,Hatherton,,E07000196,South Staffordshire,,9008
E04008968,Hilton,,E07000196,South Staffordshire,,9009
E04008969,Himley,,E07000196,South Staffordshire,,9010
E04009223,Little Blakenham,,E07000203,Mid Suffolk,,9011
E04008889,Kingstone,,E07000193,East Staffordshire,,9012
E04009224,Little Finborough,,E07000203,Mid Suffolk,,9013
E04009279,Winston,,E07000203,Mid Suffolk,,9014
E04008890,Leigh,,E07000193,East Staffordshire,,9015
E04009225,Mellis,,E07000203,Mid Suffolk,,9016
E04008980,Teddesley Hay,,E07000196,South Staffordshire,,9017
E04009281,Worlingworth,,E07000203,Mid Suffolk,,9018
E04008891,Marchington,,E07000193,East Staffordshire,,9019
E04009226,Mendham,,E07000203,Mid Suffolk,,9020
E04009031,Cheadle,,E07000198,Staffordshire Moorlands,,9021
E04008981,Trysull and Seisdon,,E07000196,South Staffordshire,,9022
E04009282,Wortham,,E07000203,Mid Suffolk,,9023
E04008892,Mayfield,,E07000193,East Staffordshire,,9024
E04009227,Mendlesham,,E07000203,Mid Suffolk,,9025
E04009032,Checkley,,E07000198,Staffordshire Moorlands,,9026
E04008982,Wombourne,,E07000196,South Staffordshire,,9027
E04009283,Wyverstone,,E07000203,Mid Suffolk,,9028
E04008893,Newborough,,E07000193,East Staffordshire,,9029
E04009228,Metfield,,E07000203,Mid Suffolk,,9030
E04009033,Cheddleton,,E07000198,Staffordshire Moorlands,,9031
E04008983,Adbaston,,E07000197,Stafford,,9032
E04009284,Yaxley,,E07000203,Mid Suffolk,,9033
E04008894,Okeover,,E07000193,East Staffordshire,,9034
E04009229,Mickfield,,E07000203,Mid Suffolk,,9035
E04009034,Consall,,E07000198,Staffordshire Moorlands,,9036
E04008984,Barlaston,,E07000197,Stafford,,9037
E04010541,Akenham,,E07000203,Mid Suffolk,,9038
E04008895,Outwoods,,E07000193,East Staffordshire,,9039
E04009230,Monk Soham,,E07000203,Mid Suffolk,,9040
E04009035,Cotton,,E07000198,Staffordshire Moorlands,,9041
E04009036,Dilhorne,,E07000198,Staffordshire Moorlands,,9042
E04009037,Draycott in the Moors,,E07000198,Staffordshire Moorlands,,9043
E04009038,Endon and Stanley,,E07000198,Staffordshire Moorlands,,9044
E04009039,Farley,,E07000198,Staffordshire Moorlands,,9045
E04009040,Fawfieldhead,,E07000198,Staffordshire Moorlands,,9046
E04009041,Forsbrook,,E07000198,Staffordshire Moorlands,,9047
E04009042,Grindon,,E07000198,Staffordshire Moorlands,,9048
E04009043,Heathylee,,E07000198,Staffordshire Moorlands,,9049
E04009044,Heaton,,E07000198,Staffordshire Moorlands,,9050
E04009045,Hollinsclough,,E07000198,Staffordshire Moorlands,,9051
E04009046,Horton,,E07000198,Staffordshire Moorlands,,9052
E04009047,Ilam,,E07000198,Staffordshire Moorlands,,9053
E04009048,Ipstones,,E07000198,Staffordshire Moorlands,,9054
E04009049,Kingsley,,E07000198,Staffordshire Moorlands,,9055
E04009050,Leek,,E07000198,Staffordshire Moorlands,,9056
E04009051,Leekfrith,,E07000198,Staffordshire Moorlands,,9057
E04009052,Longnor,,E07000198,Staffordshire Moorlands,,9058
E04009053,Longsdon,,E07000198,Staffordshire Moorlands,,9059
E04009054,Oakamoor,,E07000198,Staffordshire Moorlands,,9060
E04009055,Onecote,,E07000198,Staffordshire Moorlands,,9061
E04009056,Quarnford,,E07000198,Staffordshire Moorlands,,9062
E04009057,Rushton,,E07000198,Staffordshire Moorlands,,9063
E04009058,Sheen,,E07000198,Staffordshire Moorlands,,9064
E04009059,Tittesworth,,E07000198,Staffordshire Moorlands,,9065
E04009060,Warslow and Elkstones,,E07000198,Staffordshire Moorlands,,9066
E04009061,Waterhouses,,E07000198,Staffordshire Moorlands,,9067
E04009062,Werrington,,E07000198,Staffordshire Moorlands,,9068
E04009063,Wetton,,E07000198,Staffordshire Moorlands,,9069
E04009064,Acton,,E07000200,Babergh,,9070
E04009065,Aldham,,E07000200,Babergh,,9071
E04009066,Alpheton,,E07000200,Babergh,,9072
E04009067,Arwarton,,E07000200,Babergh,,9073
E04009068,Assington,,E07000200,Babergh,,9074
E04008985,Berkswich,,E07000197,Stafford,,9075
E04008986,Bradley,,E07000197,Stafford,,9076
E04008987,Brocton,,E07000197,Stafford,,9077
E04008988,Hyde Lea,,E07000197,Stafford,,9078
E04008989,Chebsey,,E07000197,Stafford,,9079
E04008990,Church Eaton,,E07000197,Stafford,,9080
E04008991,Colwich,,E07000197,Stafford,,9081
E04008992,Creswell,,E07000197,Stafford,,9082
E04008993,Eccleshall,,E07000197,Stafford,,9083
E04008994,Ellenhall,,E07000197,Stafford,,9084
E04008995,Forton,,E07000197,Stafford,,9085
E04008996,Fradswell,,E07000197,Stafford,,9086
E04008997,Fulford,,E07000197,Stafford,,9087
E04008998,Gayton,,E07000197,Stafford,,9088
E04008999,Gnosall,,E07000197,Stafford,,9089
E04009000,Haughton,,E07000197,Stafford,,9090
E04009001,High Offley,,E07000197,Stafford,,9091
E04009002,Hilderstone,,E07000197,Stafford,,9092
E04009003,Hopton and Coton,,E07000197,Stafford,,9093
E04009004,Ingestre,,E07000197,Stafford,,9094
E04009005,Marston,,E07000197,Stafford,,9095
E04009006,Milwich,,E07000197,Stafford,,9096
E04009007,Norbury,,E07000197,Stafford,,9097
E04009008,Ranton,,E07000197,Stafford,,9098
E04009009,Salt and Enson,,E07000197,Stafford,,9099
E04009010,Sandon and Burston,,E07000197,Stafford,,9100
E04009011,Seighford,,E07000197,Stafford,,9101
E04009012,Standon,,E07000197,Stafford,,9102
E04009013,Stone,,E07000197,Stafford,,9103
E04009014,Stone Rural,,E07000197,Stafford,,9104
E04009232,Nettlestead,,E07000203,Mid Suffolk,,9105
E04009015,Hixon,,E07000197,Stafford,,9106
E04009017,Tixall,,E07000197,Stafford,,9107
E04010542,Bacton,,E07000203,Mid Suffolk,,9108
E04009018,Weston,,E07000197,Stafford,,9109
E04009233,Norton,,E07000203,Mid Suffolk,,9110
E04009234,Occold,,E07000203,Mid Suffolk,,9111
E04009235,Offton,,E07000203,Mid Suffolk,,9112
E04008896,Ramshorn,,E07000193,East Staffordshire,,9113
E04009236,Old Newton with Dagworth,,E07000203,Mid Suffolk,,9114
E04009238,Palgrave,,E07000203,Mid Suffolk,,9115
E04008897,Rocester,,E07000193,East Staffordshire,,9116
E04009019,Whitgreave,,E07000197,Stafford,,9117
E04009239,Pettaugh,,E07000203,Mid Suffolk,,9118
E04010543,Badwell Ash,,E07000203,Mid Suffolk,,9119
E04008898,Rolleston on Dove,,E07000193,East Staffordshire,,9120
E04009020,Stowe-by-Chartley,,E07000197,Stafford,,9121
E04009240,Rattlesden,,E07000203,Mid Suffolk,,9122
E04010544,Barham,,E07000203,Mid Suffolk,,9123
E04008899,Stanton,,E07000193,East Staffordshire,,9124
E04009241,Redgrave,,E07000203,Mid Suffolk,,9125
E04010546,Battisford,,E07000203,Mid Suffolk,,9126
E04008900,Stretton,,E07000193,East Staffordshire,,9127
E04009242,Redlingfield,,E07000203,Mid Suffolk,,9128
E04010547,Baylham,,E07000203,Mid Suffolk,,9129
E04008901,Tatenhill,,E07000193,East Staffordshire,,9130
E04009243,Rickinghall Inferior,,E07000203,Mid Suffolk,,9131
E04010548,Buxhall,,E07000203,Mid Suffolk,,9132
E04008902,Tutbury,,E07000193,East Staffordshire,,9133
E04009244,Rickinghall Superior,,E07000203,Mid Suffolk,,9134
E04010549,Claydon,,E07000203,Mid Suffolk,,9135
E04008903,Uttoxeter,,E07000193,East Staffordshire,,9136
E04009246,Rishangles,,E07000203,Mid Suffolk,,9137
E04010551,Denham,,E07000203,Mid Suffolk,,9138
E04008904,Uttoxeter Rural,,E07000193,East Staffordshire,,9139
E04009248,Somersham,,E07000203,Mid Suffolk,,9140
E04009249,Southolt,,E07000203,Mid Suffolk,,9141
E04009250,Stoke Ash,,E07000203,Mid Suffolk,,9142
E04009251,Stonham Aspal,,E07000203,Mid Suffolk,,9143
E04009252,Earl Stonham,,E07000203,Mid Suffolk,,9144
E04009253,Stonham Parva,,E07000203,Mid Suffolk,,9145
E04009254,Stowlangtoft,,E07000203,Mid Suffolk,,9146
E04009256,Stowupland,,E07000203,Mid Suffolk,,9147
E04009257,Stradbroke,,E07000203,Mid Suffolk,,9148
E04009258,Stuston,,E07000203,Mid Suffolk,,9149
E04009259,Syleham,,E07000203,Mid Suffolk,,9150
E04009260,Tannington,,E07000203,Mid Suffolk,,9151
E04009261,Thorndon,,E07000203,Mid Suffolk,,9152
E04009262,Thornham Magna,,E07000203,Mid Suffolk,,9153
E04009263,Thornham Parva,,E07000203,Mid Suffolk,,9154
E04009264,Thrandeston,,E07000203,Mid Suffolk,,9155
E04009265,Thurston,,E07000203,Mid Suffolk,,9156
E04009266,Thwaite,,E07000203,Mid Suffolk,,9157
E04008905,Wootton,,E07000193,East Staffordshire,,9158
E04008906,Wychnor,,E07000193,East Staffordshire,,9159
E04008907,Yoxall,,E07000193,East Staffordshire,,9160
E04008908,Anglesey,,E07000193,East Staffordshire,,9161
E04008909,Brizlincote,,E07000193,East Staffordshire,,9162
E04008910,Burton,,E07000193,East Staffordshire,,9163
E04008911,Horninglow and Eton,,E07000193,East Staffordshire,,9164
E04008912,Shobnall,,E07000193,East Staffordshire,,9165
E04008913,Stapenhill,,E07000193,East Staffordshire,,9166
E04008914,Winshill,,E07000193,East Staffordshire,,9167
E04008916,Armitage with Handsacre,,E07000194,Lichfield,,9168
E04008917,Burntwood,,E07000194,Lichfield,,9169
E04008918,Clifton Campville,,E07000194,Lichfield,,9170
E04008919,Colton,,E07000194,Lichfield,,9171
E04008920,Curborough and Elmhurst,,E07000194,Lichfield,,9172
E04008921,Drayton Bassett,,E07000194,Lichfield,,9173
E04010552,Drinkstone,,E07000203,Mid Suffolk,,9174
E04010553,Great Ashfield,,E07000203,Mid Suffolk,,9175
E04010554,Great Blakenham,,E07000203,Mid Suffolk,,9176
E04010555,Great Bricett,,E07000203,Mid Suffolk,,9177
E04010556,Great Finborough,,E07000203,Mid Suffolk,,9178
E04010557,Hoxne,,E07000203,Mid Suffolk,,9179
E04010558,Needham Market,,E07000203,Mid Suffolk,,9180
E04010559,Ringshall,,E07000203,Mid Suffolk,,9181
E04010560,Shelland,,E07000203,Mid Suffolk,,9182
E04010561,Westhorpe,,E07000203,Mid Suffolk,,9183
E04010562,Wetherden,,E07000203,Mid Suffolk,,9184
E04010563,Whitton,,E07000203,Mid Suffolk,,9185
E04010564,Woolpit,,E07000203,Mid Suffolk,,9186
E04012276,Barking,,E07000203,Mid Suffolk,,9187
E04012277,Darmsden,,E07000203,Mid Suffolk,,9188
E04012738,Badley,,E07000203,Mid Suffolk,,9189
E04012739,Combs,,E07000203,Mid Suffolk,,9190
E04012740,Creeting St. Peter or West Creeting,,E07000203,Mid Suffolk,,9191
E04012741,Haughley,,E07000203,Mid Suffolk,,9192
E04012742,Onehouse,,E07000203,Mid Suffolk,,9193
E04012743,Stowmarket,,E07000203,Mid Suffolk,,9194
E04009539,Claygate,,E07000207,Elmbridge,,9195
E04009540,Albury,,E07000209,Guildford,,9196
E04009541,Artington,,E07000209,Guildford,,9197
E04009542,Ash,,E07000209,Guildford,,9198
E04009543,Compton,,E07000209,Guildford,,9199
E04009544,East Clandon,,E07000209,Guildford,,9200
E04009595,Titsey,,E07000215,Tandridge,,9201
E04009596,Caterham-on-the-Hill,,E07000215,Tandridge,,9202
E04009597,Caterham Valley,,E07000215,Tandridge,,9203
E04009598,Chaldon,,E07000215,Tandridge,,9204
E04009547,Normandy,,E07000209,Guildford,,9205
E04009646,Little Packington,,E07000218,North Warwickshire,,9206
E04009599,Dormansland,,E07000215,Tandridge,,9207
E04009600,Lingfield,,E07000215,Tandridge,,9208
E04009601,Outwood,,E07000215,Tandridge,,9209
E04009602,Warlingham,,E07000215,Tandridge,,9210
E04009603,Whyteleafe,,E07000215,Tandridge,,9211
E04009604,Woldingham,,E07000215,Tandridge,,9212
E04009605,Alfold,,E07000216,Waverley,,9213
E04009607,Munstead and Tuesley,,E07000216,Waverley,,9214
E04009609,Cranleigh,,E07000216,Waverley,,9215
E04009610,Dockenfield,,E07000216,Waverley,,9216
E04009612,Elstead,,E07000216,Waverley,,9217
E04009613,Ewhurst,,E07000216,Waverley,,9218
E04009614,Farnham,,E07000216,Waverley,,9219
E04009615,Frensham,,E07000216,Waverley,,9220
E04009616,Godalming,,E07000216,Waverley,,9221
E04009621,Thursley,,E07000216,Waverley,,9222
E04009622,Tilford,,E07000216,Waverley,,9223
E04009625,Churt,,E07000216,Waverley,,9224
E04013359,Bramley,,E07000216,Waverley,,9225
E04013360,Chiddingfold,,E07000216,Waverley,,9226
E04013361,Dunsfold,,E07000216,Waverley,,9227
E04013362,Hambledon,,E07000216,Waverley,,9228
E04013363,Hascombe,,E07000216,Waverley,,9229
E04013364,Haslemere,,E07000216,Waverley,,9230
E04013365,Peper Harow,,E07000216,Waverley,,9231
E04013366,Witley and Milford,,E07000216,Waverley,,9232
E04013367,Wonersh,,E07000216,Waverley,,9233
E04009627,Ansley,,E07000218,North Warwickshire,,9234
E04009628,Arley,,E07000218,North Warwickshire,,9235
E04009629,Astley,,E07000218,North Warwickshire,,9236
E04009630,Atherstone,,E07000218,North Warwickshire,,9237
E04009631,Austrey,,E07000218,North Warwickshire,,9238
E04009632,Baddesley Ensor,,E07000218,North Warwickshire,,9239
E04009633,Baxterley,,E07000218,North Warwickshire,,9240
E04009634,Bentley,,E07000218,North Warwickshire,,9241
E04009635,Caldecote,,E07000218,North Warwickshire,,9242
E04009636,Coleshill,,E07000218,North Warwickshire,,9243
E04009637,Corley,,E07000218,North Warwickshire,,9244
E04009638,Curdworth,,E07000218,North Warwickshire,,9245
E04009639,Dordon,,E07000218,North Warwickshire,,9246
E04009640,Fillongley,,E07000218,North Warwickshire,,9247
E04009641,Great Packington,,E07000218,North Warwickshire,,9248
E04009642,Grendon,,E07000218,North Warwickshire,,9249
E04009643,Hartshill,,E07000218,North Warwickshire,,9250
E04009644,Kingsbury,,E07000218,North Warwickshire,,9251
E04009645,Lea Marston,,E07000218,North Warwickshire,,9252
E04009846,Coombes,,E07000223,Adur,,9253
E04009757,Loxley,,E07000221,Stratford-on-Avon,,9254
E04009898,East Lavington,,E07000225,Chichester,,9255
E04012352,Beaudesert,,E07000221,Stratford-on-Avon,,9256
E04009698,Wolston,,E07000220,Rugby,,9257
E04009847,Lancing,,E07000223,Adur,,9258
E04012353,Binton,,E07000221,Stratford-on-Avon,,9259
E04009899,East Wittering,,E07000225,Chichester,,9260
E04009759,Moreton Morrell,,E07000221,Stratford-on-Avon,,9261
E04009647,Mancetter,,E07000218,North Warwickshire,,9262
E04009848,Sompting,,E07000223,Adur,,9263
E04009548,Ockham,,E07000209,Guildford,,9264
E04012354,Coughton,,E07000221,Stratford-on-Avon,,9265
E04009900,Ebernoe,,E07000225,Chichester,,9266
E04009699,Wolvey,,E07000220,Rugby,,9267
E04009760,Morton Bagot,,E07000221,Stratford-on-Avon,,9268
E04009648,Maxstoke,,E07000218,North Warwickshire,,9269
E04009849,Aldingbourne,,E07000224,Arun,,9270
E04009549,Pirbright,,E07000209,Guildford,,9271
E04012355,Exhall,,E07000221,Stratford-on-Avon,,9272
E04009902,Fishbourne,,E07000225,Chichester,,9273
E04012403,Cawston,,E07000220,Rugby,,9274
E04009761,Napton on the Hill,,E07000221,Stratford-on-Avon,,9275
E04009649,Merevale,,E07000218,North Warwickshire,,9276
E04009850,Aldwick,,E07000224,Arun,,9277
E04009550,Puttenham,,E07000209,Guildford,,9278
E04012356,Haselor,,E07000221,Stratford-on-Avon,,9279
E04009903,Fittleworth,,E07000225,Chichester,,9280
E04009904,Funtington,,E07000225,Chichester,,9281
E04009905,Graffham,,E07000225,Chichester,,9282
E04009906,Harting,,E07000225,Chichester,,9283
E04009907,Heyshott,,E07000225,Chichester,,9284
E04009908,Hunston,,E07000225,Chichester,,9285
E04009909,Kirdford,,E07000225,Chichester,,9286
E04009910,Lavant,,E07000225,Chichester,,9287
E04009911,Linch,,E07000225,Chichester,,9288
E04009913,Lodsworth,,E07000225,Chichester,,9289
E04009914,Loxwood,,E07000225,Chichester,,9290
E04009915,Lurgashall,,E07000225,Chichester,,9291
E04009916,Marden,,E07000225,Chichester,,9292
E04009917,Midhurst,,E07000225,Chichester,,9293
E04009918,Milland,,E07000225,Chichester,,9294
E04009919,Northchapel,,E07000225,Chichester,,9295
E04009920,North Mundham,,E07000225,Chichester,,9296
E04009921,Oving,,E07000225,Chichester,,9297
E04009922,Petworth,,E07000225,Chichester,,9298
E04009923,Plaistow,,E07000225,Chichester,,9299
E04009924,Rogate,,E07000225,Chichester,,9300
E04009925,Selsey,,E07000225,Chichester,,9301
E04009926,Sidlesham,,E07000225,Chichester,,9302
E04009927,Singleton,,E07000225,Chichester,,9303
E04009929,Stedham with Iping,,E07000225,Chichester,,9304
E04009930,Stopham,,E07000225,Chichester,,9305
E04009931,Stoughton,,E07000225,Chichester,,9306
E04009932,Sutton,,E07000225,Chichester,,9307
E04009933,Tangmere,,E07000225,Chichester,,9308
E04009934,Tillington,,E07000225,Chichester,,9309
E04009935,Trotton with Chithurst,,E07000225,Chichester,,9310
E04009936,Upwaltham,,E07000225,Chichester,,9311
E04009937,Westbourne,,E07000225,Chichester,,9312
E04009938,West Dean,,E07000225,Chichester,,9313
E04009939,Westhampnett,,E07000225,Chichester,,9314
E04009940,West Itchenor,,E07000225,Chichester,,9315
E04009941,West Lavington,,E07000225,Chichester,,9316
E04009942,West Thorney,,E07000225,Chichester,,9317
E04009943,West Wittering,,E07000225,Chichester,,9318
E04009944,Wisborough Green,,E07000225,Chichester,,9319
E04009945,Woolbeding with Redford,,E07000225,Chichester,,9320
E04009946,Elsted and Treyford,,E07000225,Chichester,,9321
E04012259,Fernhurst,,E07000225,Chichester,,9322
E04012260,Linchmere,,E07000225,Chichester,,9323
E04012318,Chidham and Hambrook,,E07000225,Chichester,,9324
E04012319,Southbourne,,E07000225,Chichester,,9325
E04009551,Ripley,,E07000209,Guildford,,9326
E04009552,St. Martha,,E07000209,Guildford,,9327
E04012357,Henley-in-Arden,,E07000221,Stratford-on-Avon,,9328
E04009553,Seale and Sands,,E07000209,Guildford,,9329
E04009554,Send,,E07000209,Guildford,,9330
E04012358,Luddington,,E07000221,Stratford-on-Avon,,9331
E04009555,Shackleford,,E07000209,Guildford,,9332
E04012359,Sambourne,,E07000221,Stratford-on-Avon,,9333
E04009556,Shalford,,E07000209,Guildford,,9334
E04009650,Middleton,,E07000218,North Warwickshire,,9335
E04009851,Angmering,,E07000224,Arun,,9336
E04012404,Dunchurch,,E07000220,Rugby,,9337
E04012360,Stratford-upon-Avon,,E07000221,Stratford-on-Avon,,9338
E04009762,Newbold Pacey,,E07000221,Stratford-on-Avon,,9339
E04009557,Shere,,E07000209,Guildford,,9340
E04009651,Nether Whitacre,,E07000218,North Warwickshire,,9341
E04009852,Arundel,,E07000224,Arun,,9342
E04012405,Long Lawford,,E07000220,Rugby,,9343
E04012361,Ullenhall,,E07000221,Stratford-on-Avon,,9344
E04009763,Oldberrow,,E07000221,Stratford-on-Avon,,9345
E04009558,Tongham,,E07000209,Guildford,,9346
E04009652,Newton Regis,,E07000218,North Warwickshire,,9347
E04009854,Bersted,,E07000224,Arun,,9348
E04009855,Bognor Regis,,E07000224,Arun,,9349
E04009856,Burpham,,E07000224,Arun,,9350
E04009857,Clapham,,E07000224,Arun,,9351
E04009858,Climping,,E07000224,Arun,,9352
E04009862,Ferring,,E07000224,Arun,,9353
E04009863,Findon,,E07000224,Arun,,9354
E04009864,Ford,,E07000224,Arun,,9355
E04009865,Houghton,,E07000224,Arun,,9356
E04009867,Littlehampton,,E07000224,Arun,,9357
E04009868,Lyminster and Crossbush,,E07000224,Arun,,9358
E04009869,Madehurst,,E07000224,Arun,,9359
E04009870,Middleton-on-Sea,,E07000224,Arun,,9360
E04009871,Pagham,,E07000224,Arun,,9361
E04009872,Patching,,E07000224,Arun,,9362
E04009873,Poling,,E07000224,Arun,,9363
E04009874,Rustington,,E07000224,Arun,,9364
E04009875,Slindon,,E07000224,Arun,,9365
E04009876,South Stoke,,E07000224,Arun,,9366
E04009877,Walberton,,E07000224,Arun,,9367
E04009878,Warningcamp,,E07000224,Arun,,9368
E04012046,East Preston,,E07000224,Arun,,9369
E04012047,Kingston,,E07000224,Arun,,9370
E04012977,Barnham and Eastergate,,E07000224,Arun,,9371
E04012978,Felpham,,E07000224,Arun,,9372
E04012979,Yapton,,E07000224,Arun,,9373
E04009880,Appledram,,E07000225,Chichester,,9374
E04009881,Barlavington,,E07000225,Chichester,,9375
E04009882,Bepton,,E07000225,Chichester,,9376
E04009883,Bignor,,E07000225,Chichester,,9377
E04009884,Birdham,,E07000225,Chichester,,9378
E04009885,Bosham,,E07000225,Chichester,,9379
E04009886,Boxgrove,,E07000225,Chichester,,9380
E04009887,Bury,,E07000225,Chichester,,9381
E04009888,Chichester,,E07000225,Chichester,,9382
E04009890,Cocking,,E07000225,Chichester,,9383
E04009891,Compton,,E07000225,Chichester,,9384
E04009892,Donnington,,E07000225,Chichester,,9385
E04009893,Duncton,,E07000225,Chichester,,9386
E04009894,Earnley,,E07000225,Chichester,,9387
E04009895,Eartham,,E07000225,Chichester,,9388
E04009896,Easebourne,,E07000225,Chichester,,9389
E04009897,East Dean,,E07000225,Chichester,,9390
E04009701,Admington,,E07000221,Stratford-on-Avon,,9391
E04009653,Over Whitacre,,E07000218,North Warwickshire,,9392
E04009765,Oxhill,,E07000221,Stratford-on-Avon,,9393
E04012362,Welford-on-Avon,,E07000221,Stratford-on-Avon,,9394
E04009703,Alderminster,,E07000221,Stratford-on-Avon,,9395
E04009654,Polesworth,,E07000218,North Warwickshire,,9396
E04009766,Pillerton Hersey,,E07000221,Stratford-on-Avon,,9397
E04012363,Wilmcote,,E07000221,Stratford-on-Avon,,9398
E04009559,Wanborough,,E07000209,Guildford,,9399
E04009704,Aston Cantlow,,E07000221,Stratford-on-Avon,,9400
E04009655,Seckington,,E07000218,North Warwickshire,,9401
E04009767,Pillerton Priors,,E07000221,Stratford-on-Avon,,9402
E04012364,Wootton Wawen,,E07000221,Stratford-on-Avon,,9403
E04009560,West Clandon,,E07000209,Guildford,,9404
E04009705,Atherstone on Stour,,E07000221,Stratford-on-Avon,,9405
E04009656,Shustoke,,E07000218,North Warwickshire,,9406
E04009768,Preston Bagot,,E07000221,Stratford-on-Avon,,9407
E04013110,Chesterton and Kingston,,E07000221,Stratford-on-Avon,,9408
E04009561,West Horsley,,E07000209,Guildford,,9409
E04009706,Avon Dassett,,E07000221,Stratford-on-Avon,,9410
E04009657,Shuttington,,E07000218,North Warwickshire,,9411
E04009769,Preston on Stour,,E07000221,Stratford-on-Avon,,9412
E04013111,Gaydon,,E07000221,Stratford-on-Avon,,9413
E04009562,Wisley,,E07000209,Guildford,,9414
E04009707,Barcheston,,E07000221,Stratford-on-Avon,,9415
E04009658,Water Orton,,E07000218,North Warwickshire,,9416
E04009770,Priors Hardwick,,E07000221,Stratford-on-Avon,,9417
E04009771,Priors Marston,,E07000221,Stratford-on-Avon,,9418
E04009772,Quinton,,E07000221,Stratford-on-Avon,,9419
E04009773,Radbourn,,E07000221,Stratford-on-Avon,,9420
E04009774,Radway,,E07000221,Stratford-on-Avon,,9421
E04009775,Ratley and Upton,,E07000221,Stratford-on-Avon,,9422
E04009776,Salford Priors,,E07000221,Stratford-on-Avon,,9423
E04009778,Shipston on Stour,,E07000221,Stratford-on-Avon,,9424
E04009779,Shotteswell,,E07000221,Stratford-on-Avon,,9425
E04009780,Snitterfield,,E07000221,Stratford-on-Avon,,9426
E04009781,Southam,,E07000221,Stratford-on-Avon,,9427
E04009782,Spernall,,E07000221,Stratford-on-Avon,,9428
E04009783,Stockton,,E07000221,Stratford-on-Avon,,9429
E04009784,Stoneton,,E07000221,Stratford-on-Avon,,9430
E04009785,Stourton,,E07000221,Stratford-on-Avon,,9431
E04009787,Stretton-on-Fosse,,E07000221,Stratford-on-Avon,,9432
E04009788,Studley,,E07000221,Stratford-on-Avon,,9433
E04009789,Sutton-under-Brailes,,E07000221,Stratford-on-Avon,,9434
E04009790,Tanworth-in-Arden,,E07000221,Stratford-on-Avon,,9435
E04009791,Temple Grafton,,E07000221,Stratford-on-Avon,,9436
E04009792,Tidmington,,E07000221,Stratford-on-Avon,,9437
E04009793,Tredington,,E07000221,Stratford-on-Avon,,9438
E04009794,Tysoe,,E07000221,Stratford-on-Avon,,9439
E04009795,Ufton,,E07000221,Stratford-on-Avon,,9440
E04009797,Upper and Lower Shuckburgh,,E07000221,Stratford-on-Avon,,9441
E04009798,Warmington,,E07000221,Stratford-on-Avon,,9442
E04009799,Watergall,,E07000221,Stratford-on-Avon,,9443
E04009801,Wellesbourne and Walton,,E07000221,Stratford-on-Avon,,9444
E04009802,Weston-on-Avon,,E07000221,Stratford-on-Avon,,9445
E04009803,Whatcote,,E07000221,Stratford-on-Avon,,9446
E04009804,Whichford,,E07000221,Stratford-on-Avon,,9447
E04009805,Whitchurch,,E07000221,Stratford-on-Avon,,9448
E04009806,Wixford,,E07000221,Stratford-on-Avon,,9449
E04009807,Wolverton,,E07000221,Stratford-on-Avon,,9450
E04009809,Wormleighton,,E07000221,Stratford-on-Avon,,9451
E04009810,Arrow with Weethley,,E07000221,Stratford-on-Avon,,9452
E04009811,Clifford Chambers and Milcote,,E07000221,Stratford-on-Avon,,9453
E04009813,Mappleborough Green,,E07000221,Stratford-on-Avon,,9454
E04012351,Alcester,,E07000221,Stratford-on-Avon,,9455
E04009563,Worplesdon,,E07000209,Guildford,,9456
E04009708,Barton-on-the-Heath,,E07000221,Stratford-on-Avon,,9457
E04013210,East Horsley,,E07000209,Guildford,,9458
E04013211,Effingham,,E07000209,Guildford,,9459
E04009709,Bearley,,E07000221,Stratford-on-Avon,,9460
E04009564,Abinger,,E07000210,Mole Valley,,9461
E04009711,Bidford-on-Avon,,E07000221,Stratford-on-Avon,,9462
E04009565,Betchworth,,E07000210,Mole Valley,,9463
E04013112,Upper Lighthorne,,E07000221,Stratford-on-Avon,,9464
E04009659,Wishaw,,E07000218,North Warwickshire,,9465
E04009712,Billesley,,E07000221,Stratford-on-Avon,,9466
E04009566,Brockham,,E07000210,Mole Valley,,9467
E04013113,Bishop's Itchington,,E07000221,Stratford-on-Avon,,9468
E04009660,Ansty,,E07000220,Rugby,,9469
E04009715,Brailes,,E07000221,Stratford-on-Avon,,9470
E04009567,Buckland,,E07000210,Mole Valley,,9471
E04013114,Harbury,,E07000221,Stratford-on-Avon,,9472
E04009661,Binley Woods,,E07000220,Rugby,,9473
E04009716,Burmington,,E07000221,Stratford-on-Avon,,9474
E04009568,Capel,,E07000210,Mole Valley,,9475
E04009815,Ashow,,E07000222,Warwick,,9476
E04009662,Birdingbury,,E07000220,Rugby,,9477
E04009717,Burton Dassett,,E07000221,Stratford-on-Avon,,9478
E04009718,Butlers Marston,,E07000221,Stratford-on-Avon,,9479
E04009719,Chadshunt,,E07000221,Stratford-on-Avon,,9480
E04009720,Chapel Ascote,,E07000221,Stratford-on-Avon,,9481
E04009721,Charlecote,,E07000221,Stratford-on-Avon,,9482
E04009722,Cherington,,E07000221,Stratford-on-Avon,,9483
E04009724,Claverdon,,E07000221,Stratford-on-Avon,,9484
E04009725,Combrook,,E07000221,Stratford-on-Avon,,9485
E04009726,Compton Verney,,E07000221,Stratford-on-Avon,,9486
E04009727,Compton Wynyates,,E07000221,Stratford-on-Avon,,9487
E04009729,Dorsington,,E07000221,Stratford-on-Avon,,9488
E04009730,Ettington,,E07000221,Stratford-on-Avon,,9489
E04009732,Farnborough,,E07000221,Stratford-on-Avon,,9490
E04009733,Fenny Compton,,E07000221,Stratford-on-Avon,,9491
E04009734,Fulbrook,,E07000221,Stratford-on-Avon,,9492
E04009736,Great Alne,,E07000221,Stratford-on-Avon,,9493
E04009737,Great Wolford,,E07000221,Stratford-on-Avon,,9494
E04009738,Halford,,E07000221,Stratford-on-Avon,,9495
E04009739,Hampton Lucy,,E07000221,Stratford-on-Avon,,9496
E04009743,Hodnell and Wills Pastures,,E07000221,Stratford-on-Avon,,9497
E04009744,Honington,,E07000221,Stratford-on-Avon,,9498
E04009745,Idlicote,,E07000221,Stratford-on-Avon,,9499
E04009746,Ilmington,,E07000221,Stratford-on-Avon,,9500
E04009747,Kineton,,E07000221,Stratford-on-Avon,,9501
E04009748,Kinwarton,,E07000221,Stratford-on-Avon,,9502
E04009749,Ladbroke,,E07000221,Stratford-on-Avon,,9503
E04009750,Langley,,E07000221,Stratford-on-Avon,,9504
E04009751,Lighthorne,,E07000221,Stratford-on-Avon,,9505
E04009752,Little Compton,,E07000221,Stratford-on-Avon,,9506
E04009753,Little Wolford,,E07000221,Stratford-on-Avon,,9507
E04009754,Long Compton,,E07000221,Stratford-on-Avon,,9508
E04009755,Long Itchington,,E07000221,Stratford-on-Avon,,9509
E04009756,Long Marston,,E07000221,Stratford-on-Avon,,9510
E04009663,Bourton and Draycote,,E07000220,Rugby,,9511
E04009569,Charlwood,,E07000210,Mole Valley,,9512
E04009664,Brandon and Bretford,,E07000220,Rugby,,9513
E04009816,Baddesley Clinton,,E07000222,Warwick,,9514
E04009570,Headley,,E07000210,Mole Valley,,9515
E04009665,Brinklow,,E07000220,Rugby,,9516
E04009817,Baginton,,E07000222,Warwick,,9517
E04009571,Holmwood,,E07000210,Mole Valley,,9518
E04009666,Burton Hastings,,E07000220,Rugby,,9519
E04009572,Leigh,,E07000210,Mole Valley,,9520
E04009820,Blackdown,,E07000222,Warwick,,9521
E04009667,Church Lawford,,E07000220,Rugby,,9522
E04009573,Mickleham,,E07000210,Mole Valley,,9523
E04009821,Bubbenhall,,E07000222,Warwick,,9524
E04009668,Churchover,,E07000220,Rugby,,9525
E04009574,Newdigate,,E07000210,Mole Valley,,9526
E04009823,Bushwood,,E07000222,Warwick,,9527
E04009669,Clifton upon Dunsmore,,E07000220,Rugby,,9528
E04009575,Ockley,,E07000210,Mole Valley,,9529
E04009824,Cubbington,,E07000222,Warwick,,9530
E04009670,Combe Fields,,E07000220,Rugby,,9531
E04009576,Wotton,,E07000210,Mole Valley,,9532
E04009825,Eathorpe,,E07000222,Warwick,,9533
E04009671,Copston Magna,,E07000220,Rugby,,9534
E04009577,Horley,,E07000211,Reigate and Banstead,,9535
E04009826,Hatton,,E07000222,Warwick,,9536
E04009672,Cosford,,E07000220,Rugby,,9537
E04009578,Salfords and Sidlow,,E07000211,Reigate and Banstead,,9538
E04009827,Hunningham,,E07000222,Warwick,,9539
E04009674,Easenhall,,E07000220,Rugby,,9540
E04009579,Bisley,,E07000214,Surrey Heath,,9541
E04009829,Lapworth,,E07000222,Warwick,,9542
E04009675,Frankton,,E07000220,Rugby,,9543
E04009676,Grandborough,,E07000220,Rugby,,9544
E04009677,Harborough Magna,,E07000220,Rugby,,9545
E04009678,King's Newnham,,E07000220,Rugby,,9546
E04009679,Leamington Hastings,,E07000220,Rugby,,9547
E04009680,Little Lawford,,E07000220,Rugby,,9548
E04009682,Marton,,E07000220,Rugby,,9549
E04009683,Monks Kirby,,E07000220,Rugby,,9550
E04009684,Newton and Biggin,,E07000220,Rugby,,9551
E04009685,Pailton,,E07000220,Rugby,,9552
E04009686,Princethorpe,,E07000220,Rugby,,9553
E04009687,Ryton-on-Dunsmore,,E07000220,Rugby,,9554
E04009688,Shilton and Barnacle,,E07000220,Rugby,,9555
E04009689,Stretton Baskerville,,E07000220,Rugby,,9556
E04009690,Stretton-on-Dunsmore,,E07000220,Rugby,,9557
E04009691,Stretton under Fosse,,E07000220,Rugby,,9558
E04009692,Thurlaston,,E07000220,Rugby,,9559
E04009693,Wibtoft,,E07000220,Rugby,,9560
E04009694,Willey,,E07000220,Rugby,,9561
E04009695,Willoughby,,E07000220,Rugby,,9562
E04009696,Withybrook,,E07000220,Rugby,,9563
E04009697,Wolfhampcote,,E07000220,Rugby,,9564
E04009580,Chobham,,E07000214,Surrey Heath,,9565
E04009581,West End,,E07000214,Surrey Heath,,9566
E04009582,Windlesham,,E07000214,Surrey Heath,,9567
E04009583,Bletchingley,,E07000215,Tandridge,,9568
E04009584,Burstow,,E07000215,Tandridge,,9569
E04009585,Chelsham and Farleigh,,E07000215,Tandridge,,9570
E04009586,Crowhurst,,E07000215,Tandridge,,9571
E04009587,Felbridge,,E07000215,Tandridge,,9572
E04009588,Godstone,,E07000215,Tandridge,,9573
E04009589,Horne,,E07000215,Tandridge,,9574
E04009590,Limpsfield,,E07000215,Tandridge,,9575
E04009591,Nutfield,,E07000215,Tandridge,,9576
E04009592,Oxted,,E07000215,Tandridge,,9577
E04009593,Tandridge,,E07000215,Tandridge,,9578
E04009594,Tatsfield,,E07000215,Tandridge,,9579
E04009831,Norton Lindsey,,E07000222,Warwick,,9580
E04009832,Offchurch,,E07000222,Warwick,,9581
E04009834,Radford Semele,,E07000222,Warwick,,9582
E04009835,Rowington,,E07000222,Warwick,,9583
E04009836,Sherbourne,,E07000222,Warwick,,9584
E04009837,Shrewley,,E07000222,Warwick,,9585
E04009839,Wappenbury,,E07000222,Warwick,,9586
E04009842,Weston under Wetherley,,E07000222,Warwick,,9587
E04009845,"Beausale, Haseley, Honiley and Wroxall",,E07000222,Warwick,,9588
E04012205,Wasperton,,E07000222,Warwick,,9589
E04012427,Barford,,E07000222,Warwick,,9590
E04012429,Budbrooke,,E07000222,Warwick,,9591
E04012430,Burton Green,,E07000222,Warwick,,9592
E04012431,Kenilworth,,E07000222,Warwick,,9593
E04012432,Leek Wootton and Guy's Cliffe,,E07000222,Warwick,,9594
E04012433,Old Milverton,,E07000222,Warwick,,9595
E04012435,Stoneleigh,,E07000222,Warwick,,9596
E04012707,Bishop's Tachbrook,,E07000222,Warwick,,9597
E04012708,Warwick,,E07000222,Warwick,,9598
E04012950,Royal Leamington Spa,,E07000222,Warwick,,9599
E04012951,Whitnash,,E07000222,Warwick,,9600
E04009947,Amberley,,E07000227,Horsham,,9601
E04009948,Ashington,,E07000227,Horsham,,9602
E04009949,Ashurst,,E07000227,Horsham,,9603
E04009950,Billingshurst,,E07000227,Horsham,,9604
E04009951,Bramber,,E07000227,Horsham,,9605
E04009952,Broadbridge Heath,,E07000227,Horsham,,9606
E04009953,Coldwaltham,,E07000227,Horsham,,9607
E04009954,Colgate,,E07000227,Horsham,,9608
E04009955,Cowfold,,E07000227,Horsham,,9609
E04009956,Henfield,,E07000227,Horsham,,9610
E04009957,Itchingfield,,E07000227,Horsham,,9611
E04009958,Lower Beeding,,E07000227,Horsham,,9612
E04012638,Kidderminster,,E07000239,Wyre Forest,,9613
E04010358,Aston Somerville,,E07000238,Wychavon,,9614
E04009959,North Horsham,,E07000227,Horsham,,9615
E04009960,Nuthurst,,E07000227,Horsham,,9616
E04009961,Parham,,E07000227,Horsham,,9617
E04009962,Pulborough,,E07000227,Horsham,,9618
E04009963,Rudgwick,,E07000227,Horsham,,9619
E04009964,Rusper,,E07000227,Horsham,,9620
E04009965,Shermanbury,,E07000227,Horsham,,9621
E04009967,Slinfold,,E07000227,Horsham,,9622
E04009969,Steyning,,E07000227,Horsham,,9623
E04009970,Thakeham,,E07000227,Horsham,,9624
E04009971,Upper Beeding,,E07000227,Horsham,,9625
E04009972,Warnham,,E07000227,Horsham,,9626
E04009973,Washington,,E07000227,Horsham,,9627
E04009974,West Chiltington,,E07000227,Horsham,,9628
E04009975,West Grinstead,,E07000227,Horsham,,9629
E04009976,Wiston,,E07000227,Horsham,,9630
E04009977,Woodmancote,,E07000227,Horsham,,9631
E04009978,Storrington and Sullington,,E07000227,Horsham,,9632
E04012956,Shipley,,E07000227,Horsham,,9633
E04012957,Southwater,,E07000227,Horsham,,9634
E04009979,Albourne,,E07000228,Mid Sussex,,9635
E04009980,Ardingly,,E07000228,Mid Sussex,,9636
E04009981,Balcombe,,E07000228,Mid Sussex,,9637
E04009982,Bolney,,E07000228,Mid Sussex,,9638
E04009984,Cuckfield,,E07000228,Mid Sussex,,9639
E04009986,East Grinstead,,E07000228,Mid Sussex,,9640
E04009987,Fulking,,E07000228,Mid Sussex,,9641
E04009988,Haywards Heath,,E07000228,Mid Sussex,,9642
E04009989,Horsted Keynes,,E07000228,Mid Sussex,,9643
E04009990,Hurstpierpoint and Sayers Common,,E07000228,Mid Sussex,,9644
E04009991,Lindfield,,E07000228,Mid Sussex,,9645
E04009992,Lindfield Rural,,E07000228,Mid Sussex,,9646
E04009993,Newtimber,,E07000228,Mid Sussex,,9647
E04009994,Poynings,,E07000228,Mid Sussex,,9648
E04009995,Pyecombe,,E07000228,Mid Sussex,,9649
E04009996,Slaugham,,E07000228,Mid Sussex,,9650
E04009997,Turners Hill,,E07000228,Mid Sussex,,9651
E04009998,Twineham,,E07000228,Mid Sussex,,9652
E04009398,Dennington,,E07000244,East Suffolk,,9653
E04004747,Standon,,E07000242,East Hertfordshire,,9654
E04010308,Hill Croome,,E07000235,Malvern Hills,,9655
E04009999,West Hoathly,,E07000228,Mid Sussex,,9656
E04010408,Kemerton,,E07000238,Wychavon,,9657
E04004804,Harpenden Rural,,E07000240,St Albans,,9658
E04004748,Stanstead Abbots,,E07000242,East Hertfordshire,,9659
E04010309,Hillhampton,,E07000235,Malvern Hills,,9660
E04004806,Redbourn,,E07000240,St Albans,,9661
E04010359,Badsey,,E07000238,Wychavon,,9662
E04009399,Dunwich,,E07000244,East Suffolk,,9663
E04004749,Stanstead St Margarets,,E07000242,East Hertfordshire,,9664
E04010310,Holdfast,,E07000235,Malvern Hills,,9665
E04013283,Colney Heath,,E07000240,St Albans,,9666
E04010409,Kington,,E07000238,Wychavon,,9667
E04010360,Beckford,,E07000238,Wychavon,,9668
E04010000,Worth,,E07000228,Mid Sussex,,9669
E04009400,Earl Soham,,E07000244,East Suffolk,,9670
E04004750,Stapleford,,E07000242,East Hertfordshire,,9671
E04010311,Holt,,E07000235,Malvern Hills,,9672
E04013284,Harpenden Town,,E07000240,St Albans,,9673
E04010410,Little Comberton,,E07000238,Wychavon,,9674
E04010361,Besford,,E07000238,Wychavon,,9675
E04010001,Ashurst Wood,,E07000228,Mid Sussex,,9676
E04009401,Easton,,E07000244,East Suffolk,,9677
E04004751,Stocking Pelham,,E07000242,East Hertfordshire,,9678
E04010312,Kempsey,,E07000235,Malvern Hills,,9679
E04010411,Martin Hussingtree,,E07000238,Wychavon,,9680
E04010362,Bickmarsh,,E07000238,Wychavon,,9681
E04013285,London Colney,,E07000240,St Albans,,9682
E04010002,Hassocks,,E07000228,Mid Sussex,,9683
E04009402,Eyke,,E07000244,East Suffolk,,9684
E04004752,Tewin,,E07000242,East Hertfordshire,,9685
E04010313,Kenswick,,E07000235,Malvern Hills,,9686
E04010412,Naunton Beauchamp,,E07000238,Wychavon,,9687
E04010363,Birlingham,,E07000238,Wychavon,,9688
E04010364,Bishampton,,E07000238,Wychavon,,9689
E04010365,Bredicot,,E07000238,Wychavon,,9690
E04010366,Bredon,,E07000238,Wychavon,,9691
E04010367,Bredon's Norton,,E07000238,Wychavon,,9692
E04010368,Bretforton,,E07000238,Wychavon,,9693
E04010369,Bricklehampton,,E07000238,Wychavon,,9694
E04010370,Broadway,,E07000238,Wychavon,,9695
E04010371,Broughton Hackett,,E07000238,Wychavon,,9696
E04010372,Charlton,,E07000238,Wychavon,,9697
E04010373,Childswickham,,E07000238,Wychavon,,9698
E04010374,Churchill,,E07000238,Wychavon,,9699
E04010375,South Lenches,,E07000238,Wychavon,,9700
E04010376,Cleeve Prior,,E07000238,Wychavon,,9701
E04010377,Conderton,,E07000238,Wychavon,,9702
E04010378,Cookhill,,E07000238,Wychavon,,9703
E04010379,Cropthorne,,E07000238,Wychavon,,9704
E04010380,Crowle,,E07000238,Wychavon,,9705
E04010381,Defford,,E07000238,Wychavon,,9706
E04010382,Dodderhill,,E07000238,Wychavon,,9707
E04010383,Dormston,,E07000238,Wychavon,,9708
E04010384,Doverdale,,E07000238,Wychavon,,9709
E04010385,Drakes Broughton and Wadborough,,E07000238,Wychavon,,9710
E04010386,Droitwich Spa,,E07000238,Wychavon,,9711
E04010387,Eckington,,E07000238,Wychavon,,9712
E04010388,Elmbridge,,E07000238,Wychavon,,9713
E04010389,Elmley Castle,,E07000238,Wychavon,,9714
E04010390,Elmley Lovett,,E07000238,Wychavon,,9715
E04010391,Evesham,,E07000238,Wychavon,,9716
E04010392,Fladbury,,E07000238,Wychavon,,9717
E04010393,Flyford Flavell,,E07000238,Wychavon,,9718
E04010394,Grafton Flyford,,E07000238,Wychavon,,9719
E04010395,Great Comberton,,E07000238,Wychavon,,9720
E04010396,Hadzor,,E07000238,Wychavon,,9721
E04010397,Hampton Lovett,,E07000238,Wychavon,,9722
E04010398,Hanbury,,E07000238,Wychavon,,9723
E04010399,Hartlebury,,E07000238,Wychavon,,9724
E04010400,Harvington,,E07000238,Wychavon,,9725
E04010401,Hill and Moor,,E07000238,Wychavon,,9726
E04010402,Himbleton,,E07000238,Wychavon,,9727
E04010403,Hindlip,,E07000238,Wychavon,,9728
E04010404,Hinton on the Green,,E07000238,Wychavon,,9729
E04010405,Honeybourne,,E07000238,Wychavon,,9730
E04010406,Huddington,,E07000238,Wychavon,,9731
E04010407,Inkberrow,,E07000238,Wychavon,,9732
E04010413,Netherton,,E07000238,Wychavon,,9733
E04004754,Thundridge,,E07000242,East Hertfordshire,,9734
E04009403,Falkenham,,E07000244,East Suffolk,,9735
E04010414,North and Middle Littleton,,E07000238,Wychavon,,9736
E04004756,Ware,,E07000242,East Hertfordshire,,9737
E04013308,Ansty and Staplefield,,E07000228,Mid Sussex,,9738
E04009404,Farnham,,E07000244,East Suffolk,,9739
E04010415,North Claines,,E07000238,Wychavon,,9740
E04004757,Wareside,,E07000242,East Hertfordshire,,9741
E04013286,Sandridge,,E07000240,St Albans,,9742
E04013309,Burgess Hill,,E07000228,Mid Sussex,,9743
E04009405,Felixstowe,,E07000244,East Suffolk,,9744
E04010416,North Piddle,,E07000238,Wychavon,,9745
E04010314,Knighton on Teme,,E07000235,Malvern Hills,,9746
E04004758,Watton-at-Stone,,E07000242,East Hertfordshire,,9747
E04013287,St Michael,,E07000240,St Albans,,9748
E04010263,Alvechurch,,E07000234,Bromsgrove,,9749
E04009406,Foxhall,,E07000244,East Suffolk,,9750
E04010417,Norton and Lenchwick,,E07000238,Wychavon,,9751
E04010315,Knightwick,,E07000235,Malvern Hills,,9752
E04004759,Westmill,,E07000242,East Hertfordshire,,9753
E04013288,St Stephen,,E07000240,St Albans,,9754
E04010264,Belbroughton,,E07000234,Bromsgrove,,9755
E04009407,Framlingham,,E07000244,East Suffolk,,9756
E04010418,Norton Juxta Kempsey,,E07000238,Wychavon,,9757
E04010419,Oddingley,,E07000238,Wychavon,,9758
E04010420,Offenham,,E07000238,Wychavon,,9759
E04010421,Ombersley,,E07000238,Wychavon,,9760
E04010422,Overbury,,E07000238,Wychavon,,9761
E04010423,Pebworth,,E07000238,Wychavon,,9762
E04010424,Peopleton,,E07000238,Wychavon,,9763
E04010425,Pershore,,E07000238,Wychavon,,9764
E04010426,Pinvin,,E07000238,Wychavon,,9765
E04010427,Pirton,,E07000238,Wychavon,,9766
E04010428,Rous Lench,,E07000238,Wychavon,,9767
E04010429,Salwarpe,,E07000238,Wychavon,,9768
E04010430,Sedgeberrow,,E07000238,Wychavon,,9769
E04010431,South Littleton,,E07000238,Wychavon,,9770
E04010432,Spetchley,,E07000238,Wychavon,,9771
E04010433,Stock and Bradley,,E07000238,Wychavon,,9772
E04010434,Stoulton,,E07000238,Wychavon,,9773
E04010435,Strensham,,E07000238,Wychavon,,9774
E04010436,Throckmorton,,E07000238,Wychavon,,9775
E04010437,Tibberton,,E07000238,Wychavon,,9776
E04010438,Upton Snodsbury,,E07000238,Wychavon,,9777
E04010439,Upton Warren,,E07000238,Wychavon,,9778
E04010440,Westwood,,E07000238,Wychavon,,9779
E04010441,White Ladies Aston,,E07000238,Wychavon,,9780
E04010442,Whittington,,E07000238,Wychavon,,9781
E04010443,Wick,,E07000238,Wychavon,,9782
E04010444,Wickhamford,,E07000238,Wychavon,,9783
E04010445,Wyre Piddle,,E07000238,Wychavon,,9784
E04010446,Bewdley,,E07000239,Wyre Forest,,9785
E04010447,Broome,,E07000239,Wyre Forest,,9786
E04010448,Chaddesley Corbett,,E07000239,Wyre Forest,,9787
E04010449,Churchill and Blakedown,,E07000239,Wyre Forest,,9788
E04010450,Kidderminster Foreign,,E07000239,Wyre Forest,,9789
E04010451,Ribbesford,,E07000239,Wyre Forest,,9790
E04010452,Rock,,E07000239,Wyre Forest,,9791
E04010453,Rushock,,E07000239,Wyre Forest,,9792
E04010454,Stone,,E07000239,Wyre Forest,,9793
E04010455,Stourport-on-Severn,,E07000239,Wyre Forest,,9794
E04010456,Upper Arley,,E07000239,Wyre Forest,,9795
E04010457,Wolverley and Cookley,,E07000239,Wyre Forest,,9796
E04009408,Friston,,E07000244,East Suffolk,,9797
E04010316,Kyre,,E07000235,Malvern Hills,,9798
E04013289,Wheathampstead,,E07000240,St Albans,,9799
E04009409,Gedgrave,,E07000244,East Suffolk,,9800
E04004760,Widford,,E07000242,East Hertfordshire,,9801
E04010317,Leigh,,E07000235,Malvern Hills,,9802
E04004816,Ayot St Lawrence,,E07000241,Welwyn Hatfield,,9803
E04010265,Bentley Pauncefoot,,E07000234,Bromsgrove,,9804
E04009410,Great Bealings,,E07000244,East Suffolk,,9805
E04004761,Wyddial,,E07000242,East Hertfordshire,,9806
E04010318,Lindridge,,E07000235,Malvern Hills,,9807
E04004817,Ayot St Peter,,E07000241,Welwyn Hatfield,,9808
E04010266,Beoley,,E07000234,Bromsgrove,,9809
E04009411,Great Glemham,,E07000244,East Suffolk,,9810
E04012292,Walkern,,E07000242,East Hertfordshire,,9811
E04010319,Little Malvern,,E07000235,Malvern Hills,,9812
E04004818,Essendon,,E07000241,Welwyn Hatfield,,9813
E04010268,Cofton Hackett,,E07000234,Bromsgrove,,9814
E04009412,Grundisburgh,,E07000244,East Suffolk,,9815
E04012914,Bishop's Stortford,,E07000242,East Hertfordshire,,9816
E04010320,Little Witley,,E07000235,Malvern Hills,,9817
E04004819,Hatfield,,E07000241,Welwyn Hatfield,,9818
E04010269,Dodford with Grafton,,E07000234,Bromsgrove,,9819
E04009413,Hacheston,,E07000244,East Suffolk,,9820
E04012915,Thorley,,E07000242,East Hertfordshire,,9821
E04010321,Longdon,,E07000235,Malvern Hills,,9822
E04004820,Northaw and Cuffley,,E07000241,Welwyn Hatfield,,9823
E04010270,Frankley,,E07000234,Bromsgrove,,9824
E04010272,Hunnington,,E07000234,Bromsgrove,,9825
E04010273,Romsley,,E07000234,Bromsgrove,,9826
E04010274,Stoke,,E07000234,Bromsgrove,,9827
E04010275,Tutnall and Cobley,,E07000234,Bromsgrove,,9828
E04010276,Wythall,,E07000234,Bromsgrove,,9829
E04010277,Barnt Green,,E07000234,Bromsgrove,,9830
E04010278,Bournheath,,E07000234,Bromsgrove,,9831
E04010279,Catshill and North Marlbrook,,E07000234,Bromsgrove,,9832
E04010280,Finstall,,E07000234,Bromsgrove,,9833
E04010281,Lickey and Blackwell,,E07000234,Bromsgrove,,9834
E04012654,Clent,,E07000234,Bromsgrove,,9835
E04012655,Hagley,,E07000234,Bromsgrove,,9836
E04010283,Abberley,,E07000235,Malvern Hills,,9837
E04010284,Alfrick,,E07000235,Malvern Hills,,9838
E04010285,Astley and Dunley,,E07000235,Malvern Hills,,9839
E04010286,Bayton,,E07000235,Malvern Hills,,9840
E04010287,Berrow,,E07000235,Malvern Hills,,9841
E04010288,Birtsmorton,,E07000235,Malvern Hills,,9842
E04010289,Bockleton,,E07000235,Malvern Hills,,9843
E04010290,Bransford,,E07000235,Malvern Hills,,9844
E04010291,Lower Broadheath,,E07000235,Malvern Hills,,9845
E04010292,Broadwas,,E07000235,Malvern Hills,,9846
E04010293,Bushley,,E07000235,Malvern Hills,,9847
E04010294,Castlemorton,,E07000235,Malvern Hills,,9848
E04010295,Clifton upon Teme,,E07000235,Malvern Hills,,9849
E04010296,Cotheridge,,E07000235,Malvern Hills,,9850
E04010297,Croome D'Abitot,,E07000235,Malvern Hills,,9851
E04010298,Doddenham,,E07000235,Malvern Hills,,9852
E04010299,Earl's Croome,,E07000235,Malvern Hills,,9853
E04010300,Eastham,,E07000235,Malvern Hills,,9854
E04010301,Eldersfield,,E07000235,Malvern Hills,,9855
E04010302,Great Witley,,E07000235,Malvern Hills,,9856
E04010303,Grimley,,E07000235,Malvern Hills,,9857
E04010304,Guarlford,,E07000235,Malvern Hills,,9858
E04010305,Hallow,,E07000235,Malvern Hills,,9859
E04010306,Hanley,,E07000235,Malvern Hills,,9860
E04010307,Hanley Castle,,E07000235,Malvern Hills,,9861
E04010322,Lower Sapey,,E07000235,Malvern Hills,,9862
E04004822,Welwyn,,E07000241,Welwyn Hatfield,,9863
E04010323,Lulsley,,E07000235,Malvern Hills,,9864
E04004823,Woolmer Green,,E07000241,Welwyn Hatfield,,9865
E04010324,Madresfield,,E07000235,Malvern Hills,,9866
E04012223,North Mymms,,E07000241,Welwyn Hatfield,,9867
E04010325,Malvern,,E07000235,Malvern Hills,,9868
E04012916,Buntingford,,E07000242,East Hertfordshire,,9869
E04004712,Albury,,E07000242,East Hertfordshire,,9870
E04009414,Hasketon,,E07000244,East Suffolk,,9871
E04010326,Malvern Wells,,E07000235,Malvern Hills,,9872
E04012917,Cottered,,E07000242,East Hertfordshire,,9873
E04004713,Anstey,,E07000242,East Hertfordshire,,9874
E04009415,Hemley,,E07000244,East Suffolk,,9875
E04010327,Mamble,,E07000235,Malvern Hills,,9876
E04009365,Aldeburgh,,E07000244,East Suffolk,,9877
E04004714,Ardeley,,E07000242,East Hertfordshire,,9878
E04009416,Heveningham,,E07000244,East Suffolk,,9879
E04010328,Martley,,E07000235,Malvern Hills,,9880
E04009366,Alderton,,E07000244,East Suffolk,,9881
E04004715,Aspenden,,E07000242,East Hertfordshire,,9882
E04009417,Hollesley,,E07000244,East Suffolk,,9883
E04010329,Newland,,E07000235,Malvern Hills,,9884
E04009367,Aldringham cum Thorpe,,E07000244,East Suffolk,,9885
E04004716,Aston,,E07000242,East Hertfordshire,,9886
E04009418,Hoo,,E07000244,East Suffolk,,9887
E04010330,Pendock,,E07000235,Malvern Hills,,9888
E04004717,Bayford,,E07000242,East Hertfordshire,,9889
E04009368,Badingham,,E07000244,East Suffolk,,9890
E04004718,Bengeo Rural,,E07000242,East Hertfordshire,,9891
E04009369,Bawdsey,,E07000244,East Suffolk,,9892
E04009371,Blaxhall,,E07000244,East Suffolk,,9893
E04004719,Benington,,E07000242,East Hertfordshire,,9894
E04010331,Pensax,,E07000235,Malvern Hills,,9895
E04004721,Bramfield,,E07000242,East Hertfordshire,,9896
E04009372,Blythburgh,,E07000244,East Suffolk,,9897
E04009419,Huntingfield,,E07000244,East Suffolk,,9898
E04004722,Braughing,,E07000242,East Hertfordshire,,9899
E04010332,Powick,,E07000235,Malvern Hills,,9900
E04009420,Iken,,E07000244,East Suffolk,,9901
E04009373,Boulge,,E07000244,East Suffolk,,9902
E04004723,Brent Pelham,,E07000242,East Hertfordshire,,9903
E04010333,Queenhill,,E07000235,Malvern Hills,,9904
E04009421,Kelsale cum Carlton,,E07000244,East Suffolk,,9905
E04009374,Boyton,,E07000244,East Suffolk,,9906
E04004724,Brickendon Liberty,,E07000242,East Hertfordshire,,9907
E04010334,Ripple,,E07000235,Malvern Hills,,9908
E04009422,Kesgrave,,E07000244,East Suffolk,,9909
E04009375,Bramfield,,E07000244,East Suffolk,,9910
E04004725,Buckland,,E07000242,East Hertfordshire,,9911
E04010335,Rochford,,E07000235,Malvern Hills,,9912
E04009423,Kettleburgh,,E07000244,East Suffolk,,9913
E04009376,Brandeston,,E07000244,East Suffolk,,9914
E04004728,Datchworth,,E07000242,East Hertfordshire,,9915
E04010336,Rushwick,,E07000235,Malvern Hills,,9916
E04009424,Kirton,,E07000244,East Suffolk,,9917
E04009377,Bredfield,,E07000244,East Suffolk,,9918
E04004729,Eastwick,,E07000242,East Hertfordshire,,9919
E04010337,Severn Stoke,,E07000235,Malvern Hills,,9920
E04009425,Knodishall,,E07000244,East Suffolk,,9921
E04009378,Brightwell,,E07000244,East Suffolk,,9922
E04004730,Furneux Pelham,,E07000242,East Hertfordshire,,9923
E04010338,Shelsley Beauchamp,,E07000235,Malvern Hills,,9924
E04009426,Leiston,,E07000244,East Suffolk,,9925
E04009379,Bromeswell,,E07000244,East Suffolk,,9926
E04004731,Gilston,,E07000242,East Hertfordshire,,9927
E04010339,Shelsley Kings,,E07000235,Malvern Hills,,9928
E04009427,Letheringham,,E07000244,East Suffolk,,9929
E04009380,Bruisyard,,E07000244,East Suffolk,,9930
E04004732,Great Amwell,,E07000242,East Hertfordshire,,9931
E04010340,Shelsley Walsh,,E07000235,Malvern Hills,,9932
E04009428,Levington,,E07000244,East Suffolk,,9933
E04009381,Bucklesham,,E07000244,East Suffolk,,9934
E04004733,Great Munden,,E07000242,East Hertfordshire,,9935
E04010341,Shrawley,,E07000235,Malvern Hills,,9936
E04009429,Linstead Magna,,E07000244,East Suffolk,,9937
E04009382,Burgh,,E07000244,East Suffolk,,9938
E04004734,Hertford,,E07000242,East Hertfordshire,,9939
E04010342,Stanford with Orleton,,E07000235,Malvern Hills,,9940
E04009430,Linstead Parva,,E07000244,East Suffolk,,9941
E04009383,Butley,,E07000244,East Suffolk,,9942
E04004735,Hertford Heath,,E07000242,East Hertfordshire,,9943
E04010343,Stockton on Teme,,E07000235,Malvern Hills,,9944
E04009431,Little Bealings,,E07000244,East Suffolk,,9945
E04009384,Campsey Ash,,E07000244,East Suffolk,,9946
E04004736,Hertingfordbury,,E07000242,East Hertfordshire,,9947
E04010344,Stoke Bliss,,E07000235,Malvern Hills,,9948
E04009432,Little Glemham,,E07000244,East Suffolk,,9949
E04009385,Capel St. Andrew,,E07000244,East Suffolk,,9950
E04004737,High Wych,,E07000242,East Hertfordshire,,9951
E04010345,Suckley,,E07000235,Malvern Hills,,9952
E04009433,Marlesford,,E07000244,East Suffolk,,9953
E04009436,Middleton,,E07000244,East Suffolk,,9954
E04009437,Monewden,,E07000244,East Suffolk,,9955
E04009438,Nacton,,E07000244,East Suffolk,,9956
E04009439,Newbourne,,E07000244,East Suffolk,,9957
E04009440,Orford,,E07000244,East Suffolk,,9958
E04009441,Otley,,E07000244,East Suffolk,,9959
E04009442,Parham,,E07000244,East Suffolk,,9960
E04009443,Peasenhall,,E07000244,East Suffolk,,9961
E04009445,Playford,,E07000244,East Suffolk,,9962
E04009446,Purdis Farm,,E07000244,East Suffolk,,9963
E04009447,Ramsholt,,E07000244,East Suffolk,,9964
E04009448,Rendham,,E07000244,East Suffolk,,9965
E04009449,Rendlesham,,E07000244,East Suffolk,,9966
E04009450,Rushmere St. Andrew,,E07000244,East Suffolk,,9967
E04004738,Hormead,,E07000242,East Hertfordshire,,9968
E04010346,Tenbury,,E07000235,Malvern Hills,,9969
E04004739,Hunsdon,,E07000242,East Hertfordshire,,9970
E04010347,Upton-upon-Severn,,E07000235,Malvern Hills,,9971
E04004740,Little Berkhamsted,,E07000242,East Hertfordshire,,9972
E04010348,Welland,,E07000235,Malvern Hills,,9973
E04004741,Little Hadham,,E07000242,East Hertfordshire,,9974
E04010349,West Malvern,,E07000235,Malvern Hills,,9975
E04004742,Little Munden,,E07000242,East Hertfordshire,,9976
E04010350,Wichenford,,E07000235,Malvern Hills,,9977
E04004743,Meesden,,E07000242,East Hertfordshire,,9978
E04010351,Feckenham,,E07000236,Redditch,,9979
E04009386,Charsfield,,E07000244,East Suffolk,,9980
E04004744,Much Hadham,,E07000242,East Hertfordshire,,9981
E04010352,St. Peter the Great County,,E07000237,Worcester,,9982
E04009387,Chediston,,E07000244,East Suffolk,,9983
E04004745,Sacombe,,E07000242,East Hertfordshire,,9984
E04010353,Warndon,,E07000237,Worcester,,9985
E04009388,Chillesford,,E07000244,East Suffolk,,9986
E04004746,Sawbridgeworth,,E07000242,East Hertfordshire,,9987
E04010354,Abberton,,E07000238,Wychavon,,9988
E04009389,Clopton,,E07000244,East Suffolk,,9989
E04010355,Abbots Morton,,E07000238,Wychavon,,9990
E04009390,Cookley,,E07000244,East Suffolk,,9991
E04010356,Aldington,,E07000238,Wychavon,,9992
E04009391,Cransford,,E07000244,East Suffolk,,9993
E04010357,Ashton under Hill,,E07000238,Wychavon,,9994
E04009392,Cratfield,,E07000244,East Suffolk,,9995
E04009393,Cretingham,,E07000244,East Suffolk,,9996
E04009394,Culpho,,E07000244,East Suffolk,,9997
E04009395,Dallinghoo,,E07000244,East Suffolk,,9998
E04009396,Darsham,,E07000244,East Suffolk,,9999
E04009397,Debach,,E07000244,East Suffolk,,10000
E04009509,Reydon,,E07000244,East Suffolk,,10001
E04009510,Ringsfield,,E07000244,East Suffolk,,10002
E04009511,Rumburgh,,E07000244,East Suffolk,,10003
E04009512,Rushmere,,E07000244,East Suffolk,,10004
E04009513,"St. Andrew, Ilketshall",,E07000244,East Suffolk,,10005
E04009514,"St. Cross, South Elmham",,E07000244,East Suffolk,,10006
E04009515,"St. James, South Elmham",,E07000244,East Suffolk,,10007
E04009516,"St. John, Ilketshall",,E07000244,East Suffolk,,10008
E04009517,"St. Lawrence, Ilketshall",,E07000244,East Suffolk,,10009
E04009518,"St. Margaret, Ilketshall",,E07000244,East Suffolk,,10010
E04009519,"St. Margaret, South Elmham",,E07000244,East Suffolk,,10011
E04009520,"St. Mary, South Elmham otherwise Homersfield",,E07000244,East Suffolk,,10012
E04009521,"St. Michael, South Elmham",,E07000244,East Suffolk,,10013
E04009522,"St. Peter, South Elmham",,E07000244,East Suffolk,,10014
E04009147,Gazeley,,E07000245,West Suffolk,,10015
E04000003,Westhoughton,,E08000001,Bolton,,10016
E04009336,Little Livermere,,E07000245,West Suffolk,,10017
E04009524,Shipmeadow,,E07000244,East Suffolk,,10018
E04009525,"Somerleyton, Ashby and Herringfleet",,E07000244,East Suffolk,,10019
E04009526,Sotherton,,E07000244,East Suffolk,,10020
E04009527,Sotterley,,E07000244,East Suffolk,,10021
E04009528,South Cove,,E07000244,East Suffolk,,10022
E04009529,Southwold,,E07000244,East Suffolk,,10023
E04009530,Spexhall,,E07000244,East Suffolk,,10024
E04009531,Uggeshall,,E07000244,East Suffolk,,10025
E04009532,Wangford with Henham,,E07000244,East Suffolk,,10026
E04009533,Westhall,,E07000244,East Suffolk,,10027
E04009534,Weston,,E07000244,East Suffolk,,10028
E04009535,Willingham St. Mary,,E07000244,East Suffolk,,10029
E04009536,Wissett,,E07000244,East Suffolk,,10030
E04009537,Worlingham,,E07000244,East Suffolk,,10031
E04009538,Wrentham,,E07000244,East Suffolk,,10032
E04012076,Ufford,,E07000244,East Suffolk,,10033
E04012220,Sutton,,E07000244,East Suffolk,,10034
E04012221,Sutton Heath,,E07000244,East Suffolk,,10035
E04012677,Corton,,E07000244,East Suffolk,,10036
E04012678,Lowestoft,,E07000244,East Suffolk,,10037
E04012679,Oulton Broad,,E07000244,East Suffolk,,10038
E04013240,Benhall,,E07000244,East Suffolk,,10039
E04013241,Martlesham,,E07000244,East Suffolk,,10040
E04013242,Melton,,E07000244,East Suffolk,,10041
E04013243,Pettistree,,E07000244,East Suffolk,,10042
E04013244,Redisham,,E07000244,East Suffolk,,10043
E04013245,Saxmundham,,E07000244,East Suffolk,,10044
E04013246,Shadingfield,,E07000244,East Suffolk,,10045
E04013247,Waldringfield,,E07000244,East Suffolk,,10046
E04013248,Wickham Market,,E07000244,East Suffolk,,10047
E04013249,Woodbridge,,E07000244,East Suffolk,,10048
E04009140,Barton Mills,,E07000245,West Suffolk,,10049
E04009142,Cavenham,,E07000245,West Suffolk,,10050
E04012116,Thrybergh,,E08000018,Rotherham,,10051
E04009144,Elveden,,E07000245,West Suffolk,,10052
E04009145,Eriswell,,E07000245,West Suffolk,,10053
E04009146,Freckenham,,E07000245,West Suffolk,,10054
E04009452,Saxtead,,E07000244,East Suffolk,,10055
E04000004,Ringway,,E08000003,Manchester,,10056
E04012117,Treeton,,E08000018,Rotherham,,10057
E04009453,Shottisham,,E07000244,East Suffolk,,10058
E04009148,Herringswell,,E07000245,West Suffolk,,10059
E04009337,Little Thurlow,,E07000245,West Suffolk,,10060
E04000005,Saddleworth,,E08000004,Oldham,,10061
E04012118,Wentworth,,E08000018,Rotherham,,10062
E04009454,Sibton,,E07000244,East Suffolk,,10063
E04009149,Higham,,E07000245,West Suffolk,,10064
E04009338,Little Whelnetham,,E07000245,West Suffolk,,10065
E04012153,Shaw and Crompton,,E08000004,Oldham,,10066
E04012119,Wickersley,,E08000018,Rotherham,,10067
E04009455,Snape,,E07000244,East Suffolk,,10068
E04009150,Icklingham,,E07000245,West Suffolk,,10069
E04009343,Pakenham,,E07000245,West Suffolk,,10070
E04000008,Mossley,,E08000008,Tameside,,10071
E04012120,Woodsetts,,E08000018,Rotherham,,10072
E04009456,Sternfield,,E07000244,East Suffolk,,10073
E04009152,Lakenheath,,E07000245,West Suffolk,,10074
E04009345,Rede,,E07000245,West Suffolk,,10075
E04000009,Carrington,,E08000009,Trafford,,10076
E04012799,Catcliffe,,E08000018,Rotherham,,10077
E04009457,Stratford St. Andrew,,E07000244,East Suffolk,,10078
E04009156,Santon Downham,,E07000245,West Suffolk,,10079
E04009346,Risby,,E07000245,West Suffolk,,10080
E04000010,Dunham Massey,,E08000009,Trafford,,10081
E04012800,Orgreave,,E08000018,Rotherham,,10082
E04009458,Stratton Hall,,E07000244,East Suffolk,,10083
E04009157,Tuddenham,,E07000245,West Suffolk,,10084
E04009348,Sapiston,,E07000245,West Suffolk,,10085
E04000011,Partington,,E08000009,Trafford,,10086
E04000073,Denaby,,E08000017,Doncaster,,10087
E04012801,Waverley,,E08000018,Rotherham,,10088
E04000133,Brunswick,,E08000021,Newcastle upon Tyne,,10089
E04000134,Dinnington,,E08000021,Newcastle upon Tyne,,10090
E04000136,North Gosforth,,E08000021,Newcastle upon Tyne,,10091
E04000138,Blakelaw and North Fenham,,E08000021,Newcastle upon Tyne,,10092
E04012143,Hazlerigg,,E08000021,Newcastle upon Tyne,,10093
E04012968,Woolsington,,E08000021,Newcastle upon Tyne,,10094
E04000139,Burdon,,E08000024,Sunderland,,10095
E04000140,Hetton,,E08000024,Sunderland,,10096
E04000141,Warden Law,,E08000024,Sunderland,,10097
E04000142,New Frankley in Birmingham,,E08000025,Birmingham,,10098
E04012653,Sutton Coldfield,,E08000025,Birmingham,,10099
E04000143,Allesley,,E08000026,Coventry,,10100
E04000144,Keresley,,E08000026,Coventry,,10101
E04012621,Finham,,E08000026,Coventry,,10102
E04000146,Barston,,E08000029,Solihull,,10103
E04000147,Berkswell,,E08000029,Solihull,,10104
E04000148,Bickenhill and Marston Green,,E08000029,Solihull,,10105
E04000149,Castle Bromwich,,E08000029,Solihull,,10106
E04000150,Chelmsley Wood,,E08000029,Solihull,,10107
E04000151,Fordbridge,,E08000029,Solihull,,10108
E04000154,Kingshurst,,E08000029,Solihull,,10109
E04000155,Meriden,,E08000029,Solihull,,10110
E04000156,Smith's Wood,,E08000029,Solihull,,10111
E04012010,Cheswick Green,,E08000029,Solihull,,10112
E04012011,Dickens Heath,,E08000029,Solihull,,10113
E04012012,Hockley Heath,,E08000029,Solihull,,10114
E04012013,Tidbury Green,,E08000029,Solihull,,10115
E04012316,Balsall,,E08000029,Solihull,,10116
E04012317,Chadwick End,,E08000029,Solihull,,10117
E04012898,Hampton in Arden,,E08000029,Solihull,,10118
E04000157,Addingham,,E08000032,Bradford,,10119
E04000158,Cullingworth,,E08000032,Bradford,,10120
E04000159,Denholme,,E08000032,Bradford,,10121
E04000160,Ilkley,,E08000032,Bradford,,10122
E04000161,Oxenhope,,E08000032,Bradford,,10123
E04000162,Silsden,,E08000032,Bradford,,10124
E04000163,Steeton with Eastburn,,E08000032,Bradford,,10125
E04000165,Keighley,,E08000032,Bradford,,10126
E04000166,Clayton,,E08000032,Bradford,,10127
E04000167,Sandy Lane,,E08000032,Bradford,,10128
E04000168,Wilsden,,E08000032,Bradford,,10129
E04000169,Wrose,,E08000032,Bradford,,10130
E04009349,Stansfield,,E07000245,West Suffolk,,10131
E04009350,Stanton,,E07000245,West Suffolk,,10132
E04009351,Stoke-by-Clare,,E07000245,West Suffolk,,10133
E04009352,Stradishall,,E07000245,West Suffolk,,10134
E04009354,The Saxhams,,E07000245,West Suffolk,,10135
E04009355,Timworth,,E07000245,West Suffolk,,10136
E04009356,Troston,,E07000245,West Suffolk,,10137
E04009358,West Stow,,E07000245,West Suffolk,,10138
E04009359,Whepstead,,E07000245,West Suffolk,,10139
E04009361,Withersfield,,E07000245,West Suffolk,,10140
E04009362,Wixoe,,E07000245,West Suffolk,,10141
E04009363,Wordwell,,E07000245,West Suffolk,,10142
E04012407,Brandon,,E07000245,West Suffolk,,10143
E04012711,Clare,,E07000245,West Suffolk,,10144
E04012712,Culford,,E07000245,West Suffolk,,10145
E04012713,Fornham All Saints,,E07000245,West Suffolk,,10146
E04012714,Fornham St. Genevieve,,E07000245,West Suffolk,,10147
E04012715,Great Barton,,E07000245,West Suffolk,,10148
E04012716,Haverhill,,E07000245,West Suffolk,,10149
E04012717,Hengrave,,E07000245,West Suffolk,,10150
E04012718,Kedington,,E07000245,West Suffolk,,10151
E04012719,Little Wratting,,E07000245,West Suffolk,,10152
E04012720,Market Weston,,E07000245,West Suffolk,,10153
E04012721,Nowton,,E07000245,West Suffolk,,10154
E04012722,Poslingford,,E07000245,West Suffolk,,10155
E04012724,Thelnetham,,E07000245,West Suffolk,,10156
E04012725,Westley,,E07000245,West Suffolk,,10157
E04012765,Exning,,E07000245,West Suffolk,,10158
E04012766,Kentford,,E07000245,West Suffolk,,10159
E04012767,Moulton,,E07000245,West Suffolk,,10160
E04012768,Newmarket,,E07000245,West Suffolk,,10161
E04012952,Mildenhall High,,E07000245,West Suffolk,,10162
E04012953,West Row,,E07000245,West Suffolk,,10163
E04013221,Dalham,,E07000245,West Suffolk,,10164
E04013222,Denston,,E07000245,West Suffolk,,10165
E04013223,Ousden,,E07000245,West Suffolk,,10166
E04013224,Red Lodge,,E07000245,West Suffolk,,10167
E04013225,Wickhambrook,,E07000245,West Suffolk,,10168
E04013226,Worlington,,E07000245,West Suffolk,,10169
E04013227,Bury St Edmunds,,E07000245,West Suffolk,,10170
E04013228,Rushbrooke with Rougham,,E07000245,West Suffolk,,10171
E04000001,Blackrod,,E08000001,Bolton,,10172
E04000002,Horwich,,E08000001,Bolton,,10173
E04009160,"Beck Row, Holywell Row and Kenny Hill",,E07000245,West Suffolk,,10174
E04009459,Sudbourne,,E07000244,East Suffolk,,10175
E04000074,Edenthorpe,,E08000017,Doncaster,,10176
E04000012,Warburton,,E08000009,Trafford,,10177
E04000075,Edlington,,E08000017,Doncaster,,10178
E04000013,Haigh,,E08000010,Wigan,,10179
E04009285,Ampton,,E07000245,West Suffolk,,10180
E04000076,Fenwick,,E08000017,Doncaster,,10181
E04000014,Shevington,,E08000010,Wigan,,10182
E04009286,Bardwell,,E07000245,West Suffolk,,10183
E04009461,Swefling,,E07000244,East Suffolk,,10184
E04000077,Finningley,,E08000017,Doncaster,,10185
E04000015,Worthington,,E08000010,Wigan,,10186
E04009287,Barnardiston,,E07000245,West Suffolk,,10187
E04009462,Swilland,,E07000244,East Suffolk,,10188
E04000078,Fishlake,,E08000017,Doncaster,,10189
E04000016,Cronton,,E08000011,Knowsley,,10190
E04009288,Barnham,,E07000245,West Suffolk,,10191
E04009463,Theberton,,E07000244,East Suffolk,,10192
E04000079,Hampole,,E08000017,Doncaster,,10193
E04000017,Halewood,,E08000011,Knowsley,,10194
E04009289,Barningham,,E07000245,West Suffolk,,10195
E04009464,Thorington,,E07000244,East Suffolk,,10196
E04000080,Hatfield,,E08000017,Doncaster,,10197
E04000018,Knowsley,,E08000011,Knowsley,,10198
E04009290,Barrow,,E07000245,West Suffolk,,10199
E04009465,Trimley St. Martin,,E07000244,East Suffolk,,10200
E04000081,Hickleton,,E08000017,Doncaster,,10201
E04000019,Prescot,,E08000011,Knowsley,,10202
E04009291,Bradfield Combust with Stanningfield,,E07000245,West Suffolk,,10203
E04009466,Trimley St. Mary,,E07000244,East Suffolk,,10204
E04000082,High Melton,,E08000017,Doncaster,,10205
E04000021,Whiston,,E08000011,Knowsley,,10206
E04009292,Bradfield St. Clare,,E07000245,West Suffolk,,10207
E04009467,Tuddenham St. Martin,,E07000244,East Suffolk,,10208
E04000083,Hooton Pagnell,,E08000017,Doncaster,,10209
E04000022,Billinge Chapel End,,E08000013,St. Helens,,10210
E04009293,Bradfield St. George,,E07000245,West Suffolk,,10211
E04009468,Tunstall,,E07000244,East Suffolk,,10212
E04000084,Kirk Bramwith,,E08000017,Doncaster,,10213
E04000023,Bold,,E08000013,St. Helens,,10214
E04009294,Brockley,,E07000245,West Suffolk,,10215
E04009469,Ubbeston,,E07000244,East Suffolk,,10216
E04000085,Loversall,,E08000017,Doncaster,,10217
E04000025,Rainford,,E08000013,St. Helens,,10218
E04009295,Cavendish,,E07000245,West Suffolk,,10219
E04009471,Walberswick,,E07000244,East Suffolk,,10220
E04000086,Marr,,E08000017,Doncaster,,10221
E04000026,Rainhill,,E08000013,St. Helens,,10222
E04009296,Chedburgh,,E07000245,West Suffolk,,10223
E04009473,Walpole,,E07000244,East Suffolk,,10224
E04000087,Moss,,E08000017,Doncaster,,10225
E04000027,Seneley Green,,E08000013,St. Helens,,10226
E04009297,Chevington,,E07000245,West Suffolk,,10227
E04009474,Wantisden,,E07000244,East Suffolk,,10228
E04000088,Norton,,E08000017,Doncaster,,10229
E04000028,Windle,,E08000013,St. Helens,,10230
E04009299,Coney Weston,,E07000245,West Suffolk,,10231
E04009475,Wenhaston with Mells Hamlet,,E07000244,East Suffolk,,10232
E04013115,Eccleston,,E08000013,St. Helens,,10233
E04009300,Cowlinge,,E07000245,West Suffolk,,10234
E04009476,Westerfield,,E07000244,East Suffolk,,10235
E04000029,Aintree Village,,E08000014,Sefton,,10236
E04009302,Denham,,E07000245,West Suffolk,,10237
E04009477,Westleton,,E07000244,East Suffolk,,10238
E04000030,Ince Blundell,,E08000014,Sefton,,10239
E04000089,Owston,,E08000017,Doncaster,,10240
E04009304,Depden,,E07000245,West Suffolk,,10241
E04009479,Witnesham,,E07000244,East Suffolk,,10242
E04000031,Little Altcar,,E08000014,Sefton,,10243
E04000090,Rossington,,E08000017,Doncaster,,10244
E04009305,Euston,,E07000245,West Suffolk,,10245
E04009481,Yoxford,,E07000244,East Suffolk,,10246
E04000032,Lydiate,,E08000014,Sefton,,10247
E04000091,Sprotbrough and Cusworth,,E08000017,Doncaster,,10248
E04009306,Fakenham Magna,,E07000245,West Suffolk,,10249
E04000170,Burley,,E08000032,Bradford,,10250
E04009482,"All Saints and St. Nicholas, South Elmham",,E07000244,East Suffolk,,10251
E04000033,Maghull,,E08000014,Sefton,,10252
E04000092,Stainforth,,E08000017,Doncaster,,10253
E04009307,Flempton,,E07000245,West Suffolk,,10254
E04000171,Menston,,E08000032,Bradford,,10255
E04009483,Barnby,,E07000244,East Suffolk,,10256
E04000034,Melling,,E08000014,Sefton,,10257
E04000093,Stainton,,E08000017,Doncaster,,10258
E04009310,Fornham St. Martin,,E07000245,West Suffolk,,10259
E04000172,Baildon,,E08000032,Bradford,,10260
E04009484,Barsham,,E07000244,East Suffolk,,10261
E04000035,Sefton,,E08000014,Sefton,,10262
E04000094,Sykehouse,,E08000017,Doncaster,,10263
E04009312,Great Bradley,,E07000245,West Suffolk,,10264
E04000173,Harden,,E08000032,Bradford,,10265
E04009485,Beccles,,E07000244,East Suffolk,,10266
E04000036,Thornton,,E08000014,Sefton,,10267
E04000095,Thorne,,E08000017,Doncaster,,10268
E04009313,Great Livermere,,E07000245,West Suffolk,,10269
E04010587,Trident,,E08000032,Bradford,,10270
E04009486,Benacre,,E07000244,East Suffolk,,10271
E04000037,Hightown,,E08000014,Sefton,,10272
E04000096,Thorpe in Balne,,E08000017,Doncaster,,10273
E04009314,Great Thurlow,,E07000245,West Suffolk,,10274
E04012647,Bingley,,E08000032,Bradford,,10275
E04009487,Blundeston,,E07000244,East Suffolk,,10276
E04000038,Formby,,E08000014,Sefton,,10277
E04000097,Tickhill,,E08000017,Doncaster,,10278
E04009315,Great Whelnetham,,E07000245,West Suffolk,,10279
E04013024,Shipley,,E08000032,Bradford,,10280
E04009488,Blyford,,E07000244,East Suffolk,,10281
E04000057,Adwick upon Dearne,,E08000017,Doncaster,,10282
E04000098,Wadworth,,E08000017,Doncaster,,10283
E04009316,Great Wratting,,E07000245,West Suffolk,,10284
E04013297,Cross Roads,,E08000032,Bradford,,10285
E04009489,Brampton with Stoven,,E07000244,East Suffolk,,10286
E04000058,Armthorpe,,E08000017,Doncaster,,10287
E04000099,Warmsworth,,E08000017,Doncaster,,10288
E04009317,Hargrave,,E07000245,West Suffolk,,10289
E04013298,Haworth and Stanbury,,E08000032,Bradford,,10290
E04009490,Bungay,,E07000244,East Suffolk,,10291
E04000059,Askern,,E08000017,Doncaster,,10292
E04000103,Brinsworth,,E08000018,Rotherham,,10293
E04009319,Hawkedon,,E07000245,West Suffolk,,10294
E04000174,Blackshaw,,E08000033,Calderdale,,10295
E04009491,Carlton Colville,,E07000244,East Suffolk,,10296
E04000060,Auckley,,E08000017,Doncaster,,10297
E04000107,Firbeck,,E08000018,Rotherham,,10298
E04000108,Gildingwells,,E08000018,Rotherham,,10299
E04000109,Harthill with Woodall,,E08000018,Rotherham,,10300
E04000110,Hooton Levitt,,E08000018,Rotherham,,10301
E04000111,Hooton Roberts,,E08000018,Rotherham,,10302
E04000112,Letwell,,E08000018,Rotherham,,10303
E04000113,North and South Anston,,E08000018,Rotherham,,10304
E04000115,Ravenfield,,E08000018,Rotherham,,10305
E04000116,Thorpe Salvin,,E08000018,Rotherham,,10306
E04000118,Thurcroft,,E08000018,Rotherham,,10307
E04000119,Todwick,,E08000018,Rotherham,,10308
E04000121,Ulley,,E08000018,Rotherham,,10309
E04000122,Wales,,E08000018,Rotherham,,10310
E04000124,Whiston,,E08000018,Rotherham,,10311
E04000128,Maltby,,E08000018,Rotherham,,10312
E04012108,Aston cum Aughton,,E08000018,Rotherham,,10313
E04012109,Bramley,,E08000018,Rotherham,,10314
E04012110,Brampton Bierlow,,E08000018,Rotherham,,10315
E04012111,Dalton,,E08000018,Rotherham,,10316
E04012112,Dinnington St. John's,,E08000018,Rotherham,,10317
E04012113,Hellaby,,E08000018,Rotherham,,10318
E04012114,Laughton-en-le-Morthen,,E08000018,Rotherham,,10319
E04009493,Covehithe,,E07000244,East Suffolk,,10320
E04009320,Hawstead,,E07000245,West Suffolk,,10321
E04000061,Austerfield,,E08000017,Doncaster,,10322
E04009494,Ellough,,E07000244,East Suffolk,,10323
E04009322,Hepworth,,E07000245,West Suffolk,,10324
E04000062,Barnburgh,,E08000017,Doncaster,,10325
E04009495,Flixton (Lothingland Ward),,E07000244,East Suffolk,,10326
E04000175,Erringden,,E08000033,Calderdale,,10327
E04009323,Honington,,E07000245,West Suffolk,,10328
E04000063,Barnby Dun with Kirk Sandall,,E08000017,Doncaster,,10329
E04009496,Flixton (Bungay & Wainford Ward),,E07000244,East Suffolk,,10330
E04000176,Hebden Royd,,E08000033,Calderdale,,10331
E04009324,Hopton,,E07000245,West Suffolk,,10332
E04000064,Bawtry,,E08000017,Doncaster,,10333
E04009497,Frostenden,,E07000244,East Suffolk,,10334
E04000177,Heptonstall,,E08000033,Calderdale,,10335
E04009325,Horringer,,E07000245,West Suffolk,,10336
E04000065,Blaxton,,E08000017,Doncaster,,10337
E04009498,Gisleham,,E07000244,East Suffolk,,10338
E04000178,Ripponden,,E08000033,Calderdale,,10339
E04009326,Hundon,,E07000245,West Suffolk,,10340
E04000066,Braithwell,,E08000017,Doncaster,,10341
E04009499,Halesworth,,E07000244,East Suffolk,,10342
E04000179,Todmorden,,E08000033,Calderdale,,10343
E04009327,Ickworth,,E07000245,West Suffolk,,10344
E04000067,Brodsworth,,E08000017,Doncaster,,10345
E04009500,Henstead with Hulver Street,,E07000244,East Suffolk,,10346
E04000180,Wadsworth,,E08000033,Calderdale,,10347
E04009328,Ingham,,E07000245,West Suffolk,,10348
E04000068,Burghwallis,,E08000017,Doncaster,,10349
E04009501,Holton,,E07000244,East Suffolk,,10350
E04013319,Stainland and District,,E08000033,Calderdale,,10351
E04009329,Ixworth,,E07000245,West Suffolk,,10352
E04000069,Cadeby,,E08000017,Doncaster,,10353
E04009502,Kessingland,,E07000244,East Suffolk,,10354
E04000181,Denby Dale,,E08000034,Kirklees,,10355
E04009330,Ixworth Thorpe,,E07000245,West Suffolk,,10356
E04000070,Cantley,,E08000017,Doncaster,,10357
E04009503,Lound,,E07000244,East Suffolk,,10358
E04000185,Mirfield,,E08000034,Kirklees,,10359
E04009332,Knettishall,,E07000245,West Suffolk,,10360
E04000071,Clayton with Frickley,,E08000017,Doncaster,,10361
E04009504,Mettingham,,E07000244,East Suffolk,,10362
E04012085,Holme Valley,,E08000034,Kirklees,,10363
E04009333,Lackford,,E07000245,West Suffolk,,10364
E04012086,Kirkburton,,E08000034,Kirklees,,10365
E04000072,Conisbrough Parks,,E08000017,Doncaster,,10366
E04012087,Meltham,,E08000034,Kirklees,,10367
E04009505,Mutford,,E07000244,East Suffolk,,10368
E04000186,Aberford,,E08000035,Leeds,,10369
E04009334,Lidgate,,E07000245,West Suffolk,,10370
E04009506,North Cove,,E07000244,East Suffolk,,10371
E04009335,Little Bradley,,E07000245,West Suffolk,,10372
E04000190,Barwick in Elmet and Scholes,,E08000035,Leeds,,10373
E04009507,Oulton,,E07000244,East Suffolk,,10374
E04000195,Clifford,,E08000035,Leeds,,10375
E04000196,Collingham,,E08000035,Leeds,,10376
E04000197,East Keswick,,E08000035,Leeds,,10377
E04000199,Harewood,,E08000035,Leeds,,10378
E04000200,Ledsham,,E08000035,Leeds,,10379
E04000202,Lotherton cum Aberford,,E08000035,Leeds,,10380
E04000203,Micklefield,,E08000035,Leeds,,10381
E04000204,Otley,,E08000035,Leeds,,10382
E04000205,Parlington,,E08000035,Leeds,,10383
E04000208,Sturton Grange,,E08000035,Leeds,,10384
E04000210,Thorner,,E08000035,Leeds,,10385
E04000214,Wothersome,,E08000035,Leeds,,10386
E04000218,Shadwell,,E08000035,Leeds,,10387
E04000219,Kippax,,E08000035,Leeds,,10388
E04000220,Drighlington,,E08000035,Leeds,,10389
E04000221,Gildersome,,E08000035,Leeds,,10390
E04012253,Rawdon,,E08000035,Leeds,,10391
E04012593,Bardsey cum Rigton,,E08000035,Leeds,,10392
E04012594,Boston Spa,,E08000035,Leeds,,10393
E04012595,Bramham cum Oglethorpe,,E08000035,Leeds,,10394
E04012600,Scarcroft,,E08000035,Leeds,,10395
E04012601,Thorp Arch,,E08000035,Leeds,,10396
E04012602,Walton,,E08000035,Leeds,,10397
E04012603,Wetherby,,E08000035,Leeds,,10398
E04012757,Allerton Bywater,,E08000035,Leeds,,10399
E04012760,Alwoodley,,E08000035,Leeds,,10400
E04012762,Carlton,,E08000035,Leeds,,10401
E04012763,Horsforth,,E08000035,Leeds,,10402
E04012764,Morley,,E08000035,Leeds,,10403
E04013100,Arthington,,E08000035,Leeds,,10404
E04013101,Austhorpe,,E08000035,Leeds,,10405
E04013102,Bramhope,,E08000035,Leeds,,10406
E04013103,Great and Little Preston,,E08000035,Leeds,,10407
E04013104,Pool,,E08000035,Leeds,,10408
E04013105,Swillington,,E08000035,Leeds,,10409
E04000224,Badsworth,,E08000036,Wakefield,,10410
E04000231,Havercroft with Cold Hiendley,,E08000036,Wakefield,,10411
E04000233,Hessle and Hill Top,,E08000036,Wakefield,,10412
E04000234,Huntwick with Foulby and Nostell,,E08000036,Wakefield,,10413
E04000235,Newland with Woodhouse Moor,,E08000036,Wakefield,,10414
E04000238,Notton,,E08000036,Wakefield,,10415
E04000239,Ryhill,,E08000036,Wakefield,,10416
E04000241,Sitlington,,E08000036,Wakefield,,10417
E04000243,South Hiendley,,E08000036,Wakefield,,10418
E04000248,Warmfield cum Heath,,E08000036,Wakefield,,10419
E04000250,West Hardwick,,E08000036,Wakefield,,10420
E04013421,Ackworth,,E08000036,Wakefield,,10421
E04013422,Chevet,,E08000036,Wakefield,,10422
E04013423,Crigglestone,,E08000036,Wakefield,,10423
E04013424,Crofton,,E08000036,Wakefield,,10424
E04013425,Darrington,,E08000036,Wakefield,,10425
E04013426,East Hardwick,,E08000036,Wakefield,,10426
E04013427,Featherstone,,E08000036,Wakefield,,10427
E04013428,Hemsworth,,E08000036,Wakefield,,10428
E04013429,Normanton and Altofts,,E08000036,Wakefield,,10429
E04013430,Sharlston,,E08000036,Wakefield,,10430
E04013431,South Elmsall,,E08000036,Wakefield,,10431
W04000141,Betws Gwerfil Goch,Betws Gwerful Goch,W06000004,Denbighshire,Sir Ddinbych,10432
W04000898,Isycoed,Is-y-coed,W06000006,Wrexham,Wrecsam,10433
E04013432,South Kirkby and Moorthorpe,,E08000036,Wakefield,,10434
E04013433,Thorpe Audlin,,E08000036,Wakefield,,10435
E04013434,Upton and North Elmsall,,E08000036,Wakefield,,10436
E04013435,Walton,,E08000036,Wakefield,,10437
E04013436,Wentbridge,,E08000036,Wakefield,,10438
E04013437,West Bretton,,E08000036,Wakefield,,10439
E04013438,Woolley,,E08000036,Wakefield,,10440
E04000132,Lamesley,,E08000037,Gateshead,,10441
E04000039,Billingley,,E08000038,Barnsley,,10442
E04000041,Cawthorne,,E08000038,Barnsley,,10443
E04000042,Dunford,,E08000038,Barnsley,,10444
E04000043,Great Houghton,,E08000038,Barnsley,,10445
E04000044,Gunthwaite and Ingbirchworth,,E08000038,Barnsley,,10446
E04000045,High Hoyland,,E08000038,Barnsley,,10447
E04000046,Hunshelf,,E08000038,Barnsley,,10448
E04000047,Langsett,,E08000038,Barnsley,,10449
E04000048,Little Houghton,,E08000038,Barnsley,,10450
E04000049,Oxspring,,E08000038,Barnsley,,10451
E04000050,Penistone,,E08000038,Barnsley,,10452
W04000142,Bodelwyddan,Bodelwyddan,W06000004,Denbighshire,Sir Ddinbych,10453
W04000143,Bodfari,Bodfari,W06000004,Denbighshire,Sir Ddinbych,10454
W04000144,Bryneglwys,Bryneglwys,W06000004,Denbighshire,Sir Ddinbych,10455
W04000145,Cefnmeiriadog,Cefnmeiriadog,W06000004,Denbighshire,Sir Ddinbych,10456
W04000146,Clocaenog,Clocaenog,W06000004,Denbighshire,Sir Ddinbych,10457
W04000147,Corwen,Corwen,W06000004,Denbighshire,Sir Ddinbych,10458
W04000148,Cwm,Cwm,W06000004,Denbighshire,Sir Ddinbych,10459
W04000149,Cyffylliog,Cyffylliog,W06000004,Denbighshire,Sir Ddinbych,10460
W04000150,Cynwyd,Cynwyd,W06000004,Denbighshire,Sir Ddinbych,10461
W04000151,Denbigh,Dinbych,W06000004,Denbighshire,Sir Ddinbych,10462
W04000152,Derwen,Derwen,W06000004,Denbighshire,Sir Ddinbych,10463
W04000153,Dyserth,Dyserth,W06000004,Denbighshire,Sir Ddinbych,10464
W04000154,Efenechtyd,Efenechtyd,W06000004,Denbighshire,Sir Ddinbych,10465
W04000155,Gwyddelwern,Gwyddelwern,W06000004,Denbighshire,Sir Ddinbych,10466
W04000156,Henllan,Henllan,W06000004,Denbighshire,Sir Ddinbych,10467
W04000157,Llanarmon-yn-Ial,Llanarmon-yn-Iâl,W06000004,Denbighshire,Sir Ddinbych,10468
W04000158,Llanbedr Dyffryn Clwyd,Llanbedr Dyffryn Clwyd,W06000004,Denbighshire,Sir Ddinbych,10469
W04000159,Llandegla,Llandegla,W06000004,Denbighshire,Sir Ddinbych,10470
W04000160,Llandrillo,Llandrillo,W06000004,Denbighshire,Sir Ddinbych,10471
W04000161,Llandyrnog,Llandyrnog,W06000004,Denbighshire,Sir Ddinbych,10472
W04000899,Marchwiel,Marchwiail,W06000006,Wrexham,Wrecsam,10473
W04000162,Llanelidan,Llanelidan,W06000004,Denbighshire,Sir Ddinbych,10474
W04000900,Minera,Mwynglawdd,W06000006,Wrexham,Wrecsam,10475
W04000163,Llanfair Dyffryn Clwyd,Llanfair Dyffryn Clwyd,W06000004,Denbighshire,Sir Ddinbych,10476
W04000901,Sesswick,Sesswick,W06000006,Wrexham,Wrecsam,10477
W04000164,Llanferres,Llanferres,W06000004,Denbighshire,Sir Ddinbych,10478
W04001055,Abenbury,Abenbury,W06000006,Wrexham,Wrecsam,10479
W04000165,Llangollen,Llangollen,W06000004,Denbighshire,Sir Ddinbych,10480
W04001056,Caia Park,Parc Caia,W06000006,Wrexham,Wrecsam,10481
W04000166,Llangynhafal,Llangynhafal,W06000004,Denbighshire,Sir Ddinbych,10482
W04000357,Aberaeron,Aberaeron,W06000008,Ceredigion,Ceredigion,10483
W04000167,Llanrhaeadr-yng-Nghinmeirch,Llanrhaeadr-yng-Nghinmeirch,W06000004,Denbighshire,Sir Ddinbych,10484
W04000358,Aberporth,Aber-porth,W06000008,Ceredigion,Ceredigion,10485
W04000168,Llantysilio,Llantysilio,W06000004,Denbighshire,Sir Ddinbych,10486
W04000359,Aberystwyth,Aberystwyth,W06000008,Ceredigion,Ceredigion,10487
W04000169,Llanynys,Llanynys,W06000004,Denbighshire,Sir Ddinbych,10488
W04000170,Nantglyn,Nantglyn,W06000004,Denbighshire,Sir Ddinbych,10489
W04000171,Prestatyn,Prestatyn,W06000004,Denbighshire,Sir Ddinbych,10490
W04000172,Rhuddlan,Rhuddlan,W06000004,Denbighshire,Sir Ddinbych,10491
W04000173,Rhyl,Y Rhyl,W06000004,Denbighshire,Sir Ddinbych,10492
W04000174,Ruthin,Rhuthun,W06000004,Denbighshire,Sir Ddinbych,10493
W04000175,St. Asaph,Llanelwy,W06000004,Denbighshire,Sir Ddinbych,10494
W04000176,Trefnant,Trefnant,W06000004,Denbighshire,Sir Ddinbych,10495
W04000177,Tremeirchion,Tremeirchion,W06000004,Denbighshire,Sir Ddinbych,10496
W04000178,Waen,Waun,W06000004,Denbighshire,Sir Ddinbych,10497
W04000179,Bagillt,Bagillt,W06000005,Flintshire,Sir y Fflint,10498
W04000181,Brynford,Brynffordd,W06000005,Flintshire,Sir y Fflint,10499
W04000182,Buckley,Bwcle,W06000005,Flintshire,Sir y Fflint,10500
W04000183,Caerwys,Caerwys,W06000005,Flintshire,Sir y Fflint,10501
W04000184,Cilcain,Cilcain,W06000005,Flintshire,Sir y Fflint,10502
W04000185,Connah's Quay,Cei Connah,W06000005,Flintshire,Sir y Fflint,10503
W04000186,Flint,Y Fflint,W06000005,Flintshire,Sir y Fflint,10504
W04000187,Gwernaffield with Pantymwyn,Gwernaffield gyda Pantymwyn,W06000005,Flintshire,Sir y Fflint,10505
W04000188,Gwernymynydd,Gwernymynydd,W06000005,Flintshire,Sir y Fflint,10506
W04000190,Hawarden,Penarlâg,W06000005,Flintshire,Sir y Fflint,10507
W04000192,Holywell,Treffynnon,W06000005,Flintshire,Sir y Fflint,10508
W04000195,Llanasa,Llanasa,W06000005,Flintshire,Sir y Fflint,10509
W04000401,Tregaron,Tregaron,W06000008,Ceredigion,Ceredigion,10510
W04000402,Troedyraur,Troedyraur,W06000008,Ceredigion,Ceredigion,10511
W04000403,Y Ferwig,Y Ferwig,W06000008,Ceredigion,Ceredigion,10512
W04000404,Ysbyty Ystwyth,Ysbyty Ystwyth,W06000008,Ceredigion,Ceredigion,10513
W04000405,Ysgubor-y-coed,Ysgubor-y-coed,W06000008,Ceredigion,Ceredigion,10514
W04000406,Ystrad Fflur,Ystrad Fflur,W06000008,Ceredigion,Ceredigion,10515
W04000407,Ystrad Meurig,Ystrad Meurig,W06000008,Ceredigion,Ceredigion,10516
W04000408,Ambleston,Treamlod,W06000009,Pembrokeshire,Sir Benfro,10517
W04000411,Boncath,Boncath,W06000009,Pembrokeshire,Sir Benfro,10518
W04000412,Brawdy,Breudeth,W06000009,Pembrokeshire,Sir Benfro,10519
W04000416,Carew,Caeriw,W06000009,Pembrokeshire,Sir Benfro,10520
W04000419,Clydau,Clydau,W06000009,Pembrokeshire,Sir Benfro,10521
W04000420,Cosheston,Cosheston,W06000009,Pembrokeshire,Sir Benfro,10522
W04000421,Crymych,Crymych,W06000009,Pembrokeshire,Sir Benfro,10523
W04000422,Cwm Gwaun,Cwm Gwaun,W06000009,Pembrokeshire,Sir Benfro,10524
W04000423,Dale,Dale,W06000009,Pembrokeshire,Sir Benfro,10525
W04000424,Dinas Cross,Dinas,W06000009,Pembrokeshire,Sir Benfro,10526
W04000427,Fishguard and Goodwick,Abergwaun ac Wdig,W06000009,Pembrokeshire,Sir Benfro,10527
W04000430,Hayscastle,Cas-lai,W06000009,Pembrokeshire,Sir Benfro,10528
W04000431,Herbrandston,Herbrandston,W06000009,Pembrokeshire,Sir Benfro,10529
W04000433,Jeffreyston,Jeffreyston,W06000009,Pembrokeshire,Sir Benfro,10530
W04000436,Lampeter Velfrey,Llanbedr Felfre,W06000009,Pembrokeshire,Sir Benfro,10531
W04000437,Lamphey,Llandyfái,W06000009,Pembrokeshire,Sir Benfro,10532
W04000438,Letterston,Treletert,W06000009,Pembrokeshire,Sir Benfro,10533
W04000439,Llanddewi Velfrey,Llanddewi Efelffre,W06000009,Pembrokeshire,Sir Benfro,10534
W04000440,Llandissilio West,Gorllewin Llandysilio,W06000009,Pembrokeshire,Sir Benfro,10535
W04000442,Llanstadwell,Llanstadwel,W06000009,Pembrokeshire,Sir Benfro,10536
W04000443,Llawhaden,Llanhuadain,W06000009,Pembrokeshire,Sir Benfro,10537
W04000091,Mawddwy,Mawddwy,W06000002,Gwynedd,Gwynedd,10538
W04000196,Llanfynydd,Llanfynydd,W06000005,Flintshire,Sir y Fflint,10539
W04000041,Aber,Aber,W06000002,Gwynedd,Gwynedd,10540
E04000051,Shafton,,E08000038,Barnsley,,10541
W04000444,Maenclochog,Maenclochog,W06000009,Pembrokeshire,Sir Benfro,10542
W04000445,Manorbier,Maenorbŷr,W06000009,Pembrokeshire,Sir Benfro,10543
W04000446,Manordeifi,Manordeifi,W06000009,Pembrokeshire,Sir Benfro,10544
W04000447,Marloes and St. Brides,Marloes a Sain Ffrêd,W06000009,Pembrokeshire,Sir Benfro,10545
W04000448,Martletwy,Martletwy,W06000009,Pembrokeshire,Sir Benfro,10546
W04000450,Merlin's Bridge,Merlin's Bridge,W06000009,Pembrokeshire,Sir Benfro,10547
W04000451,Milford Haven,Aberdaugleddau,W06000009,Pembrokeshire,Sir Benfro,10548
W04000452,Mynachlog-Ddu,Mynachlog-ddu,W06000009,Pembrokeshire,Sir Benfro,10549
W04000453,Narberth,Arberth,W06000009,Pembrokeshire,Sir Benfro,10550
W04000454,Nevern,Nanhyfer,W06000009,Pembrokeshire,Sir Benfro,10551
W04000455,New Moat,Y Mot,W06000009,Pembrokeshire,Sir Benfro,10552
W04000456,Newport,Trefdraeth,W06000009,Pembrokeshire,Sir Benfro,10553
W04000457,Neyland,Neyland,W06000009,Pembrokeshire,Sir Benfro,10554
W04000459,Pembroke,Penfro,W06000009,Pembrokeshire,Sir Benfro,10555
W04000460,Pembroke Dock,Doc Penfro,W06000009,Pembrokeshire,Sir Benfro,10556
W04000461,Penally,Penalun,W06000009,Pembrokeshire,Sir Benfro,10557
W04000462,Pencaer,Pen-caer,W06000009,Pembrokeshire,Sir Benfro,10558
W04000466,St. David's and the Cathedral Close,Tŷddewi a Chlos y Gadeirlan,W06000009,Pembrokeshire,Sir Benfro,10559
W04000467,St. Dogmaels,Llandudoch,W06000009,Pembrokeshire,Sir Benfro,10560
W04000468,St. Florence,St. Florence,W06000009,Pembrokeshire,Sir Benfro,10561
W04000469,St. Ishmael's,Llanisan-yn-Rhos,W06000009,Pembrokeshire,Sir Benfro,10562
W04000471,Saundersfoot,Saundersfoot,W06000009,Pembrokeshire,Sir Benfro,10563
W04000360,Beulah,Beulah,W06000008,Ceredigion,Ceredigion,10564
W04000092,Nefyn,Nefyn,W06000002,Gwynedd,Gwynedd,10565
W04000093,Pennal,Pennal,W06000002,Gwynedd,Gwynedd,10566
W04000094,Penrhyndeudraeth,Penrhyndeudraeth,W06000002,Gwynedd,Gwynedd,10567
W04000095,Pentir,Pentir,W06000002,Gwynedd,Gwynedd,10568
W04000096,Pistyll,Pistyll,W06000002,Gwynedd,Gwynedd,10569
W04000097,Porthmadog,Porthmadog,W06000002,Gwynedd,Gwynedd,10570
W04000098,Pwllheli,Pwllheli,W06000002,Gwynedd,Gwynedd,10571
W04000099,Talsarnau,Talsarnau,W06000002,Gwynedd,Gwynedd,10572
W04000100,Trawsfynydd,Trawsfynydd,W06000002,Gwynedd,Gwynedd,10573
W04000101,Tudweiliog,Tudweiliog,W06000002,Gwynedd,Gwynedd,10574
W04000102,Tywyn,Tywyn,W06000002,Gwynedd,Gwynedd,10575
W04000103,Waunfawr,Waunfawr,W06000002,Gwynedd,Gwynedd,10576
W04000104,Y Felinheli,Y Felinheli,W06000002,Gwynedd,Gwynedd,10577
W04000105,Abergele,Abergele,W06000003,Conwy,Conwy,10578
W04000106,Betws-y-Coed,Betws-y-Coed,W06000003,Conwy,Conwy,10579
W04000107,Betws yn Rhos,Betws yn Rhos,W06000003,Conwy,Conwy,10580
W04000108,Bro Garmon,Bro Garmon,W06000003,Conwy,Conwy,10581
W04000109,Bro Machno,Bro Machno,W06000003,Conwy,Conwy,10582
W04000110,Caerhun,Caerhun,W06000003,Conwy,Conwy,10583
W04000111,Capel Curig,Capel Curig,W06000003,Conwy,Conwy,10584
W04000112,Cerrigydrudion,Cerrigydrudion,W06000003,Conwy,Conwy,10585
W04000115,Dolgarrog,Dolgarrog,W06000003,Conwy,Conwy,10586
W04000116,Dolwyddelan,Dolwyddelan,W06000003,Conwy,Conwy,10587
W04000117,Eglwysbach,Eglwys-bach,W06000003,Conwy,Conwy,10588
W04000118,Henryd,Henryd,W06000003,Conwy,Conwy,10589
W04000119,Kinmel Bay and Towyn,Bae Cinmel a Thywyn,W06000003,Conwy,Conwy,10590
W04000120,Llanddoged and Maenan,Llanddoged a Maenan,W06000003,Conwy,Conwy,10591
W04000121,Llanddulas and Rhyd-y-Foel,Llanddulas a Rhyd-y-Foel,W06000003,Conwy,Conwy,10592
W04000123,Llanfairfechan,Llanfairfechan,W06000003,Conwy,Conwy,10593
W04000124,Llanfair Talhaiarn,Llanfair Talhaearn,W06000003,Conwy,Conwy,10594
W04000125,Llanfihangel Glyn Myfyr,Llanfihangel Glyn Myfyr,W06000003,Conwy,Conwy,10595
W04000126,Llangernyw,Llangernyw,W06000003,Conwy,Conwy,10596
W04000127,Llangwm,Llangwm,W06000003,Conwy,Conwy,10597
W04000128,Llannefydd,Llanefydd,W06000003,Conwy,Conwy,10598
W04000129,Llanrwst,Llanrwst,W06000003,Conwy,Conwy,10599
W04000130,Llansanffraid Glan Conwy,Llansanffraid Glan Conwy,W06000003,Conwy,Conwy,10600
W04000131,Llansannan,Llansannan,W06000003,Conwy,Conwy,10601
W04000132,Llysfaen,Llysfaen,W06000003,Conwy,Conwy,10602
W04000133,Mochdre,Mochdre,W06000003,Conwy,Conwy,10603
W04000134,Old Colwyn,Hen Golwyn,W06000003,Conwy,Conwy,10604
W04000135,Penmaenmawr,Penmaenmawr,W06000003,Conwy,Conwy,10605
W04000136,Pentrefoelas,Pentrefoelas,W06000003,Conwy,Conwy,10606
W04000138,Trefriw,Trefriw,W06000003,Conwy,Conwy,10607
W04000139,Ysbyty Ifan,Ysbyty Ifan,W06000003,Conwy,Conwy,10608
W04000902,Conwy,Conwy,W06000003,Conwy,Conwy,10609
W04000903,Llandudno,Llandudno,W06000003,Conwy,Conwy,10610
W04001045,Colwyn Bay,Bae Colwyn,W06000003,Conwy,Conwy,10611
W04001046,Rhos-on-Sea,Llandrillo-yn-Rhos,W06000003,Conwy,Conwy,10612
W04000140,Aberwheeler,Aberchwiler,W06000004,Denbighshire,Sir Ddinbych,10613
E04000052,Silkstone,,E08000038,Barnsley,,10614
W04000198,Mostyn,Mostyn,W06000005,Flintshire,Sir y Fflint,10615
W04000042,Aberdaron,Aberdaron,W06000002,Gwynedd,Gwynedd,10616
W04000361,Blaenrheidol,Blaenrheidol,W06000008,Ceredigion,Ceredigion,10617
W04000043,Aberdovey,Aberdyfi,W06000002,Gwynedd,Gwynedd,10618
W04000044,Arthog,Arthog,W06000002,Gwynedd,Gwynedd,10619
W04000045,Bala,Y Bala,W06000002,Gwynedd,Gwynedd,10620
W04000046,Bangor,Bangor,W06000002,Gwynedd,Gwynedd,10621
W04000047,Barmouth,Bermo,W06000002,Gwynedd,Gwynedd,10622
W04000048,Beddgelert,Beddgelert,W06000002,Gwynedd,Gwynedd,10623
W04000049,Bethesda,Bethesda,W06000002,Gwynedd,Gwynedd,10624
W04000050,Betws Garmon,Betws Garmon,W06000002,Gwynedd,Gwynedd,10625
W04000051,Bontnewydd,Bontnewydd,W06000002,Gwynedd,Gwynedd,10626
W04000052,Botwnnog,Botwnnog,W06000002,Gwynedd,Gwynedd,10627
W04000053,Brithdir and Llanfachreth,Brithdir a Llanfachreth,W06000002,Gwynedd,Gwynedd,10628
W04000054,Bryn-crug,Bryn-crug,W06000002,Gwynedd,Gwynedd,10629
W04000055,Buan,Buan,W06000002,Gwynedd,Gwynedd,10630
W04000056,Caernarfon,Caernarfon,W06000002,Gwynedd,Gwynedd,10631
W04000057,Clynnog,Clynnog,W06000002,Gwynedd,Gwynedd,10632
W04000058,Corris,Corris,W06000002,Gwynedd,Gwynedd,10633
W04000059,Criccieth,Cricieth,W06000002,Gwynedd,Gwynedd,10634
W04000060,Dolbenmaen,Dolbenmaen,W06000002,Gwynedd,Gwynedd,10635
W04000061,Dolgellau,Dolgellau,W06000002,Gwynedd,Gwynedd,10636
W04000062,Dyffryn Ardudwy,Dyffryn Ardudwy,W06000002,Gwynedd,Gwynedd,10637
W04000063,Ffestiniog,Ffestiniog,W06000002,Gwynedd,Gwynedd,10638
W04000199,Argoed,Argoed,W06000005,Flintshire,Sir y Fflint,10639
W04000064,Ganllwyd,Ganllwyd,W06000002,Gwynedd,Gwynedd,10640
W04000362,Borth,Y Borth,W06000008,Ceredigion,Ceredigion,10641
W04000200,Nannerch,Nannerch,W06000005,Flintshire,Sir y Fflint,10642
E04000053,Stainborough,,E08000038,Barnsley,,10643
W04000065,Harlech,Harlech,W06000002,Gwynedd,Gwynedd,10644
W04000363,Cardigan,Aberteifi,W06000008,Ceredigion,Ceredigion,10645
W04000201,Nercwys,Nercwys,W06000005,Flintshire,Sir y Fflint,10646
E04000054,Tankersley,,E08000038,Barnsley,,10647
W04000066,Trefor a Llanaelhaearn,Trefor a Llanaelhaearn,W06000002,Gwynedd,Gwynedd,10648
W04000364,Ceulanamaesmawr,Ceulanamaesmawr,W06000008,Ceredigion,Ceredigion,10649
W04000202,Northop,Llaneurgain,W06000005,Flintshire,Sir y Fflint,10650
E04000055,Thurgoland,,E08000038,Barnsley,,10651
W04000067,Llanbedr,Llanbedr,W06000002,Gwynedd,Gwynedd,10652
E04013490,Wortley,,E08000038,Barnsley,,10653
W04000365,Ciliau Aeron,Ciliau Aeron,W06000008,Ceredigion,Ceredigion,10654
E04000130,Ecclesfield,,E08000039,Sheffield,,10655
W04000203,Northop Hall,Pentre'r Moch,W06000005,Flintshire,Sir y Fflint,10656
W04000366,Dyffryn Arth,Dyffryn Arth,W06000008,Ceredigion,Ceredigion,10657
W04000068,Llanbedrog,Llanbedrog,W06000002,Gwynedd,Gwynedd,10658
W04000205,Queensferry,Queensferry,W06000005,Flintshire,Sir y Fflint,10659
W04000069,Llanberis,Llanberis,W06000002,Gwynedd,Gwynedd,10660
W04000367,Faenor,Faenor,W06000008,Ceredigion,Ceredigion,10661
W04000206,Saltney,Saltney,W06000005,Flintshire,Sir y Fflint,10662
W04000070,Llanddeiniolen,Llanddeiniolen,W06000002,Gwynedd,Gwynedd,10663
W04000368,Geneu'r Glyn,Genau'r-glyn,W06000008,Ceredigion,Ceredigion,10664
E04000131,Stocksbridge,,E08000039,Sheffield,,10665
W04000207,Sealand,Sealand,W06000005,Flintshire,Sir y Fflint,10666
W04000071,Llandderfel,Llandderfel,W06000002,Gwynedd,Gwynedd,10667
W04000369,Henfynyw,Henfynyw,W06000008,Ceredigion,Ceredigion,10668
E04013491,Bradfield,,E08000039,Sheffield,,10669
W04000072,Llandwrog,Llandwrog,W06000002,Gwynedd,Gwynedd,10670
W04000370,Lampeter,Llanbedr Pont Steffan,W06000008,Ceredigion,Ceredigion,10671
E04012296,Queen's Park,,E09000033,Westminster,,10672
W04000073,Llandygai,Llandygái,W06000002,Gwynedd,Gwynedd,10673
W04000371,Llanarth,Llanarth,W06000008,Ceredigion,Ceredigion,10674
W04000001,Aberffraw,Aberffraw,W06000001,Isle of Anglesey,Ynys Môn,10675
W04000074,Llanegryn,Llanegryn,W06000002,Gwynedd,Gwynedd,10676
W04000208,Shotton,Shotton,W06000005,Flintshire,Sir y Fflint,10677
W04000372,Llanbadarn Fawr,Llanbadarn Fawr,W06000008,Ceredigion,Ceredigion,10678
W04000002,Amlwch,Amlwch,W06000001,Isle of Anglesey,Ynys Môn,10679
W04000075,Llanelltyd,Llanelltud,W06000002,Gwynedd,Gwynedd,10680
W04000209,Trelawnyd and Gwaenysgor,Trelawnyd a Gwaenysgor,W06000005,Flintshire,Sir y Fflint,10681
W04000373,Llanddewi Brefi,Llanddewibrefi,W06000008,Ceredigion,Ceredigion,10682
W04000003,Beaumaris,Biwmares,W06000001,Isle of Anglesey,Ynys Môn,10683
W04000076,Llanengan,Llanengan,W06000002,Gwynedd,Gwynedd,10684
W04000210,Treuddyn,Treuddyn,W06000005,Flintshire,Sir y Fflint,10685
W04000374,Llandyfriog,Llandyfrïog,W06000008,Ceredigion,Ceredigion,10686
W04000004,Bodedern,Bodedern,W06000001,Isle of Anglesey,Ynys Môn,10687
W04000077,Llanfair,Llanfair,W06000002,Gwynedd,Gwynedd,10688
W04000211,Whitford,Chwitffordd,W06000005,Flintshire,Sir y Fflint,10689
W04000375,Llandysiliogogo,Llandysiliogogo,W06000008,Ceredigion,Ceredigion,10690
W04000005,Bodffordd,Bodffordd,W06000001,Isle of Anglesey,Ynys Môn,10691
W04000078,Llanfihangel-y-Pennant,Llanfihangel-y-Pennant,W06000002,Gwynedd,Gwynedd,10692
W04000212,Ysceifiog,Ysceifiog,W06000005,Flintshire,Sir y Fflint,10693
W04000376,Llandysul,Llandysul,W06000008,Ceredigion,Ceredigion,10694
W04000006,Bodorgan,Bodorgan,W06000001,Isle of Anglesey,Ynys Môn,10695
W04000079,Llanfrothen,Llanfrothen,W06000002,Gwynedd,Gwynedd,10696
W04000990,Broughton and Bretton,Brychdyn a Bretton,W06000005,Flintshire,Sir y Fflint,10697
W04000377,Llanfair Clydogau,Llanfair Clydogau,W06000008,Ceredigion,Ceredigion,10698
W04000007,Bryngwran,Bryngwran,W06000001,Isle of Anglesey,Ynys Môn,10699
W04000080,Llangelynnin,Llangelynnin,W06000002,Gwynedd,Gwynedd,10700
W04000991,Halkyn,Helygain,W06000005,Flintshire,Sir y Fflint,10701
W04000378,Llanfarian,Llanfarian,W06000008,Ceredigion,Ceredigion,10702
W04000009,Cylch-y-Garn,Cylch-y-Garn,W06000001,Isle of Anglesey,Ynys Môn,10703
W04000081,Llangywer,Llangywer,W06000002,Gwynedd,Gwynedd,10704
W04000082,Llanllechid,Llanllechid,W06000002,Gwynedd,Gwynedd,10705
W04000083,Llanllyfni,Llanllyfni,W06000002,Gwynedd,Gwynedd,10706
W04000084,Llannor,Llannor,W06000002,Gwynedd,Gwynedd,10707
W04000085,Llanuwchllyn,Llanuwchllyn,W06000002,Gwynedd,Gwynedd,10708
W04000086,Llanrug,Llanrug,W06000002,Gwynedd,Gwynedd,10709
W04000087,Llanwnda,Llanwnda,W06000002,Gwynedd,Gwynedd,10710
W04000088,Llanycil,Llanycil,W06000002,Gwynedd,Gwynedd,10711
W04000089,Llanystumdwy,Llanystumdwy,W06000002,Gwynedd,Gwynedd,10712
W04000090,Maentwrog,Maentwrog,W06000002,Gwynedd,Gwynedd,10713
W04000992,Higher Kinnerton,Kinnerton Uchaf,W06000005,Flintshire,Sir y Fflint,10714
W04000993,Hope,Yr Hob,W06000005,Flintshire,Sir y Fflint,10715
W04000994,Leeswood and Pontblyddyn,Coed-llai a Pontblyddyn,W06000005,Flintshire,Sir y Fflint,10716
W04000995,Mold,Yr Wyddgrug,W06000005,Flintshire,Sir y Fflint,10717
W04000996,Penyffordd,Pen-y-ffordd,W06000005,Flintshire,Sir y Fflint,10718
W04000215,Bangor Is-y-coed,Bangor Is-coed,W06000006,Wrexham,Wrecsam,10719
W04000216,Bronington,Bronington,W06000006,Wrexham,Wrecsam,10720
W04000220,Cefn,Cefn,W06000006,Wrexham,Wrecsam,10721
W04000221,Ceiriog Ucha,Ceiriog Ucha,W06000006,Wrexham,Wrecsam,10722
W04000222,Chirk,Y Waun,W06000006,Wrexham,Wrecsam,10723
W04000224,Erbistock,Erbistog,W06000006,Wrexham,Wrecsam,10724
W04000225,Esclusham,Esclusham,W06000006,Wrexham,Wrecsam,10725
W04000226,Glyntraian,Glyntraean,W06000006,Wrexham,Wrecsam,10726
W04000229,Hanmer,Hanmer,W06000006,Wrexham,Wrecsam,10727
W04000232,Llansantffraid Glyn Ceiriog,Llansantffraid Glyn Ceiriog,W06000006,Wrexham,Wrecsam,10728
W04000233,Llay,Llai,W06000006,Wrexham,Wrecsam,10729
W04000234,Maelor South,De Maelor,W06000006,Wrexham,Wrecsam,10730
W04000237,Offa,Offa,W06000006,Wrexham,Wrecsam,10731
W04000238,Overton,Owrtyn,W06000006,Wrexham,Wrecsam,10732
W04000239,Penycae,Pen-y-cae,W06000006,Wrexham,Wrecsam,10733
W04000240,Rhosddu,Rhos-ddu,W06000006,Wrexham,Wrecsam,10734
W04000241,Rhosllanerchrugog,Rhosllannerchrugog,W06000006,Wrexham,Wrecsam,10735
W04000242,Rossett,Yr Orsedd,W06000006,Wrexham,Wrecsam,10736
W04000243,Ruabon,Rhiwabon,W06000006,Wrexham,Wrecsam,10737
W04000245,Willington Worthenbury,Willington Worthenbury,W06000006,Wrexham,Wrecsam,10738
W04000246,Llangollen Rural,Llangollen Wledig,W06000006,Wrexham,Wrecsam,10739
W04000890,Acton,Acton,W06000006,Wrexham,Wrecsam,10740
W04000891,Broughton,Brychdyn,W06000006,Wrexham,Wrecsam,10741
W04000892,Brymbo,Brymbo,W06000006,Wrexham,Wrecsam,10742
W04000894,Coedpoeth,Coed-poeth,W06000006,Wrexham,Wrecsam,10743
W04000895,Gresford,Gresffordd,W06000006,Wrexham,Wrecsam,10744
W04000896,Gwersyllt,Gwersyllt,W06000006,Wrexham,Wrecsam,10745
W04000897,Holt,Holt,W06000006,Wrexham,Wrecsam,10746
W04000011,Llanbadrig,Llanbadrig,W06000001,Isle of Anglesey,Ynys Môn,10747
W04000012,Llanddaniel Fab,Llanddaniel Fab,W06000001,Isle of Anglesey,Ynys Môn,10748
W04000013,Llanddona,Llanddona,W06000001,Isle of Anglesey,Ynys Môn,10749
W04000014,Llanddyfnan,Llanddyfnan,W06000001,Isle of Anglesey,Ynys Môn,10750
W04000015,Llaneilian,Llaneilian,W06000001,Isle of Anglesey,Ynys Môn,10751
W04000016,Llaneugrad,Llaneugrad,W06000001,Isle of Anglesey,Ynys Môn,10752
W04000017,Llanfachraeth,Llanfachraeth,W06000001,Isle of Anglesey,Ynys Môn,10753
W04000018,Llanfaelog,Llanfaelog,W06000001,Isle of Anglesey,Ynys Môn,10754
W04000019,Llanfaethlu,Llanfaethlu,W06000001,Isle of Anglesey,Ynys Môn,10755
W04000021,Llanfair Pwllgwyngyll,Llanfair Pwllgwyngyll,W06000001,Isle of Anglesey,Ynys Môn,10756
W04000022,Llanfair-yn-Neubwll,Llanfair-yn-Neubwll,W06000001,Isle of Anglesey,Ynys Môn,10757
W04000023,Llanfihangel Ysgeifiog,Llanfihangel Ysgeifiog,W06000001,Isle of Anglesey,Ynys Môn,10758
W04000024,Llangefni,Llangefni,W06000001,Isle of Anglesey,Ynys Môn,10759
W04000025,Llangoed,Llangoed,W06000001,Isle of Anglesey,Ynys Môn,10760
W04000026,Llangristiolus,Llangristiolus,W06000001,Isle of Anglesey,Ynys Môn,10761
W04000027,Llanidan,Llanidan,W06000001,Isle of Anglesey,Ynys Môn,10762
W04000028,Llannerch-y-medd,Llannerch-y-medd,W06000001,Isle of Anglesey,Ynys Môn,10763
W04000029,Mechell,Mechell,W06000001,Isle of Anglesey,Ynys Môn,10764
W04000030,Menai Bridge,Porthaethwy,W06000001,Isle of Anglesey,Ynys Môn,10765
W04000031,Moelfre,Moelfre,W06000001,Isle of Anglesey,Ynys Môn,10766
W04000034,Rhoscolyn,Rhoscolyn,W06000001,Isle of Anglesey,Ynys Môn,10767
W04000035,Rhosybol,Rhosybol,W06000001,Isle of Anglesey,Ynys Môn,10768
W04000036,Rhosyr,Rhosyr,W06000001,Isle of Anglesey,Ynys Môn,10769
W04000038,Tref Alaw,Tref Alaw,W06000001,Isle of Anglesey,Ynys Môn,10770
W04000039,Trewalchmai,Trewalchmai,W06000001,Isle of Anglesey,Ynys Môn,10771
W04000040,Valley,Y Fali,W06000001,Isle of Anglesey,Ynys Môn,10772
W04000869,Cwm Cadnant,Cwm Cadnant,W06000001,Isle of Anglesey,Ynys Môn,10773
W04000870,Holyhead,Caergybi,W06000001,Isle of Anglesey,Ynys Môn,10774
W04000871,Llanfair-Mathafarn-Eithaf,Llanfair-Mathafarn-Eithaf,W06000001,Isle of Anglesey,Ynys Môn,10775
W04000872,Penmynydd,Penmynydd,W06000001,Isle of Anglesey,Ynys Môn,10776
W04000873,Pentraeth,Pentraeth,W06000001,Isle of Anglesey,Ynys Môn,10777
W04000874,Trearddur,Trearddur,W06000001,Isle of Anglesey,Ynys Môn,10778
W04000379,Llanfihangel Ystrad,Llanfihangel Ystrad,W06000008,Ceredigion,Ceredigion,10779
W04000380,Llangeitho,Llangeitho,W06000008,Ceredigion,Ceredigion,10780
W04000381,Llangoedmor,Llangoedmor,W06000008,Ceredigion,Ceredigion,10781
W04000382,Llangrannog,Llangrannog,W06000008,Ceredigion,Ceredigion,10782
W04000383,Llangwyryfon,Llangwyryfon,W06000008,Ceredigion,Ceredigion,10783
W04000384,Llangybi,Llangybi,W06000008,Ceredigion,Ceredigion,10784
W04000385,Llangynfelyn,Llangynfelyn,W06000008,Ceredigion,Ceredigion,10785
W04000386,Llanilar,Llanilar,W06000008,Ceredigion,Ceredigion,10786
W04000387,Llanllwchaiarn,Llanllwchhaearn,W06000008,Ceredigion,Ceredigion,10787
W04000388,Llanrhystyd,Llanrhystud,W06000008,Ceredigion,Ceredigion,10788
W04000389,Llansantffraed,Llansanffraid,W06000008,Ceredigion,Ceredigion,10789
W04000390,Llanwenog,Llanwenog,W06000008,Ceredigion,Ceredigion,10790
W04000391,Llanwnnen,Llanwnnen,W06000008,Ceredigion,Ceredigion,10791
W04000392,Lledrod,Lledrod,W06000008,Ceredigion,Ceredigion,10792
W04000393,Melindwr,Melindwr,W06000008,Ceredigion,Ceredigion,10793
W04000394,Nantcwnlle,Nancwnlle,W06000008,Ceredigion,Ceredigion,10794
W04000395,New Quay,Ceinewydd,W06000008,Ceredigion,Ceredigion,10795
W04000396,Penbryn,Penbryn,W06000008,Ceredigion,Ceredigion,10796
W04000397,Pontarfynach,Pontarfynach,W06000008,Ceredigion,Ceredigion,10797
W04000398,Tirymynach,Tirymynach,W06000008,Ceredigion,Ceredigion,10798
W04000399,Trawsgoed,Trawsgoed,W06000008,Ceredigion,Ceredigion,10799
W04000400,Trefeurig,Trefeurig,W06000008,Ceredigion,Ceredigion,10800
W04000650,Barry,Y Barri,W06000014,Vale of Glamorgan,Bro Morgannwg,10801
W04000651,Colwinston,Tregolwyn,W06000014,Vale of Glamorgan,Bro Morgannwg,10802
W04000888,Old St. Mellons,Hen Laneirwg,W06000015,Cardiff,Caerdydd,10803
W04000652,Cowbridge with Llanblethian,Y Bont-faen a Llanfleiddan,W06000014,Vale of Glamorgan,Bro Morgannwg,10804
W04000505,Henllanfallteg,Henllan Fallteg,W06000010,Carmarthenshire,Sir Gaerfyrddin,10805
W04000653,Dinas Powys,Dinas Powys,W06000014,Vale of Glamorgan,Bro Morgannwg,10806
W04000654,Ewenny,Ewenni,W06000014,Vale of Glamorgan,Bro Morgannwg,10807
W04000655,Llancarfan,Llancarfan,W06000014,Vale of Glamorgan,Bro Morgannwg,10808
W04000657,Llandow,Llandŵ,W06000014,Vale of Glamorgan,Bro Morgannwg,10809
W04000658,Llanfair,Llan-fair,W06000014,Vale of Glamorgan,Bro Morgannwg,10810
W04000659,Llangan,Llan-gan,W06000014,Vale of Glamorgan,Bro Morgannwg,10811
W04000665,Penllyn,Pen-llin,W06000014,Vale of Glamorgan,Bro Morgannwg,10812
W04000666,Peterston-super-Ely,Llanbedr-y-fro,W06000014,Vale of Glamorgan,Bro Morgannwg,10813
W04000667,Rhoose,Y Rhws,W06000014,Vale of Glamorgan,Bro Morgannwg,10814
W04000668,St. Athan,Sain Tathan,W06000014,Vale of Glamorgan,Bro Morgannwg,10815
W04000669,St. Bride's Major,Saint-y-Brid,W06000014,Vale of Glamorgan,Bro Morgannwg,10816
W04000670,St. Donats,Sain Dunwyd,W06000014,Vale of Glamorgan,Bro Morgannwg,10817
W04000671,St. Georges-super-Ely,Sain Siorys,W06000014,Vale of Glamorgan,Bro Morgannwg,10818
W04000672,St. Nicholas and Bonvilston,Sain Nicolas a Thresimwn,W06000014,Vale of Glamorgan,Bro Morgannwg,10819
W04000675,Wenvoe,Gwenfô,W06000014,Vale of Glamorgan,Bro Morgannwg,10820
W04000676,Wick,Y Wig,W06000014,Vale of Glamorgan,Bro Morgannwg,10821
W04000916,Llandough,Llandochau,W06000014,Vale of Glamorgan,Bro Morgannwg,10822
W04000917,Llan-maes,Llan-faes,W06000014,Vale of Glamorgan,Bro Morgannwg,10823
W04000918,Llantwit Major,Llanilltud Fawr,W06000014,Vale of Glamorgan,Bro Morgannwg,10824
W04000919,Michaelston-le-Pit and Leckwith,Llanfihangel-y-Pwll a Lecwydd,W06000014,Vale of Glamorgan,Bro Morgannwg,10825
W04000920,Penarth,Penarth,W06000014,Vale of Glamorgan,Bro Morgannwg,10826
W04000921,Pendoylan,Pendeulwyn,W06000014,Vale of Glamorgan,Bro Morgannwg,10827
W04000922,Sully and Lavernock,Sili a Larnog,W06000014,Vale of Glamorgan,Bro Morgannwg,10828
W04000923,Welsh St. Donats,Llanddunwyd,W06000014,Vale of Glamorgan,Bro Morgannwg,10829
W04000837,Adamsdown,Adamsdown,W06000015,Cardiff,Caerdydd,10830
W04000838,Butetown,Butetown,W06000015,Cardiff,Caerdydd,10831
W04000839,Caerau,Caerau,W06000015,Cardiff,Caerdydd,10832
W04000840,Canton,Treganna,W06000015,Cardiff,Caerdydd,10833
W04000841,Castle,Castell,W06000015,Cardiff,Caerdydd,10834
W04000842,Cathays,Cathays,W06000015,Cardiff,Caerdydd,10835
W04000844,Ely,Trelái,W06000015,Cardiff,Caerdydd,10836
W04000845,Fairwater,Tyllgoed,W06000015,Cardiff,Caerdydd,10837
W04000846,Gabalfa,Gabalfa,W06000015,Cardiff,Caerdydd,10838
W04000847,Grangetown,Grangetown,W06000015,Cardiff,Caerdydd,10839
W04000848,Heath,Y Mynydd Bychan,W06000015,Cardiff,Caerdydd,10840
W04000849,Lisvane,Llys-faen,W06000015,Cardiff,Caerdydd,10841
W04000850,Llandaff,Llandaf,W06000015,Cardiff,Caerdydd,10842
W04000851,Llandaff North,Ystum Taf,W06000015,Cardiff,Caerdydd,10843
W04000855,Pentyrch,Pentyrch,W06000015,Cardiff,Caerdydd,10844
W04000856,Roath,Y Rhath,W06000015,Cardiff,Caerdydd,10845
W04000857,Radyr and Morganstown,Radur a Phentre-poeth,W06000015,Cardiff,Caerdydd,10846
W04000858,Rhiwbina,Rhiwbeina,W06000015,Cardiff,Caerdydd,10847
W04000860,Penylan,Pen-y-lan,W06000015,Cardiff,Caerdydd,10848
W04000862,St. Fagans,Sain Ffagan,W06000015,Cardiff,Caerdydd,10849
W04000864,Tongwynlais,Tongwynlais,W06000015,Cardiff,Caerdydd,10850
W04000866,Whitchurch,Yr Eglwys Newydd,W06000015,Cardiff,Caerdydd,10851
W04000868,Pontprennau,Pontprennau,W06000015,Cardiff,Caerdydd,10852
W04000474,Solva,Solfach,W06000009,Pembrokeshire,Sir Benfro,10853
W04000981,Croesyceiliog,Croesyceiliog,W06000020,Torfaen,Torfaen,10854
W04000606,Cilybebyll,Cilybebyll,W06000012,Neath Port Talbot,Castell-nedd Port Talbot,10855
W04000997,Cyncoed,Cyncoed,W06000015,Cardiff,Caerdydd,10856
W04001041,Trehafod,Trehafod,W06000016,Rhondda Cynon Taf,Rhondda Cynon Taf,10857
W04000557,Talley,Talyllychau,W06000010,Carmarthenshire,Sir Gaerfyrddin,10858
W04000998,Llanedeyrn,Llanedern,W06000015,Cardiff,Caerdydd,10859
W04000475,Spittal,Spittal,W06000009,Pembrokeshire,Sir Benfro,10860
W04001042,Ystrad,Yr Ystrad,W06000016,Rhondda Cynon Taf,Rhondda Cynon Taf,10861
W04000558,Trelech,Tre-lech,W06000010,Carmarthenshire,Sir Gaerfyrddin,10862
W04000982,Cwmbran Central,Cwmbrân - Canol,W06000020,Torfaen,Torfaen,10863
W04000999,Llanishen,Llanisien,W06000015,Cardiff,Caerdydd,10864
W04000607,Clyne and Melincourt,Y Clun a Melin-cwrt,W06000012,Neath Port Talbot,Castell-nedd Port Talbot,10865
W04000477,Templeton,Templeton,W06000009,Pembrokeshire,Sir Benfro,10866
W04000559,Trimsaran,Trimsaran,W06000010,Carmarthenshire,Sir Gaerfyrddin,10867
W04000983,Fairwater,Fairwater,W06000020,Torfaen,Torfaen,10868
W04000725,Abercarn,Abercarn,W06000018,Caerphilly,Caerffili,10869
W04000608,Coedffranc,Coed-ffranc,W06000012,Neath Port Talbot,Castell-nedd Port Talbot,10870
W04000506,Kidwelly,Cydweli,W06000010,Carmarthenshire,Sir Gaerfyrddin,10871
W04000726,Aber Valley,Cwm Aber,W06000018,Caerphilly,Caerffili,10872
W04000560,Whitland,Hendy-gwyn,W06000010,Carmarthenshire,Sir Gaerfyrddin,10873
W04001000,Llanrumney,Llanrhymni,W06000015,Cardiff,Caerdydd,10874
W04000507,Laugharne Township,Treflan Lacharn,W06000010,Carmarthenshire,Sir Gaerfyrddin,10875
W04000609,Crynant,Y Creunant,W06000012,Neath Port Talbot,Castell-nedd Port Talbot,10876
W04000479,The Havens,Yr Hafanau,W06000009,Pembrokeshire,Sir Benfro,10877
W04000727,Argoed,Argoed,W06000018,Caerphilly,Caerffili,10878
W04000984,New Inn,New Inn,W06000020,Torfaen,Torfaen,10879
W04000988,Llanelli Rural,Llanelli Wledig,W06000010,Carmarthenshire,Sir Gaerfyrddin,10880
W04001001,Pentwyn,Pen-twyn,W06000015,Cardiff,Caerdydd,10881
W04000508,Llanarthney,Llanarthne,W06000010,Carmarthenshire,Sir Gaerfyrddin,10882
W04000611,Cwmllynfell,Cwmllynfell,W06000012,Neath Port Talbot,Castell-nedd Port Talbot,10883
W04000483,Walwyn's Castle,Castell Gwalchmai,W06000009,Pembrokeshire,Sir Benfro,10884
W04000728,Bargoed,Bargod,W06000018,Caerphilly,Caerffili,10885
W04000985,Pen Tranch,Pen Transh,W06000020,Torfaen,Torfaen,10886
W04000989,Llangennech,Llangennech,W06000010,Carmarthenshire,Sir Gaerfyrddin,10887
W04001002,Pontcanna,Pontcanna,W06000015,Cardiff,Caerdydd,10888
W04000509,Llanboidy,Llanboidy,W06000010,Carmarthenshire,Sir Gaerfyrddin,10889
W04000614,Glynneath,Glyn-nedd,W06000012,Neath Port Talbot,Castell-nedd Port Talbot,10890
W04000484,Wiston,Cas-wis,W06000009,Pembrokeshire,Sir Benfro,10891
W04000729,"Bedwas, Trethomas and Machen","Bedwas, Tretomos a Machen",W06000018,Caerphilly,Caerffili,10892
W04000986,Pontnewydd,Pontnewydd,W06000020,Torfaen,Torfaen,10893
W04000561,Birchgrove,Birchgrove,W06000011,Swansea,Abertawe,10894
W04001003,Riverside,Riverside,W06000015,Cardiff,Caerdydd,10895
W04000510,Llanddarog,Llanddarog,W06000010,Carmarthenshire,Sir Gaerfyrddin,10896
W04000615,Gwaun-Cae-Gurwen,Gwauncaegurwen,W06000012,Neath Port Talbot,Castell-nedd Port Talbot,10897
W04000485,Wolfscastle,Cas-blaidd,W06000009,Pembrokeshire,Sir Benfro,10898
W04000730,Blackwood,Coed Duon,W06000018,Caerphilly,Caerffili,10899
W04000987,Upper Cwmbran,Cwmbrân Uchaf,W06000020,Torfaen,Torfaen,10900
W04000570,Gowerton,Tre-gŵyr,W06000011,Swansea,Abertawe,10901
W04001004,Rumney,Tredelerch,W06000015,Cardiff,Caerdydd,10902
W04000511,Llanddeusant,Llanddeusant,W06000010,Carmarthenshire,Sir Gaerfyrddin,10903
W04000618,Neath,Castell-nedd,W06000012,Neath Port Talbot,Castell-nedd Port Talbot,10904
W04000488,Clynderwen,Clunderwen,W06000009,Pembrokeshire,Sir Benfro,10905
W04000733,Crosskeys,Crosskeys,W06000018,Caerphilly,Caerffili,10906
W04000807,Usk,Brynbuga,W06000021,Monmouthshire,Sir Fynwy,10907
W04001057,Abergavenny,Y Fenni,W06000021,Monmouthshire,Sir Fynwy,10908
W04001058,Caerwent,Caer-went,W06000021,Monmouthshire,Sir Fynwy,10909
W04001059,Caldicot,Caldicot,W06000021,Monmouthshire,Sir Fynwy,10910
W04001060,Chepstow,Cas-gwent,W06000021,Monmouthshire,Sir Fynwy,10911
W04001061,Crucorney,Crucornau Fawr,W06000021,Monmouthshire,Sir Fynwy,10912
W04001062,Devauden,Devauden,W06000021,Monmouthshire,Sir Fynwy,10913
W04001063,Gobion Fawr,Llanofer,W06000021,Monmouthshire,Sir Fynwy,10914
W04001064,Goetre Fawr,Goetre Fawr,W06000021,Monmouthshire,Sir Fynwy,10915
W04001065,Grosmont,Y Grysmwnt,W06000021,Monmouthshire,Sir Fynwy,10916
W04001066,Llanarth,Llan-arth,W06000021,Monmouthshire,Sir Fynwy,10917
W04001067,Llanbadoc,Llanbadog Fawr,W06000021,Monmouthshire,Sir Fynwy,10918
W04001068,Llanelly,Llanelli,W06000021,Monmouthshire,Sir Fynwy,10919
W04001069,Llanfoist Fawr,Llan-ffwyst Fawr,W06000021,Monmouthshire,Sir Fynwy,10920
W04001070,Llangybi,Llangybi,W06000021,Monmouthshire,Sir Fynwy,10921
W04001071,Llantilio Pertholey,Llandeilo Bertholau,W06000021,Monmouthshire,Sir Fynwy,10922
W04001072,Llantrisant Fawr,Llantrisant Fawr,W06000021,Monmouthshire,Sir Fynwy,10923
W04001073,Magor with Undy,Magwyr gyda Gwndy,W06000021,Monmouthshire,Sir Fynwy,10924
W04001074,Mathern,Matharn,W06000021,Monmouthshire,Sir Fynwy,10925
W04001075,Mitchel Troy,Llanfihangel Troddi,W06000021,Monmouthshire,Sir Fynwy,10926
W04001076,Monmouth,Trefynwy,W06000021,Monmouthshire,Sir Fynwy,10927
W04001077,Portskewett,Porth Sgiwed,W06000021,Monmouthshire,Sir Fynwy,10928
W04001078,Raglan,Rhaglan,W06000021,Monmouthshire,Sir Fynwy,10929
W04001079,Rogiet,Rogiet,W06000021,Monmouthshire,Sir Fynwy,10930
W04001080,Shirenewton,Drenewydd Gelli-farch,W06000021,Monmouthshire,Sir Fynwy,10931
W04001081,Skenfrith,Ynysgynwraidd,W06000021,Monmouthshire,Sir Fynwy,10932
W04001082,St. Arvans,St. Arvans,W06000021,Monmouthshire,Sir Fynwy,10933
W04001083,Trellech United,Tryleg Unedig,W06000021,Monmouthshire,Sir Fynwy,10934
W04001084,Whitecastle,Castell-gwyn,W06000021,Monmouthshire,Sir Fynwy,10935
W04001085,Wye Valley,Tyndyrn,W06000021,Monmouthshire,Sir Fynwy,10936
W04000808,Allt-yr-yn,Allt-yr-ynn,W06000022,Newport,Casnewydd,10937
W04000809,Alway,Alway,W06000022,Newport,Casnewydd,10938
W04000810,Beechwood,Beechwood,W06000022,Newport,Casnewydd,10939
W04000811,Bettws,Betws,W06000022,Newport,Casnewydd,10940
W04000812,Bishton,Trefesgob,W06000022,Newport,Casnewydd,10941
W04000813,Caerleon,Caerllion,W06000022,Newport,Casnewydd,10942
W04000814,Coedkernew,Coedcernyw,W06000022,Newport,Casnewydd,10943
W04000815,Gaer,Y Gaer,W06000022,Newport,Casnewydd,10944
W04000816,Goldcliff,Goldcliff,W06000022,Newport,Casnewydd,10945
W04000818,Langstone,Langstone,W06000022,Newport,Casnewydd,10946
W04000819,Liswerry,Llyswyrny,W06000022,Newport,Casnewydd,10947
W04000820,Llanvaches,Llanfaches,W06000022,Newport,Casnewydd,10948
W04000821,Llanwern,Llan-wern,W06000022,Newport,Casnewydd,10949
W04000933,Amroth,Amroth,W06000009,Pembrokeshire,Sir Benfro,10950
W04000934,Angle,Angle,W06000009,Pembrokeshire,Sir Benfro,10951
W04000935,Burton,Burton,W06000009,Pembrokeshire,Sir Benfro,10952
W04000936,Camrose,Camros,W06000009,Pembrokeshire,Sir Benfro,10953
W04000937,Cilgerran,Cilgerran,W06000009,Pembrokeshire,Sir Benfro,10954
W04000938,East Williamston,Dwyrain Trewiliam,W06000009,Pembrokeshire,Sir Benfro,10955
W04000939,Eglwyswrw,Eglwyswrw,W06000009,Pembrokeshire,Sir Benfro,10956
W04000940,Freystrop,Freystrop,W06000009,Pembrokeshire,Sir Benfro,10957
W04000735,Darran Valley,Cwm Darran,W06000018,Caerphilly,Caerffili,10958
W04000941,Haverfordwest,Hwlffordd,W06000009,Pembrokeshire,Sir Benfro,10959
W04000572,Ilston,Llanddinol,W06000011,Swansea,Abertawe,10960
W04000620,Pelenna,Pelenna,W06000012,Neath Port Talbot,Castell-nedd Port Talbot,10961
W04000942,Hook,Hook,W06000009,Pembrokeshire,Sir Benfro,10962
W04000736,Gelligaer,Gelligaer,W06000018,Caerphilly,Caerffili,10963
W04000512,Llanddowror,Llanddowror,W06000010,Carmarthenshire,Sir Gaerfyrddin,10964
W04000513,Llandeilo,Llandeilo,W06000010,Carmarthenshire,Sir Gaerfyrddin,10965
W04001005,Splott,Y Sblot,W06000015,Cardiff,Caerdydd,10966
W04000621,Pontardawe,Pontardawe,W06000012,Neath Port Talbot,Castell-nedd Port Talbot,10967
W04000514,Llandovery,Llanymddyfri,W06000010,Carmarthenshire,Sir Gaerfyrddin,10968
W04001006,Thornhill,y Ddraenen,W06000015,Cardiff,Caerdydd,10969
W04000943,Hundleton,Hundleton,W06000009,Pembrokeshire,Sir Benfro,10970
W04000573,Killay,Cilâ,W06000011,Swansea,Abertawe,10971
W04000739,Nelson,Nelson,W06000018,Caerphilly,Caerffili,10972
W04000623,Resolven,Resolfen,W06000012,Neath Port Talbot,Castell-nedd Port Talbot,10973
W04000515,Llandybie,Llandybïe,W06000010,Carmarthenshire,Sir Gaerfyrddin,10974
W04001007,Tremorfa,Tremorfa,W06000015,Cardiff,Caerdydd,10975
W04000944,Johnston,Johnston,W06000009,Pembrokeshire,Sir Benfro,10976
W04000575,"Llangennith, Llanmadoc and Cheriton","Llangynydd, Llanmadog a Cheriton",W06000011,Swansea,Abertawe,10977
W04000740,Newbridge,Trecelyn,W06000018,Caerphilly,Caerffili,10978
W04000625,Sandfields West,Sandfields - Gorllewin,W06000012,Neath Port Talbot,Castell-nedd Port Talbot,10979
W04000516,Llandyfaelog,Llandyfaelog,W06000010,Carmarthenshire,Sir Gaerfyrddin,10980
W04001008,Trowbridge,Trowbridge,W06000015,Cardiff,Caerdydd,10981
W04000945,Kilgetty/Begelly,Cilgeti/Begeli,W06000009,Pembrokeshire,Sir Benfro,10982
W04000578,Llanrhidian Lower,Llanrhidian Isaf,W06000011,Swansea,Abertawe,10983
W04000741,New Tredegar,Tredegar Newydd,W06000018,Caerphilly,Caerffili,10984
W04000628,Tonna,Tonna,W06000012,Neath Port Talbot,Castell-nedd Port Talbot,10985
W04000517,Llanedi,Llanedi,W06000010,Carmarthenshire,Sir Gaerfyrddin,10986
W04000678,Abercynon,Abercynon,W06000016,Rhondda Cynon Taf,Rhondda Cynon Taf,10987
W04000946,Llangwm,Llangwm,W06000009,Pembrokeshire,Sir Benfro,10988
W04000581,Mawr,Mawr,W06000011,Swansea,Abertawe,10989
W04000746,Rhymney,Rhymni,W06000018,Caerphilly,Caerffili,10990
W04000629,Ystalyfera,Ystalyfera,W06000012,Neath Port Talbot,Castell-nedd Port Talbot,10991
W04000518,Llanegwad,Llanegwad,W06000010,Carmarthenshire,Sir Gaerfyrddin,10992
W04000681,Cwm Clydach,Cwm Clydach,W06000016,Rhondda Cynon Taf,Rhondda Cynon Taf,10993
W04000947,Llanrhian,Llanrhian,W06000009,Pembrokeshire,Sir Benfro,10994
W04000583,Mumbles,Y Mwmbwls,W06000011,Swansea,Abertawe,10995
W04000748,Rudry,Rhydri,W06000018,Caerphilly,Caerffili,10996
W04001019,Aberavon,Aberafan,W06000012,Neath Port Talbot,Castell-nedd Port Talbot,10997
W04000519,Llanelli,Llanelli,W06000010,Carmarthenshire,Sir Gaerfyrddin,10998
W04000682,Cymmer,Y Cymer,W06000016,Rhondda Cynon Taf,Rhondda Cynon Taf,10999
W04000948,Mathry,Mathri,W06000009,Pembrokeshire,Sir Benfro,11000
W04000588,Penrice,Pen-rhys,W06000011,Swansea,Abertawe,11001
W04000750,Ynysddu,Ynys-ddu,W06000018,Caerphilly,Caerffili,11002
W04000521,Llanfair-ar-y-bryn,Llanfair-ar-y-bryn,W06000010,Carmarthenshire,Sir Gaerfyrddin,11003
W04001020,Baglan,Baglan,W06000012,Neath Port Talbot,Castell-nedd Port Talbot,11004
W04000683,Ferndale,Ferndale,W06000016,Rhondda Cynon Taf,Rhondda Cynon Taf,11005
W04000949,Nolton and Roch,Nolton a'r Garn,W06000009,Pembrokeshire,Sir Benfro,11006
W04000590,Pontarddulais,Pontarddulais,W06000011,Swansea,Abertawe,11007
W04000904,Caerphilly,Caerffili,W06000018,Caerphilly,Caerffili,11008
W04000522,Llanfihangel Aberbythych,Llanfihangel Aberbythych,W06000010,Carmarthenshire,Sir Gaerfyrddin,11009
W04000905,Cefn Fforest,Cefn Fforest,W06000018,Caerphilly,Caerffili,11010
W04001021,Baglan Moors,Rhos Baglan,W06000012,Neath Port Talbot,Castell-nedd Port Talbot,11011
W04000906,Crumlin,Crymlyn,W06000018,Caerphilly,Caerffili,11012
W04000684,Gilfach Goch,Y Gilfach-goch,W06000016,Rhondda Cynon Taf,Rhondda Cynon Taf,11013
W04000523,Llanfihangel-ar-Arth,Llanfihangel-ar-arth,W06000010,Carmarthenshire,Sir Gaerfyrddin,11014
W04000950,Puncheston,Cas-mael,W06000009,Pembrokeshire,Sir Benfro,11015
W04000591,Port Eynon,Port Einon,W06000011,Swansea,Abertawe,11016
W04000951,Rosemarket,Rosemarket,W06000009,Pembrokeshire,Sir Benfro,11017
W04000524,Llanfihangel Rhos-y-Corn,Llanfihangel Rhos-y-Corn,W06000010,Carmarthenshire,Sir Gaerfyrddin,11018
W04001022,Briton Ferry,Llansawel,W06000012,Neath Port Talbot,Castell-nedd Port Talbot,11019
W04000685,Hirwaun,Hirwaun,W06000016,Rhondda Cynon Taf,Rhondda Cynon Taf,11020
W04000592,Reynoldston,Reynoldston,W06000011,Swansea,Abertawe,11021
W04000907,Llanbradach and Pwllypant,Llanbradach a Phwll-y-pant,W06000018,Caerphilly,Caerffili,11022
W04000952,Rudbaxton,Rudbaxton,W06000009,Pembrokeshire,Sir Benfro,11023
W04000525,Llanfynydd,Llanfynydd,W06000010,Carmarthenshire,Sir Gaerfyrddin,11024
W04001023,Cwmavon,Cwmafan,W06000012,Neath Port Talbot,Castell-nedd Port Talbot,11025
W04000690,Llwydcoed,Llwytgoed,W06000016,Rhondda Cynon Taf,Rhondda Cynon Taf,11026
W04000593,Rhossili,Rhosili,W06000011,Swansea,Abertawe,11027
W04000908,Maesycwmmer,Maes-y-cwmwr,W06000018,Caerphilly,Caerffili,11028
W04000953,Scleddau,Scleddau,W06000009,Pembrokeshire,Sir Benfro,11029
W04000526,Llangadog,Llangadog,W06000010,Carmarthenshire,Sir Gaerfyrddin,11030
W04001024,Margam,Margam,W06000012,Neath Port Talbot,Castell-nedd Port Talbot,11031
W04000692,Maerdy,Y Maerdy,W06000016,Rhondda Cynon Taf,Rhondda Cynon Taf,11032
W04000595,Sketty,Sgeti,W06000011,Swansea,Abertawe,11033
W04000909,Pengam,Pengam,W06000018,Caerphilly,Caerffili,11034
W04000954,Stackpole and Castlemartin,Stackpole a Chastellmartin,W06000009,Pembrokeshire,Sir Benfro,11035
W04000527,Llangain,Llan-gain,W06000010,Carmarthenshire,Sir Gaerfyrddin,11036
W04001025,Margam Moors,Gweunydd Margam,W06000012,Neath Port Talbot,Castell-nedd Port Talbot,11037
W04000694,Penrhiwceiber,Penrhiw-ceibr,W06000016,Rhondda Cynon Taf,Rhondda Cynon Taf,11038
W04000597,Uplands,Uplands,W06000011,Swansea,Abertawe,11039
W04000910,Penmaen,Penmaen,W06000018,Caerphilly,Caerffili,11040
W04000955,Tiers Cross,Tiers Cross,W06000009,Pembrokeshire,Sir Benfro,11041
W04000528,Llangathen,Llangathen,W06000010,Carmarthenshire,Sir Gaerfyrddin,11042
W04001026,Onllwyn,Onllwyn,W06000012,Neath Port Talbot,Castell-nedd Port Talbot,11043
W04000695,Pentre,Pentre,W06000016,Rhondda Cynon Taf,Rhondda Cynon Taf,11044
W04000957,Bishopston,Llandeilo Ferwallt,W06000011,Swansea,Abertawe,11045
W04000911,"Penyrheol, Trecenydd and Energlyn","Pen-yr-heol, Trecenydd ac Eneu'r-glyn",W06000018,Caerphilly,Caerffili,11046
W04000956,"Uzmaston, Boulston and Slebech","Uzmaston, Boulston a Slebets",W06000009,Pembrokeshire,Sir Benfro,11047
W04000529,Llangeler,Llangeler,W06000010,Carmarthenshire,Sir Gaerfyrddin,11048
W04001027,Port Talbot,Port Talbot,W06000012,Neath Port Talbot,Castell-nedd Port Talbot,11049
W04000696,Pen-y-graig,Pen-y-graig,W06000016,Rhondda Cynon Taf,Rhondda Cynon Taf,11050
W04000958,Bonymaen,Bôn-y-maen,W06000011,Swansea,Abertawe,11051
W04000912,Pontllanfraith,Pontllan-fraith,W06000018,Caerphilly,Caerffili,11052
W04001031,St. Mary Out Liberty,Llanfair Dinbych-y-pysgod,W06000009,Pembrokeshire,Sir Benfro,11053
W04000531,Llangunnor,Llangynnwr,W06000010,Carmarthenshire,Sir Gaerfyrddin,11054
W04000532,Llangyndeyrn,Llangyndeyrn,W06000010,Carmarthenshire,Sir Gaerfyrddin,11055
W04000533,Llangynin,Llangynin,W06000010,Carmarthenshire,Sir Gaerfyrddin,11056
W04000534,Llangynog,Llangynog,W06000010,Carmarthenshire,Sir Gaerfyrddin,11057
W04000535,Llanllawddog,Llanllawddog,W06000010,Carmarthenshire,Sir Gaerfyrddin,11058
W04000536,Llanllwni,Llanllwni,W06000010,Carmarthenshire,Sir Gaerfyrddin,11059
W04000537,Llannon,Llan-non,W06000010,Carmarthenshire,Sir Gaerfyrddin,11060
W04000538,Llanpumsaint,Llanpumsaint,W06000010,Carmarthenshire,Sir Gaerfyrddin,11061
W04000539,Llansadwrn,Llansadwrn,W06000010,Carmarthenshire,Sir Gaerfyrddin,11062
W04000540,Llansawel,Llansawel,W06000010,Carmarthenshire,Sir Gaerfyrddin,11063
W04000541,Llansteffan,Llansteffan,W06000010,Carmarthenshire,Sir Gaerfyrddin,11064
W04000542,Llanwinio,Llanwinio,W06000010,Carmarthenshire,Sir Gaerfyrddin,11065
W04000543,Llanwrda,Llanwrda,W06000010,Carmarthenshire,Sir Gaerfyrddin,11066
W04000544,Llanybydder,Llanybydder,W06000010,Carmarthenshire,Sir Gaerfyrddin,11067
W04000545,Llanycrwys,Llan-crwys,W06000010,Carmarthenshire,Sir Gaerfyrddin,11068
W04000546,Manordeilo and Salem,Manordeilo a Salem,W06000010,Carmarthenshire,Sir Gaerfyrddin,11069
W04000547,Meidrim,Meidrim,W06000010,Carmarthenshire,Sir Gaerfyrddin,11070
W04000548,Myddfai,Myddfai,W06000010,Carmarthenshire,Sir Gaerfyrddin,11071
W04000549,Newcastle Emlyn,Castellnewydd Emlyn,W06000010,Carmarthenshire,Sir Gaerfyrddin,11072
W04000550,Newchurch and Merthyr,Llannewydd a Merthyr,W06000010,Carmarthenshire,Sir Gaerfyrddin,11073
W04000551,Pencarreg,Pencarreg,W06000010,Carmarthenshire,Sir Gaerfyrddin,11074
W04000552,Pendine,Pen-tywyn,W06000010,Carmarthenshire,Sir Gaerfyrddin,11075
W04000553,Pontyberem,Pontyberem,W06000010,Carmarthenshire,Sir Gaerfyrddin,11076
W04000554,Quarter Bach,Cwarter Bach,W06000010,Carmarthenshire,Sir Gaerfyrddin,11077
W04000555,St. Clears,Sanclêr,W06000010,Carmarthenshire,Sir Gaerfyrddin,11078
W04000556,St. Ishmael,Llanismel,W06000010,Carmarthenshire,Sir Gaerfyrddin,11079
W04001028,Sandfields East,Sandfields - Dwyrain,W06000012,Neath Port Talbot,Castell-nedd Port Talbot,11080
W04000697,Pen-y-waun,Pen-y-waun,W06000016,Rhondda Cynon Taf,Rhondda Cynon Taf,11081
W04001029,Seven Sisters,Blaendulais,W06000012,Neath Port Talbot,Castell-nedd Port Talbot,11082
W04000700,Porth,Y Porth,W06000016,Rhondda Cynon Taf,Rhondda Cynon Taf,11083
W04001030,Tai-bach,Tai-bach,W06000012,Neath Port Talbot,Castell-nedd Port Talbot,11084
W04000701,Rhigos,Y Rhigos,W06000016,Rhondda Cynon Taf,Rhondda Cynon Taf,11085
W04001032,Tenby,Dinbych-y-pysgod,W06000009,Pembrokeshire,Sir Benfro,11086
W04000913,Risca East,Dwyrain Rhisga,W06000018,Caerphilly,Caerffili,11087
W04000960,Clydach,Clydach,W06000011,Swansea,Abertawe,11088
W04001051,Blaenhonddan,Blaenhonddan,W06000012,Neath Port Talbot,Castell-nedd Port Talbot,11089
W04000702,Taffs Well,Ffynnon Taf,W06000016,Rhondda Cynon Taf,Rhondda Cynon Taf,11090
W04000489,Abergwili,Abergwili,W06000010,Carmarthenshire,Sir Gaerfyrddin,11091
W04000914,Risca West,Gorllewin Rhisga,W06000018,Caerphilly,Caerffili,11092
W04000962,Cwmbwrla,Cwmbwrla,W06000011,Swansea,Abertawe,11093
W04001052,Cymer and Glyncorrwg,Cymer a Glyncorrwg,W06000012,Neath Port Talbot,Castell-nedd Port Talbot,11094
W04000703,Tonypandy,Tonypandy,W06000016,Rhondda Cynon Taf,Rhondda Cynon Taf,11095
W04000490,Abernant,Abernant,W06000010,Carmarthenshire,Sir Gaerfyrddin,11096
W04000963,Dunvant,Dynfant,W06000011,Swansea,Abertawe,11097
W04000915,Van,Y Fan,W06000018,Caerphilly,Caerffili,11098
W04000964,Gorseinon,Gorseinon,W06000011,Swansea,Abertawe,11099
W04001053,Dyffryn Clydach,Dyffryn Clydach,W06000012,Neath Port Talbot,Castell-nedd Port Talbot,11100
W04000704,Tonyrefail,Tonyrefail,W06000016,Rhondda Cynon Taf,Rhondda Cynon Taf,11101
W04000491,Ammanford,Rhydaman,W06000010,Carmarthenshire,Sir Gaerfyrddin,11102
W04000756,Llanhilleth,Llanhiledd,W06000019,Blaenau Gwent,Blaenau Gwent,11103
W04001054,Gwynfi and Croeserw,Cwynfi a Croeserw,W06000012,Neath Port Talbot,Castell-nedd Port Talbot,11104
W04000706,Treherbert,Treherbert,W06000016,Rhondda Cynon Taf,Rhondda Cynon Taf,11105
W04000965,Grovesend and Waungron,Pengelli a Waungron,W06000011,Swansea,Abertawe,11106
W04000492,Betws,Betws,W06000010,Carmarthenshire,Sir Gaerfyrddin,11107
W04000758,Tredegar,Tredegar,W06000019,Blaenau Gwent,Blaenau Gwent,11108
W04000632,Cefn Cribwr,Cefn Cribwr,W06000013,Bridgend,Pen-y-bont ar Ogwr,11109
W04000708,Treorchy,Treorci,W06000016,Rhondda Cynon Taf,Rhondda Cynon Taf,11110
W04000966,Landore,Glandŵr,W06000011,Swansea,Abertawe,11111
W04000493,Bronwydd,Bronwydd,W06000010,Carmarthenshire,Sir Gaerfyrddin,11112
W04000924,Abertillery,Abertyleri,W06000019,Blaenau Gwent,Blaenau Gwent,11113
W04000633,Coity Higher,Coety Uchaf,W06000013,Bridgend,Pen-y-bont ar Ogwr,11114
W04000709,Tylorstown,Pendyrys,W06000016,Rhondda Cynon Taf,Rhondda Cynon Taf,11115
W04000967,Llangyfelach,Llangyfelach,W06000011,Swansea,Abertawe,11116
W04000494,Carmarthen,Caerfyrddin,W06000010,Carmarthenshire,Sir Gaerfyrddin,11117
W04000925,Badminton,Badminton,W06000019,Blaenau Gwent,Blaenau Gwent,11118
W04000634,Coychurch Higher,Llangrallo Uchaf,W06000013,Bridgend,Pen-y-bont ar Ogwr,11119
W04000710,Ynyshir,Ynys-hir,W06000016,Rhondda Cynon Taf,Rhondda Cynon Taf,11120
W04000968,Llanrhidian Higher,Llanrhidian Uchaf,W06000011,Swansea,Abertawe,11121
W04000495,Pembrey and Burry Port Town,Pembre a Phorth Tywyn,W06000010,Carmarthenshire,Sir Gaerfyrddin,11122
W04000927,Brynmawr,Bryn-mawr,W06000019,Blaenau Gwent,Blaenau Gwent,11123
W04000636,Garw Valley,Cwm Garw,W06000013,Bridgend,Pen-y-bont ar Ogwr,11124
W04000711,Ynysybwl and Coed-y-cwm,Ynys-y-bŵl a Choed-y-cwm,W06000016,Rhondda Cynon Taf,Rhondda Cynon Taf,11125
W04000969,Llansamlet,Llansamlet,W06000011,Swansea,Abertawe,11126
W04000496,Cenarth,Cenarth,W06000010,Carmarthenshire,Sir Gaerfyrddin,11127
W04000928,Cwm,Cwm,W06000019,Blaenau Gwent,Blaenau Gwent,11128
W04000637,Laleston,Trelales,W06000013,Bridgend,Pen-y-bont ar Ogwr,11129
W04000875,Llanharan,Llanharan,W06000016,Rhondda Cynon Taf,Rhondda Cynon Taf,11130
W04000970,Llwchwr,Llwchwr,W06000011,Swansea,Abertawe,11131
W04000497,Cilycwm,Cil-y-cwm,W06000010,Carmarthenshire,Sir Gaerfyrddin,11132
W04000929,Ebbw Vale North,Gogledd Glynebwy,W06000019,Blaenau Gwent,Blaenau Gwent,11133
W04000638,Llangynwyd Lower,Llangynwyd - Isaf,W06000013,Bridgend,Pen-y-bont ar Ogwr,11134
W04000876,Llanharry,Llanhari,W06000016,Rhondda Cynon Taf,Rhondda Cynon Taf,11135
W04000971,Morriston,Treforys,W06000011,Swansea,Abertawe,11136
W04000498,Cilymaenllwyd,Cilymaenllwyd,W06000010,Carmarthenshire,Sir Gaerfyrddin,11137
W04000930,Ebbw Vale South,De Glynebwy,W06000019,Blaenau Gwent,Blaenau Gwent,11138
W04000639,Llangynwyd Middle,Llangynwyd - Canol,W06000013,Bridgend,Pen-y-bont ar Ogwr,11139
W04000878,Pont-y-clun,Pont-y-clun,W06000016,Rhondda Cynon Taf,Rhondda Cynon Taf,11140
W04000972,Mynyddbach,Mynydd-bach,W06000011,Swansea,Abertawe,11141
W04000931,Nantyglo and Blaina,Nantyglo a Blaenau,W06000019,Blaenau Gwent,Blaenau Gwent,11142
W04000640,Maesteg,Maesteg,W06000013,Bridgend,Pen-y-bont ar Ogwr,11143
W04000499,Cwmamman,Cwmaman,W06000010,Carmarthenshire,Sir Gaerfyrddin,11144
W04001009,Aberaman North,Aberaman Gogledd,W06000016,Rhondda Cynon Taf,Rhondda Cynon Taf,11145
W04000973,Penderry,Penderi,W06000011,Swansea,Abertawe,11146
W04000500,Cynwyl Elfed,Cynwyl Elfed,W06000010,Carmarthenshire,Sir Gaerfyrddin,11147
W04001010,Aberaman South,Aberaman De,W06000016,Rhondda Cynon Taf,Rhondda Cynon Taf,11148
W04000642,Newcastle Higher,Y Castellnewydd,W06000013,Bridgend,Pen-y-bont ar Ogwr,11149
W04000974,Penllergaer,Penlle'r-gaer,W06000011,Swansea,Abertawe,11150
W04000932,Rassau,Rasa,W06000019,Blaenau Gwent,Blaenau Gwent,11151
W04000501,Cynwyl Gaeo,Cynwyl Gaeo,W06000010,Carmarthenshire,Sir Gaerfyrddin,11152
W04001011,Aberdare East,Aberdâr Dwyrain,W06000016,Rhondda Cynon Taf,Rhondda Cynon Taf,11153
W04000643,Ogmore Valley,Cwm Ogwr,W06000013,Bridgend,Pen-y-bont ar Ogwr,11154
W04000975,Pennard,Pennard,W06000011,Swansea,Abertawe,11155
W04001043,Beaufort,Cendl,W06000019,Blaenau Gwent,Blaenau Gwent,11156
W04000502,Eglwyscummin,Eglwys Gymyn,W06000010,Carmarthenshire,Sir Gaerfyrddin,11157
W04001012,Aberdare West,Aberdâr Gorllewin,W06000016,Rhondda Cynon Taf,Rhondda Cynon Taf,11158
W04000644,Pencoed,Pen-coed,W06000013,Bridgend,Pen-y-bont ar Ogwr,11159
W04000976,Pontlliw and Tircoed,Pont-lliw a Tircoed,W06000011,Swansea,Abertawe,11160
W04001044,Garnlydan,Garnlydan,W06000019,Blaenau Gwent,Blaenau Gwent,11161
W04000503,Cyngor Bro Dyffryn Cennen,Dyffryn Cennen,W06000010,Carmarthenshire,Sir Gaerfyrddin,11162
W04001013,Cwmbach,Cwm-bach,W06000016,Rhondda Cynon Taf,Rhondda Cynon Taf,11163
W04000645,Porthcawl,Porthcawl,W06000013,Bridgend,Pen-y-bont ar Ogwr,11164
W04000977,Three Crosses,Y Crwys,W06000011,Swansea,Abertawe,11165
W04000760,Blaenavon,Blaenafon,W06000020,Torfaen,Torfaen,11166
W04000504,Gorslas,Gors-las,W06000010,Carmarthenshire,Sir Gaerfyrddin,11167
W04001014,Llantrisant,Llantrisant,W06000016,Rhondda Cynon Taf,Rhondda Cynon Taf,11168
W04000646,St. Bride's Minor,Llansanffraid-ar-Ogwr,W06000013,Bridgend,Pen-y-bont ar Ogwr,11169
W04000978,Townhill,Townhill,W06000011,Swansea,Abertawe,11170
W04000764,Henllys,Henllys,W06000020,Torfaen,Torfaen,11171
W04001015,Llantwit Fardre,Llanilltud Faerdref,W06000016,Rhondda Cynon Taf,Rhondda Cynon Taf,11172
W04000647,Ynysawdre,Ynysawdre,W06000013,Bridgend,Pen-y-bont ar Ogwr,11173
W04000979,Upper Killay,Cilâ Uchaf,W06000011,Swansea,Abertawe,11174
W04000765,Llantarnam,Llantarnam,W06000020,Torfaen,Torfaen,11175
W04001016,Mountain Ash East,Aberpennar Dwyrain,W06000016,Rhondda Cynon Taf,Rhondda Cynon Taf,11176
W04000648,Cornelly,Corneli,W06000013,Bridgend,Pen-y-bont ar Ogwr,11177
W04001033,Castle,Castell,W06000011,Swansea,Abertawe,11178
W04000766,Llanyrafon,Llanyrafon,W06000020,Torfaen,Torfaen,11179
W04001017,Mountain Ash West,Aberpennar Gorllewin,W06000016,Rhondda Cynon Taf,Rhondda Cynon Taf,11180
W04000649,Pyle,Y Pîl,W06000013,Bridgend,Pen-y-bont ar Ogwr,11181
W04001034,Cockett,Y Cocyd,W06000011,Swansea,Abertawe,11182
W04000768,Panteg,Pant-teg,W06000020,Torfaen,Torfaen,11183
W04001038,Llwyn-y-pia,Llwyn-y-pia,W06000016,Rhondda Cynon Taf,Rhondda Cynon Taf,11184
W04000882,Brackla,Bracla,W06000013,Bridgend,Pen-y-bont ar Ogwr,11185
W04001035,St Thomas,St Thomas,W06000011,Swansea,Abertawe,11186
W04000770,Ponthir,Pont-hir,W06000020,Torfaen,Torfaen,11187
W04001039,Pontypridd Town,Pontypridd Town,W06000016,Rhondda Cynon Taf,Rhondda Cynon Taf,11188
W04000883,Bridgend,Pen-y-bont ar Ogwr,W06000013,Bridgend,Pen-y-bont ar Ogwr,11189
W04001040,Trealaw,Trealaw,W06000016,Rhondda Cynon Taf,Rhondda Cynon Taf,11190
W04001036,Waterfront,Y Glannau,W06000011,Swansea,Abertawe,11191
W04000772,Pontymoile,Llanfihangel Pont-y-moel,W06000020,Torfaen,Torfaen,11192
W04000884,Coychurch Lower,Llangrallo Isaf,W06000013,Bridgend,Pen-y-bont ar Ogwr,11193
W04000773,Trevethin,Trefddyn,W06000020,Torfaen,Torfaen,11194
W04001037,Waunarlwydd,Waunarlwydd,W06000011,Swansea,Abertawe,11195
W04000885,Merthyr Mawr,Merthyr Mawr,W06000013,Bridgend,Pen-y-bont ar Ogwr,11196
W04000980,Abersychan,Abersychan,W06000020,Torfaen,Torfaen,11197
W04000601,Baglan Bay,Bae Baglan,W06000012,Neath Port Talbot,Castell-nedd Port Talbot,11198
W04000602,Blaengwrach,Blaengwrach,W06000012,Neath Port Talbot,Castell-nedd Port Talbot,11199
W04000605,Bryn,Bryn,W06000012,Neath Port Talbot,Castell-nedd Port Talbot,11200
W04000300,Llanfechain,Llanfechain,W06000023,Powys,Powys,11201
W04000301,Llanfihangel,Llanfihangel,W06000023,Powys,Powys,11202
W04000302,Cwmdu and District,Cwm-du a’r Cylch,W06000023,Powys,Powys,11203
W04000303,Llanfihangel Rhydithon,Llanfihangel Rhydieithon,W06000023,Powys,Powys,11204
W04000304,Llanfrynach,Llanfrynach,W06000023,Powys,Powys,11205
W04000305,Llanfyllin,Llanfyllin,W06000023,Powys,Powys,11206
W04000306,Llangamarch,Llangamarch,W06000023,Powys,Powys,11207
W04000307,Llangattock,Llangatwg,W06000023,Powys,Powys,11208
W04000308,Llangedwyn,Llangedwyn,W06000023,Powys,Powys,11209
W04000309,Llangors,Llan-gors,W06000023,Powys,Powys,11210
W04000310,Llangunllo,Llangynllo,W06000023,Powys,Powys,11211
W04000311,Llangurig,Llangurig,W06000023,Powys,Powys,11212
W04000313,Llangyniew,Llangynyw,W06000023,Powys,Powys,11213
W04000314,Llangynog,Llangynog,W06000023,Powys,Powys,11214
W04000315,Llanidloes,Llanidloes,W06000023,Powys,Powys,11215
W04000316,Llanidloes Without,Llanidloes Allanol,W06000023,Powys,Powys,11216
W04000317,Llanigon,Llanigon,W06000023,Powys,Powys,11217
W04000318,Llanrhaeadr-ym-Mochnant,Llanrhaeadr-ym-Mochnant,W06000023,Powys,Powys,11218
W04000319,Llansantffraid,Llansanffraid,W06000023,Powys,Powys,11219
W04000320,Llansilin,Llansilin,W06000023,Powys,Powys,11220
W04000321,Llanwddyn,Llanwddyn,W06000023,Powys,Powys,11221
W04000322,Llanwrthwl,Llanwrthwl,W06000023,Powys,Powys,11222
W04000323,Llanwrtyd Wells,Llanwrtyd,W06000023,Powys,Powys,11223
W04000324,Llanyre,Llanllŷr,W06000023,Powys,Powys,11224
W04000325,Llywel,Llywel,W06000023,Powys,Powys,11225
W04000326,Machynlleth,Machynlleth,W06000023,Powys,Powys,11226
W04000327,Maescar,Maes-car,W06000023,Powys,Powys,11227
W04000328,Manafon,Manafon,W06000023,Powys,Powys,11228
W04000329,Meifod,Meifod,W06000023,Powys,Powys,11229
W04000330,Merthyr Cynog,Merthyr Cynog,W06000023,Powys,Powys,11230
W04000331,Mochdre with Penstrowed,Mochdre gyda Phenystrywaid,W06000023,Powys,Powys,11231
W04000332,Montgomery,Trefaldwyn,W06000023,Powys,Powys,11232
W04000333,Nantmel,Nantmel,W06000023,Powys,Powys,11233
W04000334,New Radnor,Maesyfed,W06000023,Powys,Powys,11234
W04000335,Newtown and Llanllwchaiarn,Y Drenewydd a Llanllwchaearn,W06000023,Powys,Powys,11235
W04000336,Old Radnor,Pencraig,W06000023,Powys,Powys,11236
W04000337,Painscastle,Castell-paen,W06000023,Powys,Powys,11237
W04000338,Penybont,Pen-y-bont,W06000023,Powys,Powys,11238
W04000339,Pen-y-Bont-Fawr,Pen-y-bont-fawr,W06000023,Powys,Powys,11239
W04000340,Presteigne,Llanandras,W06000023,Powys,Powys,11240
W04000341,Rhayader,Rhaeadr Gwy,W06000023,Powys,Powys,11241
W04000342,St. Harmon,Saint Harmon,W06000023,Powys,Powys,11242
W04000343,Talgarth,Talgarth,W06000023,Powys,Powys,11243
W04000345,Tawe-Uchaf,Tawe-Uchaf,W06000023,Powys,Powys,11244
W04000346,The Vale of Grwyney,Cwm Grwyne,W06000023,Powys,Powys,11245
W04000347,Trallong,Trallong,W06000023,Powys,Powys,11246
W04000348,Trefeglwys,Trefeglwys,W06000023,Powys,Powys,11247
W04000349,Treflys,Treflys,W06000023,Powys,Powys,11248
W04000350,Tregynon,Tregynon,W06000023,Powys,Powys,11249
W04000351,Trewern,Tre-wern,W06000023,Powys,Powys,11250
W04000352,Welshpool,Y Trallwng,W06000023,Powys,Powys,11251
W04000353,Whitton,Llanddewi yn Hwytyn,W06000023,Powys,Powys,11252
W04000354,Yscir,Ysgir,W06000023,Powys,Powys,11253
W04000355,Ystradfellte,Ystradfellte,W06000023,Powys,Powys,11254
W04000356,Ystradgynlais,Ystradgynlais,W06000023,Powys,Powys,11255
W04000879,Llangynidr,Llangynidr,W06000023,Powys,Powys,11256
W04000880,Talybont-on-Usk,Tal-y-bont ar Wysg,W06000023,Powys,Powys,11257
W04000713,Bedlinog,Bedlinog,W06000024,Merthyr Tydfil,Merthyr Tudful,11258
W04000714,Cyfarthfa,Cyfarthfa,W06000024,Merthyr Tydfil,Merthyr Tudful,11259
W04000715,Dowlais,Dowlais,W06000024,Merthyr Tydfil,Merthyr Tudful,11260
W04000716,Gurnos,Y Gurnos,W06000024,Merthyr Tydfil,Merthyr Tudful,11261
W04000717,Merthyr Vale,Ynys-wen,W06000024,Merthyr Tydfil,Merthyr Tudful,11262
W04000718,Pant,Pant,W06000024,Merthyr Tydfil,Merthyr Tudful,11263
W04000719,Park,Parc,W06000024,Merthyr Tydfil,Merthyr Tudful,11264
W04000720,Penydarren,Penydarren,W06000024,Merthyr Tydfil,Merthyr Tudful,11265
W04000721,Town,Y Dref,W06000024,Merthyr Tydfil,Merthyr Tudful,11266
W04000722,Treharris,Treharris,W06000024,Merthyr Tydfil,Merthyr Tudful,11267
W04000723,Troed-y-rhiw,Troed-y-rhiw,W06000024,Merthyr Tydfil,Merthyr Tudful,11268
W04000881,Vaynor,Y Faenor,W06000024,Merthyr Tydfil,Merthyr Tudful,11269
W04000822,Malpas,Malpas,W06000022,Newport,Casnewydd,11270
W04000823,Marshfield,Maerun,W06000022,Newport,Casnewydd,11271
W04000824,Michaelstone-y-Fedw,Llanfihangel-y-Fedw,W06000022,Newport,Casnewydd,11272
W04000825,Nash,Yr As Fach,W06000022,Newport,Casnewydd,11273
W04000826,Penhow,Pen-hw,W06000022,Newport,Casnewydd,11274
W04000828,Redwick,Redwick,W06000022,Newport,Casnewydd,11275
W04000829,Ringland,Ringland,W06000022,Newport,Casnewydd,11276
W04000831,St. Julians,Sain Silian,W06000022,Newport,Casnewydd,11277
W04000832,Shaftesbury,Shaftesbury,W06000022,Newport,Casnewydd,11278
W04000834,Tredegar Park,Parc Tredegar,W06000022,Newport,Casnewydd,11279
W04000835,Victoria,Victoria,W06000022,Newport,Casnewydd,11280
W04000836,Wentlooge,Gwynllŵg,W06000022,Newport,Casnewydd,11281
W04001047,Graig,Graig,W06000022,Newport,Casnewydd,11282
W04001048,Pillgwenlly,Pilgwenlli,W06000022,Newport,Casnewydd,11283
W04001049,Rogerstone,Tŷ-du,W06000022,Newport,Casnewydd,11284
W04001050,Stow Hill,Stow Hill,W06000022,Newport,Casnewydd,11285
W04000247,Abbey Cwmhir,Abaty Cwm-hir,W06000023,Powys,Powys,11286
W04000248,Aberedw,Aberedw,W06000023,Powys,Powys,11287
W04000249,Aberhafesp,Aberhafesb,W06000023,Powys,Powys,11288
W04000250,Banwy,Banwy,W06000023,Powys,Powys,11289
W04000251,Bausley with Criggion,Bausley gyda Chrugion,W06000023,Powys,Powys,11290
W04000252,Beguildy,Bugeildy,W06000023,Powys,Powys,11291
W04000253,Berriew,Aberriw,W06000023,Powys,Powys,11292
W04000254,Betws Cedewain,Betws Cedewain,W06000023,Powys,Powys,11293
W04000255,Brecon,Aberhonddu,W06000023,Powys,Powys,11294
W04000256,Bronllys,Bronllys,W06000023,Powys,Powys,11295
W04000257,Builth,Llanfair-ym-Muallt,W06000023,Powys,Powys,11296
W04000258,Cadfarch,Cadfarch,W06000023,Powys,Powys,11297
W04000259,Caersws,Caersŵs,W06000023,Powys,Powys,11298
W04000260,Carno,Carno,W06000023,Powys,Powys,11299
W04000261,Carreghofa,Carreghwfa,W06000023,Powys,Powys,11300
W04000262,Castle Caereinion,Castell Caereinion,W06000023,Powys,Powys,11301
W04000263,Churchstoke,Yr Ystog,W06000023,Powys,Powys,11302
W04000264,Cilmery,Cilmeri,W06000023,Powys,Powys,11303
W04000265,Clyro,Cleirwy,W06000023,Powys,Powys,11304
W04000266,Cray,Crai,W06000023,Powys,Powys,11305
W04000267,Crickhowell,Crughywel,W06000023,Powys,Powys,11306
W04000268,Disserth and Trecoed,Dyserth a Thre-coed,W06000023,Powys,Powys,11307
W04000269,Duhonw,Aberdunhonw,W06000023,Powys,Powys,11308
W04000270,Dwyriw,Dwyriw,W06000023,Powys,Powys,11309
W04000271,Erwood,Errwd,W06000023,Powys,Powys,11310
W04000272,Felin-fach,Felin-fâch,W06000023,Powys,Powys,11311
W04000273,Forden with Leighton and Trelystan,Ffordun gyda Tre'r-llai a Threlystan,W06000023,Powys,Powys,11312
W04000274,Gladestry,Llanfair Llythynwg,W06000023,Powys,Powys,11313
W04000275,Glantwymyn,Glantwymyn,W06000023,Powys,Powys,11314
W04000276,Glasbury,Y Clas-ar-wy,W06000023,Powys,Powys,11315
W04000277,Glascwm,Glasgwm,W06000023,Powys,Powys,11316
W04000278,Glyn Tarell,Glyn Tarell,W06000023,Powys,Powys,11317
W04000279,Guilsfield,Cegidfa,W06000023,Powys,Powys,11318
W04000280,Gwernyfed,Gwernyfed,W06000023,Powys,Powys,11319
W04000281,Hay,Y Gelli Gandryll,W06000023,Powys,Powys,11320
W04000282,Honddu Isaf,Honddu Isaf,W06000023,Powys,Powys,11321
W04000283,Kerry,Ceri,W06000023,Powys,Powys,11322
W04000284,Knighton,Tref-y-clawdd,W06000023,Powys,Powys,11323
W04000285,Llanafanfawr,Llanafan Fawr,W06000023,Powys,Powys,11324
W04000286,Llanbadarn Fawr,Llanbadarn Fawr,W06000023,Powys,Powys,11325
W04000287,Llanbadarn Fynydd,Llanbadarn Fynydd,W06000023,Powys,Powys,11326
W04000288,Llanbister,Llanbister,W06000023,Powys,Powys,11327
W04000289,Llanbrynmair,Llanbryn-mair,W06000023,Powys,Powys,11328
W04000290,Llanddew,Llan-ddew,W06000023,Powys,Powys,11329
W04000291,Llanddewi Ystradenny,Llanddewi Ystradenni,W06000023,Powys,Powys,11330
W04000292,Llandinam,Llandinam,W06000023,Powys,Powys,11331
W04000293,Llandrindod Wells,Llandrindod,W06000023,Powys,Powys,11332
W04000294,Llandrinio,Llandrinio,W06000023,Powys,Powys,11333
W04000295,Llandysilio,Llandysilio,W06000023,Powys,Powys,11334
W04000296,Abermule with Llandyssil,Aber-miwl gyda Llandysul,W06000023,Powys,Powys,11335
W04000297,Llanelwedd,Llanelwedd,W06000023,Powys,Powys,11336
W04000298,Llanerfyl,Llanerfyl,W06000023,Powys,Powys,11337
W04000299,Llanfair Caereinion,Llanfair Caereinion,W06000023,Powys,Powys,11338
