council_id,slug,name,website_url
32834,ab-kettleby-parish-council,Ab Kettleby Parish Council,
35091,abbas-and-templecombe-parish-council,Abbas and Templecombe Parish Council,
37185,abberley-parish-council,Abberley Parish Council,https://www.abberleyparish.org.uk
31654,abberton-parish-council,Abberton Parish Council,
31655,abbess-beauchamp-and-berners-roding-parish-council-1,Abbess Beauchamp and Berners Roding Parish Council,
31632,abbess-beauchamp-and-berners-roding-parish-council,"Abbess, Beauchamp and Berners Roding Parish Council",https://www.abbr-pc.gov.uk
33196,abbey-hill-parish-council,Abbey Hill Parish Council,
32081,abbeydore-bacton-group-parish-council,Abbeydore & Bacton Group Parish Council,
32215,abbeydore-and-bacton-group-parish-council,Abbeydore and Bacton Group Parish Council,https://abbeydoreandbacktongroup-pc.gov.uk/
35408,abbots-bickington-parish-council,Abbots Bickington Parish Council,
4782,abbots-bromley-parish-council,Abbots Bromley Parish Council,http://www.abbotsbromley.com/council
32317,abbots-langley-parish-council,Abbots Langley Parish Council,
30086,abbots-ripton-parish-council,Abbots Ripton Parish Council,https://www.abbotsripton-pc.gov.uk
6366,abbotskerswell,Abbotskerswell,
30982,abbotskerswell-parish-council,Abbotskerswell Parish Council,
30087,abbotsley-parish-council,Abbotsley Parish Council,https://www.abbotsleyparishcouncil.gov.uk
4943,abbotts-ann-parish-council,Abbotts Ann Parish Council,https://www.abbottsann-pc.gov.uk
6022,abdon-and-heath-parish-council,Abdon and Heath Parish Council,
35409,above-derw-parish-council,Above Derw Parish Council,
34120,abthorpe-parish-council,Abthorpe Parish Council,https://www.abthorpeparish.gov.uk
32944,aby-with-greenfield-parish-council,Aby with Greenfield Parish Council,
35410,acaster-selby-parish-council,Acaster Selby Parish Council,
6615,acklam-parish-meeting,Acklam (Parish Meeting),
34262,acklington-parish-council,Acklington Parish Council,
36644,ackworth-parish-council,Ackworth Parish Council,
5705,acle-parish-council,Acle Parish Council,
32566,acol-parish-council,Acol Parish Council,
34263,acomb-parish-council,Acomb Parish Council,
32082,aconbury-parish-meeting,Aconbury Parish Meeting,
32567,acrise-parish-council,Acrise Parish Council,
32083,acton-beauchamp-group-parish-council,Acton Beauchamp Group Parish Council,
30384,acton-bridge-parish-council,Acton Bridge Parish Council,
4813,acton-parish-council,Acton Parish Council,https://www.actonparishcouncil.gov.uk
36386,acton-round-parish-council,Acton Round Parish Council,
35153,acton-trussell-and-bednall-parish-council,Acton Trussell and Bednall Parish Council,
34472,adderbury-parish-council,Adderbury Parish Council,https://www.adderburyparishcouncil.gov.uk
5847,adderley-parish-council,Adderley Parish Council,
34264,adderstone-with-lucker-parish-council,Adderstone with Lucker Parish Council,https://www.adderstonewithluckerparish.gov.uk
6710,addington-meeting,Addington (meeting),
30063,addington-meeting-parish-council,Addington (meeting) Parish Council,
5189,addington-parish-council,Addington Parish Council,https://www.addington-pc.gov.uk
4093,adisham,Adisham,https://www.adisham-pc.gov.uk
31797,adlestrop-parish-meeting,Adlestrop Parish Meeting,
30253,adlington-parish-council,Adlington Parish Council,https://www.adlington-pc.org.uk
36659,admington-parish-council,Admington Parish Council,https://admintonparishcouncil.co.uk
3753,adstock-parish-council,Adstock Parish Council,https://www.adstockparish.gov.uk
34121,adstone-parish-meeting,Adstone Parish Meeting,
6067,advent-parish-meeting,Advent Parish Meeting,
6944,adwick-on-dearne-parish-council,Adwick-on-Dearne Parish Council,
36387,agden-parish-council,Agden Parish Council,
32679,aighton-bailey-and-chaigley-parish-council,"Aighton, Bailey and Chaigley Parish Council",
30682,aikton-parish-council,Aikton Parish Council,
4563,ailsworth-parish-council,Ailsworth Parish Council,https://www.ailsworth-pc.gov.uk
35411,ainderby-miers-with-holtby-parish-council,Ainderby Miers with Holtby Parish Council,
6616,ainderby-quernhow-parish-meeting,Ainderby Quernhow (Parish Meeting),
30797,ainstable-parish-council,Ainstable Parish Council,https://www.ainstable-pc.gov.uk
34796,aintree-village-parish-council,Aintree Village Parish Council,
31303,airmyn-parish-council,Airmyn Parish Council,https://airmynpc.org.uk
4689,aislaby,Aislaby,https://www.aislabyparishcouncil.gov.uk
33523,aislaby-middleton-and-wrelton-parish-council,"Aislaby, Middleton and Wrelton Parish Council",
35412,akebar-parish-council,Akebar Parish Council,
3754,akeley-parish-council,Akeley Parish Council,https://www.akeleyparishcouncil.gov.uk
6770,akenham-parish-meeting,Akenham Parish Meeting,
37052,albourne-parish-council,Albourne Parish Council,https://www.albourne-pc.gov.uk
4343,albrighton-donington-parish-council,Albrighton & Donington Parish Council,https://www.albrightondonington-pc.gov.uk
34820,albrighton-parish-council,Albrighton Parish Council,
6234,alburgh-parish-council,Alburgh Parish Council,
32268,albury-parish-council,Albury Parish Council,
33211,alby-with-thwaite-parish-council,Alby with Thwaite Parish Council,
36660,alcester-town-council,Alcester Town Council,
6721,alciston-parish-meeting,Alciston Parish Meeting,
30088,alconbury-parish-council,Alconbury Parish Council,https://www.alconburyparishcouncil.gov.uk
30089,alconbury-weston-parish-council,Alconbury Weston Parish Council,https://www.alconburyweston-pc.gov.uk
33417,aldborough-thurgarton-parish-council,Aldborough & Thurgarton Parish Council,
33212,aldborough-and-thurgarton-parish-council,Aldborough and Thurgarton Parish Council,https://www.aldboroughandthurgarton.gov.uk
4854,aldbourne-parish-council,Aldbourne Parish Council,https://www.aldbourne-pc.gov.uk
31304,aldbrough-parish-council,Aldbrough Parish Council,https://aldbroughparishcouncil.co.uk
4968,aldbrough-st-john,Aldbrough St John,https://www.aldbroughstjohnparishcouncil.gov.uk
33524,aldbrough-st-john-parish-council,Aldbrough St John Parish Council,https://www.aldbroughstjohnparishcouncil.gov.uk
32779,aldcliffe-with-stodday-parish-council,Aldcliffe-with-Stodday Parish Council,
4192,aldeby-parish-council,Aldeby Parish Council,https://www.aldebyparishcouncil.gov.uk
32318,aldenham-parish-council,Aldenham Parish Council,
4855,alderbury-parish-council,Alderbury Parish Council,https://www.alderburyparishcouncil.gov.uk
30254,alderley-edge-parish-council,Alderley Edge Parish Council,https://www.alderleyedge-pc.gov.uk
31864,alderley-parish-meeting,Alderley Parish Meeting,
36388,aldersey-parish-council,Aldersey Parish Council,
31916,alderton-parish-council,Alderton Parish Council,
30385,aldford-saighton-and-district-parish-council,Aldford Saighton and District Parish Council,
30462,aldford-and-saighton-parish-council,Aldford and Saighton Parish Council,
6039,aldham-parish-council,Aldham Parish Council,
30798,aldingham-parish-council,Aldingham Parish Council,https://www.aldinghamparishcouncil.gov.uk
4072,aldington-bonnington,Aldington & Bonnington,https://www.aldingtonandbonnington-pc.gov.uk
32463,aldington-bonnington-parish-council,Aldington & Bonnington Parish Council,https://www.aldingtonandbonnington-pc.gov.uk
32568,aldington-parish-council,Aldington Parish Council,
5739,aldwark-area,Aldwark Area,
33525,aldwark-area-parish-council,Aldwark Area Parish Council,
36947,aldworth-parish-council,Aldworth Parish Council,https://www.aldworth-pc.gov.uk
35320,alfold-parish-council,Alfold Parish Council,
32947,alford-parish-council,Alford Parish Council,
33499,alkborough-parish-council,Alkborough Parish Council,
32526,alkham-parish-council,Alkham Parish Council,https://www.alkhamparishcouncil.org.uk
31865,alkington-parish-council,Alkington Parish Council,https://www.alkingtonparishcouncil.gov.uk
5368,all-cannings-parish-council,All Cannings Parish Council,https://www.allcannings-pc.gov.uk
34265,allendale-parish-council,Allendale Parish Council,
32084,allensmore-parish-council,Allensmore Parish Council,
4394,aller-parish-council,Aller Parish Council,https://www.allerparishcouncil.org/
33916,allerston-parish-council,Allerston Parish Council,
33526,allerston-and-wilton-parish-council,Allerston and Wilton Parish Council,
6618,allerton-mauleverer-with-hopperton-parish-meeting,Allerton Mauleverer with Hopperton (Parish Meeting),
30683,allhallows-parish-council,Allhallows Parish Council,https://www.allhallows-pc.gov.uk
5369,allington-parish-council-1,Allington Parish Council,https://www.allingtonboscombewilts-pc.gov.uk
5202,allington-parish-council,Allington Parish Council,https://www.allingtonpc.org.uk
30799,allithwaite-and-cartmel-parish-council,Allithwaite and Cartmel Parish Council,https://www.allithwaiteandcartmel-pc.gov.uk
30684,allonby-parish-council,Allonby Parish Council,https://www.allonby-pc.org.uk
30386,allostock-parish-council,Allostock Parish Council,
32085,almeley-parish-council,Almeley Parish Council,
4241,alne,Alne,https://www.alneparishcouncil.gov.uk
33527,alne-parish-council,Alne Parish Council,https://www.alneparishcouncil.gov.uk
34266,alnmouth-parish-council,Alnmouth Parish Council,
34267,alnwick-parish-council,Alnwick Parish Council,https://www.alnmouthparishcouncil.org.uk
31656,alphamstone-parish-council,Alphamstone Parish Council,
5043,alpheton-parish-council,Alpheton Parish Council,https://www.alphetonparish.gov.uk
33418,alpington-parish-council,Alpington Parish Council,
6235,alpington-with-yelverton-parish-council,Alpington with Yelverton Parish Council,
36389,alpraham-parish-council,Alpraham Parish Council,
30255,alpraham-and-calveley-community-council,Alpraham and Calveley Community Council,
31657,alresford-parish-council,Alresford Parish Council,
4462,alrewas-parish-council,Alrewas Parish Council,https://www.alrewasparishcouncil.gov.uk/
30256,alsager-town-council,Alsager Town Council,https://www.alsagertowncouncil.gov.uk
30800,alston-moor-parish-council,Alston Moor Parish Council,https://www.alstonmoorparish.gov.uk
4932,alstonefield-parish-council,Alstonefield Parish Council,http://www.alstonefield.org/community/parish-council/
5282,alstonefield-parish-council-1,Alstonefield Parish Council,http://www.alstonefield.org/community/parish-council/
3826,altarnun-parish-council,Altarnun Parish Council,https://www.altarnunparish.co.uk/
34122,althorp-parish-meeting,Althorp Parish Meeting,
4783,alton-parish-council-1,Alton Parish Council,http://www.altonstaffs.co.uk/community/parish-councils/
5370,alton-parish-council-2,Alton Parish Council,http://www.altonstaffs.co.uk/community/parish-councils/
5072,alton-parish-council,Alton Parish Council,http://www.altonstaffs.co.uk/community/parish-councils/
3595,alton-town-council,Alton Town Council,http://www.altonstaffs.co.uk/community/parish-councils/
30387,alvanley-parish-council,Alvanley Parish Council,
37236,alvechurch-parish-council,Alvechurch Parish Council,https://www.alvechurch.gov.uk
6774,alvediston-parish-meeting,Alvediston Parish Meeting,
34822,alveley-parish-council,Alveley Parish Council,
4344,alveley-and-romsley-parish-council,Alveley and Romsley Parish Council,https://www.alveleyandromsley-pc.gov.uk
35418,alverton-parish-council,Alverton Parish Council,
7033,alverton-and-kilvington-parish-meeting,Alverton and Kilvington Parish Meeting,
32949,alvingham-parish-council,Alvingham Parish Council,
31826,alvington-parish-council,Alvington Parish Council,
30090,alwalton-parish-council,Alwalton Parish Council,
34268,alwinton-parish-council,Alwinton Parish Council,https://www.alwintonparishcouncil.gov.uk
32784,alwoodley-parish-council,Alwoodley Parish Council,
37017,amberley-parish-council,Amberley Parish Council,
34269,amble-parish-council,Amble Parish Council,https://www.amble.gov.uk
34397,amble-by-the-sea-parish-council,Amble by the Sea Parish Council,
34473,ambrosden-parish-council,Ambrosden Parish Council,https://www.ambrosdenpc.org.uk
33500,amcotts-parish-council,Amcotts Parish Council,
3536,amersham-town-council,Amersham Town Council,https://www.amersham-tc.gov.uk
3720,amesbury-town-council,Amesbury Town Council,http://www.amesburytowncouncil.gov.uk
5209,amotherby,Amotherby,https://www.amotherby-pc.gov.uk
4242,ampleforth,Ampleforth,https://www.ampleforth-pc.gov.uk
31798,ampney-st-mary-parish-meeting,Ampney St Mary Parish Meeting,
4944,amport-parish-council,Amport Parish Council,https://www.amporthantsparishcouncil.gov.uk
30206,ampthill-parish-council,Ampthill Parish Council,
6200,ampton-little-livermere-timworth-parish-meeting,"Ampton, Little Livermere & Timworth Parish Meeting",
5660,ancaster-parish-council,Ancaster Parish Council,
34270,ancroft-parish-council,Ancroft Parish Council,https://www.ancroftparishcouncil.gov.uk
30388,anderton-with-marbury-parish-council,Anderton with Marbury Parish Council,
6066,andover-town-council,Andover Town Council,
4784,anglesey-parish-council,Anglesey Parish Council,https://www.angleseystaffs-pc.gov.uk/
37011,angmering-parish-council,Angmering Parish Council,https://www.angmering-pc.gov.uk
6971,angram-grange-parish-meeting,Angram Grange (Parish Meeting),
33323,anmer-parish-meeting,Anmer Parish Meeting,
34413,annesley-parish-council,Annesley Parish Council,
4734,ansford-parish-council,Ansford Parish Council,https://www.ansford-pc.gov.uk
32269,anstey-parish-council,Anstey Parish Council,
6516,ansty-parish-council,Ansty Parish Council,
33213,antingham-parish-council,Antingham Parish Council,
3827,antony-parish-council,Antony Parish Council,https://www.antonyparishcouncil.org.uk/
30389,antrobus-parish-council,Antrobus Parish Council,
32952,anwick-parish-council,Anwick Parish Council,
35421,apley-parish-council,Apley Parish Council,
30801,appleby-town-council,Appleby Town Council,https://www.applebytown.gov.uk
4946,appledore,Appledore,https://www.appledoreparishcouncil.gov.uk
32464,appledore-parish-council,Appledore Parish Council,https://www.appledoreparishcouncil.gov.uk
34550,appleford-parish-council,Appleford Parish Council,https://www.appleford-pc.gov.uk
6804,appleton-east-and-west-parish-meeting,Appleton East and West (Parish Meeting),
36655,appleton-parish-council,Appleton Parish Council,
33917,appleton-roebuck-parish-council,Appleton Roebuck Parish Council,
4243,appleton-roebuck-and-acaster-selby,Appleton Roebuck and Acaster Selby,https://www.appletonroebuckandacasterselby-pc.gov.uk
33532,appleton-wiske-parish-council,Appleton Wiske Parish Council,https://www.appletonwiske-pc.gov.uk
6240,appleton-le-moors,Appleton le Moors,
33530,appleton-le-moors-parish-council,Appleton le Moors Parish Council,
34551,appleton-with-eaton-parish-council,Appleton with Eaton Parish Council,https://www.appleton-eaton-pc.gov.uk
33918,appleton-le-moors-parish-council-1,Appleton-le-moors Parish Council,
33919,appleton-le-street-with-easthorpe-parish-council,Appleton-le-street with Easthorpe Parish Council,
33533,appletreewick-parish-council,Appletreewick Parish Council,
36390,archdeacon-newton-parish-council,Archdeacon Newton Parish Council,
30257,arclid-parish-council,Arclid Parish Council,https://www.arclidparishcouncil.gov.uk
32270,ardeley-parish-council,Ardeley Parish Council,
31659,ardleigh-parish-council,Ardleigh Parish Council,
34474,ardley-with-fewcott-parish-council,Ardley with Fewcott Parish Council,
4969,arkendale-coneythorpe-and-clareton,"Arkendale, Coneythorpe and Clareton",https://www.accpc.org.uk
6424,arkengarthdale,Arkengarthdale,
33535,arkengarthdale-parish-council,Arkengarthdale Parish Council,
5954,arkesden,Arkesden,
30229,arlesey-parish-council,Arlesey Parish Council,
31866,arlingham-parish-council,Arlingham Parish Council,
6835,arlington-parish-council,Arlington Parish Council,https://www.arlington-pc.gov.uk
4022,arlington-parish-council-1,Arlington Parish Council,https://www.arlington-pc.gov.uk
6285,armitage-with-handsacre-parish-council,Armitage with Handsacre Parish Council,
6485,armthorpe-parish-council,Armthorpe Parish Council,
34475,arncott-parish-council,Arncott Parish Council,
32835,arnesby-parish-council,Arnesby Parish Council,
30802,arnside-parish-council,Arnside Parish Council,https://www.arnsideparishcouncil.gov.uk
6621,arrathorne-parish-meeting,Arrathorne (Parish Meeting),
34123,arthingworth-parish-council,Arthingworth Parish Council,
30686,arthuret-parish-council,Arthuret Parish Council,https://www.arthuretparishcouncil.gov.uk
37012,arundel-town-council,Arundel Town Council,https://www.arundeltowncouncil.gov.uk
30803,asby-parish-council,Asby Parish Council,https://www.asbyparish.org.uk
34689,ascott-under-wychwood-parish-council-1,Ascott Under Wychwood Parish Council,https://www.ascottpc.org.uk
34553,ascott-under-wychwood-parish-council,Ascott-under-Wychwood Parish Council,
5211,asenby,Asenby,https://www.asenbyparish.gov.uk
32836,asfordby-parish-council,Asfordby Parish Council,
3642,ash-parish-council,Ash Parish Council,https://www.ashpcsomerset.com
36948,ashampstead-parish-council,Ashampstead Parish Council,https://www.ashampsteadpc.org.uk
5900,ashbocking-parish-council,Ashbocking Parish Council,
3574,ashbourne-town-council,Ashbourne Town Council,https://www.ashbournetowncouncil.gov.uk
6148,ashbrittle-parish-council,Ashbrittle Parish Council,
5942,ashburnham-and-penhurst-parish-council,Ashburnham and Penhurst Parish Council,
34555,ashbury-parish-council,Ashbury Parish Council,
34124,ashby-st-ledgers-parish-meeting,Ashby St Ledgers Parish Meeting,
4193,ashby-st-mary-parish-council,Ashby St Mary Parish Council,https://www.ashbystmaryparish.gov.uk
33419,ashby-st-mary-parish-council-1,Ashby St. Mary Parish Council,
32812,ashby-woulds-town-council,Ashby Woulds Town Council,https://www.ashbywouldstowncouncil.gov.uk
33489,ashby-cum-fenby-parish-council,Ashby cum Fenby Parish Council,
32811,ashby-de-la-zouch-town-council,Ashby de la Zouch Town Council,https://www.ashbytowncouncil.gov.uk
32954,ashby-with-scremby-parish-council,Ashby with Scremby Parish Council,
35424,ashby-de-la-zouch-parish-council,Ashby-de-la-zouch Parish Council,
31917,ashchurch-rural-parish-council,Ashchurch Rural Parish Council,https://www.ashchurchruralpc.org.uk
3532,ashcott-parish-council,Ashcott Parish Council,http://ashcott.net/publicserviceslocalgovernmentparishcouncil/
5510,ashendon-parish-council,Ashendon Parish Council,
4509,ashfield-cum-thorpe-parish-council,Ashfield cum Thorpe Parish Council,https://www.ashfieldcumthorpe-pc.gov.uk
36391,ashford-bowdler-parish-council,Ashford Bowdler Parish Council,
5849,ashford-carbonel-parish-council,Ashford Carbonel Parish Council,
3968,ashford-in-the-water-parish-council,Ashford In The Water Parish Council,https://www.ashford-in-the-water-pc.gov.uk
6836,ashford-parish-council,Ashford Parish Council,
4871,ashill-parish-council-1,Ashill Parish Council,https://www.ashillpc.org.uk/
37018,ashington-parish-council,Ashington Parish Council,https://www.ashingtonpc.org.uk
31918,ashleworth-parish-council,Ashleworth Parish Council,
5511,ashley-green-parish-council,Ashley Green Parish Council,
30258,ashley-parish-council,Ashley Parish Council,
6830,ashley-parish-meeting,Ashley Parish Meeting,
33214,ashmanhaugh-parish-council,Ashmanhaugh Parish Council,https://www.ashmanhaughparishcouncil.gov.uk
4642,ashmansworth-parish-council,Ashmansworth Parish Council,https://www.ashmansworth-pc.org.uk
31120,ashmore-parish-council,Ashmore Parish Council,
4007,ashover-parish-council,Ashover Parish Council,https://www.ashover-pc.gov.uk
32086,ashperton-parish-council,Ashperton Parish Council,
30390,ashton-hayes-horton-cum-peel-parish-council,Ashton Hayes & Horton-cum Peel Parish Council,
30463,ashton-hayes-and-horton-cum-peel-parish-council,Ashton Hayes and Horton-cum-peel Parish Council,
5371,ashton-keynes-parish-council,Ashton Keynes Parish Council,https://www.akpc.org.uk
37298,ashton-under-hill-parish-council,Ashton under Hill Parish Council,https://ashtonunderhill.org.uk/
32009,ashurst-colbury-parish-council,Ashurst & Colbury Parish Council,https://www.ashurstandcolbury-pc.gov.uk
37108,ashurst-wood-parish-council,Ashurst Wood Parish Council,
37055,ashurst-wood-village-council,Ashurst Wood Village Council,https://www.ashurstwood-vc.gov.uk
32046,ashurst-and-colbury-parish-council,Ashurst and Colbury Parish Council,
4194,ashwellthorpe-fundenhall-parish-council,Ashwellthorpe & Fundenhall Parish Council,https://www.ashwellthorpeandfundenhall-pc.gov.uk
33420,ashwellthorpe-and-fundenhall-parish-council,Ashwellthorpe and Fundenhall Parish Council,
5018,ashwick-parish-council,Ashwick Parish Council,https://www.ashwickparish.org
6972,aske-parish-meeting,Aske (Parish Meeting),
3718,askern-town-council,Askern Town Council,https://www.askerntowncouncil.gov.uk
31121,askerswell-parish-council,Askerswell Parish Council,
30805,askham-parish-council,Askham Parish Council,
33921,askrigg-parish-council,Askrigg Parish Council,
4970,askrigg-and-low-abbotside,Askrigg and Low Abbotside,https://www.askriggandlowabbotside-pc.gov.uk
5661,aslackby-laughton-parish-council,Aslackby & Laughton Parish Council,
4956,aslacton-parish-council,Aslacton Parish Council,https://www.aslactonparishcouncil.gov.uk
5248,aslockton-parish-council,Aslockton Parish Council,https://www.aslockton-pc.org.uk
32271,aspenden-parish-council,Aspenden Parish Council,https://www.aspendenpc.org.uk
30230,aspley-guise-parish-council,Aspley Guise Parish Council,
30231,aspley-heath-parish-council,Aspley Heath Parish Council,
4488,assington-parish-council,Assington Parish Council,https://www.assington-pc.gov.uk
32956,asterby-parish-council,Asterby Parish Council,
34556,asthall-parish-council,Asthall Parish Council,
4715,astley-parish-council,Astley Parish Council,https://www.astleyshropshireparishcouncil.gov.uk
5062,aston-abbotts-parish-council,Aston Abbotts Parish Council,https://www.astonabbotts-pc.gov.uk
5512,aston-clinton-parish-council,Aston Clinton Parish Council,
32839,aston-flamville-parish-council,Aston Flamville Parish Council,
32272,aston-parish-council,Aston Parish Council,
34557,aston-tirrold-aston-upthorpe-parish-counci-parish-council,Aston Tirrold & Aston Upthorpe Parish Counci Parish Council,
34558,aston-tirrold-and-aston-upthorpe-parish-council,Aston Tirrold and Aston Upthorpe Parish Council,
30259,aston-by-budworth-parish-council,Aston by Budworth Parish Council,
30363,aston-juxta-mondrum-parish-council,Aston juxta Mondrum Parish Council,
34125,aston-le-walls-parish-council,Aston le Walls Parish Council,https://www.astonlewallsparishcouncil.gov.uk
31800,aston-sub-edge-parish-meeting,Aston-sub-Edge Parish Meeting,
36393,astwick-parish-council,Astwick Parish Council,
32957,aswarby-and-swarby-parish-council,Aswarby and Swarby Parish Council,
4345,atcham-parish-council,Atcham Parish Council,https://www.atchamparishcouncil.gov.uk
31122,athelhampton-and-puddletown-parish-council,Athelhampton and Puddletown Parish Council,
6837,atherington-parish-council,Atherington Parish Council,
36763,atherstone-parish-council,Atherstone Parish Council,https://www.atherstone-tc.gov.uk
36764,atherstone-on-stour-parish-council,Atherstone on Stour Parish Council,
6077,atlow-parish-meeting,Atlow (Parish Meeting),
3600,attleborough-town-council,Attleborough Town Council,https://www.attleboroughtc.org.uk
31308,atwick-parish-council,Atwick Parish Council,
6517,atworth-parish-council,Atworth Parish Council,
33188,aubourn-with-haddington-parish-council,Aubourn with Haddington Parish Council,
5277,auckley-parish-council,Auckley Parish Council,https://www.auckleyparishcouncil.gov.uk
30260,audlem-parish-council,Audlem Parish Council,
35151,audley-parish-council,Audley Parish Council,https://www.audleyparishcouncil.gov.uk
4786,audley-rural-parish-council,Audley Rural Parish Council,https://audleyparishcouncil.gov.uk/
32661,aughton-parish-council,Aughton Parish Council,
3960,ault-hucknall-parish-council,Ault Hucknall Parish Council,https://www.aulthucknallparishcouncil.gov.uk
6486,austerfield-parish-council,Austerfield Parish Council,
30364,austerson-parish-council,Austerson Parish Council,
36765,austrey-parish-council,Austrey Parish Council,
33538,austwick-parish-council,Austwick Parish Council,
5372,avebury-parish-council,Avebury Parish Council,https://www.aveburyparishcouncil.gov.uk
34414,averham-parish-council,Averham Parish Council,
6318,aveton-gifford-parish-council,Aveton Gifford Parish Council,
32072,awbridge-parish-council,Awbridge Parish Council,
3526,axbridge-town-council,Axbridge Town Council,https://www.axbridge-tc.gov.uk
31828,aylburton-parish-council,Aylburton Parish Council,https://www.aylburton-pc.gov.uk
3537,aylesbury-town-council,Aylesbury Town Council,https://www.aylesburytowncouncil.gov.uk
4668,aylesford-parish-council,Aylesford Parish Council,https://www.aylesford-pc.gov.uk
32527,aylesham-parish-council,Aylesham Parish Council,https://www.ayleshamparishcouncil.gov.uk
33215,aylmerton-parish-council,Aylmerton Parish Council,
32319,ayot-st-peter-parish-council,Ayot St Peter Parish Council,
33923,aysgarth-parish-council,Aysgarth Parish Council,
33539,aysgarth-and-district-parish-council,Aysgarth and District Parish Council,
4616,aythorpe-roding,Aythorpe Roding,https://www.aythorpe-pc.gov.uk
31665,aythorpe-roding-parish-council,Aythorpe Roding Parish Council,
4395,babcary-parish-council,Babcary Parish Council,https://www.babcaryparishcouncil.org.uk
34415,babworth-parish-council,Babworth Parish Council,
30472,bache-parish-council,Bache Parish Council,
30391,backford-parish-council,Backford Parish Council,
33510,backwell-parish-council,Backwell Parish Council,
36766,baddesley-clinton-parish-council,Baddesley Clinton Parish Council,
36767,baddesley-ensor-parish-council,Baddesley Ensor Parish Council,
30365,baddiley-parish-council,Baddiley Parish Council,
30366,baddington-parish-council,Baddington Parish Council,
4066,badger-farm-parish-council,Badger Farm Parish Council,https://www.badgerfarm-pc.gov.uk
6023,badger-parish-council,Badger Parish Council,
32410,badgers-mount-parish-council,Badgers Mount Parish Council,
31919,badgeworth-parish-council,Badgeworth Parish Council,https://www.badgeworthparishcouncil.gov.uk
4396,badgworth-parish-council,Badgworth Parish Council,https://www.badgworth-pc.gov.uk
6815,badley-parish-meeting,Badley Parish Meeting,
33925,bagby-parish-council,Bagby Parish Council,
5212,bagby-and-balk,Bagby and Balk,https://www.bagbyandbalk-pc.gov.uk
33541,bagby-and-balk-parish-council,Bagby and Balk Parish Council,https://www.bagbyandbalk-pc.gov.uk
36768,baginton-parish-council,Baginton Parish Council,
5035,bagnall-parish-council-1,Bagnall Parish Council,http://bagnallparishcouncil.org.uk/
33324,bagthorpe-with-barmer-parish-meeting,Bagthorpe with Barmer Parish Meeting,
32793,bagworth-thornton-parish-council,Bagworth & Thornton Parish Council,https://www.bagworthandthornton-pc.gov.uk
6242,bainbridge,Bainbridge,
33542,bainbridge-parish-council,Bainbridge Parish Council,
31309,bainton-parish-council,Bainton Parish Council,
5063,bainton-and-ashton-parish-council,Bainton and Ashton Parish Council,https://www.baintonandashton-pc.gov.uk
3575,bakewell-town-council,Bakewell Town Council,https://www.bakewelltowncouncil.gov.uk
5213,baldersby,Baldersby,https://www.baldersby-pc.gov.uk
32684,balderstone-parish-council,Balderstone Parish Council,
6876,balderton-parish-council,Balderton Parish Council,
6211,ballidon-and-bradbourne-parish-council,Ballidon And Bradbourne Parish Council,
32248,ballingham-parish-council,Ballingham Parish Council,
32090,ballingham-bolstone-and-hentland-group-parish-council,"Ballingham, Bolstone and Hentland Group Parish Council",
33544,balne-parish-council,Balne Parish Council,
35154,balterley-parish-council,Balterley Parish Council,
34271,bamburgh-parish-council,Bamburgh Parish Council,
4931,bamford-with-thornhill-parish-council,Bamford with Thornhill Parish Council,https://www.bamfordwiththornhill-pc.gov.uk
34692,bampton-parish-council,Bampton Parish Council,https://www.bamptonoxon-parishcouncil.gov.uk
34476,banbury-town-council,Banbury Town Council,https://www.banbury.gov.uk
30806,bandleyside-parish-council,Bandleyside Parish Council,
5677,banham-parish-council,Banham Parish Council,
6622,bank-newton-parish-meeting,Bank Newton (Parish Meeting),
33511,banwell-parish-council,Banwell Parish Council,
32570,bapchild-parish-council,Bapchild Parish Council,
30807,barbon-parish-council,Barbon Parish Council,
37004,barby-parish-council,Barby Parish Council,
34128,barby-and-onley-parish-council,Barby and Onley Parish Council,
36769,barcheston-willington-parish-council,Barcheston & Willington Parish Council,
5950,barcombe-parish-council-1,Barcombe Parish Council,
6623,barden-parish-meeting,Barden (Parish Meeting),
34272,bardon-mill-parish-council,Bardon Mill Parish Council,https://www.bardonmillparishcouncil.gov.uk
32788,bardsey-cum-rigton-parish-council,Bardsey cum Rigton Parish Council,
4823,bardwell-parish-council,Bardwell Parish Council,https://www.bardwell-pc.gov.uk
4957,barford-wramplingham-parish-council,Barford & Wramplingham Parish Council,https://www.barford-pc.gov.uk
33421,barford-parish-council,Barford Parish Council,
34477,barford-st-john-and-barford-st-michael-parish-council,Barford St John and Barford St Michael Parish Council,https://www.barfords-pc.gov.uk
6518,barford-st-martin,Barford St Martin,
37146,barford-st-martin-parish-council,Barford St Martin Parish Council,
37158,barford-st-martin-parish-council-1,Barford St. Martin Parish Council,
36770,barford-sherbourne-wasperton-parish-council,"Barford, Sherbourne & Wasperton Parish Council",
4094,barham,Barham,https://www.barhamparishcouncil.gov.uk
4511,barham-parish-council,Barham Parish Council,https://www.barhamparish.gov.uk
6098,barholm-stowe-parish-meeting,Barholm & Stowe Parish Meeting,
36394,barkby-thorpe-parish-council,Barkby Thorpe Parish Council,
37183,barkham-parish-council,Barkham Parish Council,
4512,barking-parish-council,Barking Parish Council,https://www.barkingparishcouncil.gov.uk
4244,barkston-ash,Barkston Ash,https://www.barkstonashparishcouncil.gov.uk
32320,barkway-parish-council,Barkway Parish Council,
4463,barlaston-parish-council,Barlaston Parish Council,https://barlastonparishcouncil.gov.uk/
36395,barlavington-parish-council,Barlavington Parish Council,
5932,barlborough-parish-council,Barlborough Parish Council,
33926,barlby-with-osgodby-parish-council,Barlby with Osgodby Parish Council,
32321,barley-parish-council,Barley Parish Council,
32685,barley-with-wheatley-booth-parish-council,Barley-with-wheatley Booth Parish Council,
4245,barlow,Barlow,https://www.barlowparishcouncil.gov.uk
5613,barlow-parish-council,Barlow Parish Council,
31448,barmston-and-fraisthorpe-parish-council,Barmston And Fraisthorpe Parish Council,
31312,barmston-parish-council,Barmston Parish Council,
3822,barnack-parish-council,Barnack Parish Council,https://www.barnack-pc.gov.uk
30545,barnard-castle-town-council,Barnard Castle Town Council,https://www.barnardcastletowncouncil.gov.uk
7064,barnardiston-parish-meeting,Barnardiston Parish Meeting,
6945,barnburgh-and-harlington-parish-council,Barnburgh and Harlington Parish Council,
6797,barnby-dun-with-kirk-sandall-parish-council,Barnby Dun with Kirk Sandall Parish Council,
34416,barnby-moor-parish-council,Barnby Moor Parish Council,
35184,barnby-parish-council,Barnby Parish Council,
6877,barnby-in-the-willows-parish-council,Barnby in the Willows Parish Council,
33501,barnetby-le-wold-parish-council,Barnetby le Wold Parish Council,
5716,barnham-broom-parish-council,Barnham Broom Parish Council,
4824,barnham-parish-council,Barnham Parish Council,https://www.barnham-pc.gov.uk
37077,barnham-and-eastergate-parish-council,Barnham and Eastergate Parish Council,
4825,barningham-parish-council,Barningham Parish Council,https://www.barningham-pc.gov.uk
32687,barnoldswick-parish-council,Barnoldswick Parish Council,
31801,barnsley-parish-meeting,Barnsley Parish Meeting,
6817,barnstaple-town-council,Barnstaple Town Council,
5956,barnston,Barnston,
37237,barnt-green-parish-council,Barnt Green Parish Council,https://www.barntgreenparishcouncil.gov.uk
30392,barnton-parish-council,Barnton Parish Council,
34035,barnwell-parish-council,Barnwell Parish Council,https://www.barnwellparishcouncil.org.uk
4735,barrington-parish-council,Barrington Parish Council,https://barrington-pc.gov.uk
4346,barrow-parish-council,Barrow Parish Council,https://www.barrowparish.gov.uk
4826,barrow-cum-denham-parish-council,Barrow cum Denham Parish Council,https://www.barrowcumdenham-pc.gov.uk
33502,barrow-upon-humber-parish-council,Barrow upon Humber Parish Council,
33218,barsham-with-houghton-st-giles-parish-council,Barsham with Houghton St Giles Parish Council,
32249,bartestree-parish-council,Bartestree Parish Council,
32218,bartestree-with-lugwardine-group-parish-council,Bartestree with Lugwardine Group Parish Council,
30261,barthomley-parish-council,Barthomley Parish Council,
6244,barton,Barton,
30808,barton-pooley-bridge-parish-council,Barton & Pooley Bridge Parish Council,https://www.bartonandpooleybridge-pc.gov.uk
33325,barton-bendish-parish-council,Barton Bendish Parish Council,
33547,barton-parish-council,Barton Parish Council,
34036,barton-seagrave-parish-council,Barton Seagrave Parish Council,https://www.bartonseagrave-pc.gov.uk
4736,barton-st-david-parish-council,Barton St David Parish Council,https://bartonstdavidparish.gov.uk/
4945,barton-stacey-parish-council,Barton Stacey Parish Council,https://www.bartonstaceyparishcouncil.gov.uk
33422,barton-turf-parish-council,Barton Turf Parish Council,
33219,barton-turf-and-irstead-parish-council,Barton Turf and Irstead Parish Council,
6624,barton-le-street-parish-meeting,Barton le Street (Parish Meeting),
4464,barton-under-needwood-parish-council,Barton under Needwood Parish Council,http://www.bartonparishcouncil.org.uk/your-council/4589577349
30232,barton-le-clay-parish-council,Barton-le-Clay Parish Council,
35155,barton-under-needwood-parish-council-1,Barton-under-needwood Parish Council,
32795,barwell-parish-council,Barwell Parish Council,https://www.barwell-pc.org.uk
33326,barwick-parish-meeting,Barwick Parish Meeting,
4347,baschurch-parish-council,Baschurch Parish Council,https://www.baschurchpc.org.uk
36396,basford-parish-council,Basford Parish Council,
32689,bashall-eaves-parish-council,Bashall Eaves Parish Council,
6409,baston-parish-council,Baston Parish Council,
32369,batchworth-parish-council,Batchworth Parish Council,
4397,batcombe-parish-council,Batcombe Parish Council,http://www.batcombe-parish-council-somerset.org.uk/
35094,bathampton-parish-council,Bathampton Parish Council,
5878,bathealton-parish-council,Bathealton Parish Council,
36397,batherton-parish-council,Batherton Parish Council,
35096,bathford-parish-council,Bathford Parish Council,
4816,battisford-parish-council,Battisford Parish Council,https://www.battisford-pc.gov.uk
3585,battle-town-council,Battle Town Council,https://www.battletowncouncil.gov.uk
36398,battlesden-parish-council,Battlesden Parish Council,
4643,baughurst-parish-council,Baughurst Parish Council,https://www.baughurst-pc.gov.uk
34638,baulking-parish-meeting,Baulking Parish Meeting,
34273,bavington-parish-council,Bavington Parish Council,
5717,bawburgh-parish-council,Bawburgh Parish Council,
4117,bawdeswell-parish-council,Bawdeswell Parish Council,https://www.bawdeswell.norfolkparishes.gov.uk
3644,bawdrip-parish-council,Bawdrip Parish Council,https://www.bawdrip.org.uk/
33327,bawsey-parish-meeting,Bawsey Parish Meeting,
3719,bawtry-town-council,Bawtry Town Council,https://www.bawtrytowncouncil.gov.uk
6519,baydon-parish-council,Baydon Parish Council,
32273,bayford-parish-council,Bayford Parish Council,
5053,baylham-parish-council,Baylham Parish Council,https://www.baylham-pc.gov.uk
4348,bayston-hill-parish-council,Bayston Hill Parish Council,https://www.baystonhillparishcouncil.org.uk
5513,beachampton-parish-council,Beachampton Parish Council,
3538,beaconsfield-town-council,Beaconsfield Town Council,https://www.beaconsfieldtowncouncil.gov.uk
5745,beadlam,Beadlam,
34274,beadnell-parish-council,Beadnell Parish Council,https://www.beadnellparishcouncil.gov.uk
31023,beaford-parish-council,Beaford Parish Council,
4246,beal,Beal,https://www.bealparishcouncil.gov.uk
33550,beal-parish-council,Beal Parish Council,https://www.bealparishcouncil.gov.uk
31123,beaminster-town-council,Beaminster Town Council,
6625,beamsley-parish-meeting,Beamsley (Parish Meeting),
32571,bean-parish-council,Bean Parish Council,
32377,bearsted-parish-council,Bearsted Parish Council,https://www.bearstedparishcouncil.gov.uk
36773,beaudesert-henley-in-arden-parish-council,Beaudesert & Henley in Arden Parish Council,
36918,beaudesert-parish-council,Beaudesert Parish Council,
36774,beausale-haseley-honiley-wroxall-parish-council,"Beausale, Haseley, Honiley & Wroxall Parish Council",
36919,beausale-haseley-honiley-and-wroxall-parish-council,"Beausale, Haseley, Honiley and Wroxall Parish Council",
6095,beauworth-parish-meeting,Beauworth Parish Meeting,
6345,beaworthy-parish-council,Beaworthy Parish Council,
35187,beccles-parish-council,Beccles Parish Council,
4555,beck-row-holywell-row-and-kenny-hill-parish-council,"Beck Row, Holywell Row, and Kenny Hill Parish Council",https://www.beckrowparish.gov.uk
5851,beckbury-parish-council,Beckbury Parish Council,
30679,beckermet-parish-council,Beckermet Parish Council,
33220,beckham-east-west-parish-council,Beckham (East & West) Parish Council,
3732,beckington-parish-council,Beckington Parish Council,http://www.beckingtonparishcouncil.org.uk/
34559,beckley-and-stowood-parish-council,Beckley And Stowood Parish Council,https://www.beckley-and-stowood-pc.gov.uk
33930,beckwithshaw-parish-council,Beckwithshaw Parish Council,
4247,bedale,Bedale,https://www.bedale-tc.gov.uk
33551,bedale-parish-council,Bedale Parish Council,https://www.bedale-tc.gov.uk
4513,bedfield-parish-council,Bedfield Parish Council,https://www.bedfieldparishcouncil.gov.uk
5901,bedingfield-parish-council,Bedingfield Parish Council,
6110,bedingham-parish-meeting,Bedingham Parish Meeting,
36399,bedstone-parish-council,Bedstone Parish Council,
5852,bedstone-and-bucknell-parish-council,Bedstone and Bucknell Parish Council,
36950,beech-hill-parish-council,Beech Hill Parish Council,
6520,beechingstoke-parish-council,Beechingstoke Parish Council,
31313,beeford-parish-council,Beeford Parish Council,
5879,beercrocombe-parish-council,Beercrocombe Parish Council,
32965,beesby-with-saleby-parish-council,Beesby with Saleby Parish Council,
30393,beeston-parish-council,Beeston Parish Council,
6800,beeston-st-andrew-parish-meeting,Beeston St Andrew Parish Meeting,
4119,beeston-with-bittering-parish-council,Beeston with Bittering Parish Council,https://www.beestonwithbittering-pc.gov.uk
4954,beetley-parish-council,Beetley Parish Council,https://www.beetleyparish.gov.uk
34478,begbroke-parish-council,Begbroke Parish Council,https://www.begbrokepc.org.uk
5706,beighton-moulton-st-mary-parish-council,Beighton (Moulton St Mary) Parish Council,
33423,beighton-parish-council,Beighton Parish Council,
5188,bekesbourne-with-patrixbourne,Bekesbourne with Patrixbourne,https://www.bekesbournewithpatrixbourneparishcouncil.gov.uk
32503,bekesbourne-with-patrixbourne-parish-council,Bekesbourne with Patrixbourne Parish Council,https://www.bekesbournewithpatrixbourneparishcouncil.gov.uk
6104,belaugh-parish-meeting,Belaugh Parish Meeting,
31670,belchamp-st-paul-parish-council,Belchamp St Paul Parish Council,
34275,belford-parish-council,Belford Parish Council,
4248,bellerby,Bellerby,https://www.bellerby-pc.gov.uk
33552,bellerby-parish-council,Bellerby Parish Council,https://www.bellerby-pc.gov.uk
34276,bellingham-parish-council,Bellingham Parish Council,https://www.bellinghamparishcouncil.gov.uk
30551,belmont-parish-council,Belmont Parish Council,
32092,belmont-rural-parish-council,Belmont Rural Parish Council,
5885,belstead-parish-council,Belstead Parish Council,
33424,belton-with-browston-parish-council,Belton with Browston Parish Council,
34037,benefield-parish-council,Benefield Parish Council,https://www.benefieldparishcouncil.gov.uk
32440,benenden-parish-council,Benenden Parish Council,https://www.benendenparishcouncil.gov.uk
32274,bengeo-rural-parish-council,Bengeo Rural Parish Council,https://www.bengeoruralparishcouncil.gov.uk
35190,benhall-parish-council,Benhall Parish Council,
6973,beningbrough-parish-meeting,Beningbrough (Parish Meeting),
32968,benniworth-parish-council,Benniworth Parish Council,
34560,benson-parish-council,Benson Parish Council,https://www.bensonpc.org.uk
5746,bentham,Bentham,
4060,bentley-parish-council,Bentley Parish Council,https://www.bentleysuffolkparishcouncil.gov.uk
4489,bentley-parish-council-1,Bentley Parish Council,https://www.bentleysuffolkparishcouncil.gov.uk
5977,bentworth-parish-council,Bentworth Parish Council,
31672,berden-parish-council,Berden Parish Council,
4590,bere-ferrers-parish-council,Bere Ferrers Parish Council,https://www.bereferrersparishcouncil.gov.uk
31125,bere-regis-parish-council,Bere Regis Parish Council,
34561,berinsfield-parish-council,Berinsfield Parish Council,https://www.Berinsfield-pc.gov.uk
31867,berkeley-town-council,Berkeley Town Council,https://www.berkeley-tc.gov.uk
6192,berkley-parish-council,Berkley Parish Council,
5283,berkswich-parish-council,Berkswich Parish Council,https://berkswich-pc.gov.uk/
34562,berrick-salome-parish-council,Berrick Salome Parish Council,https://www.berricksalome-pc.gov.uk
5013,berrington-parish-council,Berrington Parish Council,https://www.berringtonparishcouncil.gov.uk
5506,berrow-parish-council,Berrow Parish Council,
3755,berryfields-parish-council,Berryfields Parish Council,https://www.berryfields-pc.gov.uk
5075,berrynarbor-parish-council,Berrynarbor Parish Council,https://www.berrynarborparishcouncil.org.uk
6521,berwick-bassett-and-winterbourne-monkton-joint-parish-council,Berwick Bassett and Winterbourne Monkton Joint Parish Council,
4025,berwick-parish-council,Berwick Parish Council,https://www.berwickparishcouncil.gov.uk
6775,berwick-st-james-parish-meeting,Berwick St James Parish Meeting,
5373,berwick-st-john-parish-council,Berwick St John Parish Council,http://www.berwickstjohnparishcouncil.org/
6776,berwick-st-leonard-parish-meeting,Berwick St Leonard Parish Meeting,
37159,berwick-st-james-parish-council,Berwick St. James Parish Council,
37160,berwick-st-john-parish-council-1,Berwick St. John Parish Council,
34399,berwick-upon-tweed-parish-council,Berwick-upon-Tweed Parish Council,
34639,besselsleigh-parish-meeting,Besselsleigh Parish Meeting,
4120,besthorpe-parish-council,Besthorpe Parish Council,https://www.besthorpeparishcouncil.gov.uk
7034,besthorpe-parish-meeting,Besthorpe Parish Meeting,
5012,bestwood-village-parish-council,Bestwood Village Parish Council,https://www.bestwoodvillageparishcouncil.gov.uk
30262,betchton-parish-council,Betchton Parish Council,https://www.betchtonpc.org.uk
35345,betchworth-parish-council,Betchworth Parish Council,
4073,bethersden,Bethersden,https://www.bethersden-pc.gov.uk
35156,betley-parish-council,Betley Parish Council,
6829,betley-balterley-and-wrinehill-parish-council,"Betley, Balterley and Wrinehill Parish Council",https://www.betleybalterleywrinehillparishcouncil.gov.uk
37255,bewdley-parish-council,Bewdley Parish Council,
4249,bewerley,Bewerley,https://www.bewerleyparishcouncil.gov.uk
33554,bewerley-parish-council,Bewerley Parish Council,https://www.bewerleyparishcouncil.gov.uk
31317,bewholme-parish-council,Bewholme Parish Council,
32563,bex-ratchford-oare-parish-council,Bex Ratchford - Oare Parish Council,https://www.oareparishcouncil.gov.uk
31629,bexhill-on-sea-parish-council,Bexhill-on-sea Parish Council,
4514,beyton-parish-council,Beyton Parish Council,https://www.beyton-pc.gov.uk
34479,bicester-town-council,Bicester Town Council,https://www.bicester.gov.uk
32969,bicker-parish-council,Bicker Parish Council,
30263,bickerton-egerton-parish-council,Bickerton & Egerton Parish Council,
30367,bickerton-parish-council,Bickerton Parish Council,
30983,bickington-parish-council,Bickington Parish Council,
4588,bickleigh-parish-council,Bickleigh Parish Council,https://www.bickleigh.gov.uk
36403,bickmarsh-parish-council,Bickmarsh Parish Council,
4738,bicknoller-parish-council,Bicknoller Parish Council,https://www.bicknoller.com
5853,bicton-parish-council,Bicton Parish Council,
32441,bidborough-parish-council,Bidborough Parish Council,https://www.bidboroughpc.org.uk
4074,biddenden,Biddenden,https://www.biddenden.gov.uk
5374,biddestone-slaughterford-parish-council,Biddestone & Slaughterford Parish Council,https://www.biddestoneslaughterford-pc.gov.uk
34401,biddlestone-parish-council,Biddlestone Parish Council,
3626,biddulph-town-council-1,Biddulph Town Council,https://biddulph.co.uk/
36776,bidford-on-avon-parish-council-1,Bidford on Avon Parish Council,
36670,bidford-on-avon-parish-council,Bidford-on-Avon Parish Council,
31318,bielby-parish-council,Bielby Parish Council,
5514,bierton-parish-council,Bierton Parish Council,
32970,bigby-parish-council,Bigby Parish Council,
6245,biggin,Biggin,
6601,biggin-by-hulland-parish-meeting,Biggin By Hulland (Parish Meeting),
33555,biggin-parish-council,Biggin Parish Council,
30233,biggleswade-parish-council,Biggleswade Parish Council,
36404,bignor-parish-council,Bignor Parish Council,
6003,bilbrough,Bilbrough,
33556,bilbrough-parish-council,Bilbrough Parish Council,
5044,bildeston-parish-council,Bildeston Parish Council,https://www.bildeston.suffolk.gov.uk
31673,billericay-parish-council,Billericay Parish Council,
32842,billesdon-parish-council,Billesdon Parish Council,
36671,billesley-parish-meeting,Billesley Parish Meeting,
35167,billingham-parish-council,Billingham Parish Council,
30001,billingley-parish-council,Billingley Parish Council,
37020,billingshurst-parish-council,Billingshurst Parish Council,https://www.billingshurst.gov.uk
30234,billington-parish-council,Billington Parish Council,
32972,bilsby-parish-council,Bilsby Parish Council,
4250,bilsdale-midcable,Bilsdale Midcable,https://www.bilsdale-pc.gov.uk
33557,bilsdale-midcable-parish-council,Bilsdale Midcable Parish Council,https://www.bilsdale-pc.gov.uk
4075,bilsington,Bilsington,https://www.bilsington-pc.gov.uk
32467,bilsington-parish-council,Bilsington Parish Council,https://www.bilsington-pc.gov.uk
4971,bilton-in-ainsty-with-bickerton,Bilton in Ainsty with Bickerton,https://www.biltoninainstywithbickerton-pc.gov.uk
33931,bilton-in-ainsty-with-bickerton-parish-council-1,Bilton-in-ainsty with Bickerton Parish Council,
4398,binegar-parish-council,Binegar Parish Council,https://www.binegar-pc.org.uk
34563,binfield-heath-parish-council,Binfield Heath Parish Council,
4898,bingham-town-council,Bingham Town Council,https://www.bingham-tc.gov.uk
30060,bingley-parish-council,Bingley Parish Council,
33425,binham-parish-council,Binham Parish Council,
36777,binley-woods-parish-council,Binley Woods Parish Council,
4061,binsted-parish-council,Binsted Parish Council,https://www.binstedparishcouncil.org.uk
31674,birch-parish-council,Birch Parish Council,
33328,bircham-parish-council,Bircham Parish Council,
4617,birchanger,Birchanger,https://www.birchangerpc.org.uk
32573,birchington-parish-council,Birchington Parish Council,
36656,birchwood-parish-council,Birchwood Parish Council,
6626,birdforth-parish-meeting,Birdforth (Parish Meeting),
37111,birdham-parish-council,Birdham Parish Council,
31986,birdlip-parish-council,Birdlip Parish Council,
6709,birdsall,Birdsall,
33559,birdsall-parish-council,Birdsall Parish Council,
6117,birkby-parish-meeting,Birkby (Parish Meeting),
6733,birkin-parish-meeting,Birkin (Parish Meeting),
32093,birley-with-upper-hill-parish-council,Birley with Upper Hill Parish Council,
5190,birling-parish-council,Birling Parish Council,https://www.birlingparishcouncil.gov.uk
32932,birstall-parish-council,Birstall Parish Council,
5747,birstwith,Birstwith,
33560,birstwith-parish-council,Birstwith Parish Council,
34278,birtley-parish-council,Birtley Parish Council,
37189,birtsmorton-parish-council,Birtsmorton Parish Council,
5214,bishop-monkton,Bishop Monkton,https://www.bishopmonkton-pc.gov.uk
33561,bishop-monkton-parish-council,Bishop Monkton Parish Council,https://www.bishopmonkton-pc.gov.uk
32974,bishop-norton-parish-council,Bishop Norton Parish Council,
33562,bishop-thornton-and-shaw-mills-and-warsill-parish-council,Bishop Thornton and Shaw Mills and Warsill Parish Council,
3614,bishops-castle-town-council,Bishop's Castle Town Council,https://www.bishopscastletowncouncil.gov.uk
31128,bishops-caundle-parish-council,Bishop's Caundle Parish Council,
35129,bishops-lydeard-parish-council,Bishop's Lydeard Parish Council,
32276,bishops-stortford-town-council,Bishop's Stortford Town Council,https://www.bishopsstortfordtc.gov.uk
36920,bishops-tachbrook-parish-council-1,Bishop's Tachbrook Parish Council,
4067,bishops-waltham-parish-council,Bishop's Waltham Parish Council,https://www.bishopswaltham-pc.gov.uk
5375,bishops-cannings-parish-council,Bishops Cannings Parish Council,https://www.bishopscanningsparishcouncil.gov.uk
31920,bishops-cleeve-parish-council,Bishops Cleeve Parish Council,https://www.bishopscleeveparishcouncil.gov.uk
3733,bishops-hull-parish-council,Bishops Hull Parish Council,http://www.bishopshullparishcouncil.gov.uk
36673,bishops-itchington-parish-council,Bishops Itchington Parish Council,
4068,bishops-sutton-parish-council,Bishops Sutton Parish Council,https://www.bishopssuttonparishcouncil.gov.uk
6838,bishops-tawton-parish-council,Bishops Tawton Parish Council,
32504,bishopsbourne-parish-council,Bishopsbourne Parish Council,
5122,bishopsteignton,Bishopsteignton,https://www.bishopsteignton-pc.gov.uk
31999,bishopstoke-parish-council,Bishopstoke Parish Council,
5376,bishopstone-parish-council,Bishopstone Parish Council,https://www.bishopstone-pc.gov.uk
6777,bishopstrow-parish-meeting,Bishopstrow Parish Meeting,
37337,bishopthorpe-parish-council,Bishopthorpe Parish Council,
30920,bishopton-parish-council,Bishopton Parish Council,
35304,bisley-parish-council,Bisley Parish Council,
31868,bisley-with-lypiatt-parish-council,Bisley-with-Lypiatt Parish Council,https://www.bisley-with-lypiatt.gov.uk
32663,bispham-parish-meeting,Bispham Parish Meeting,
7020,bitchfield-bassingthorpe-parish-meeting,Bitchfield & Bassingthorpe Parish Meeting,
32975,bitchfield-and-bassingthorpe-parish-council,Bitchfield and Bassingthorpe Parish Council,
7000,bittadon-parish-meeting,Bittadon Parish Meeting,
4350,bitterley-parish-council,Bitterley Parish Council,https://www.bitterley-pc.gov.uk
32843,bitteswell-with-bittesby-parish-council,Bitteswell with Bittesby Parish Council,
32844,blaby-parish-council,Blaby Parish Council,
34693,black-bourton-parish-council,Black Bourton Parish Council,
31025,black-torrington-parish-council,Black Torrington Parish Council,
34763,blackbird-leys-parish-council,Blackbird Leys Parish Council,
36780,blackdown-parish-council,Blackdown Parish Council,
32691,blacko-parish-council,Blacko Parish Council,
30057,blackrod-parish-council,Blackrod Parish Council,
34480,blackthorn-parish-council,Blackthorn Parish Council,https://www.blackthornparishcouncil.org.uk
31322,blacktoft-parish-council,Blacktoft Parish Council,
32047,blackwater-and-hawley-parish-council,Blackwater and Hawley Parish Council,
4577,blackwell-parish-council,Blackwell Parish Council,https://www.blackwellpc.org.uk
31829,blaisdon-parish-council,Blaisdon Parish Council,
36405,blakenhall-parish-council,Blakenhall Parish Council,
34279,blanchland-parish-council,Blanchland Parish Council,
32976,blankney-parish-council,Blankney Parish Council,
6946,blaxton-parish-council,Blaxton Parish Council,
4095,blean,Blean,https://www.bleanparishcouncil.gov.uk
6880,bleasby-parish-council,Bleasby Parish Council,
3756,bledlow-cum-saunderton-parish-council,Bledlow-Cum-Saunderton Parish Council,https://www.bledlowcumsaundertonparishcouncil.gov.uk
34695,blenheim-parish-meeting,Blenheim Parish Meeting,
35307,bletchingley-parish-council,Bletchingley Parish Council,https://www.bletchingley.gov.uk
30018,bletsoe-parish-council,Bletsoe Parish Council,
34640,blewbury-parish-council,Blewbury Parish Council,
6881,blidworth-parish-council,Blidworth Parish Council,
5547,blisland-parish-council,Blisland Parish Council,
5284,blithfield-parish-council,Blithfield Parish Council,https://blithfieldparishcouncil.gov.uk/
5679,blonorton-parish-council,Blo'Norton Parish Council,
4161,blofield-parish-council,Blofield Parish Council,https://www.blofield-pc.gov.uk
6999,blore-with-swinscoe-parish-meeting,Blore with Swinscoe (Parish Meeting),
34482,bloxham-parish-council,Bloxham Parish Council,https://www.bloxhamparishcouncil.gov.uk
35192,blundeston-parish-council,Blundeston Parish Council,
30207,blunham-parish-council,Blunham Parish Council,
30091,bluntisham-parish-council,Bluntisham Parish Council,https://www.bluntisham-pc.gov.uk
32977,blyborough-parish-council,Blyborough Parish Council,
35157,blymhill-and-weston-under-lizard-parish-council,Blymhill and Weston-under-lizard Parish Council,
6490,blymill-and-weston-under-lizard-parish-council,Blymill and Weston under Lizard Parish Council,
34280,blyth-parish-council,Blyth Parish Council,https://www.blythtowncouncil.gov.uk
32978,blyton-parish-council,Blyton Parish Council,
5285,bobbington-parish-council,Bobbington Parish Council,https://bobbingtonparish.co.uk/
6179,boconnoc-parish-meeting,Boconnoc Parish Meeting,
31921,boddington-parish-council,Boddington Parish Council,https://www.boddington-pc.gov.uk
32096,bodenham-parish-council,Bodenham Parish Council,
33224,bodham-parish-council,Bodham Parish Council,https://www.bodhamparishcouncil.gov.uk
4597,bodiam-parish-council,Bodiam Parish Council,https://www.bodiamparishcouncil.org.uk
34483,bodicote-parish-council,Bodicote Parish Council,https://www.bodicoteparishcouncil.gov.uk
3544,bodmin-town-council,Bodmin Town Council,https://www.bodmin.gov.uk
30554,bolam-parish-meeting,Bolam Parish Meeting,
32011,boldre-parish-council,Boldre Parish Council,
30555,boldron-parish-meeting,Boldron Parish Meeting,
34418,bole-parish-council,Bole Parish Council,
32979,bolingbroke-parish-council,Bolingbroke Parish Council,
30264,bollington-town-council,Bollington Town Council,https://www.bollington-tc.gov.uk
37057,bolney-parish-council,Bolney Parish Council,
33933,boltby-parish-council,Boltby Parish Council,
6004,bolton-abbey,Bolton Abbey,
33563,bolton-abbey-parish-council,Bolton Abbey Parish Council,
30811,bolton-parish-council,Bolton Parish Council,https://www.boltonparish.gov.uk
32694,bolton-le-sands-parish-council,Bolton-le-sands Parish Council,
6627,bolton-on-swale-parish-meeting,Bolton-on-Swale (Parish Meeting),
5014,bomere-heath-and-district-parish-council,Bomere Heath and District Parish Council,https://www.bomereheath-pc.gov.uk
6713,bondleigh-parish-meeting,Bondleigh Parish Meeting,
4351,boningale-parish-council,Boningale Parish Council,https://www.boningaleparish.gov.uk
32980,boothby-graffoe-parish-council,Boothby Graffoe Parish Council,
7021,boothby-pagnell-parish-meeting,Boothby Pagnell Parish Meeting,
30697,bootle-parish-council,Bootle Parish Council,
6105,booton-parish-meeting,Booton Parish Meeting,
5191,borough-green-parish-council,Borough Green Parish Council,https://www.boroughgreen.gov.uk
5750,boroughbridge,Boroughbridge,
33566,borrowby-parish-council,Borrowby Parish Council,
32695,borwick-parish-council,Borwick Parish Council,
36406,boscobel-parish-council,Boscobel Parish Council,
36407,bosham-parish-council,Bosham Parish Council,
30265,bosley-parish-council,Bosley Parish Council,
34849,bossington-parish-council,Bossington Parish Council,https://www.bossingtonparish.gov.uk
30394,bostock-parish-council,Bostock Parish Council,
36408,boston-spa-parish-council,Boston Spa Parish Council,
32000,botley-parish-council,Botley Parish Council,
3828,botus-fleming-parish-council,Botus Fleming Parish Council,https://www.botusfleming.org.uk/council.php
36409,botusfleming-parish-council,Botusfleming Parish Council,
4076,boughton-aluph-eastwell,Boughton Aluph & Eastwell,https://www.boughtonalupheastwellparishcouncil.gov.uk
32378,boughton-malherbe-parish-council,Boughton Malherbe Parish Council,
33329,boughton-parish-council,Boughton Parish Council,
3597,bourne-town-council,Bourne Town Council,https://www.bournetowncouncil.gov.uk
36781,bourton-draycote-parish-council,Bourton & Draycote Parish Council,
34484,bourton-parish-council,Bourton Parish Council,https://www.bourtons-cherwell-pc.gov.uk
4890,bovey-tracey-town-council,Bovey Tracey Town Council,https://www.boveytracey.gov.uk
36410,bow-brickhill-parish-council,Bow Brickhill Parish Council,
35456,bow-parish-council,Bow Parish Council,
6522,bowerchalke-parish-council,Bowerchalke Parish Council,
30557,bowes-parish-council,Bowes Parish Council,
4856,box-parish-council,Box Parish Council,http://www.boxparishcouncil.gov.uk
4490,boxford-parish-council,Boxford Parish Council,https://www.boxford-pc.gov.uk
36411,boxgrove-parish-council,Boxgrove Parish Council,
32380,boxley-parish-council,Boxley Parish Council,
6813,boxted-parish-meeting,Boxted Parish Meeting,
35460,boxworth-parish-council,Boxworth Parish Council,
3970,boylestone-parish-council,Boylestone Parish Council,https://www.boylestoneparishcouncil.gov.uk
31323,boynton-parish-council,Boynton Parish Council,
3829,boyton-parish-council,Boyton Parish Council,https://www.hugofox.com/community/boyton-parish-council-7844/home
5377,boyton-parish-council-1,Boyton Parish Council,https://www.hugofox.com/community/boyton-parish-council-7844/home
4077,brabourne,Brabourne,https://www.brabournepc.org.uk
5988,braceborough-wilsthorpe-parish-council,Braceborough & Wilsthorpe Parish Council,
35462,bracebridge-heath-parish-council,Bracebridge Heath Parish Council,
4008,brackenfield-parish-council,Brackenfield Parish Council,https://www.brackenfieldparishcouncil.org.uk
34132,brackley-town-council,Brackley Town Council,https://www.brackleynorthants-tc.gov.uk
4195,bracon-ash-hethel-parish-council,Bracon Ash & Hethel Parish Council,https://www.braconashandhethel-pc.gov.uk
36412,bradbury-and-the-isle-parish-council,Bradbury and the Isle Parish Council,
34133,bradden-parish-meeting,Bradden Parish Meeting,
36413,braddock-parish-council,Braddock Parish Council,
4827,bradfield-combust-with-stanningfield-parish-council,Bradfield Combust with Stanningfield Parish Council,https://www.bradfieldcombustwithstanningfieldparish.gov.uk
6046,bradfield-st-clare-parish-council,Bradfield St Clare Parish Council,
6047,bradfield-st-george-parish-council,Bradfield St George Parish Council,
35469,bradford-parish-council,Bradford Parish Council,
4903,bradford-on-avon-town-council,Bradford on Avon Town Council,http://www.bradfordonavontowncouncil.gov.uk
36414,bradford-on-avon-parish-council,Bradford-on-Avon Parish Council,
5574,bradley-parish-council,Bradley Parish Council,
5286,bradley-parish-council-1,Bradley Parish Council,https://www.bradley-pc.gov.uk
6184,bradley-parish-meeting,Bradley Parish Meeting,
33567,bradleys-both-parish-council,Bradleys Both Parish Council,https://www.bradleysboth-pc.gov.uk
3993,bradnop-parish-council,Bradnop Parish Council,https://www.bradnopparishcouncil.gov.uk
30266,bradwall-parish-council,Bradwall Parish Council,https://www.bradwallparish.gov.uk
5575,bradwell-parish-council,Bradwell Parish Council,
31684,bradwell-on-sea-parish-council,Bradwell on Sea Parish Council,
35473,bradwell-on-sea-parish-council-1,Bradwell-on-sea Parish Council,
35475,brafferton-parish-council,Brafferton Parish Council,
4691,brafferton-and-helperby,Brafferton and Helperby,https://www.braffertonhelperby-pc.gov.uk
33568,brafferton-and-helperby-parish-council,Brafferton and Helperby Parish Council,https://www.braffertonhelperby-pc.gov.uk
34134,brafield-on-the-green-parish-council,Brafield-on-the-Green Parish Council,
36782,brailes-winderton-parish-council,Brailes & Winderton Parish Council,
6163,braiseworth-parish-meeting,Braiseworth Parish Meeting,
5638,braishfield-parish-council,Braishfield Parish Council,
35477,braithwell-parish-council,Braithwell Parish Council,
6487,braithwell-with-micklebring-parish-council,Braithwell with Micklebring Parish Council,
37021,bramber-parish-council,Bramber Parish Council,
32277,bramfield-parish-council,Bramfield Parish Council,
36415,bramham-cum-oglethorpe-parish-council,Bramham cum Oglethorpe Parish Council,
4644,bramley-parish-council,Bramley Parish Council,https://www.bramley-pc.gov.uk
32220,brampton-abbots-and-foy-group-parish-council,Brampton Abbots and Foy Group Parish Council,
32099,brampton-abbotts-foy-group-parish-council,Brampton Abbotts & Foy Group Parish Council,
34040,brampton-ash-parish-council,Brampton Ash Parish Council,https://www.bramptonashparishcouncil.gov.uk
36416,brampton-bierlow-parish-council,Brampton Bierlow Parish Council,
4162,brampton-parish-council-1,Brampton Parish Council,https://www.bramptonoxnead-pc.gov.uk
5614,brampton-parish-council,Brampton Parish Council,https://www.brampton-pc.gov.uk
32012,bramshaw-parish-council,Bramshaw Parish Council,https://www.bramshaw-pc.gov.uk
4062,bramshott-and-liphook-parish-council,Bramshott and Liphook Parish Council,https://www.bramshottandliphook-pc.gov.uk
6611,brandiston-parish-meeting,Brandiston Parish Meeting,
36783,brandon-bretford-parish-council,Brandon & Bretford Parish Council,
5509,brandon-town-council,Brandon Town Council,
6628,bransdale-parish-meeting,Bransdale (Parish Meeting),
32013,bransgore-parish-council,Bransgore Parish Council,https://www.bransgore-parish.gov.uk
3627,branston-town-council,Branston Town Council,http://www.branstonparishcouncil.gov.uk/
4491,brantham-parish-council,Brantham Parish Council,https://www.branthamparishcouncil.gov.uk
31325,brantingham-parish-council,Brantingham Parish Council,
34282,branxton-parish-council,Branxton Parish Council,
32411,brasted-parish-council,Brasted Parish Council,https://www.brastedparishcouncil.gov.uk
4591,bratton-clovelly-parish-council,Bratton Clovelly Parish Council,https://www.brattonclovelly-pc.gov.uk
6839,bratton-fleming-parish-council,Bratton Fleming Parish Council,
5378,bratton-parish-council,Bratton Parish Council,https://www.brattonparishcouncil.gov.uk
6755,bratton-seymour-parish-meeting,Bratton Seymour Parish Meeting,
32278,braughing-parish-council,Braughing Parish Council,
35490,braunstone-parish-council,Braunstone Parish Council,
6840,braunton-parish-council,Braunton Parish Council,
30048,bray-parish-council,Bray Parish Council,https://www.brayparishcouncil.gov.uk
6778,braydon-parish-meeting,Braydon Parish Meeting,
6841,brayford-parish-council,Brayford Parish Council,
5753,brayton,Brayton,
33570,brayton-parish-council,Brayton Parish Council,
35491,breadsall-parish-council,Breadsall Parish Council,
3830,breage-parish-council,Breage Parish Council,http://breagepc.org.uk/
32014,breamore-parish-council,Breamore Parish Council,https://www.breamore.gov.uk
4399,brean-parish-council,Brean Parish Council,https://www.breanparishcouncil.org
6629,brearton-parish-meeting,Brearton (Parish Meeting),
35492,breaston-parish-council,Breaston Parish Council,
4026,brede-parish-council,Brede Parish Council,https://www.brede-pc.gov.uk
35493,bredenbury-parish-council,Bredenbury Parish Council,
32221,bredenbury-and-district-group-parish-council,Bredenbury and District Group Parish Council,
35495,bredgar-parish-council,Bredgar Parish Council,
36418,bredicot-parish-council,Bredicot Parish Council,
36420,bredons-norton-parish-council,Bredon's Norton Parish Council,
35496,bredwardine-parish-council,Bredwardine Parish Council,
32814,breedon-on-the-hill-parish-council,Breedon on the Hill Parish Council,https://www.breedonparishcouncil.gov.uk
32101,breinton-parish-council,Breinton Parish Council,
6523,bremhill-parish-council,Bremhill Parish Council,
32442,brenchley-and-matfield-parish-council,Brenchley and Matfield Parish Council,https://www.brenchleyandmatfield-pc.gov.uk
6842,brendon-and-countisbury-parish-council,Brendon and Countisbury Parish Council,
5886,brent-eleigh-parish-council,Brent Eleigh Parish Council,
3645,brent-knoll-parish-council,Brent Knoll Parish Council,https://www.brentknollvillage.co.uk
32541,brenzett-parish-council,Brenzett Parish Council,
30267,brereton-parish-council,Brereton Parish Council,https://www.breretonparishcouncil.gov.uk
5036,brereton-and-ravenhill-parish-council,Brereton and Ravenhill Parish Council,https://breretonandravenhill.org.uk/
35497,bressingham-parish-council,Bressingham Parish Council,
36421,bretforton-parish-council,Bretforton Parish Council,
35498,bretherton-parish-council,Bretherton Parish Council,
5927,bretton-parish-council,Bretton Parish Council,
4400,brewham-parish-council,Brewham Parish Council,https://www.brewham.co.uk
35499,brewood-and-coven-parish-council,Brewood and Coven Parish Council,
4466,brewood-with-coven-parish-council,Brewood with Coven Parish Council,https://www.brewoodandcoven-pc.gov.uk/
32279,brickendon-liberty-parish-council,Brickendon Liberty Parish Council,
36422,brickhill-parish-council,Brickhill Parish Council,
36423,bricklehampton-parish-council,Bricklehampton Parish Council,
5123,bridford,Bridford,https://www.bridfordparishcouncil.gov.uk
30985,bridford-parish-council,Bridford Parish Council,https://www.bridfordparishcouncil.gov.uk
32506,bridge-parish-council,Bridge Parish Council,
35502,bridgemere-parish-council,Bridgemere Parish Council,
5680,bridgham-parish-council,Bridgham Parish Council,
3615,bridgnorth-town-council,Bridgnorth Town Council,https://www.bridgnorthtowncouncil.gov.uk
6963,bridgtown-parish-council,Bridgtown Parish Council,
3509,bridgwater-town-council,Bridgwater Town Council,https://www.bridgwater-tc.gov.uk
4401,bridgwater-without-parish-council,Bridgwater Without Parish Council,https://www.bridgwaterwithout-pc.gov.uk
31326,bridlington-parish-council,Bridlington Parish Council,
31134,bridport-town-council,Bridport Town Council,
32102,bridstow-parish-council,Bridstow Parish Council,
35504,briercliffe-parish-council,Briercliffe Parish Council,
35505,brierfield-parish-council,Brierfield Parish Council,
4941,brightling-parish-council,Brightling Parish Council,https://www.brightling-pc.gov.uk
31685,brightlingsea-parish-council,Brightlingsea Parish Council,
36953,brightwalton-parish-council,Brightwalton Parish Council,https://www.brightwalton-pc.gov.uk
34566,brightwell-cum-sotwell-parish-council,Brightwell-cum-Sotwell Parish Council,https://www.brightwellcumsotwell-pc.gov.uk
36424,brignall-parish-council,Brignall Parish Council,
34042,brigstock-parish-council,Brigstock Parish Council,https://www.brigstockparishcouncil.gov.uk
5516,brill-parish-council,Brill Parish Council,
32104,brimfield-little-hereford-group-parish-council,Brimfield & Little Hereford Group Parish Council,
31869,brimscombe-and-thrupp-parish-council,Brimscombe and Thrupp Parish Council,https://www.brimscombeandthrupp-pc.gov.uk
35510,brindle-parish-council,Brindle Parish Council,
30268,brindley-faddiley-parish-council,Brindley & Faddiley Parish Council,
35512,bringhurst-parish-council,Bringhurst Parish Council,
35514,brington-parish-council,Brington Parish Council,
36425,brinkburn-parish-council,Brinkburn Parish Council,
34283,brinkburn-and-hesleyhurst-parish-council,Brinkburn and Hesleyhurst Parish Council,https://www.brinkburn-pc.gov.uk
36784,brinklow-parish-council,Brinklow Parish Council,
5379,brinkworth-parish-council,Brinkworth Parish Council,https://www.brinkworthparishcouncil.gov.uk
4713,brinsley-parish-council,Brinsley Parish Council,https://www.brinsley-pc.gov.uk
33226,brinton-and-sharrington-parish-council,Brinton and Sharrington Parish Council,https://www.brintonandsharrington-pc.gov.uk
4122,brisley-parish-council,Brisley Parish Council,https://www.brisleyparishcouncil.gov.uk
34855,brislington-parish-council,Brislington Parish Council,
5380,britford-parish-council,Britford Parish Council,https://www.britfordparishcouncil.gov.uk
34567,britwell-salome-parish-meeting,Britwell Salome Parish Meeting,
36426,brixton-deverill-parish-council,Brixton Deverill Parish Council,
5081,brixton-parish-council,Brixton Parish Council,https://www.brixtonparishcouncil.gov.uk
34137,brixworth-parish-council,Brixworth Parish Council,https://www.brixworthparishcouncil.gov.uk
36427,broad-clyst-parish-council,Broad Clyst Parish Council,
5381,broad-hinton-and-winterbourne-basset-parish-council,Broad Hinton and Winterbourne Basset Parish Council,https://www.bhwbparishcouncil.org.uk
37022,broadbridge-heath-parish-council,Broadbridge Heath Parish Council,https://www.bbh-pc.gov.uk
5124,broadhempston,Broadhempston,https://www.broadhempston-pc.gov.uk
6068,broadoak-parish-meeting,Broadoak Parish Meeting,
36429,broadwas-parish-council,Broadwas Parish Council,
3646,broadway-parish-council,Broadway Parish Council,https://www.broadwaysomerset-pc.gov.uk/
4196,brockdish-parish-council,Brockdish Parish Council,https://www.brockdishandthorpeabbotts.norfolkparishes.gov.uk
32015,brockenhurst-parish-council,Brockenhurst Parish Council,https://www.brockenhurst.gov.uk
34138,brockhall-parish-meeting,Brockhall Parish Meeting,
36430,brockham-parish-council,Brockham Parish Council,
32106,brockhampton-with-much-fawley-parish-council,Brockhampton with Much Fawley Parish Council,
35525,brocklesby-parish-council,Brocklesby Parish Council,
31922,brockworth-parish-council,Brockworth Parish Council,https://www.brockworth-pc.gov.uk
6947,brodsworth-parish-council,Brodsworth Parish Council,
36431,brogborough-parish-council,Brogborough Parish Council,
5382,brokenborough-parish-council,Brokenborough Parish Council,https://www.brokenboroughparishcouncil.org.uk
4517,brome-and-oakley-parish-council,Brome and Oakley Parish Council,https://www.bromeandoakleyparishcouncil.gov.uk
35526,bromesberrow-parish-council,Bromesberrow Parish Council,
35527,bromeswell-parish-council,Bromeswell Parish Council,
5854,bromfield-parish-council,Bromfield Parish Council,
5215,brompton,Brompton,https://www.bromptontowncouncil.gov.uk
33571,brompton-parish-council,Brompton Parish Council,https://www.bromptontowncouncil.gov.uk
4740,brompton-ralph-parish-council,Brompton Ralph Parish Council,https://www.hugofox.com/community/brompton-ralph-parish-council-7883/home
4402,brompton-regis-parish-council,Brompton Regis Parish Council,https://www.bromptonregis.com
5754,brompton-by-sawdon,Brompton by Sawdon,
33572,brompton-by-sawdon-parish-council,Brompton by Sawdon Parish Council,
31830,bromsberrow-parish-council,Bromsberrow Parish Council,
5641,brook,Brook,
4197,brooke-parish-council,Brooke Parish Council,https://www.brookeparishcouncil.gov.uk
35528,brookenby-parish-council,Brookenby Parish Council,
32542,brookland-parish-council,Brookland Parish Council,
31870,brookthorpe-with-whaddon-parish-council,Brookthorpe-with-Whaddon Parish Council,https://www.brookthorpewithwhaddon-pc.gov.uk
5019,broomfield-parish-council,Broomfield Parish Council,https://www.broomfieldparish.com
32382,broomfield-and-kingswood-parish-council,Broomfield and Kingswood Parish Council,
35529,broomhall-parish-council,Broomhall Parish Council,
34284,broomhaugh-and-riding-parish-council,Broomhaugh and Riding Parish Council,https://www.ridingmillparish.gov.uk
3616,broseley-town-council,Broseley Town Council,https://www.broseley-tc.gov.uk
4972,brotherton,Brotherton,https://www.brothertonparishcouncil.gov.uk
30813,brough-sowerby-parish-meeting,Brough Sowerby Parish Meeting,
6997,brough-with-shatton-parish-meeting,Brough with Shatton (Parish Meeting),
33575,brough-with-st-giles-parish-council,Brough with St Giles Parish Council,https://www.broughwithstgiles-pc.gov.uk
35530,brough-with-st-giles-parish-council-1,Brough with St. Giles Parish Council,
35532,broughton-astley-parish-council,Broughton Astley Parish Council,
30815,broughton-east-parish-council,Broughton East Parish Council,
5383,broughton-gifford-parish-council,Broughton Gifford Parish Council,https://www.bgpc.org.uk
4064,broughton-parish-council,Broughton Parish Council,https://www.broughton-oxon-pc.gov.uk
6028,broughton-and-harmer-hill-parish-council,Broughton and Harmer Hill Parish Council,
35531,broughton-and-old-dalby-parish-council,Broughton and Old Dalby Parish Council,
6630,broughton-nr-skipton-parish-meeting,Broughton nr Skipton (Parish Meeting),
4583,brown-edge-parish-council,Brown Edge Parish Council,http://www.brownedgeparishcouncil.org.uk/
5289,brown-edge-parish-council-1,Brown Edge Parish Council,http://www.brownedgeparishcouncil.org.uk/
36433,broxton-parish-council,Broxton Parish Council,
30395,broxton-and-district-parish-council,Broxton and District Parish Council,
34698,bruern-parish-meeting,Bruern Parish Meeting,
35537,bruisyard-parish-council,Bruisyard Parish Council,
33228,brumstead-parish-council,Brumstead Parish Council,
4163,brundall-parish-council,Brundall Parish Council,https://www.brundall-pc.gov.uk
6293,brundish-parish-council,Brundish Parish Council,
6992,brushfield-parish-meeting,Brushfield (Parish Meeting),
5020,brushford-parish-council,Brushford Parish Council,https://www.brushfordparishcouncil.org.uk
3510,bruton-town-council,Bruton Town Council,https://www.brutontowncouncil.gov.uk
36434,bryher-parish-council,Bryher Parish Council,
4403,brympton-parish-council,Brympton Parish Council,https://www.brymptonparishcouncil.co.uk
6246,buckden,Buckden,
30092,buckden-parish-council,Buckden Parish Council,https://www.buckden-parish.org.uk
31633,buckhurst-hill-parish-council,Buckhurst Hill Parish Council,https://www.buckhursthillpc.gov.uk
3757,buckingham-park-parish-council,Buckingham Park Parish Council,https://www.buckinghampark-pc.gov.uk
3539,buckingham-town-council,Buckingham Town Council,https://www.buckingham-tc.gov.uk
4741,buckland-dinham-parish-council,Buckland Dinham Parish Council,https://bucklanddinham.org/
3758,buckland-parish-council,Buckland Parish Council,https://www.buckland-pc.gov.uk
3734,buckland-st-mary-parish-council,Buckland St Mary Parish Council,https://www.bucklandstmarypc.gov.uk
6718,buckland-in-the-moor-parish-meeting,Buckland-in-the-Moor (Parish Meeting),
35542,bucklesham-parish-council,Bucklesham Parish Council,
35543,buckminster-parish-council,Buckminster Parish Council,
35544,bucknall-parish-council,Bucknall Parish Council,
34485,bucknell-parish-council,Bucknell Parish Council,
3545,bude-stratton-town-council,Bude Stratton Town Council,https://www.bude-stratton.gov.uk
36435,bude-stratton-parish-council,Bude-Stratton Parish Council,
3831,budock-parish-council,Budock Parish Council,http://budockparish.net/
30269,buerton-parish-council,Buerton Parish Council,https://www.buertonparishcouncil.gov.uk
34139,bugbrooke-parish-council,Bugbrooke Parish Council,
31449,bugthorpe-and-kirby-underdale-parish-council,Bugthorpe And Kirby Underdale Parish Council,
5384,bulford-parish-council,Bulford Parish Council,http://www.bulfordparishcouncil.co.uk
30270,bulkeley-ridley-parish-council,Bulkeley & Ridley Parish Council,
35547,bulkeley-and-ridley-parish-council,Bulkeley and Ridley Parish Council,
5385,bulkington-parish-council,Bulkington Parish Council,https://www.bulkingtonparishcouncil.gov.uk
6425,bulmer,Bulmer,
34043,bulwick-parish-council,Bulwick Parish Council,https://www.bulwickparishcouncil.gov.uk
30271,bunbury-parish-council,Bunbury Parish Council,
35549,bungay-parish-council,Bungay Parish Council,
5249,bunny-parish-council,Bunny Parish Council,https://www.bunnyparishcouncil.gov.uk
32280,buntingford-town-council,Buntingford Town Council,https://www.buntingford-tc.gov.uk
4198,bunwell-parish-council,Bunwell Parish Council,https://www.bunwell-pc.gov.uk
5386,burbage-parish-council,Burbage Parish Council,https://www.burbageparishcouncil.gov.uk
31688,bures-hamlet-parish-council,Bures Hamlet Parish Council,
4352,burford-parish-council,Burford Parish Council,https://www.burfordparishcouncil.gov.uk
35551,burgate-parish-council,Burgate Parish Council,
37058,burgess-hill-town-council,Burgess Hill Town Council,https://www.midsussex.gov.uk
6707,burgh-tuttington-parish-council,Burgh & Tuttington Parish Council,
35556,burgh-on-bain-parish-council,Burgh on Bain Parish Council,
5137,burghclere-parish-council,Burghclere Parish Council,https://www.burghclereparish.gov.uk
32108,burghill-parish-council,Burghill Parish Council,
5636,buriton-parish-council,Buriton Parish Council,
35558,burland-parish-council,Burland Parish Council,
30272,burland-and-acton-parish-council,Burland and Acton Parish Council,
35559,burlescombe-parish-council,Burlescombe Parish Council,
35560,burleston-parish-council,Burleston Parish Council,
31140,burleston-and-tolpuddle-parish-council,Burleston and Tolpuddle Parish Council,
32543,burmarsh-parish-council,Burmarsh Parish Council,
6247,burn,Burn,
33576,burn-parish-council,Burn Parish Council,
30816,burneside-parish-council,Burneside Parish Council,
6005,burneston-swainby-with-allerthorpe-and-theakston,"Burneston, Swainby with Allerthorpe and Theakston",
33577,burneston-swainby-with-allerthorpe-and-theakston-parish-council,"Burneston, Swainby with Allerthorpe and Theakston Parish Council",
33331,burnham-market-parish-council,Burnham Market Parish Council,
33333,burnham-overy-parish-council,Burnham Overy Parish Council,
3759,burnham-parish-council,Burnham Parish Council,https://www.burnhamparish.gov.uk
33334,burnham-thorpe-parish-council,Burnham Thorpe Parish Council,
4404,burnham-without-parish-council,Burnham Without Parish Council,https://burnhamwithout-parishcouncil.co.uk/default.aspx
3717,burnham-on-sea-highbridge-town-council,Burnham on Sea & Highbridge Town Council,https://www.burnham-highbridge-tc.gov.uk
34856,burnham-on-sea-town-council,Burnham-on-Sea Town Council,
35563,burnham-on-crouch-parish-council-1,Burnham-on-crouch Parish Council,
35564,burnham-on-sea-and-highbridge-parish-council,Burnham-on-sea and Highbridge Parish Council,
4973,burniston,Burniston,https://www.burnistonparishcouncil.gov.uk
33578,burniston-parish-council,Burniston Parish Council,https://www.burnistonparishcouncil.gov.uk
6631,burnsall-parish-meeting,Burnsall (Parish Meeting),
3628,burntwood-town-council,Burntwood Town Council,http://www.burntwood-tc.gov.uk
36437,burpham-parish-council,Burpham Parish Council,
5105,burrator-grouped-parish-council,Burrator Grouped Parish Council,https://www.burrator.gov.uk
6843,burrington-parish-council,Burrington Parish Council,
35566,burrow-with-burrow-parish-council,Burrow-with-burrow Parish Council,
4405,burrowbridge-parish-council,Burrowbridge Parish Council,https://www.burrowbridgeparishcouncil.org/
32002,bursledon-parish-council,Bursledon Parish Council,https://www.bursledon-pc.gov.uk
5045,burstall-parish-council,Burstall Parish Council,https://www.burstall-pc.gov.uk
35567,burston-and-shimpling-parish-council,Burston and Shimpling Parish Council,
35308,burstow-parish-council,Burstow Parish Council,https://www.burstowparishcouncil.gov.uk
4406,burtle-parish-council,Burtle Parish Council,http://www.burtlevillage.net/parish-council/
6831,burton-coggles-parish-meeting,Burton Coggles Parish Meeting,
36438,burton-green-parish-council,Burton Green Parish Council,
36788,burton-hastings-and-stretton-baskerville-parish-council,Burton Hastings and Stretton Baskerville Parish Council,
4336,burton-joyce-parish-council,Burton Joyce Parish Council,https://www.burtonjoyceparishcouncil.org.uk
34044,burton-latimer-town-council,Burton Latimer Town Council,https://www.burtonlatimertown.gov.uk
5755,burton-leonard,Burton Leonard,
33580,burton-leonard-parish-council,Burton Leonard Parish Council,
4788,burton-parish-council,Burton Parish Council,https://burtonparishcouncil.org.uk/
4254,burton-salmon,Burton Salmon,https://www.burtonsalmon-pc.gov.uk
4253,burton-cum-walden,Burton cum Walden,https://www.burtoncumwalden-pc.gov.uk
33579,burton-cum-walden-parish-council,Burton cum Walden Parish Council,https://www.burtoncumwalden-pc.gov.uk
35574,burton-on-yore-parish-council,Burton-on-yore Parish Council,
35575,burtonwood-and-westbrook-parish-council,Burtonwood and Westbrook Parish Council,
30396,burwardsley-parish-council,Burwardsley Parish Council,
36440,burwarton-parish-council,Burwarton Parish Council,
36441,bury-parish-council,Bury Parish Council,
3636,bury-st-edmunds-town-council,Bury St Edmunds Town Council,https://www.burystedmunds-tc.gov.uk
33583,burythorpe-parish-council,Burythorpe Parish Council,
34642,buscot-parish-council,Buscot Parish Council,
6632,buttercrambe-with-bossall-parish-meeting,Buttercrambe with Bossall (Parish Meeting),
3994,butterton-parish-council,Butterton Parish Council,http://www.buttertonmoorlands.co.uk
4789,butterton-parish-council-1,Butterton Parish Council,http://www.buttertonmoorlands.co.uk
35579,butterwick-parish-council,Butterwick Parish Council,
4518,buxhall-parish-council,Buxhall Parish Council,https://www.buxhall-pc.gov.uk
4028,buxted-parish-council,Buxted Parish Council,https://www.buxted-pc.gov.uk
35580,buxton-with-lammas-parish-council,Buxton with Lammas Parish Council,
35582,bygrave-parish-council,Bygrave Parish Council,
35583,byland-with-wass-parish-council,Byland with Wass Parish Council,
5758,byland-with-wass-and-oldstead,Byland with Wass and Oldstead,
6609,bylaugh-parish-meeting,Bylaugh Parish Meeting,
36442,byley-parish-council,Byley Parish Council,
30093,bythorn-and-keyston-parish-council,Bythorn and Keyston Parish Council,https://www.bythorn-keyston-pc.gov.uk
34285,bywell-parish-council,Bywell Parish Council,https://www.bywellparish.org.uk
35587,cadbury-parish-council,Cadbury Parish Council,
35588,caddington-parish-council,Caddington Parish Council,
7063,cadeby-parish-meeting,Cadeby Parish Meeting,
35590,caenby-parish-council,Caenby Parish Council,
31871,cainscross-town-council,Cainscross Town Council,https://www.cainscross-pc.gov.uk
35591,caister-on-sea-parish-council,Caister-on-sea Parish Council,
35592,caistor-parish-council,Caistor Parish Council,
4200,caistor-st-edmund-and-bixley-parish-council,Caistor St Edmund and Bixley Parish Council,https://www.cseandbparishcouncil.gov.uk
6805,caldbergh-with-east-scrafton-parish-meeting,Caldbergh with East Scrafton (Parish Meeting),
6633,caldwell-parish-meeting,Caldwell (Parish Meeting),
36443,callaly-parish-council,Callaly Parish Council,
3546,callington-town-council,Callington Town Council,https://www.callington-tc.gov.uk/
32109,callow-haywood-group-parish-council,Callow & Haywood Group Parish Council,
6078,callow-parish-meeting,Callow (Parish Meeting),
32224,callow-and-haywood-group-parish-council,Callow and Haywood Group Parish Council,
3721,calne-town-council,Calne Town Council,http://www.calne.gov.uk
36444,calne-without-parish-council,Calne Without Parish Council,
3832,calstock-parish-council,Calstock Parish Council,https://www.calstockparishcouncil.gov.uk/
6634,calton-parish-meeting,Calton (Parish Meeting),
35594,calveley-parish-council,Calveley Parish Council,
3972,calver-parish-council,Calver Parish Council,https://www.calverparishcouncil.org.uk
3760,calvert-green-parish-council,Calvert Green Parish Council,https://www.calvertgreenparishcouncil.gov.uk
4337,calverton-parish-council,Calverton Parish Council,https://www.calvertonparishcouncil.gov.uk
31872,cam-parish-council,Cam Parish Council,https://www.camparishcouncil.gov.uk
5133,camber-parish-council,Camber Parish Council,https://www.camberparishcouncil.org.uk
5760,camblesforth,Camblesforth,
33586,camblesforth-parish-council,Camblesforth Parish Council,
3547,camborne-town-council,Camborne Town Council,http://www.camborne-tc.gov.uk
35595,cambourne-parish-council,Cambourne Parish Council,
3548,camelford-town-council,Camelford Town Council,https://www.camelford-tc.gov.uk/
36445,campbell-park-parish-council,Campbell Park Parish Council,
36446,campton-and-chicksands-parish-council,Campton and Chicksands Parish Council,
35598,candlesby-with-gunby-parish-council,Candlesby with Gunby Parish Council,
5975,candovers-parish-council,Candovers Parish Council,
31690,canewdon-parish-council,Canewdon Parish Council,
31144,cann-parish-council,Cann Parish Council,
3533,cannington-parish-council,Cannington Parish Council,https://www.cannington.org.uk/
35599,canon-frome-parish-council,Canon Frome Parish Council,
35601,cantley-parish-council,Cantley Parish Council,
6949,cantley-with-branton-parish-council,Cantley with Branton Parish Council,
31691,canvey-island-parish-council,Canvey Island Parish Council,
4492,capel-st-mary-parish-council,Capel St Mary Parish Council,https://www.capelstmaryparishcouncil.gov.uk
35606,capel-st-mary-parish-council-1,Capel St. Mary Parish Council,
32528,capel-le-ferne-parish-council,Capel-le-Ferne Parish Council,https://www.capellefernepc.org.uk
30397,capenhurst-and-ledsham-parish-council,Capenhurst and Ledsham Parish Council,
7055,car-colston-parish-meeting,Car Colston Parish Meeting,
4123,carbrooke-parish-council,Carbrooke Parish Council,https://www.carbrooke-pc.gov.uk
35608,carden-parish-council,Carden Parish Council,
4717,cardington-parish-council,Cardington Parish Council,https://www.cardingtonparishcouncilshropshire.gov.uk
34287,carham-parish-council,Carham Parish Council,
4407,carhampton-parish-council,Carhampton Parish Council,https://www.carhamptonpc.org.uk/
3834,carharrack-parish-council,Carharrack Parish Council,http://carharracknews.co.uk/
4111,carlby-parish-council,Carlby Parish Council,https://www.carlbyparish.gov.uk
36448,carleton-parish-council,Carleton Parish Council,
5723,carleton-rode-parish-council,Carleton Rode Parish Council,
6111,carleton-st-peter-parish-meeting,Carleton St Peter Parish Meeting,
35611,carleton-st-peter-parish-council,Carleton St. Peter Parish Council,
33588,carlton-hambleton-parish-council,Carlton (Hambleton) Parish Council,
33589,carlton-selby-parish-council,Carlton (Selby) Parish Council,https://www.carltonparishcouncil.gov.uk
35612,carlton-colville-parish-council,Carlton Colville Parish Council,
6635,carlton-highdale-parish-meeting,Carlton Highdale (Parish Meeting),
6636,carlton-husthwaite-parish-meeting,Carlton Husthwaite (Parish Meeting),
4693,carlton-miniott,Carlton Miniott,https://www.carltonminiott-pc.gov.uk
32796,carlton-parish-council,Carlton Parish Council,
35615,carlton-scroop-parish-council,Carlton Scroop Parish Council,
6426,carlton-town,Carlton Town,
33591,carlton-town-parish-council,Carlton Town Parish Council,
35614,carlton-in-lindrick-parish-council,Carlton in Lindrick Parish Council,
3835,carlyon-parish-council,Carlyon Parish Council,https://www.carlyon-pc.gov.uk
5548,carn-brea-parish-council,Carn Brea Parish Council,
35618,carnforth-parish-council,Carnforth Parish Council,
33592,carperby-cum-thoresby-parish-council,Carperby cum Thoresby Parish Council,
35620,carrington-parish-council,Carrington Parish Council,
3973,carsington-and-hopton-parish-council,Carsington And Hopton Parish Council,https://www.carsingtonhopton-pc.gov.uk
34699,carterton-town-council,Carterton Town Council,https://www.carterton-tc.gov.uk
4256,carthorpe,Carthorpe,https://www.carthorpeparishcouncil.gov.uk
33593,carthorpe-parish-council,Carthorpe Parish Council,https://www.carthorpeparishcouncil.gov.uk
30818,cartmel-fell-parish-council,Cartmel Fell Parish Council,
4408,cary-moor-parish-council-grouped-council-to-include-alford-lovington-north-barrow-and-south-barrow,"Cary Moor - Parish Council (Grouped Council to include Alford, Lovington, North Barrow and South Barrow)",https://www.carymoorparish.gov.uk/
34857,cary-moor-grouped-council,Cary Moor Grouped Council,
36450,cassop-cum-quarrington-parish-council-1,Cassop-cum-Quarrington Parish Council,
30819,casterton-parish-council,Casterton Parish Council,
34142,castle-ashby-parish-council,Castle Ashby Parish Council,
6637,castle-bolton-with-east-and-west-bolton-parish-meeting,Castle Bolton with East and West Bolton (Parish Meeting),
35622,castle-camps-parish-council,Castle Camps Parish Council,
30710,castle-carrock-and-geltsdale-parish-council,Castle Carrock and Geltsdale Parish Council,https://www.castlecarrock-pc.gov.uk
3511,castle-cary-town-council,Castle Cary Town Council,https://castle-cary.co.uk/council//
5387,castle-combe-parish-council,Castle Combe Parish Council,https://www.castlecombepc.org.uk
32815,castle-donington-parish-council,Castle Donington Parish Council,
35623,castle-frome-parish-council,Castle Frome Parish Council,
33336,castle-rising-parish-council,Castle Rising Parish Council,
30820,castle-sowerby-parish-council,Castle Sowerby Parish Council,https://www.castlesowerby-pc.gov.uk
35624,castleford-parish-council,Castleford Parish Council,
36451,castlelevington-parish-council,Castlelevington Parish Council,
4124,caston-parish-council,Caston Parish Council,https://www.castonparishcouncil.gov.uk
5064,castor-parish-council,Castor Parish Council,https://www.castor-pc.gov.uk
35626,catcliffe-parish-council,Catcliffe Parish Council,
3648,catcott-parish-council,Catcott Parish Council,https://catcottparishcouncil.org/
35310,caterham-valley-parish-council,Caterham Valley Parish Council,https://www.caterhamvalleypc.org.uk
35309,caterham-on-the-hill-parish-council,Caterham on the Hill Parish Council,
36452,caterham-on-the-hill-parish-council-1,Caterham-on-the-Hill Parish Council,
36957,catmore-parish-meeting,Catmore Parish Meeting,
35628,catsfield-parish-council,Catsfield Parish Council,
5943,catsfield-village-parish-council,Catsfield Village Parish Council,
5761,cattal-hunsingore-and-walshford,"Cattal, Hunsingore and Walshford",
33594,cattal-hunsingore-and-walshford-parish-council,"Cattal, Hunsingore and Walshford Parish Council",
35630,catterall-parish-council,Catterall Parish Council,
35631,catterick-parish-council,Catterick Parish Council,
4257,catterick-village,Catterick Village,https://www.catterickparishcouncil.gov.uk
33595,catterick-village-parish-council,Catterick Village Parish Council,https://www.catterickparishcouncil.gov.uk
30821,catterlen-parish-council,Catterlen Parish Council,
6638,catton-parish-meeting,Catton (Parish Meeting),
31336,catton-parish-council,Catton Parish Council,
30094,catworth-parish-council,Catworth Parish Council,https://www.catworthparishcouncil.gov.uk
6884,caunton-parish-council,Caunton Parish Council,
6049,cavendish-parish-council,Cavendish Parish Council,
6772,cavenham-parish-meeting,Cavenham Parish Meeting,
3995,caverswall-parish-council,Caverswall Parish Council,http://caverswall.org.uk/parish-council/
4791,caverswall-parish-council-1,Caverswall Parish Council,http://caverswall.org.uk/parish-council/
4165,cawston-parish-council,Cawston Parish Council,https://www.cawstonnorfolk-pc.gov.uk
35634,cawthorne-parish-council,Cawthorne Parish Council,
5855,caynham-parish-council,Caynham Parish Council,
6885,caythorpe-parish-council,Caythorpe Parish Council,
4694,cayton,Cayton,https://www.caytonparishcouncil.gov.uk
36453,central-milton-keynes-parish-council,Central Milton Keynes Parish Council,
36454,central-swindon-north-parish-council,Central Swindon North Parish Council,
34858,cerne-parish-council,Cerne Parish Council,
31923,chaceley-parish-council,Chaceley Parish Council,
3836,chacewater-parish-council,Chacewater Parish Council,http://www.chacewater.net
35637,chaddesley-corbett-parish-council,Chaddesley Corbett Parish Council,https://www.chaddesleyparishcouncil.gov.uk/
36958,chaddleworth-parish-council,Chaddleworth Parish Council,https://www.ChaddleworthParish.gov.uk
36678,chadshunt-parish-meeting,Chadshunt Parish Meeting,https://www.stratford-dc.gov.uk
4409,chaffcombe-parish-council,Chaffcombe Parish Council,http://www.chaffcombe.com/?page_id=7885
4029,chailey-parish-council,Chailey Parish Council,https://www.chaileyparishcouncil.gov.uk
4608,chailey-parish-council-1,Chailey Parish Council,https://www.chaileyparishcouncil.gov.uk
35311,chaldon-village-council,Chaldon Village Council,https://www.chaldonvillagecouncil.org.uk
3761,chalfont-st-giles-parish-council,Chalfont St Giles Parish Council,https://www.chalfontstgiles-pc.gov.uk
3762,chalfont-st-peter-parish-council,Chalfont St Peter Parish Council,https://www.chalfontstpeter-pc.gov.uk
35639,chalfont-st-peter-parish-council-1,Chalfont St. Peter Parish Council,
31873,chalford-parish-council,Chalford Parish Council,https://www.chalford-glos.gov.uk
36456,chalgrave-parish-council,Chalgrave Parish Council,
34568,chalgrove-parish-council,Chalgrove Parish Council,
7001,challacombe-parish-meeting,Challacombe Parish Meeting,
5642,challock,Challock,
32471,challock-parish-council,Challock Parish Council,
36457,chalton-parish-council,Chalton Parish Council,
5620,chalvington-with-ripe-parish-council,Chalvington with Ripe Parish Council,
32003,chandlers-ford-parish-council,Chandler's Ford Parish Council,https://www.chandlersford-pc.gov.uk
4742,chapel-allerton-parish-council,Chapel Allerton Parish Council,https://chapelallertonparishcouncil.co.uk/
36679,chapel-ascote-parish-meeting,Chapel Ascote Parish Meeting,
5762,chapel-haddlesey,Chapel Haddlesey,
35640,chapel-st-leonards-parish-council,Chapel St. Leonards Parish Council,
5290,chapel-and-hill-chorlton-parish-council,Chapel and Hill Chorlton Parish Council,http://chapelandhillchorltonpc.uk/
5388,chapmanslade-parish-council,Chapmanslade Parish Council,https://www.chapmansladeparishcouncil.gov.uk
3512,chard-town-council,Chard Town Council,https://www.chard.gov.uk/
5643,charing,Charing,
32472,charing-parish-council,Charing Parish Council,
32816,charley-parish-council,Charley Parish Council,https://www.charleyparishcouncil.gov.uk
34851,charlinch-parish-council,Charlinch Parish Council,
34859,charlton-adam-parish-council,Charlton Adam Parish Council,
36458,charlton-hayes-parish-council,Charlton Hayes Parish Council,
3735,charlton-horethorne-parish-council,Charlton Horethorne Parish Council,http://charltonhorethorne.org.uk/
35643,charlton-kings-parish-council,Charlton Kings Parish Council,
31151,charlton-marshall-parish-council,Charlton Marshall Parish Council,
4743,charlton-musgrove-parish-council,Charlton Musgrove Parish Council,https://charltonmusgrovepc.org.uk/
4065,charlton-parish-council,Charlton Parish Council,https://www.charlton-pc.gov.uk
5389,charlton-parish-council-1,Charlton Parish Council,https://www.charltonnorthwilts-pc.gov.uk
36459,charlton-st-peter-parish-council,Charlton St Peter Parish Council,
6527,charlton-st-peter-and-wilsford-joint-parish-council,Charlton St Peter and Wilsford Joint Parish Council,
34487,charlton-on-otmoor-parish-council,Charlton-on-Otmoor Parish Council,https://www.charltononotmoor-pc.gov.uk
36460,charlwood-parish-council,Charlwood Parish Council,
31153,charmouth-parish-council,Charmouth Parish Council,
3763,charndon-parish-council,Charndon Parish Council,https://www.charndon-pc.gov.uk
34643,charney-bassett-parish-council,Charney Bassett Parish Council,
35644,charnock-richard-parish-council,Charnock Richard Parish Council,
35645,charsfield-parish-council,Charsfield Parish Council,
32383,chart-sutton-parish-council,Chart Sutton Parish Council,https://www.chartsutton-pc.gov.uk
4667,chartham,Chartham,https://www.chartham-pc.gov.uk
34860,charton-parish-council,Charton Parish Council,
4915,chartridge-parish-council,Chartridge Parish Council,https://www.chartridgeparishcouncil.org.uk
34145,charwelton-parish-meeting,Charwelton Parish Meeting,
34703,chastleton-parish-meeting,Chastleton Parish Meeting,
35647,chatburn-parish-council,Chatburn Parish Council,
6079,chatsworth-parish-meeting,Chatsworth (Parish Meeting),
30073,chatteris-town-council,Chatteris Town Council,https://www.chatteristowncouncil.gov.uk
35648,chattisham-parish-council,Chattisham Parish Council,
5046,chattisham-and-hintlesham-parish-council,Chattisham and Hintlesham Parish Council,https://www.hintleshamandchattisham-pc.gov.uk
36461,chatton-parish-council,Chatton Parish Council,
5153,chawton-parish-council,Chawton Parish Council,https://www.chawtonparishcouncil.gov.uk
3582,cheadle-town-council,Cheadle Town Council,https://cheadletowncouncil.org.uk
4916,chearsley-parish-council,Chearsley Parish Council,https://www.chearsley-pc.gov.uk
6173,chebsey-parish-council,Chebsey Parish Council,http://www.chebseyparishcouncil.org.uk/
4933,checkley-parish-council,Checkley Parish Council,https://www.checkley.staffslc.gov.uk
5881,checkley-parish-council-1,Checkley Parish Council,
6050,chedburgh-parish-council,Chedburgh Parish Council,
3530,cheddar-parish-council,Cheddar Parish Council,https://cheddarparishcouncil.org/
4467,cheddleton-parish-council-1,Cheddleton Parish Council,https://cheddleton-pc.gov.uk/
4934,cheddleton-parish-council,Cheddleton Parish Council,https://cheddleton-pc.gov.uk/
4909,cheddon-fitzpaine-parish-council,Cheddon Fitzpaine Parish Council,https://cfpc.co.uk/
4201,chedgrave-parish-council,Chedgrave Parish Council,https://www.chedgraveparishcouncil.gov.uk
31154,chedington-parish-council,Chedington Parish Council,
4410,chedzoy-parish-council,Chedzoy Parish Council,http://www.chedzoyparishcouncil.gov.uk/
30273,chelford-parish-council,Chelford Parish Council,https://www.chelfordparishcouncil.org.uk
4353,chelmarsh-parish-council,Chelmarsh Parish Council,https://www.chelmarshparishcouncil.gov.uk
31694,chelmer-parish-council,Chelmer Parish Council,
5047,chelmondiston-parish-council,Chelmondiston Parish Council,https://www.chelmondiston-pc.gov.uk
3974,chelmorton-parish-council,Chelmorton Parish Council,https://www.chelmortonparish.org.uk
6197,chelsworth-parish-meeting,Chelsworth Parish Meeting,
35652,chelwood-parish-council,Chelwood Parish Council,
5390,cherhill-parish-council,Cherhill Parish Council,https://www.cherhillparish.gov.uk
36681,cherington-and-stourton-joint-parish-council,Cherington and Stourton Joint Parish Council,
36791,cherington-and-stourton-parish-council,Cherington and Stourton Parish Council,
35653,cheriton-bishop-parish-council,Cheriton Bishop Parish Council,
5640,cheriton-parish-council,Cheriton Parish Council,
35655,cherry-willingham-parish-council,Cherry Willingham Parish Council,
3540,chesham-town-council,Chesham Town Council,https://www.chesham.gov.uk
4468,cheslyn-hay-parish-council,Cheslyn Hay Parish Council,https://cheslynhayparish.gov.uk/
36462,chester-castle-parish-council,Chester Castle Parish Council,
36792,chesterton-kingston-parish-council,Chesterton Kingston Parish Council,
34488,chesterton-parish-council,Chesterton Parish Council,https://www.chestertonparishcouncil.org.uk
36682,chesterton-and-kingston-parish-meeting,Chesterton and Kingston Parish Meeting,
4096,chestfield,Chestfield,https://www.chestfieldparishcouncil.gov.uk
32508,chestfield-parish-council,Chestfield Parish Council,https://www.chestfieldparishcouncil.gov.uk
4718,cheswardine-parish-council,Cheswardine Parish Council,https://www.cheswardineparishcouncil.org.uk
35656,cheswick-green-parish-council,Cheswick Green Parish Council,
32412,chevening-parish-council,Chevening Parish Council,https://www.cheveningparishcouncil.gov.uk
5391,cheverell-magna-parish-council,Cheverell Magna Parish Council,https://www.cheverellmagnaparishcouncil.gov.uk
5353,chevington-parish-council,Chevington Parish Council,https://www.chevingtonparishcouncil.gov.uk
34861,chew-magna-parish-council,Chew Magna Parish Council,
35659,chew-stoke-parish-council,Chew Stoke Parish Council,
5507,chewton-mendip-parish-council,Chewton Mendip Parish Council,
36463,chichester-parish-council,Chichester Parish Council,
6780,chicklade-parish-meeting,Chicklade Parish Meeting,
6795,chickney,Chickney,
31696,chickney-parish-council,Chickney Parish Council,
35321,chiddingfold-parish-council,Chiddingfold Parish Council,https://www.chiddingfold-pc.gov.uk
4030,chiddingly-parish-council,Chiddingly Parish Council,https://www.chiddingly.gov.uk
32413,chiddingstone-parish-council,Chiddingstone Parish Council,https://www.chiddingstoneparish.gov.uk
35660,chidham-and-hambrook-parish-council,Chidham and Hambrook Parish Council,
36464,chidlow-parish-council,Chidlow Parish Council,
36959,chieveley-parish-council,Chieveley Parish Council,
31697,chignall-parish-council,Chignall Parish Council,
31634,chigwell-parish-council,Chigwell Parish Council,https://www.chigwellparishcouncil.gov.uk
5164,chilbolton-parish-council,Chilbolton Parish Council,https://www.chilboltonparishcouncil.org.uk
6096,chilcomb-parish-meeting,Chilcomb Parish Meeting,
4872,chilcompton-parish-council,Chilcompton Parish Council,https://www.chilcompton.org/
35662,childerley-parish-council,Childerley Parish Council,
34644,childrey-parish-council,Childrey Parish Council,
4947,chilham,Chilham,https://www.chilhamparishcouncil.gov.uk
32473,chilham-parish-council,Chilham Parish Council,https://www.chilhamparishcouncil.gov.uk
35663,chillesford-parish-council,Chillesford Parish Council,
36467,chillingham-parish-council,Chillingham Parish Council,
6149,chillington-parish-meeting,Chillington Parish Meeting,
6528,chilmark-parish-council,Chilmark Parish Council,
3736,chilthorne-domer-parish-council,Chilthorne Domer Parish Council,https://chilthornedomer-pc.gov.uk
6596,chilton-cantelo-parish-meeting,Chilton Cantelo Parish Meeting,
5392,chilton-foliat-parish-council,Chilton Foliat Parish Council,http://www.chiltonfoliat.com
5048,chilton-parish-council-1,Chilton Parish Council,https://www.chiltonpcsuffolk.org.uk
4917,chilton-parish-council,Chilton Parish Council,https://www.chiltonpcsuffolk.org.uk
4745,chilton-trinity-parish-council,Chilton Trinity Parish Council,https://www.chiltontrinity.org/
5165,chilworth-parish-council,Chilworth Parish Council,https://www.chilworthparishcouncil.gov.uk
4645,chineham-parish-council,Chineham Parish Council,https://www.chineham.gov.uk
3989,chinley-buxworth-brownside-parish-council,"Chinley, Buxworth & Brownside Parish Council",https://www.chinleybuxworthbrownside-pc.gov.uk
34570,chinnor-parish-council,Chinnor Parish Council,https://www.chinnorparishcouncil.gov.uk
4904,chippenham-town-council,Chippenham Town Council,http://www.chippenham.gov.uk
5393,chippenham-without-parish-council,Chippenham Without Parish Council,https://www.chippenhamwithoutparishcouncil.gov.uk
34705,chipping-norton-town-council,Chipping Norton Town Council,https://www.chippingnorton-tc.gov.uk
35664,chipping-parish-council,Chipping Parish Council,
34146,chipping-warden-and-edgcote-parish-council,Chipping Warden and Edgcote Parish Council,https://www.chippingwardenparishcouncil.gov.uk
4411,chipstable-parish-council,Chipstable Parish Council,https://www.chipstableparishcouncil.org/
5394,chirton-parish-council,Chirton Parish Council,https://www.chirtonandconock-pc.org.uk
36468,chiseldon-parish-council,Chiseldon Parish Council,
5657,chislet,Chislet,
32509,chislet-parish-council,Chislet Parish Council,
4581,chisworth-parish-council,Chisworth Parish Council,https://www.chisworthparishcouncil.gov.uk
6529,chitterne-parish-council,Chitterne Parish Council,
6844,chittlehamholt-satterleigh-and-warkleigh-parish-council,"Chittlehamholt, Satterleigh and Warkleigh Parish Council",
35305,chobham-parish-council,Chobham Parish Council,
6781,cholderton-parish-meeting,Cholderton Parish Meeting,
5517,cholesbury-cum-st-leonards-parish-council,Cholesbury-Cum-St Leonards Parish Council,
34289,chollerton-parish-council,Chollerton Parish Council,
30274,cholmondeley-chorley-parish-council,Cholmondeley & Chorley Parish Council,
35665,cholmondeley-parish-council,Cholmondeley Parish Council,
30275,cholmondeston-wettenhall-parish-council,Cholmondeston & Wettenhall Parish Council,https://www.cholmondestonandwettenhall-pc.gov.uk
35666,cholmondeston-parish-council,Cholmondeston Parish Council,
34290,choppington-parish-council,Choppington Parish Council,https://www.capheatonparishcouncil.gov.uk
35667,chorley-wilmslow-west-and-chorley-ward-parish-council,Chorley (wilmslow West and Chorley Ward) Parish Council,
35668,chorley-wrenbury-ward-parish-council,Chorley (wrenbury Ward) Parish Council,
30276,chorley-parish-council,Chorley Parish Council,
35669,chorleywood-parish-council,Chorleywood Parish Council,
35670,chorlton-parish-council,Chorlton Parish Council,
36469,chowley-parish-council,Chowley Parish Council,
31698,chrishall-parish-council,Chrishall Parish Council,
31163,christchurch-parish-council,Christchurch Parish Council,
5395,christian-malford-parish-council,Christian Malford Parish Council,https://www.christianmalfordparishcouncil.gov.uk
30398,christleton-parish-council,Christleton Parish Council,
30987,christow-parish-council,Christow Parish Council,https://www.christowparishcouncil.gov.uk
6305,chulmleigh-parish-council,Chulmleigh Parish Council,
35672,church-crookham-parish-council,Church Crookham Parish Council,
6492,church-eaton-parish-council,Church Eaton Parish Council,
4258,church-fenton,Church Fenton,https://www.churchfenton-pc.gov.uk
31164,church-knowle-parish-council,Church Knowle Parish Council,
30277,church-lawton-parish-council,Church Lawton Parish Council,https://www.churchlawton-pc.gov.uk
30278,church-minshull-parish-council,Church Minshull Parish Council,
36470,church-preen-parish-council,Church Preen Parish Council,
5858,church-pulverbatch-parish-council,Church Pulverbatch Parish Council,
3617,church-stretton-town-council,Church Stretton Town Council,https://www.churchstretton-tc.gov.uk
31831,churcham-parish-council,Churcham Parish Council,https://www.churchamparishcouncil.org.uk
31924,churchdown-parish-council,Churchdown Parish Council,https://www.churchdown-pc.gov.uk
34865,churchill-parish-council,Churchill Parish Council,
35673,churchill-and-blakedown-parish-council,Churchill and Blakedown Parish Council,https://churchillandblakedown-pc.gov.uk/
34706,churchill-and-sarsden-parish-council,Churchill and Sarsden Parish Council,https://www.churchillandsarsden-pc.gov.uk
35322,churt-parish-council,Churt Parish Council,
30399,churton-parish-council,Churton Parish Council,
4857,chute-forest-parish-council,Chute Forest Parish Council,https://www.chuteforest-pc.gov.uk
5396,chute-parish-council,Chute Parish Council,https://www.chuteparishcouncil.gov.uk
31832,cinderford-town-council,Cinderford Town Council,https://www.cinderfordtowncouncil.gov.uk
36471,cirencester-parish-council,Cirencester Parish Council,
30547,city-of-durham-parish-council,City of Durham Parish Council,https://www.cityofdurham-pc.gov.uk
30822,claife-parish-council,Claife Parish Council,https://www.claife-pc.gov.uk
4063,clanfield-parish-council,Clanfield Parish Council,https://www.clanfieldpc.org.uk
36472,clapham-parish-council,Clapham Parish Council,
4259,clapham-cum-newby,Clapham-Cum-Newby,https://www.claphamcumnewby-pc.gov.uk
33600,clapham-cum-newby-parish-council,Clapham-Cum-Newby Parish Council,https://www.claphamcumnewby-pc.gov.uk
31803,clapton-on-the-hill-parish-meeting,Clapton-on-the-Hill Parish Meeting,
5498,clare-town-council,Clare Town Council,
5397,clarendon-park-parish-council,Clarendon Park Parish Council,https://www.clarendonparkparishcouncil.gov.uk
5021,clatworthy-parish-council,Clatworthy Parish Council,https://www.clatworthy-parish.uk
35677,claughton-parish-council,Claughton Parish Council,
34868,claverham-parish-council,Claverham Parish Council,
4620,clavering,Clavering,https://www.claveringparishcouncil.gov.uk
31699,clavering-parish-council,Clavering Parish Council,
6479,claverley-parish-council,Claverley Parish Council,
35679,clawson-hose-and-harby-parish-council,"Clawson, Hose and Harby Parish Council",
4202,claxton-parish-council,Claxton Parish Council,https://www.claxton-pc.gov.uk
33601,claxton-and-sand-hutton-parish-council,Claxton and Sand Hutton Parish Council,
34148,clay-coton-parish-meeting,Clay Coton Parish Meeting,
4009,clay-cross-parish-council,Clay Cross Parish Council,https://www.claycross.gov.uk
35684,claybrooke-magna-parish-council,Claybrooke Magna Parish Council,
35685,claybrooke-parva-parish-council,Claybrooke Parva Parish Council,
5348,claydon-and-whitton-parish-council,Claydon and Whitton Parish Council,https://www.claydonandwhitton-pc.gov.uk
36474,claygate-parish-council,Claygate Parish Council,
35687,clayhanger-parish-council,Clayhanger Parish Council,
35688,clayhidon-parish-council,Clayhidon Parish Council,
4676,claypole-parish-council,Claypole Parish Council,https://www.claypole-pc.gov.uk
35691,clayton-le-woods-parish-council,Clayton-le-woods Parish Council,
35692,clayworth-parish-council,Clayworth Parish Council,
30711,cleator-moor-town-council,Cleator Moor Town Council,https://www.cleatormoortowncouncil.gov.uk
36475,clee-st-margaret-parish-council-1,Clee St. Margaret Parish Council,
36476,cleeve-prior-parish-council,Cleeve Prior Parish Council,
32110,clehonger-parish-council,Clehonger Parish Council,
33338,clenchwarton-parish-council,Clenchwarton Parish Council,
5494,cleobury-mortimer-town-council,Cleobury Mortimer Town Council,
36477,cleobury-north-parish-council,Cleobury North Parish Council,
32557,clerk-hartlip-parish-council,Clerk - Hartlip Parish Council,https://www.hartlippc.gov.uk
34554,clerk-to-ascott-under-wychood-parish-council,Clerk to Ascott under Wychood Parish Council,https://www.ascottpc.org.uk
34870,clevedon-town-council,Clevedon Town Council,
35694,cley-next-the-sea-parish-council,Cley next the Sea Parish Council,
5976,cliddesden-parish-council,Cliddesden Parish Council,
6007,cliffe,Cliffe,
36795,clifford-chambers-milcote-parish-council,Clifford Chambers Milcote Parish Council,
32111,clifford-parish-council,Clifford Parish Council,
35695,cliffsend-parish-council,Cliffsend Parish Council,
35696,clifton-campville-parish-council,Clifton Campville Parish Council,
4792,clifton-campvillethorpe-constantine-parish-council,Clifton Campville/Thorpe Constantine Parish Council,https://www.cliftoncampvillewiththorpeconstantinepc.info/
5577,clifton-parish-council,Clifton Parish Council,
36796,clifton-upon-dunsmore-parish-council,Clifton upon Dunsmore Parish Council,
36478,climping-parish-council,Climping Parish Council,
34149,clipston-parish-council,Clipston Parish Council,
7056,clipston-on-the-wolds-parish-meeting,Clipston on the Wolds Parish Meeting,
6886,clipstone-parish-council,Clipstone Parish Council,
35698,clitheroe-parish-council,Clitheroe Parish Council,
4354,clive-parish-council,Clive Parish Council,https://www.clive-pc.gov.uk
35699,cliviger-parish-council,Cliviger Parish Council,
36479,clophill-parish-council,Clophill Parish Council,
5502,closworth-parish-meeting,Closworth Parish Meeting,https://www.closworthparishmeeting.gov.uk
30400,clotton-hoofield-parish-council,Clotton Hoofield Parish Council,
4974,cloughton,Cloughton,https://www.cloughton-pc.gov.uk
4578,clowne-parish-council,Clowne Parish Council,https://www.clowneparishcouncil.gov.uk
34826,clun-parish-council,Clun Parish Council,
3618,clun-town-council-with-chapel-lawn,Clun Town Council with Chapel Lawn,https://www.cluntowncouncil.gov.uk
5859,clungunford-parish-council,Clungunford Parish Council,
34871,clutton-parish-council,Clutton Parish Council,
5398,clyffe-pypard-and-bushton-parish-council,Clyffe Pypard and Bushton Parish Council,http://www.clyffepypardbushton.org.uk
34291,coanwood-parish-council,Coanwood Parish Council,
31987,coates-parish-council,Coates Parish Council,
31988,coberley-parish-council,Coberley Parish Council,
30712,cockermouth-town-council,Cockermouth Town Council,
5888,cockfield-parish-council,Cockfield Parish Council,
4519,coddenham-parish-council,Coddenham Parish Council,https://www.coddenham-pc.gov.uk
6887,coddington-parish-council,Coddington Parish Council,
30401,coddington-and-district-parish-council,Coddington and District Parish Council,
5399,codford-parish-council,Codford Parish Council,https://www.codfordpc.org.uk
32322,codicote-parish-council,Codicote Parish Council,
4469,codsall-parish-council,Codsall Parish Council,http://www.codsallparishcouncil.co.uk/
31700,coggeshall-parish-council,Coggeshall Parish Council,
3837,colan-parish-council,Colan Parish Council,https://colanparishcouncil.co.uk/
33935,colburn-parish-council,Colburn Parish Council,
4260,colburn-town,Colburn Town,https://www.colburn-tc.gov.uk
33231,colby-and-banningham-parish-council,Colby and Banningham Parish Council,https://www.colby-banningham-pc.gov.uk
36960,cold-ash-parish-council,Cold Ash Parish Council,https://www.coldashparishcouncil.gov.uk
34151,cold-ashby-parish-council,Cold Ashby Parish Council,
36480,cold-brayfield-parish-council,Cold Brayfield Parish Council,
34152,cold-higham-parish-council,Cold Higham Parish Council,https://www.coldhigham-pc.gov.uk
6639,cold-kirby-parish-meeting,Cold Kirby (Parish Meeting),
32845,cold-newton-parish-council,Cold Newton Parish Council,
31701,cold-norton-parish-council,Cold Norton Parish Council,
4070,colden-common-parish-council,Colden Common Parish Council,https://www.coldencommon-pc.gov.uk
30064,coldharbour-parish-council,Coldharbour Parish Council,
36481,colebatch-parish-council,Colebatch Parish Council,
4873,coleford-parish-council,Coleford Parish Council,https://www.colefordpc.org.uk/council.php
31833,coleford-town-council,Coleford Town Council,https://www.colefordpc.org.uk/council.php
31166,colehill-parish-council,Colehill Parish Council,
5518,coleshill-parish-council,Coleshill Parish Council,
37024,colgate-parish-council,Colgate Parish Council,
32384,collier-street-parish-council,Collier Street Parish Council,https://www.collierstreetparishcouncil.gov.uk
5400,collingbourne-ducis-parish-council,Collingbourne Ducis Parish Council,https://www.collingbourne-ducis-pc.gov.uk
6888,collingham-parish-council,Collingham Parish Council,
35703,collington-parish-council,Collington Parish Council,
30020,colmworth-parish-council,Colmworth Parish Council,
30095,colne-parish-council,Colne Parish Council,https://www.colneparishcouncil.gov.uk
32370,colney-heath-parish-council,Colney Heath Parish Council,
6112,colney-parish-meeting,Colney Parish Meeting,
5664,colsterworth-and-district-parish-council,Colsterworth and District Parish Council,
4166,coltishall-parish-council,Coltishall Parish Council,https://www.coltishall-pc.gov.uk
5037,colton-parish-council,Colton Parish Council,http://www.coltonpc.org.uk/
32112,colwall-parish-council,Colwall Parish Council,
4470,colwich-parish-council,Colwich Parish Council,https://www.colwichparishcouncil.gov.uk/
4338,colwick-parish-council,Colwick Parish Council,https://www.colwickparishcouncil.gov.uk
4412,combe-florey-parish-council,Combe Florey Parish Council,https://www.combefloreyparishcouncil.org/
6846,combe-martin-parish-council,Combe Martin Parish Council,
3650,combe-st-nicholas-parish-council,Combe St Nicholas Parish Council,https://combestnicholas.org.uk/
30402,comberbach-parish-council,Comberbach Parish Council,
4817,combs-parish-council,Combs Parish Council,https://www.combsparishcouncil.gov.uk
5401,compton-bassett-parish-council,Compton Bassett Parish Council,http://www.comptonbassett.com/
34645,compton-beauchamp-parish-meeting,Compton Beauchamp Parish Meeting,
4747,compton-bishop-parish-council,Compton Bishop Parish Council,https://www.comptonbishopparish.org.uk/
6782,compton-chamberlayne-parish-meeting,Compton Chamberlayne Parish Meeting,
3737,compton-dundon-parish-council,Compton Dundon Parish Council,http://comptondundon-pc.gov.uk/wp/
36962,compton-parish-council,Compton Parish Council,https://www.comptonparishcouncil.gov.uk
6756,compton-pauncefoot-parish-meeting,Compton Pauncefoot Parish Meeting,
31168,compton-valence-parish-council,Compton Valence Parish Council,
36686,compton-verney-parish-meeting,Compton Verney Parish Meeting,
4660,compton-and-shawford-parish-council,Compton and Shawford Parish Council,https://www.comptonshawford-pc.gov.uk
36482,conderton-parish-council,Conderton Parish Council,
6026,condover-parish-council,Condover Parish Council,
4828,coney-weston-parish-council,Coney Weston Parish Council,https://www.coneywestonparishcouncil.gov.uk
6806,coneysthorpe-parish-meeting,Coneysthorpe (Parish Meeting),
33339,congham-parish-council,Congham Parish Council,
30279,congleton-town-council,Congleton Town Council,https://www.congleton-tc.gov.uk
34880,congresbury-parish-council,Congresbury Parish Council,
30096,conington-parish-council,Conington Parish Council,https://www.coningtonparishcouncil.gov.uk
6951,conisbrough-parks-parish-council,Conisbrough Parks Parish Council,
35707,conisholme-parish-council,Conisholme Parish Council,
31450,coniston-and-thirtleby-parish-council,Coniston And Thirtleby Parish Council,
33606,coniston-cold-parish-council,Coniston Cold Parish Council,
31339,coniston-parish-council,Coniston Parish Council,
6640,conistone-with-kilnsey-parish-meeting,Conistone with Kilnsey (Parish Meeting),
6008,cononley,Cononley,
4584,consall-parish-council,Consall Parish Council,http://www.consallparishcouncil.btck.co.uk/
33937,constable-burton-parish-council,Constable Burton Parish Council,
4261,constable-burton-and-finghall,Constable Burton and Finghall,https://www.constableburtonfinghall-pc.gov.uk
3838,constantine-parish-council,Constantine Parish Council,https://constantinecornwall.com/
37175,cookham-parish-council,Cookham Parish Council,
35708,cookley-parish-council,Cookley Parish Council,
37163,coombe-bissett-parish-council,Coombe Bissett Parish Council,
6531,coombe-bissett-and-homington-parish-council,Coombe Bissett and Homington Parish Council,
36483,coombes-parish-council,Coombes Parish Council,
5889,copdock-and-washbrook-parish-council,Copdock and Washbrook Parish Council,
30021,cople-parish-council,Cople Parish Council,
35158,coppenhall-parish-council,Coppenhall Parish Council,
30097,coppingford-parish-council,Coppingford Parish Council,https://www.coppingfordpc.org.uk
32697,coppull-parish-council,Coppull Parish Council,
33939,copt-hewick-parish-council,Copt Hewick Parish Council,
32017,copythorne-parish-council,Copythorne Parish Council,
34292,corbridge-parish-council,Corbridge Parish Council,
5989,corby-glen-parish-council,Corby Glen Parish Council,
34048,corby-town-council,Corby Town Council,https://www.corbytowncouncil.gov.uk
31171,corfe-mullen-parish-council,Corfe Mullen Parish Council,
5022,corfe-parish-council,Corfe Parish Council,https://www.corfevillagesomerset.org.uk/
34707,cornbury-and-wychwood-parish-meeting,Cornbury and Wychwood Parish Meeting,
34708,cornwell-parish-meeting,Cornwell Parish Meeting,
5082,cornwood-parish-council,Cornwood Parish Council,https://www.cornwoodparishcouncil.gov.uk
5083,cornworthy-parish-council,Cornworthy Parish Council,https://www.cornworthyparishcouncil.gov.uk
33232,corpusty-with-saxthorpe-parish-council,Corpusty with Saxthorpe Parish Council,https://www.corpustyandsaxthorpe-pc.gov.uk
34294,corsenside-parish-council,Corsenside Parish Council,
3722,corsham-town-council,Corsham Town Council,http://www.corsham.gov.uk
6532,corsley-parish-council,Corsley Parish Council,
35271,corton-parish-council,Corton Parish Council,
36800,cosford-parish-council,Cosford Parish Council,
34154,cosgrove-parish-council,Cosgrove Parish Council,https://www.cosgroveparishcouncil.gov.uk
5845,cossall-parish-council,Cossall Parish Council,
5492,costessey-town-council,Costessey Town Council,
35710,cotcliffe-parish-council,Cotcliffe Parish Council,
36484,cotes-parish-council,Cotes Parish Council,
4899,cotgrave-town-council,Cotgrave Town Council,https://www.cotgrave-tc.gov.uk
7035,cotham-parish-meeting,Cotham Parish Meeting,
30142,coton-parish-council,Coton Parish Council,
30143,cottenham-parish-council,Cottenham Parish Council,
32281,cottered-parish-council,Cottered Parish Council,https://www.cotteredpc.org.uk
34049,cotterstock-parish-meeting,Cotterstock Parish Meeting,
34795,cottesmore-parish-council,Cottesmore Parish Council,
31341,cottingham-parish-council,Cottingham Parish Council,
34490,cottisford-parish-meeting,Cottisford Parish Meeting,
30014,cotton-end-parish-council,Cotton End Parish Council,
4520,cotton-parish-council-2,Cotton Parish Council,https://www.cotton-pc.gov.uk
6493,cotton-parish-council-1,Cotton Parish Council,
34884,coughton-parish-council,Coughton Parish Council,
5402,coulston-parish-council,Coulston Parish Council,https://www.coulstonparishcouncil.gov.uk
31447,council-name,Council Name,
35711,counthorpe-and-creeton-parish-council,Counthorpe and Creeton Parish Council,
34156,courteenhall-parish-meeting,Courteenhall Parish Meeting,
6641,coverham-with-agglethorpe-parish-meeting,Coverham with Agglethorpe (Parish Meeting),
35376,covingham-parish-council,Covingham Parish Council,
32414,cowden-parish-council,Cowden Parish Council,
36485,cowley-parish-council,Cowley Parish Council,
4975,cowling,Cowling,https://www.cowlingparishcouncil.org.uk
30049,cox-green-parish-council,Cox Green Parish Council,https://www.coxgreen.gov.uk
34886,coxley-parish-council,Coxley Parish Council,
33610,coxwold-parish-council,Coxwold Parish Council,
30824,crackenthorpe-parish-meeting,Crackenthorpe Parish Meeting,
6734,cracoe-parish-meeting,Cracoe (Parish Meeting),
32113,cradley-parish-council,Cradley Parish Council,
33940,crakehall-parish-council,Crakehall Parish Council,
33611,crakehall-with-langthorne-parish-council,Crakehall with Langthorne Parish Council,
34295,cramlington-parish-council,Cramlington Parish Council,https://www.cramlingtontowncouncil.gov.uk
30280,cranage-parish-council,Cranage Parish Council,https://www.cranageparishcouncil.gov.uk
32575,cranbrook-sissinghurst-parish-council,Cranbrook & Sissinghurst Parish Council,
32444,cranbrook-and-sissinghurst-parish-council,Cranbrook and Sissinghurst Parish Council,https://www.cs-pc.gov.uk
30235,cranfield-parish-council,Cranfield Parish Council,
34050,cranford-parish-council,Cranford Parish Council,
31875,cranham-parish-council,Cranham Parish Council,https://www.cranhamparishcouncil.gov.uk
35323,cranleigh-parish-council,Cranleigh Parish Council,https://www.cranleigh-pc.gov.uk
33509,cransley-parish-council,Cransley Parish Council,
3839,crantock-parish-council,Crantock Parish Council,http://www.parish-council.com/crantock/
6100,cranwich-parish-meeting,Cranwich Parish Meeting,
6120,crathorne-parish-meeting,Crathorne (Parish Meeting),
5495,craven-arms-town-council,Craven Arms Town Council,
5980,crawley-parish-council,Crawley Parish Council,
4262,crayke,Crayke,https://www.craykeparishcouncil.gov.uk
34157,creaton-parish-council,Creaton Parish Council,https://www.creaton-pc.gov.uk
32114,credenhill-parish-council,Credenhill Parish Council,
31030,crediton-parish-council,Crediton Parish Council,
35098,creech-st-michael-parish-council-1,Creech St. Michael Parish Council,
4521,creeting-st-mary-parish-council,Creeting St Mary Parish Council,https://www.creetingstmary-pc.gov.uk
5349,creeting-st-peter-parish-council,Creeting St Peter Parish Council,https://www.creetingstpeter-pc.gov.uk
35197,creeting-st-mary-parish-council-1,Creeting St. Mary Parish Council,
34828,cressage-parish-council,Cressage Parish Council,
31704,cressing-parish-council,Cressing Parish Council,
34297,cresswell-parish-council,Cresswell Parish Council,
6033,creswell-parish-council,Creswell Parish Council,
35716,crewe-green-parish-council,Crewe Green Parish Council,
30281,crewe-town-council,Crewe Town Council,https://www.crewetowncouncil.gov.uk
3513,crewkerne-town-council,Crewkerne Town Council,https://www.crewkerne-tc.gov.uk/
34158,crick-parish-council,Crick Parish Council,https://www.crickparishcouncil.gov.uk
6150,cricket-st-thomas-parish-meeting,Cricket St Thomas Parish Meeting,
3723,cricklade-town-council,Cricklade Town Council,https://www.crickladetowncouncil.gov.uk
33340,crimplesham-parish-council,Crimplesham Parish Council,
4203,cringleford-parish-council,Cringleford Parish Council,https://www.cringlefordpc.org.uk
32415,crockenhill-parish-council,Crockenhill Parish Council,https://www.crockenhillpc.org.uk
32849,croft-parish-council,Croft Parish Council,
6251,croft-on-tees,Croft-on-Tees,
33614,croft-on-tees-parish-council,Croft-on-Tees Parish Council,
36645,crofton-parish-council,Crofton Parish Council,
33233,cromer-town-council,Cromer Town Council,https://www.cromer-tc.gov.uk
4928,cromford-parish-council,Cromford Parish Council,https://www.cromfordparishcouncil.org.uk
7036,cromwell-parish-meeting,Cromwell Parish Meeting,
32048,crondall-parish-council,Crondall Parish Council,
32658,cronton-parish-council,Cronton Parish Council,
30825,crook-parish-council,Crook Parish Council,
32049,crookham-village-parish-council,Crookham Village Parish Council,
36486,croome-dabitot-parish-council,Croome D'Abitot Parish Council,
33941,cropton-parish-council,Cropton Parish Council,
6252,cropton-and-cawthorne,Cropton and Cawthorne,
33615,cropton-and-cawthorne-parish-council,Cropton and Cawthorne Parish Council,
6471,cropwell-bishop-parish-council,Cropwell Bishop Parish Council,
30826,crosby-garrett-parish-meeting,Crosby Garrett Parish Meeting,
35718,crosby-parish-council,Crosby Parish Council,
30827,crosby-ravensworth-parish-council,Crosby Ravensworth Parish Council,https://www.crosbyravensworthparish.org.uk
3738,croscombe-parish-council,Croscombe Parish Council,https://www.croscombeparishcouncil.co.uk/
30061,cross-roads-parish-council,Cross Roads Parish Council,
30713,crosscanonby-parish-council,Crosscanonby Parish Council,https://www.crosscanonby-pc.gov.uk
30828,crosthwaite-and-lyth-parish-council,Crosthwaite and Lyth Parish Council,
32698,croston-parish-council,Croston Parish Council,
6612,crostwick-parish-meeting,Crostwick Parish Meeting,
34159,croughton-parish-council,Croughton Parish Council,https://www.croughtonparishcouncil.gov.uk
3840,crowan-parish-council,Crowan Parish Council,https://www.crowan-pc.gov.uk/
3587,crowborough-town-council,Crowborough Town Council,https://www.crowboroughtowncouncil.gov.uk
3652,crowcombe-parish-council,Crowcombe Parish Council,https://www.crowcombe.org.uk/parish-council
34572,crowell-parish-meeting,Crowell Parish Meeting,
5902,crowfield-parish-council,Crowfield Parish Council,
4031,crowhurst-parish-council,Crowhurst Parish Council,https://www.crowhurstparishcouncil.gov.uk
37310,crowle-parish-council,Crowle Parish Council,
30403,crowton-parish-council,Crowton Parish Council,
5292,croxden-parish-council,Croxden Parish Council,https://croxdenparishcouncil.co.uk/
32323,croxley-green-parish-council,Croxley Green Parish Council,
4125,croxton-parish-council,Croxton Parish Council,https://www.croxtonpc.norfolkparishes.gov.uk
30144,croydon-parish-council,Croydon Parish Council,
5403,crudwell-parish-council,Crudwell Parish Council,https://www.crudwell-pc.gov.uk
6097,crundale-parish-meeting,Crundale - Parish Meeting,
36801,cubbington-parish-council,Cubbington Parish Council,
3841,cubert-parish-council,Cubert Parish Council,http://www.parish-council.com/CubertParishCouncil/
5519,cublington-parish-council,Cublington Parish Council,
6069,cuby-parish-meeting,Cuby Parish Meeting,
37059,cuckfield-parish-council,Cuckfield Parish Council,https://www.cuckfield.gov.uk
6193,cucklington-parish-meeting,Cucklington Parish Meeting,
34574,cuddesdon-and-denton-parish-council,Cuddesdon and Denton Parish Council,https://www.cuddesdondenton-pc.gov.uk
30473,cuddington-malpas-ward-parish-council,Cuddington (Malpas Ward) Parish Council,
30464,cuddington-weaver-and-cuddington-ward-parish-council,Cuddington (weaver and Cuddington Ward) Parish Council,
6151,cudworth-parish-meeting,Cudworth Parish Meeting,
35719,cuerdale-parish-council,Cuerdale Parish Council,
6051,culford-west-stow-wordwell-parish-council,"Culford, West Stow & Wordwell Parish Council",
30829,culgaith-parish-council,Culgaith Parish Council,https://www.culgaith-pc.gov.uk
34575,culham-parish-council,Culham Parish Council,https://www.culham-pc.gov.uk
4719,culmington-parish-council,Culmington Parish Council,https://www.culmington-pc.gov.uk
34160,culworth-parish-council,Culworth Parish Council,
32989,cumberworth-parish-council,Cumberworth Parish Council,
30714,cummersdale-parish-council,Cummersdale Parish Council,https://www.cummersdaleparishcouncil.gov.uk
30715,cumwhitton-parish-council,Cumwhitton Parish Council,https://www.cumwhittonpc.org.uk
33942,cundall-with-leckby-parish-council,Cundall with Leckby Parish Council,
6009,cundall-with-leckby-and-norton-le-clay,Cundall with Leckby and Norton le Clay,
3975,curbar-parish-council,Curbar Parish Council,https://www.curbarparishcouncil.gov.uk
5293,curborough-elmhurst-chorley-and-farewell-parish-council,"Curborough, Elmhurst, Chorley and Farewell Parish Council",https://cefcpc.chessck.co.uk/
5178,curdridge-parish-council,Curdridge Parish Council,https://www.curdridgeparishcouncil.gov.uk
3739,curry-mallet-parish-council,Curry Mallet Parish Council,https://currymallet-pc.gov.uk/
3653,curry-rivel-parish-council,Curry Rivel Parish Council,https://www.curryrivel.org.uk/
3842,cury-parish-council,Cury Parish Council,https://www.hugofox.com/community/cury-parish-council-7800/home
5023,cutcombe-parish-council,Cutcombe Parish Council,https://www.wheddoncross.org.uk/
33617,dacre-parish-council,Dacre Parish Council,https://www.dacreparishcouncil.org.uk
32851,dadlington-sutton-cheney-parish-council,Dadlington & Sutton Cheney Parish Council,
32797,dadlington-and-sutton-cheney-parish-council,Dadlington and Sutton Cheney Parish Council,https://www.dadlingtonsuttoncheney-pc.gov.uk
35722,dalby-parish-council,Dalby Parish Council,
6974,dalby-cum-skewsby-parish-meeting,Dalby-cum-Skewsby (Parish Meeting),
30931,dale-abbey-parish-council,Dale Abbey Parish Council,
5354,dalham-parish-council,Dalham Parish Council,https://www.dalhamparishcouncil.gov.uk
6253,dalton,Dalton,
6807,dalton-richmondshire-parish-meeting,Dalton (Richmondshire) (Parish Meeting),
33618,dalton-parish-council,Dalton Parish Council,
33619,dalton-on-tees-parish-council,Dalton-on-Tees Parish Council,
32018,damerham-parish-council,Damerham Parish Council,
4264,danby-group,Danby Group,https://www.danbygroup-pc.gov.uk
33620,danby-group-parish-council,Danby Group Parish Council,https://www.danbygroup-pc.gov.uk
33943,danby-parish-council,Danby Parish Council,
4265,danby-wiske-with-lazenby,Danby Wiske with Lazenby,https://www.danbywiskewithlazenbyparishcouncil.gov.uk
33621,danby-wiske-with-lazenby-parish-council,Danby Wiske with Lazenby Parish Council,https://www.danbywiskewithlazenbyparishcouncil.gov.uk
32644,darenth-parish-council,Darenth Parish Council,
3576,darley-dale-town-council,Darley Dale Town Council,https://www.darleydale.gov.uk
34897,darlington-parish-council,Darlington Parish Council,
34420,darlton-parish-council,Darlton Parish Council,
6703,darmsden-parish-meeting,Darmsden Parish Meeting,
30404,darnhall-parish-council,Darnhall Parish Council,
5084,dartington-parish-council,Dartington Parish Council,https://www.dartington-pc.gov.uk
5106,dartmoor-forest-parish,Dartmoor Forest Parish,https://www.dartmoorforestparishcouncil.gov.uk
30949,dartmoor-forest-parish-parish-council,Dartmoor Forest Parish Parish Council,https://www.dartmoorforestparishcouncil.gov.uk
3698,dartmouth-town-council,Dartmouth Town Council,https://www.dartmouthtowncouncil.gov.uk
30056,darwen-parish-council,Darwen Parish Council,
37176,datchet-parish-council,Datchet Parish Council,
32282,datchworth-parish-council,Datchworth Parish Council,https://www.datchworth-pc.org.uk
6533,dauntsey-parish-council,Dauntsey Parish Council,
30405,davenham-parish-council,Davenham Parish Council,
34898,daventry-parish-council,Daventry Parish Council,
3843,davidstow-parish-council,Davidstow Parish Council,https://www.davidstowparishcouncil.org.uk
34899,davy-parish-council,Davy Parish Council,
32529,deal-town-council,Deal Town Council,https://www.deal.gov.uk
30022,dean-and-shelton-parish-council,Dean and Shelton Parish Council,
34161,deanshanger-parish-council,Deanshanger Parish Council,
4621,debden,Debden,https://www.debden-pc.gov.uk
31706,debden-parish-council,Debden Parish Council,
6044,debenham-parish-council,Debenham Parish Council,
31707,dedham-parish-council,Dedham Parish Council,
35724,deene-parish-council,Deene Parish Council,
33503,deenethorpe-parish-council,Deenethorpe Parish Council,
5065,deeping-gate-parish-council,Deeping Gate Parish Council,https://www.deepinggate-pc.gov.uk
32990,deeping-st-nicholas-parish-council,Deeping St Nicholas Parish Council,
37311,defford-parish-council,Defford Parish Council,https://defford-besfordparishcouncil.co.uk/
6642,deighton-parish-meeting,Deighton (Parish Meeting),
4573,delabole-parish-council,Delabole Parish Council,https://www.delaboleparishcouncil.gov.uk
30406,delamere-oakmere-parish-council,Delamere & Oakmere Parish Council,
30465,delamere-and-oakmere-parish-council,Delamere and Oakmere Parish Council,
34647,denchworth-parish-meeting,Denchworth Parish Meeting,
31708,dengie-parish-council,Dengie Parish Council,
3769,denham-parish-council,Denham Parish Council,https://www.denhamparishcouncil.gov.uk
5350,denham-parish-council-1,Denham Parish Council,https://www.denhamparishcouncil.gov.uk
4661,denmead-parish-council,Denmead Parish Council,https://www.denmeadparishcouncil.org.uk
32019,denny-lodge-parish-council,Denny Lodge Parish Council,https://www.dennylodgeparishcouncil.gov.uk
6171,denston-parish-meeting,Denston Parish Meeting,
5294,denstone-parish-council,Denstone Parish Council,https://denstonevillage.org.uk/
30831,dent-parish-council,Dent Parish Council,
5665,denton-parish-council,Denton Parish Council,
6237,denton-parish-council-1,Denton Parish Council,
32530,denton-with-wootton-parish-council,Denton-with-Wootton Parish Council,
33341,denver-parish-council,Denver Parish Council,
34298,denwick-parish-council,Denwick Parish Council,
4204,deopham-hackford-parish-council,Deopham & Hackford Parish Council,https://www.deophamandhackford-pc.gov.uk
33428,deopham-parish-council,Deopham Parish Council,
5491,dereham-town-council,Dereham Town Council,
5404,derry-hill-and-studley-parish-council,Derry Hill and Studley Parish Council,https://derryhillandstudley-pc.gov.uk/
33342,dersingham-parish-council,Dersingham Parish Council,
34053,desborough-town-council,Desborough Town Council,https://www.desboroughtowncouncil.gov.uk
32798,desford-parish-council,Desford Parish Council,https://www.desford-pc.gov.uk
36487,deuxhill-parish-council,Deuxhill Parish Council,
3844,deviock-parish-council,Deviock Parish Council,http://www.deviockparish.org.uk
4905,devizes-town-council,Devizes Town Council,https://www.devizes-tc.gov.uk
31176,dewlish-parish-council,Dewlish Parish Council,
34844,dickens-heath-parish-council,Dickens Heath Parish Council,
33429,dickleburgh-and-rushall-parish-council,Dickleburgh and Rushall Parish Council,
34577,didcot-town-council,Didcot Town Council,https://www.didcot.gov.uk
5862,diddlebury-parish-council,Diddlebury Parish Council,
6101,didlington-parish-meeting,Didlington Parish Meeting,
32283,digswell-parish-council,Digswell Parish Council,https://www.digswell-pc.org.uk
33234,dilham-parish-council,Dilham Parish Council,
3996,dilhorne-parish-council,Dilhorne Parish Council,http://www.dilhorneparishcouncil.co.uk/
5295,dilhorne-parish-council-1,Dilhorne Parish Council,http://www.dilhorneparishcouncil.co.uk/
5405,dilton-marsh-parish-council,Dilton Marsh Parish Council,https://www.office.diltonmarshparishcouncil.gov.uk
35726,dinckley-parish-council,Dinckley Parish Council,
32117,dinedor-parish-council,Dinedor Parish Council,
34054,dingley-parish-council,Dingley Parish Council,
6152,dinnington-parish-meeting,Dinnington Parish Meeting,
5406,dinton-parish-council,Dinton Parish Council,http://www.dintonparishcouncil.org
4976,dishforth,Dishforth,https://www.dishforth-pc.gov.uk
33623,dishforth-parish-council,Dishforth Parish Council,https://www.dishforth-pc.gov.uk
30282,disley-parish-council,Disley Parish Council,https://www.disleyparishcouncil.org.uk
3607,diss-town-council,Diss Town Council,https://www.diss.gov.uk
30719,distington-parish-council,Distington Parish Council,
4874,ditcheat-parish-council,Ditcheat Parish Council,https://ditcheatparishcouncil.org.uk/
4206,ditchingham-parish-council,Ditchingham Parish Council,https://www.ditchingham-pc.gov.uk
4033,ditchling-parish-council,Ditchling Parish Council,https://www.ditchling-pc.gov.uk
4609,ditchling-parish-council-1,Ditchling Parish Council,https://www.ditchling-pc.gov.uk
4669,ditton-parish-council,Ditton Parish Council,https://www.dittonparishcouncil.gov.uk
36488,dobwalls-and-trewidland-parish-council,Dobwalls and Trewidland Parish Council,
30358,dodcott-cum-wilkesley-parish-council-1,Dodcott cum Wilkesley Parish Council,
30283,dodcott-cum-wilkesley-parish-council,Dodcott-cum-Wilkesley Parish Council,
30284,doddington-district-parish-council,Doddington & District Parish Council,https://www.doddingtondistrictparish.gov.uk
30074,doddington-parish-council,Doddington Parish Council,https://www.doddingtonparishcouncil.gov.uk
30368,doddington-and-district-parish-council,Doddington and District Parish Council,
33190,doddington-and-whisby-parish-council,Doddington and Whisby Parish Council,
4940,doddiscombsleigh,Doddiscombsleigh,https://www.doddiscombsleighparishcouncil.gov.uk
34162,dodford-parish-meeting,Dodford Parish Meeting,https://www.dodfordparishmeeting.gov.uk
30407,dodleston-parish-council,Dodleston Parish Council,
32050,dogmersfield-parish-council,Dogmersfield Parish Council,
5407,donhead-st-andrew-parish-council,Donhead St Andrew Parish Council,https://www.donheadstandrew-pc.gov.uk/
4858,donhead-st-mary-parish-council,Donhead St Mary Parish Council,http://www.donheadstmary-pc.gov.uk/
37164,donhead-st-andrew-parish-council-1,Donhead St. Andrew Parish Council,
34803,donington-parish-council,Donington Parish Council,
31806,donnington-parish-meeting,Donnington Parish Meeting,
4749,donyatt-parish-council,Donyatt Parish Council,http://www.donyattparishcouncil.org.uk/
31177,dorchester-town-council,Dorchester Town Council,
36922,dordon-parish-council,Dordon Parish Council,
35313,dormansland-parish-council,Dormansland Parish Council,
32227,dormington-and-mordiford-group-parish-council,Dormington and Mordiford Group Parish Council,
3770,dorney-parish-council,Dorney Parish Council,https://www.dorneyparishcouncil.gov.uk
32994,dorrington-parish-council,Dorrington Parish Council,
32120,dorstone-parish-council,Dorstone Parish Council,
6970,dorton-parish-council-meeting,Dorton Parish Council (meeting),
5024,doulting-parish-council,Doulting Parish Council,https://www.doultingparish.org/
32531,dover-town-council,Dover Town Council,https://www.dovertowncouncil.gov.uk
36489,doverdale-parish-council,Doverdale Parish Council,
3976,doveridge-parish-council,Doveridge Parish Council,https://www.doveridgeparishcouncil.gov.uk
5270,dowlish-wake-parish-council,Dowlish Wake Parish Council,https://www.dowlishwake.com/parish-council
31807,down-ampney-parish-council,Down Ampney Parish Council,https://www.downampney-pc.gov.uk
34906,downend-parish-council,Downend Parish Council,
30145,downham-parish-council,Downham Parish Council,
32665,downholland-parish-council,Downholland Parish Council,https://www.downhollandparish.gov.uk
35727,downholme-parish-council,Downholme Parish Council,
5520,downley-parish-council,Downley Parish Council,
5408,downton-parish-council,Downton Parish Council,https://www.downtonparishcouncil.gov.uk
5296,doxey-parish-council,Doxey Parish Council,http://www.doxeyparishcouncil.gov.uk/
4267,draughton,Draughton,https://www.draughton-pc.gov.uk
4977,drax,Drax,https://www.draxparishcouncil.gov.uk
5608,draycott-parish-council,Draycott Parish Council,
30932,draycott-and-church-wilne-parish-council,Draycott and Church Wilne Parish Council,
4793,draycott-in-the-moors-parish-council,Draycott in the Moors Parish Council,http://draycottinmoorspc.wordpress.com/
5298,drayton-bassett-parish-council,Drayton Bassett Parish Council,https://www.draytonbassett-pc.gov.uk/
4167,drayton-parish-council,Drayton Parish Council,https://draytonsomerset.co.uk/drayton-parish-council/
5025,drayton-parish-council-1,Drayton Parish Council,https://draytonsomerset.co.uk/drayton-parish-council/
3771,drayton-parslow-parish-council,Drayton Parslow Parish Council,https://www.draytonparslowparishcouncil.gov.uk
34578,drayton-st-leonard-parish-council,Drayton St Leonard Parish Council,
5107,drewsteignton-parish,Drewsteignton Parish,https://www.drewsteignton-pc.gov.uk
30950,drewsteignton-parish-parish-council,Drewsteignton Parish Parish Council,https://www.drewsteignton-pc.gov.uk
31808,driffield-and-harnhill-parish-council,Driffield and Harnhill Parish Council,
4522,drinkstone-parish-council,Drinkstone Parish Council,https://www.drinkstoneparishcouncil.gov.uk
3584,dronfield-town-council,Dronfield Town Council,https://www.dronfield.gov.uk
34935,dronfield-woodhouse-parish-council,Dronfield Woodhouse Parish Council,
34946,drontough-parish-council,Drontough Parish Council,
34947,dronwick-parish-council,Dronwick Parish Council,
34948,dropsworth-parish-council,Dropsworth Parish Council,
34949,droslingworth-parish-council,Droslingworth Parish Council,
34950,drossenden-parish-council,Drossenden Parish Council,
34951,drossford-parish-council,Drossford Parish Council,
34952,drossham-parish-council,Drossham Parish Council,
34961,drothwell-parish-council,Drothwell Parish Council,
35026,droviust-parish-council,Droviust Parish Council,
35030,droviusthing-parish-council,Droviusthing Parish Council,
35031,droviustho-parish-council,Droviustho Parish Council,
35032,droviustond-parish-council,Droviustond Parish Council,
35033,droviustondell-parish-council,Droviustondell Parish Council,
35034,droviustonford-parish-council,Droviustonford Parish Council,
35035,droviustonhall-parish-council,Droviustonhall Parish Council,
35036,droviustonham-parish-council,Droviustonham Parish Council,
35025,droviusworth-parish-council,Droviusworth Parish Council,
31835,drybrook-parish-council,Drybrook Parish Council,https://www.drybrookparishcouncil.gov.uk
36490,duckington-parish-council,Duckington Parish Council,
34710,ducklington-parish-council,Ducklington Parish Council,https://www.ducklingtonparishcouncil.gov.uk
34299,duddo-parish-council,Duddo Parish Council,https://www.duddoparishcouncil.gov.uk
30833,duddon-parish-council,Duddon Parish Council,https://www.duddonparishcouncil.org.uk
30408,duddon-and-burton-parish-council,Duddon and Burton Parish Council,
30834,dufton-parish-council,Dufton Parish Council,https://www.duftonparishcouncil.gov.uk
3846,duloe-parish-council,Duloe Parish Council,https://www.duloeparishcouncil.org.uk
3522,dulverton-town-council,Dulverton Town Council,http://www.dulvertontowncouncil.co.uk/
31927,dumbleton-parish-council,Dumbleton Parish Council,https://www.dumbleton-parish-council.org.uk
5138,dummer-parish-council,Dummer Parish Council,https://www.dummerparishcouncil.gov.uk
5127,dunchideock,Dunchideock,https://www.dunchideock-pc.gov.uk
30991,dunchideock-parish-council,Dunchideock Parish Council,https://www.dunchideock-pc.gov.uk
36804,dunchurch-parish-council,Dunchurch Parish Council,
37114,duncton-parish-council,Duncton Parish Council,
30721,dundraw-parish-council,Dundraw Parish Council,https://www.dundrawpc.org.uk
30409,dunham-on-the-hill-and-hapsford-parish-council,Dunham on the Hill and Hapsford Parish Council,
30466,dunham-on-the-hill-and-hapsford-parish-council-1,Dunham-on-the-hill and Hapsford Parish Council,
34421,dunham-on-trent-parish-council,Dunham-on-trent Parish Council,
32577,dunkirk-parish-council,Dunkirk Parish Council,
32700,dunnockshaw-parish-council,Dunnockshaw Parish Council,
34493,duns-tew-parish-council,Duns Tew Parish Council,https://www.dunstewparishcouncil.gov.uk
35325,dunsfold-parish-council,Dunsfold Parish Council,https://www.dunsfoldparishcouncil.gov.uk
5941,dunsford,Dunsford,
6643,dunsforths-parish-meeting,Dunsforths (Parish Meeting),
30208,dunstable-parish-council,Dunstable Parish Council,
3654,dunster-parish-council,Dunster Parish Council,https://dunsterparishcouncil.org.uk/
5300,dunston-with-coppenhall-parish-council,Dunston with Coppenhall Parish Council,http://www.dunstonpc.co.uk/
30209,dunton-parish-council,Dunton Parish Council,
33235,dunton-with-shereford-parish-meeting,Dunton with Shereford Parish Meeting,
35204,dunwich-parish-council,Dunwich Parish Council,
4414,durleigh-parish-council,Durleigh Parish Council,https://durleighparishcouncil.gov.uk/
6534,durnford-parish-council,Durnford Parish Council,
3724,durrington-town-council,Durrington Town Council,https://www.durringtontowncouncil.gov.uk
31876,dursley-town-council,Dursley Town Council,https://www.dursleytowncouncil.gov.uk
4875,durston-parish-meeting,Durston Parish Meeting,https://www.durstonparish.gov.uk
31178,durweston-parish-council,Durweston Parish Council,
34163,duston-parish-council,Duston Parish Council,https://www.duston-pc.gov.uk
30410,dutton-parish-council,Dutton Parish Council,
30200,duxford-parish-council,Duxford Parish Council,
32544,dymchurch-parish-council,Dymchurch Parish Council,
6889,eakring-parish-council,Eakring Parish Council,
32122,eardisley-group-parish-council,Eardisley Group Parish Council,
35205,earl-soham-parish-council,Earl Soham Parish Council,
5903,earl-stonham-parish-council,Earl Stonham Parish Council,
36491,earle-parish-council,Earle Parish Council,
34056,earls-barton-parish-council,Earls Barton Parish Council,https://www.earlsbarton.gov.uk
31710,earls-colne-parish-council,Earls Colne Parish Council,
37115,earnley-parish-council,Earnley Parish Council,
4207,earsham-parish-council,Earsham Parish Council,https://www.earsham-pc.gov.uk
36896,easenhall-parish-council,Easenhall Parish Council,
4268,easingwold,Easingwold,https://www.easingwold.gov.uk
33626,easingwold-parish-council,Easingwold Parish Council,https://www.easingwold.gov.uk
6307,east-anstey-parish-council,East Anstey Parish Council,
5218,east-ayton,East Ayton,https://www.eastaytonparishcouncil.gov.uk
33627,east-ayton-parish-council,East Ayton Parish Council,https://www.eastaytonparishcouncil.gov.uk
34300,east-bedlington-parish-council,East Bedlington Parish Council,https://www.eastbedlingtonparishcouncil.gov.uk
6288,east-bergholt-parish-council,East Bergholt Parish Council,
32020,east-boldre-parish-council,East Boldre Parish Council,https://www.eastboldre-pc.gov.uk
3655,east-brent-parish-council,East Brent Parish Council,https://www.eastbrentparishcouncil.co.uk/
4208,east-carleton-ketteringham-parish-council,East Carleton & Ketteringham Parish Council,https://www.eastcarletonandketteringham-pc.gov.uk
33430,east-carleton-parish-council,East Carleton Parish Council,
34057,east-carlton-parish-council,East Carlton Parish Council,
34648,east-challow-parish-council,East Challow Parish Council,
34301,east-chevington-parish-council,East Chevington Parish Council,https://www.eastchevingtonparishcouncil.gov.uk
4610,east-chiltington-parish-council-1,East Chiltington Parish Council,https://www.eastchiltingtonparish.gov.uk
5623,east-chiltington-parish-council,East Chiltington Parish Council,
4750,east-chinnock-parish-council,East Chinnock Parish Council,http://eastchinnock.net/Home/ParishCouncil/
35346,east-clandon-parish-council,East Clandon Parish Council,
5521,east-claydon-parish-council,East Claydon Parish Council,
35088,east-codford-parish-council,East Codford Parish Council,
6430,east-cowton,East Cowton,
33628,east-cowton-parish-council,East Cowton Parish Council,
4598,east-dean-friston-parish-council,East Dean & Friston Parish Council,https://www.eastdeanfriston-pc.gov.uk
34422,east-drayton-parish-council,East Drayton Parish Council,
34164,east-farndon-parish-council,East Farndon Parish Council,https://www.eastfarndon-pc.gov.uk
32999,east-ferry-parish-council,East Ferry Parish Council,
36963,east-garston-parish-council,East Garston Parish Council,
31346,east-garton-parish-council,East Garton Parish Council,
32852,east-goscote-parish-council,East Goscote Parish Council,
37060,east-grinstead-town-council,East Grinstead Town Council,https://www.midsussex.gov.uk
6607,east-guldeford-parish-meeting,East Guldeford Parish Meeting,
34165,east-haddon-parish-council,East Haddon Parish Council,https://www.easthaddonparishcouncil.gov.uk
34579,east-hagbourne-parish-council,East Hagbourne Parish Council,
31712,east-hanningfield-parish-council,East Hanningfield Parish Council,
6254,east-harlsey,East Harlsey,
33629,east-harlsey-parish-council,East Harlsey Parish Council,
34650,east-hendred-parish-council,East Hendred Parish Council,https://www.easthendred-pc.gov.uk
3740,east-huntspill-parish-council,East Huntspill Parish Council,http://www.easthuntspillparishcouncil.org/
36964,east-ilsley-parish-council,East Ilsley Parish Council,https://www.eastilsley-pc.gov.uk
33000,east-keal-parish-council,East Keal Parish Council,
5505,east-kennett-parish-meeting,East Kennett Parish Meeting,https://www.eastkennettparishmeeting.gov.uk
33001,east-kirkby-parish-council,East Kirkby Parish Council,
6535,east-knoyle-parish-council,East Knoyle Parish Council,
32853,east-langton-parish-council,East Langton Parish Council,
33945,east-layton-parish-council,East Layton Parish Council,
6927,east-leake-parish-council,East Leake Parish Council,
5984,east-malling-and-larkfield-parish-council,East Malling and Larkfield Parish Council,
6394,east-meon-parish-council,East Meon Parish Council,
35732,east-norton-parish-council,East Norton Parish Council,
6329,east-portlemouth-parish-council,East Portlemouth Parish Council,
37013,east-preston-parish-council,East Preston Parish Council,https://www.eastpreston-pc.gov.uk
6153,east-quantoxhead-parish-meeting,East Quantoxhead Parish Meeting,
33493,east-ravendale-parish-council,East Ravendale Parish Council,
33346,east-rudham-parish-council,East Rudham Parish Council,
31183,east-stoke-parish-council,East Stoke Parish Council,
32389,east-sutton-parish-council,East Sutton Parish Council,https://www.eastsuttonpc.org.uk
35735,east-tanfield-parish-council,East Tanfield Parish Council,
6863,east-tisted-parish-council,East Tisted Parish Council,
4126,east-tuddenham-parish-council,East Tuddenham Parish Council,https://www.easttuddenham-pc.gov.uk
33347,east-walton-parish-meeting,East Walton Parish Meeting,
33348,east-winch-parish-council,East Winch Parish Council,
5765,east-witton,East Witton,
33630,east-witton-parish-council,East Witton Parish Council,
5139,east-woodhay-parish-council,East Woodhay Parish Council,https://www.eastwoodhay-pc.gov.uk
6644,east-and-west-layton-and-carkin-parish-meeting,East and West Layton and Carkin (Parish Meeting),
36492,eastcotts-parish-council,Eastcotts Parish Council,
5409,easterton-parish-council,Easterton Parish Council,https://www.easterton-pc.gov.uk
4978,eastfield,Eastfield,https://www.eastfield-tc.gov.uk
33631,eastfield-parish-council,Eastfield Parish Council,https://www.eastfield-tc.gov.uk
37195,eastham-parish-council,Eastham Parish Council,
36493,easthope-parish-council,Easthope Parish Council,
32004,eastleigh-town-council,Eastleigh Town Council,
32579,eastling-parish-council,Eastling Parish Council,
32256,eastnor-parish-council,Eastnor Parish Council,
6783,easton-grey-parish-meeting,Easton Grey Parish Meeting,
4209,easton-parish-council,Easton Parish Council,https://www.eastonparishcouncil.gov.uk
5410,easton-royal-parish-council,Easton Royal Parish Council,https://www.eastonroyalpc.org.uk
33003,eastville-parish-council,Eastville Parish Council,
32284,eastwick-parish-council,Eastwick Parish Council,
3612,eastwood-town-council,Eastwood Town Council,https://www.eastwood-tc.gov.uk
36923,eathorpe-parish-council,Eathorpe Parish Council,
5579,eaton-alsop-newton-grange-parish-council,Eaton & Alsop & Newton Grange Parish Council,
32124,eaton-bishop-parish-council,Eaton Bishop Parish Council,
30236,eaton-bray-parish-council,Eaton Bray Parish Council,
30285,eaton-parish-council,Eaton Parish Council,
30098,eaton-socon-parish-council,Eaton Socon Parish Council,https://www.eatonsoconparishcouncil.gov.uk
30411,eaton-and-eccleston-parish-council,Eaton and Eccleston Parish Council,
35736,eavestone-parish-council,Eavestone Parish Council,
33946,ebberston-and-yedingham-parish-council,Ebberston and Yedingham Parish Council,
4269,ebberston-with-yedingham-and-bickley,Ebberston with Yedingham and Bickley,https://www.ebberstonparishcouncil.gov.uk
33632,ebberston-with-yedingham-and-bickley-parish-council,Ebberston with Yedingham and Bickley Parish Council,https://www.ebberstonparishcouncil.gov.uk
37166,ebbesborne-wake-parish-council,Ebbesborne Wake Parish Council,
6536,ebbesbourne-wake-parish-council,Ebbesbourne Wake Parish Council,
37120,ebernoe-parish-council,Ebernoe Parish Council,
5140,ecchinswell-sydmonton-and-bishops-green-parish-council,"Ecchinswell, Sydmonton and Bishops Green Parish Council",https://www.esbgpc.org.uk
4471,eccleshall-parish-council,Eccleshall Parish Council,https://eccleshallparishcouncil.gov.uk/
32702,eccleston-parish-council,Eccleston Parish Council,
4010,eckington-parish-council,Eckington Parish Council,https://eckington-worcs-pc.gov.uk/
32417,edenbridge-town-council,Edenbridge Town Council,https://www.edenbridgetowncouncil.gov.uk
5990,edenham-grimsthorpe-elsthorpe-scottlethorpe-parish-council,"Edenham, Grimsthorpe, Elsthorpe & Scottlethorpe Parish Council",
6080,edensor-parish-meeting,Edensor (Parish Meeting),
6952,edenthorpe-parish-council,Edenthorpe Parish Council,
36805,edgbaston-parish-council,Edgbaston Parish Council,
3772,edgcott-parish-council,Edgcott Parish Council,https://www.edgcott-pc.gov.uk
33237,edgefield-parish-council,Edgefield Parish Council,https://www.edgefield-pc.gov.uk
31809,edgeworth-parish-meeting,Edgeworth Parish Meeting,https://www.elkstoneparish.gov.uk
4794,edingale-parish-council,Edingale Parish Council,https://www.edingale-pc.co.uk/
4415,edington-parish-council,Edington Parish Council,https://edingtonparishcouncil.org/
5411,edington-parish-council-1,Edington Parish Council,https://edingtonparishcouncil.org/
6822,edlington-town-council,Edlington Town Council,
31185,edmondsham-parish-council,Edmondsham Parish Council,
6735,edstone-parish-meeting,Edstone (Parish Meeting),
5890,edwardstone-parish-council,Edwardstone Parish Council,
6892,edwinstowe-parish-council,Edwinstowe Parish Council,
36494,edworth-parish-council,Edworth Parish Council,
35348,effingham-parish-council,Effingham Parish Council,
5644,egerton,Egerton,
32474,egerton-parish-council,Egerton Parish Council,
4979,eggborough,Eggborough,https://www.eggboroughparish.org.uk
30237,eggington-parish-council,Eggington Parish Council,
35172,egglescliffe-parish-council,Egglescliffe Parish Council,
36495,egglestone-abbey-parish-council,Egglestone Abbey Parish Council,
35739,eggleton-parish-council,Eggleton Parish Council,
3847,egloshayle-parish-council,Egloshayle Parish Council,https://www.egloshayleparish.org.uk/
7037,egmanton-parish-meeting,Egmanton Parish Meeting,
30722,egremont-town-council,Egremont Town Council,
6975,eldmire-with-crakehill-parish-meeting,Eldmire with Crakehill (Parish Meeting),
30577,eldon-parish-council,Eldon Parish Council,
4501,eleigh-parish-council,Eleigh Parish Council,https://www.monkseleighparishcouncil.gov.uk
5038,elford-parish-council,Elford Parish Council,https://elfordparishcouncil.gov.uk/
32545,elham-parish-council,Elham Parish Council,
36806,eling-parish-council,Eling Parish Council,
31989,elkstone-parish-council,Elkstone Parish Council,
5301,ellastone-parish-council,Ellastone Parish Council,http://www.ellastone.org/parish-council/
32703,ellel-parish-council,Ellel Parish Council,
6196,ellenhall-parish-meeting,Ellenhall Parish Meeting,
35742,ellerton-abbey-parish-council,Ellerton Abbey Parish Council,
33635,ellerton-on-swale-parish-council,Ellerton-on-Swale Parish Council,
4357,ellesmere-rural-parish-council,Ellesmere Rural Parish Council,https://www.ellesmererural-pc.gov.uk
3619,ellesmere-town-council,Ellesmere Town Council,https://www.ellesmere-tc.gov.uk
34304,ellingham-parish-council,Ellingham Parish Council,
32021,ellingham-harbridge-ibsley-parish-council,"Ellingham, Harbridge & Ibsley Parish Council",https://www.ellinghamharbridgeibsley-pc.gov.uk
35743,ellingstring-parish-council,Ellingstring Parish Council,
30099,ellington-parish-council,Ellington Parish Council,https://www.ellingtonparishcouncil.gov.uk
34305,ellington-and-linton-parish-council,Ellington and Linton Parish Council,https://www.ellingtonlinton-pc.gov.uk
5141,ellisfield-parish-council,Ellisfield Parish Council,https://www.ellisfieldpc.org.uk
30075,elm-parish-council,Elm Parish Council,https://www.elm-pc.org.uk
31724,elmdon-duddenhoe-end-and-wenden-lofts-parish-council,"Elmdon, Duddenhoe End and Wenden Lofts Parish Council",
32854,elmesthorpe-parish-council,Elmesthorpe Parish Council,
37318,elmley-castle-parish-council,Elmley Castle Parish Council,https://elmleycastleparishcouncil.gov.uk/
31878,elmore-parish-council,Elmore Parish Council,
4493,elmsett-parish-council,Elmsett Parish Council,https://www.elmsett-pc.gov.uk
32546,elmsted-parish-council,Elmsted Parish Council,
31928,elmstone-hardwicke-parish-council,Elmstone Hardwicke Parish Council,https://www.elmstone-hardwicke-parish-council.org.uk
5904,elmswell-parish-council,Elmswell Parish Council,
3961,elmton-with-creswell-parish-council,Elmton with Creswell Parish Council,https://www.elmtonwithcreswell-pc.gov.uk
34306,elsdon-parish-council,Elsdon Parish Council,
4622,elsenham,Elsenham,https://www.elsenham-pc.gov.uk
34580,elsfield-parish-meeting,Elsfield Parish Meeting,
5683,elsing-parish-council,Elsing Parish Council,
6645,elslack-parish-meeting,Elslack (Parish Meeting),
35326,elstead-parish-council,Elstead Parish Council,
37078,elsted-and-treyford-parish-council,Elsted and Treyford Parish Council,
30023,elstow-parish-council,Elstow Parish Council,
31352,elstronwick-parish-council,Elstronwick Parish Council,
30100,elsworth-parish-council,Elsworth Parish Council,https://www.elsworthparishcouncil.org.uk
30147,eltisley-parish-council,Eltisley Parish Council,
5581,elton-parish-council,Elton Parish Council,
6743,elton-on-the-hill-parish-meeting,Elton-on-the-Hill Parish Meeting,
4830,elveden-parish-council,Elveden Parish Council,https://www.elvedenparishcouncil.gov.uk
32052,elvetham-heath-parish-council,Elvetham Heath Parish Council,
32079,elwick-parish-council,Elwick Parish Council,
6154,elworthy-parish-meeting,Elworthy Parish Meeting,
30201,ely-parish-council,Ely Parish Council,
30723,embleton-parish-council,Embleton Parish Council,
4876,emborough-parish-meeting,Emborough Parish Meeting,https://www.emboroughparishmeeting.gov.uk
4695,embsay-with-eastby,Embsay-with-Eastby,https://www.embsaywitheastby-pc.gov.uk
35133,emersons-green-parish-council,Emersons Green Parish Council,
33349,emneth-parish-council,Emneth Parish Council,
7011,empshott-parish-meeting,Empshott Parish Meeting,
36807,emscote-parish-council,Emscote Parish Council,
36965,enborne-parish-council,Enborne Parish Council,
32855,enderby-parish-council,Enderby Parish Council,
4935,endon-and-stanley-parish-council,Endon and Stanley Parish Council,https://www.endonwithstanley-pc.gov.uk
4472,endon-with-stanley-parish-council,Endon with Stanley Parish Council,https://www.endonwithstanleyparishcouncil.co.uk
5412,enford-parish-council,Enford Parish Council,https://www.enfordparishcouncil.gov.uk
36966,englefield-parish-council,Englefield Parish Council,https://www.englefieldparishcouncil.gov.uk
31837,english-bicknor-parish-council,English Bicknor Parish Council,
4655,enham-alamein-parish-council,Enham Alamein Parish Council,https://www.enhampc.org.uk
3656,enmore-parish-council,Enmore Parish Council,https://www.enmoreparishcouncil.org/
34711,enstone-parish-council,Enstone Parish Council,https://www.enstone-pc.gov.uk
31635,epping-town-council,Epping Town Council,
32285,epping-upland-parish-council,Epping Upland Parish Council,https://www.eppinguplands-pc.gov.uk
33637,eppleby-parish-council,Eppleby Parish Council,
34494,epwell-parish-council,Epwell Parish Council,
4831,eriswell-parish-council,Eriswell Parish Council,https://www.eriswellparishcouncil.gov.uk
5413,erlestoke-parish-council,Erlestoke Parish Council,https://www.erlestokeparishcouncil.gov.uk
33431,erpingham-parish-council,Erpingham Parish Council,
33238,erpingham-with-calthorpe-parish-council,Erpingham with Calthorpe Parish Council,
6768,erwarton-parish-meeting,Erwarton Parish Meeting,
6256,eryholme,Eryholme,
33638,eryholme-parish-council,Eryholme Parish Council,
4696,escrick,Escrick,https://www.escrickparishcouncil.gov.uk
30578,esh-parish-council,Esh Parish Council,
6976,eshton-parish-meeting,Eshton (Parish Meeting),
33640,eskdaleside-cum-ugglebarnby-parish-council,Eskdaleside-cum-Ugglebarnby Parish Council,
32286,essendon-parish-council,Essendon Parish Council,
5302,essington-parish-council,Essington Parish Council,http://www.essingtonparishcouncil.gov.uk/Core/Essington-Pc/Pages/Default.aspx
6537,etchilhampton-parish-council,Etchilhampton Parish Council,
5624,etchingham-parish-council,Etchingham Parish Council,
30050,eton-town-council,Eton Town Council,
36689,ettington-parish-council,Ettington Parish Council,
4564,etton-parish-council,Etton Parish Council,https://www.etton-pc.gov.uk
6201,euston-parish-meeting,Euston Parish Meeting,
32705,euxton-parish-council,Euxton Parish Council,
30238,eversholt-parish-council,Eversholt Parish Council,
31186,evershot-parish-council,Evershot Parish Council,
32053,eversley-parish-council,Eversley Parish Council,
34425,everton-parish-council,Everton Parish Council,
36496,ewart-parish-council,Ewart Parish Council,
34581,ewelme-parish-council,Ewelme Parish Council,https://www.ewelmeparishcouncil.gov.uk
33006,ewerby-and-evedon-parish-council,Ewerby and Evedon Parish Council,
4034,ewhurst-parish-council,Ewhurst Parish Council,https://www.ewhurstparishcouncil.gov.uk
35327,ewhurst-with-ellens-green-parish-council,Ewhurst with Ellens Green Parish Council,https://www.ewhurstellensgreen-pc.gov.uk
32125,ewyas-harold-group-parish-council,Ewyas Harold Group Parish Council,
32022,exbury-lepe-parish-council,Exbury & Lepe Parish Council,
3658,exford-parish-council,Exford Parish Council,http://exfordparishcouncil.org/
36690,exhall-parish-council,Exhall Parish Council,
30993,exminster-parish-council,Exminster Parish Council,https://www.exminsterparishcouncil.gov.uk
4416,exmoor-parish-council,Exmoor Parish Council,https://www.simonsbath-exmoorparishcouncil.org/
31041,exmouth-parish-council,Exmouth Parish Council,
4832,exning-parish-council,Exning Parish Council,https://www.exning-pc.gov.uk
36497,exton-and-horn-parish-council,Exton and Horn Parish Council,
34171,eydon-parish-council,Eydon Parish Council,
34582,eye-and-dunsden-parish-council,Eye And Dunsden Parish Council,
5928,eye-parish-council,Eye Parish Council,
3634,eye-town-council,Eye Town Council,https://www.eyetowncouncil.gov.uk
35747,eyke-parish-council,Eyke Parish Council,
32418,eynsford-parish-council,Eynsford Parish Council,https://www.eynsfordparishcouncil.org.uk
34712,eynsham-parish-council,Eynsham Parish Council,https://www.eynsham-pc.gov.uk
32533,eythorne-parish-council,Eythorne Parish Council,https://www.eythorneparishcouncil.gov.uk
6646,faceby-parish-meeting,Faceby (Parish Meeting),
6647,fadmoor-parish-meeting,Fadmoor (Parish Meeting),
4980,fairburn,Fairburn,https://www.fairburn-pc.gov.uk
35750,fairfield-parish-council,Fairfield Parish Council,
36499,fairfields-parish-council,Fairfields Parish Council,
36500,fairford-parish-council,Fairford Parish Council,
4035,fairlight-parish-council,Fairlight Parish Council,https://www.fairlightparishcouncil.gov.uk
33239,fakenham-town-council,Fakenham Town Council,https://www.fakenhamtowncouncil.gov.uk
35751,faldingworth-parish-council,Faldingworth Parish Council,
35752,falkenham-parish-council,Falkenham Parish Council,
6794,falmer-parish-council-1,Falmer Parish Council,
3549,falmouth-town-council,Falmouth Town Council,https://www.falmouthtowncouncil.co.uk/
34307,falstone-parish-council,Falstone Parish Council,
5303,farewell-and-chorley-parish-council,Farewell and Chorley Parish Council,http://cefcpc.btck.co.uk/
34652,faringdon-town-council,Faringdon Town Council,https://www.faringdontowncouncil.gov.uk
35753,farington-parish-council,Farington Parish Council,
5447,farleigh-parish-council,Farleigh Parish Council,https://www.monktonfarleigh-pc.gov.uk
3997,farley-parish-council,Farley Parish Council,http://farleyparishcouncil.co.uk/
5304,farley-parish-council-1,Farley Parish Council,http://farleyparishcouncil.co.uk/
6122,farlington-parish-meeting,Farlington (Parish Meeting),
31810,farmington-parish-meeting,Farmington Parish Meeting,
36691,farnborough-parish-council,Farnborough Parish Council,
33643,farndale-east-and-west-parish-council,Farndale East and West Parish Council,
35756,farndale-west-parish-council,Farndale West Parish Council,
6895,farndon-parish-council,Farndon Parish Council,
4623,farnham,Farnham,https://www.farnham-pc.gov.uk
6648,farnham-parish-meeting,Farnham (Parish Meeting),
31187,farnham-parish-council,Farnham Parish Council,
4271,farnhill,Farnhill,https://www.farnhillparishcouncil.gov.uk
32419,farningham-parish-council,Farningham Parish Council,
35757,farnley-parish-council,Farnley Parish Council,
6896,farnsfield-parish-council,Farnsfield Parish Council,
5154,farringdon-parish-council,Farringdon Parish Council,https://www.farringdon-pc.gov.uk
34173,farthinghoe-parish-council,Farthinghoe Parish Council,https://www.farthinghoeparishcouncil.gov.uk
32556,faversham-town-council,Faversham Town Council,https://www.favershamtowncouncil.gov.uk
6649,fawdington-parish-meeting,Fawdington (Parish Meeting),
5305,fawfieldhead-parish-council-1,Fawfieldhead Parish Council,https://www.fawfieldheadparishcouncil.gov.uk/
32420,fawkham-parish-council,Fawkham Parish Council,
34713,fawler-parish-meeting,Fawler Parish Meeting,
34175,fawsley-parish-meeting,Fawsley Parish Meeting,
4900,fazeley-town-council,Fazeley Town Council,http://fazeleytowncouncil.org.uk/
35759,fearby-parish-council,Fearby Parish Council,
5306,featherstone-and-brinsford-parish-council,Featherstone and Brinsford Parish Council,http://www.featherstoneandbrinsfordparishcouncil.gov.uk/
36501,feckenham-parish-council,Feckenham Parish Council,
33240,felbrigg-parish-council,Felbrigg Parish Council,
31719,felixstowe-parish-council,Felixstowe Parish Council,
4697,felliscliffe,Felliscliffe,https://www.felliscliffepc.org.uk
36502,felmersham-parish-council,Felmersham Parish Council,
33241,felmingham-parish-council,Felmingham Parish Council,
35762,felpham-parish-council,Felpham Parish Council,
5905,felsham-parish-council,Felsham Parish Council,
4624,felsted,Felsted,https://www.felsted-pc.gov.uk
34309,felton-parish-council,Felton Parish Council,
33350,feltwell-parish-council,Feltwell Parish Council,
35763,fen-ditton-parish-council,Fen Ditton Parish Council,
35764,fen-drayton-parish-council,Fen Drayton Parish Council,
34495,fencott-and-murcott-parish-council,Fencott and Murcott Parish Council,
36692,fenny-compton-parish-council,Fenny Compton Parish Council,
30101,fenstanton-parish-council,Fenstanton Parish Council,https://www.fenstanton-pc.gov.uk
7023,fenton-parish-meeting,Fenton Parish Meeting,
3849,feock-parish-council,Feock Parish Council,https://www.feockpc.com/
31188,ferndown-town-town-council,Ferndown Town Town Council,
34653,fernham-parish-meeting,Fernham Parish Meeting,
35766,fernhurst-parish-council,Fernhurst Parish Council,
6897,fernwood-parish-council,Fernwood Parish Council,
6650,ferrensby-parish-meeting,Ferrensby (Parish Meeting),
30102,fibbing-parish-council,Fibbing Parish Council,https://www.fibbing-parish.org.uk
4418,fiddington-parish-council,Fiddington Parish Council,https://www.fiddington-pc.org.uk/the-council/
31189,fifehead-magdalen-parish-council,Fifehead Magdalen Parish Council,
31190,fifehead-neville-parish-council,Fifehead Neville Parish Council,
5414,figheldean-parish-council,Figheldean Parish Council,https://www.figheldeanparishcouncil.gov.uk
35769,filby-parish-council,Filby Parish Council,
6432,filey,Filey,
33647,filey-parish-council,Filey Parish Council,
34714,filkins-and-broughton-poggs-parish-council,Filkins and Broughton Poggs Parish Council,
36808,fillongley-parish-council,Fillongley Parish Council,
33351,fincham-parish-council,Fincham Parish Council,
35771,finchampstead-parish-council,Finchampstead Parish Council,
37015,findon-parish-council,Findon Parish Council,https://www.findonparishcouncil.gov.uk
34061,finedon-town-council,Finedon Town Council,https://www.finedontowncouncil.gov.uk
5054,finningham-parish-council,Finningham Parish Council,https://www.finninghamparishcouncil.gov.uk
6953,finningley-parish-council,Finningley Parish Council,
37246,finstall-parish-council,Finstall Parish Council,https://www.finstallparishcouncil.gov.uk
34715,finstock-parish-council,Finstock Parish Council,
6651,firby-parish-meeting,Firby (Parish Meeting),
6224,firle-parish-council,Firle Parish Council,
5415,firsdown-parish-council,Firsdown Parish Council,https://www.firsdown-pc.gov.uk
35774,fisherwick-parish-council,Fisherwick Parish Council,
6798,fishlake-parish-council,Fishlake Parish Council,
35775,fishtoft-parish-council,Fishtoft Parish Council,
35776,fiskerton-parish-council,Fiskerton Parish Council,
36503,fittleworth-parish-council,Fittleworth Parish Council,
4419,fivehead-parish-council,Fivehead Parish Council,https://fivehead-village.org.uk/
36504,fladbury-parish-council,Fladbury Parish Council,https://www.fladburyvillage.co.uk/parish-council/
4579,flagg-parish-council,Flagg Parish Council,https://www.flagg-pc.gov.uk
6977,flasby-with-winterburn-parish-meeting,Flasby with Winterburn (Parish Meeting),
6744,flawborough-parish-meeting,Flawborough Parish Meeting,
36505,flax-bourton-parish-council,Flax Bourton Parish Council,
4272,flaxton,Flaxton,https://www.flaxtonpc.org.uk
35780,fleckney-parish-council,Fleckney Parish Council,
36506,fleetwood-parish-council,Fleetwood Parish Council,
35782,fleggburgh-parish-council,Fleggburgh Parish Council,
35783,flempton-parish-council,Flempton Parish Council,
5355,flempton-cum-hengrave-parish-council,Flempton cum Hengrave Parish Council,https://www.flemptoncumhengraveparish.gov.uk
4599,fletching-parish-council,Fletching Parish Council,https://www.fletching-pc.gov.uk
6928,flintham-parish-council,Flintham Parish Council,
5957,flitch-green,Flitch Green,
33352,flitcham-with-appleton-parish-council,Flitcham with Appleton Parish Council,
36507,flitton-and-greenfield-parish-council,Flitton and Greenfield Parish Council,
36508,flitwick-parish-council,Flitwick Parish Council,
36509,flixton-bungay-wainford-ward-parish-council,Flixton (Bungay & Wainford Ward) Parish Council,
5724,flordon-parish-council,Flordon Parish Council,
34176,flore-parish-council,Flore Parish Council,https://www.flore-pc.gov.uk
6816,flowton-parish-meeting,Flowton Parish Meeting,
36510,flyford-flavell-parish-council,Flyford Flavell Parish Council,https://www.theflyfords.co.uk/
36811,foleshill-parish-council,Foleshill Parish Council,
32547,folkestone-town-council,Folkestone Town Council,https://www.folkestone-tc.gov.uk
5220,folkton,Folkton,https://www.folktonparishcouncil.gov.uk
35786,follifoot-parish-council,Follifoot Parish Council,
33650,follifoot-and-plompton-parish-council,Follifoot and Plompton Parish Council,
6784,fonthill-bishop-parish-meeting,Fonthill Bishop Parish Meeting,
6540,fonthill-gifford-parish-council,Fonthill Gifford Parish Council,
6081,foolow-parish-meeting,Foolow (Parish Meeting),
6652,forcett-parish-meeting,Forcett (Parish Meeting),
4721,ford-parish-council,Ford Parish Council,https://www.fordwestsussex-pc.gov.uk
32024,fordingbridge-town-council,Fordingbridge Town Council,https://www.fordingbridge.gov.uk
3596,fordwich-town-council,Fordwich (Town Council),https://www.fordwichtowncouncil.gov.uk
4600,forest-row-parish-council,Forest Row Parish Council,https://www.forestrow.gov.uk
35788,formby-parish-council,Formby Parish Council,
4210,forncett-parish-council,Forncett Parish Council,https://www.forncettparish.gov.uk
5356,fornham-all-saints-parish-council,Fornham All Saints Parish Council,https://www.fornhamallsaintsparish.gov.uk
5357,fornham-st-martin-cum-st-genevieve-parish-council,Fornham St Martin cum St Genevieve Parish Council,https://www.fsmsg-pc.gov.uk
36511,fornham-st-genevieve-parish-council,Fornham St. Genevieve Parish Council,
4473,forsbrook-parish-council-1,Forsbrook Parish Council,http://www.forsbrookparishcouncil.org.uk/
4936,forsbrook-parish-council,Forsbrook Parish Council,http://www.forsbrookparishcouncil.org.uk/
31929,forthampton-parish-council,Forthampton Parish Council,https://www.forthamptonparishcouncil.org.uk
5488,forton-parish-council,Forton Parish Council,https://www.fortonstaffs-pc.gov.uk/community/forton-parish-council-7974/home/
35790,fosdyke-parish-council,Fosdyke Parish Council,
31455,foston-on-the-wolds-parish-council,Foston On The Wolds Parish Council,
5668,foston-parish-council,Foston Parish Council,
6433,foston-with-thornton-le-clay,Foston with Thornton le Clay,
33651,foston-with-thornton-le-clay-parish-council,Foston with Thornton le Clay Parish Council,
35791,fotherby-parish-council,Fotherby Parish Council,
30103,fotheringhay-parish-council,Fotheringhay Parish Council,
4127,foulden-parish-council,Foulden Parish Council,https://www.fouldenparishcouncil.gov.uk
35793,foulridge-parish-council,Foulridge Parish Council,
5708,foulsham-parish-council,Foulsham Parish Council,
35794,fountains-earth-parish-council,Fountains Earth Parish Council,
5416,fovant-parish-council,Fovant Parish Council,https://www.fovantparishcouncil.gov.uk
3550,fowey-town-council,Fowey Town Council,https://www.foweytowncouncil.gov.uk/
35795,fowlmere-parish-council,Fowlmere Parish Council,
32126,fownhope-parish-council,Fownhope Parish Council,
35796,foxhall-parish-council,Foxhall Parish Council,
35797,foxholes-parish-council,Foxholes Parish Council,
5770,foxholes-with-butterwick,Foxholes with Butterwick,
35798,foxton-parish-council,Foxton Parish Council,
36512,fradley-parish-council,Fradley Parish Council,
4474,fradley-and-streethay-parish-council,Fradley and Streethay Parish Council,http://www.fradleystreethay.co.uk/
35799,fradswell-parish-council,Fradswell Parish Council,
4036,framfield-parish-council,Framfield Parish Council,https://www.framfieldcouncil.org.uk
4211,framingham-earl-parish-council,Framingham Earl Parish Council,https://www.framinghamearlparishcouncil.gov.uk
6113,framingham-pigot-parish-meeting,Framingham Pigot Parish Meeting,
35800,framlingham-parish-council,Framlingham Parish Council,
36513,frampton-cotterell-parish-council,Frampton Cotterell Parish Council,
4523,framsden-parish-council,Framsden Parish Council,https://www.framsdenparishcouncil.gov.uk
30584,framwellgate-moor-parish-council,Framwellgate Moor Parish Council,
37247,frankley-parish-council,Frankley Parish Council,
35801,frankton-parish-council,Frankton Parish Council,
4037,frant-parish-council,Frant Parish Council,https://www.frant-pc.org.uk
5358,freckenham-parish-council,Freckenham Parish Council,https://www.freckenham-pc.gov.uk
35802,freckleton-parish-council,Freckleton Parish Council,
35803,freeby-parish-council,Freeby Parish Council,
34716,freeland-parish-council,Freeland Parish Council,https://www.freelandparishcouncil.gov.uk
4168,freethorpe-parish-council,Freethorpe Parish Council,https://www.freethorpe-pc.gov.uk
35804,freiston-parish-council,Freiston Parish Council,
5076,fremington-parish-council,Fremington Parish Council,https://www.fremingtonparishcouncil.gov.uk
4524,fressingfield-parish-council,Fressingfield Parish Council,https://www.fressingfield-pc.gov.uk
31880,fretherne-with-saul-parish-council,Fretherne-with-Saul Parish Council,https://www.frethernewithsaul-pc.gov.uk
4169,frettenham-parish-council,Frettenham Parish Council,https://www.frettenham-pc.gov.uk
35805,friesthorpe-parish-council,Friesthorpe Parish Council,
34654,frilford-parish-meeting,Frilford Parish Meeting,
34497,fringford-parish-council,Fringford Parish Council,
35806,frinsted-parish-council,Frinsted Parish Council,
35807,frisby-parish-council,Frisby Parish Council,
35809,friskney-parish-council,Friskney Parish Council,
35811,frithelstock-parish-council,Frithelstock Parish Council,
35812,frithville-and-westville-parish-council,Frithville and Westville Parish Council,
32445,frittenden-parish-council,Frittenden Parish Council,https://www.frittenden-pc.gov.uk
35813,fritton-and-st-olaves-parish-council,Fritton and St. Olaves Parish Council,
34498,fritwell-parish-council,Fritwell Parish Council,
31881,frocester-parish-council,Frocester Parish Council,https://www.frocesterpc.org.uk
35814,frodesley-parish-council,Frodesley Parish Council,
30412,frodsham-town-council,Frodsham Town Council,
6082,froggatt-parish-meeting,Froggatt (Parish Meeting),
6331,frogmore-sherford-parish-council,Frogmore & Sherford Parish Council,
35815,frolesworth-parish-council,Frolesworth Parish Council,
3514,frome-town-council,Frome Town Council,https://www.frometowncouncil.gov.uk
31196,frome-vauchurch-parish-council,Frome Vauchurch Parish Council,
31456,frostenden-parish-council,Frostenden Parish Council,
5417,froxfield-parish-council,Froxfield Parish Council,https://www.froxfieldparishcouncil.gov.uk
5155,froyle-parish-council,Froyle Parish Council,https://www.froyleparishcouncil.org.uk
5798,fryston,Fryston,
35817,fryton-parish-council,Fryton Parish Council,
4114,fulbeck-parish-council,Fulbeck Parish Council,https://www.fulbeck-pc.org.uk
35818,fulbourn-parish-council,Fulbourn Parish Council,
36693,fulbrook-parish-meeting,Fulbrook Parish Meeting,
5307,fulford-parish-council,Fulford Parish Council,https://fulfordparishcouncil.gov.uk/
35819,fulletby-parish-council,Fulletby Parish Council,
6204,fulmer-parish-council,Fulmer Parish Council,
35820,fulmodeston-parish-council,Fulmodeston Parish Council,
35821,fulnetby-parish-council,Fulnetby Parish Council,
35822,fulstow-parish-council,Fulstow Parish Council,
36514,funtington-parish-council,Funtington Parish Council,
31636,fyfield-parish-council,Fyfield Parish Council,https://www.fyfieldparishcouncil.gov.uk
34655,fyfield-and-tubney-parish-council,Fyfield and Tubney Parish Council,
4273,fylingdales,Fylingdales,https://www.fylingdalespc.org.uk
35823,gaddesby-parish-council,Gaddesby Parish Council,
36515,gainford-parish-council,Gainford Parish Council,
35824,gainsborough-parish-council,Gainsborough Parish Council,
4129,garboldisham-parish-council,Garboldisham Parish Council,https://www.garboldishamparishcouncil.gov.uk
34656,garford-parish-meeting,Garford Parish Meeting,
6010,gargrave,Gargrave,
35827,garriston-parish-council,Garriston Parish Council,
30836,garsdale-parish-council,Garsdale Parish Council,https://www.garsdaleparishcouncil.gov.uk
34584,garsington-parish-council,Garsington Parish Council,https://www.garsingtonparishcouncil.gov.uk
35828,garstang-parish-council,Garstang Parish Council,
35829,garthorpe-parish-council,Garthorpe Parish Council,
31459,garton-on-the-wolds-parish-council,Garton On The Wolds Parish Council,
31360,garton-parish-council,Garton Parish Council,
35830,garvestone-reymerston-and-thuxton-parish-council,"Garvestone, Reymerston and Thuxton Parish Council",
32128,garway-parish-council,Garway Parish Council,
35831,gate-burton-parish-council,Gate Burton Parish Council,
4981,gate-helmsley-and-upper-helmsley,Gate Helmsley and Upper Helmsley,https://www.helmsleygu-pc.gov.uk
33658,gateforth-parish-council,Gateforth Parish Council,
7024,gateley-parish-meeting,Gateley Parish Meeting,
6653,gatenby-parish-meeting,Gatenby (Parish Meeting),
35833,gautby-parish-council,Gautby Parish Council,
4918,gawcott-with-lenborough-parish-council,Gawcott-with-Lenborough Parish Council,https://www.gawcottwithlenborough-pc.gov.uk
30286,gawsworth-parish-council,Gawsworth Parish Council,https://www.gawsworthpc.org.uk
36694,gaydon-parish-council,Gaydon Parish Council,
6654,gayles-parish-meeting,Gayles (Parish Meeting),
33355,gayton-parish-council,Gayton Parish Council,
35834,gayton-le-marsh-parish-council,Gayton le Marsh Parish Council,
35835,gayton-le-wold-parish-council,Gayton le Wold Parish Council,
6164,gedding-parish-meeting,Gedding Parish Meeting,
35836,geddington-parish-council,Geddington Parish Council,
35837,gedgrave-parish-council,Gedgrave Parish Council,
35839,gedney-hill-parish-council,Gedney Hill Parish Council,
35838,gedney-parish-council,Gedney Parish Council,
4958,geldeston-parish-council,Geldeston Parish Council,https://www.geldestonparishcouncil.gov.uk
5077,georgeham-parish-council,Georgeham Parish Council,https://www.georgehamparishcouncil.gov.uk
5108,germansweek-parish,Germansweek Parish,https://www.germansweek-pc.gov.uk
30952,germansweek-parish-parish-council,Germansweek Parish Parish Council,https://www.germansweek-pc.gov.uk
3851,germoe-parish-council,Germoe Parish Council,https://www.germoeparishcouncil.org.uk/
5549,gerrans-parish-council,Gerrans Parish Council,
3541,gerrards-cross-town-council,Gerrards Cross Town Council,https://www.gerrardscross.gov.uk
30727,gilcrux-parish-council,Gilcrux Parish Council,https://www.gilcruxparishcouncil.gov.uk
6808,gillamoor-parish-meeting,Gillamoor (Parish Meeting),
5725,gillingham-parish-council,Gillingham Parish Council,
31197,gillingham-town-council,Gillingham Town Council,
35840,gilmorton-parish-council,Gilmorton Parish Council,
6123,girsby-parish-meeting,Girsby (Parish Meeting),
35842,girton-parish-council,Girton Parish Council,
35844,gisburn-forest-parish-council,Gisburn Forest Parish Council,
35843,gisburn-parish-council,Gisburn Parish Council,
36516,gisleham-parish-council,Gisleham Parish Council,
5055,gislingham-parish-council,Gislingham Parish Council,https://www.gislinghamparishcouncil.gov.uk
4959,gissing-parish-council,Gissing Parish Council,https://www.gissingparishcuncil.gov.uk
5221,glaisdale,Glaisdale,https://www.glaisdalepc.org.uk
33662,glaisdale-parish-council,Glaisdale Parish Council,https://www.glaisdalepc.org.uk
34310,glanton-parish-council,Glanton Parish Council,
3962,glapwell-parish-council,Glapwell Parish Council,https://www.glapwell-pc.gov.uk
30837,glassonby-parish-council,Glassonby Parish Council,
3524,glastonbury-town-council,Glastonbury Town Council,https://glastonbury.gov.uk/
35845,glazeley-parish-council,Glazeley Parish Council,
4349,glazeley-and-middleton-scriven-parish-council,Glazeley and Middleton Scriven Parish Council,https://www.billingsley-pc.gov.uk
31464,gleadthorpe-parish-council,Gleadthorpe Parish Council,
4494,glemsford-parish-council,Glemsford Parish Council,https://www.glemsford-pc.gov.uk
35846,glen-parva-parish-council,Glen Parva Parish Council,
35847,glenfields-parish-council,Glenfields Parish Council,
35849,glentworth-parish-council,Glentworth Parish Council,
5066,glinton-parish-council,Glinton Parish Council,https://www.glinton-pc.gov.uk
35850,glooston-parish-council,Glooston Parish Council,
33663,glusburn-and-cross-hills-parish-council,Glusburn and Cross Hills Parish Council,https://www.glusburnandcrosshills-pc.gov.uk
34717,glympton-parish-meeting,Glympton Parish Meeting,
4611,glynde-and-beddingham-parish-council-1,Glynde and Beddingham Parish Council,https://www.glyndebeddingham-pc.gov.uk
5308,gnosall-parish-council,Gnosall Parish Council,http://www.gnosallparishcouncil.org.uk/
35851,goadby-parish-council,Goadby Parish Council,
31199,goathill-parish-council,Goathill Parish Council,
5773,goathland,Goathland,
4420,goathurst-parish-council,Goathurst Parish Council,https://www.goathurstparish.org.uk/
35329,godalming-town-council,Godalming Town Council,
34499,godington-parish-meeting,Godington Parish Meeting,
31465,godmanchester-parish-council,Godmanchester Parish Council,
31200,godmanstone-parish-council,Godmanstone Parish Council,
32475,godmersham-parish-council,Godmersham Parish Council,
5880,godney-parish-council,Godney Parish Council,
35315,godstone-parish-council,Godstone Parish Council,https://www.godstone-pc.gov.uk
35853,goldhanger-parish-council,Goldhanger Parish Council,
35854,goldsborough-parish-council,Goldsborough Parish Council,
33665,goldsborough-and-flaxby-parish-council,Goldsborough and Flaxby Parish Council,
35855,goldshaw-booth-parish-council,Goldshaw Booth Parish Council,
7039,gonalston-parish-meeting,Gonalston Parish Meeting,
4130,gooderstone-parish-council,Gooderstone Parish Council,https://www.gooderstone-pc.gov.uk
32534,goodnestone-parish-council,Goodnestone Parish Council,https://www.goodnestone-pc.gov.uk
32229,goodrich-and-welsh-bicknor-group-parish-council,Goodrich and Welsh Bicknor Group Parish Council,
31363,goole-parish-council,Goole Parish Council,
34657,goosey-parish-meeting,Goosey Parish Meeting,
35857,goosnargh-parish-council,Goosnargh Parish Council,
30287,goostrey-parish-council,Goostrey Parish Council,https://www.goostreyparishcouncil.gov.uk
30076,gorefield-parish-council,Gorefield Parish Council,
34586,goring-on-thames-parish-council,Goring-on-Thames Parish Council,https://www.goringparishcouncil.gov.uk
31838,gorsley-kilcot-parish-council,Gorsley & Kilcot Parish Council,
36815,gorton-parish-council,Gorton Parish Council,
4525,gosbeck-parish-council,Gosbeck Parish Council,https://www.gosbeckparishcouncil.gov.uk
35858,gosberton-parish-council,Gosberton Parish Council,
30728,gosforth-parish-council,Gosforth Parish Council,
6472,gotham-parish-council,Gotham Parish Council,
31930,gotherington-parish-council,Gotherington Parish Council,https://www.gotheringtonparishcouncil.org.uk
32446,goudhurst-parish-council,Goudhurst Parish Council,https://www.goudhurst-pc.gov.uk
3852,grade-ruan-parish-council,Grade Ruan Parish Council,https://www.grpc.org.uk/
36517,grade-ruan-parish-council-1,Grade-Ruan Parish Council,
36518,graffham-parish-council,Graffham Parish Council,
30104,grafham-parish-council,Grafham Parish Council,https://www.grafhamparishcouncil.gov.uk
36519,grafton-flyford-parish-council,Grafton Flyford Parish Council,
6541,grafton-parish-council,Grafton Parish Council,
34063,grafton-underwood-parish-council,Grafton Underwood Parish Council,
34718,grafton-and-radcot-parish-meeting,Grafton and Radcot Parish Meeting,
35861,grainthorpe-parish-council,Grainthorpe Parish Council,
3853,grampound-with-creed-parish-council,Grampound with Creed Parish Council,https://www.grampound.org.uk/
5522,granborough-parish-council,Granborough Parish Council,
35863,grandborough-parish-council,Grandborough Parish Council,
31467,grange-moor-parish-council,Grange Moor Parish Council,
35864,grange-de-lings-parish-council,Grange de Lings Parish Council,
30838,grange-over-sands-town-council,Grange over Sands Town Council,
35865,grange-over-sands-parish-council,Grange-over-sands Parish Council,
36520,grantchester-parish-council,Grantchester Parish Council,
5490,grantham-town-council,Grantham Town Council,
35866,grantley-parish-council,Grantley Parish Council,
35867,grappenhall-and-thelwall-parish-council,Grappenhall and Thelwall Parish Council,
35868,grasby-parish-council,Grasby Parish Council,
4276,grassington,Grassington,https://www.grassingtonparishcouncil.gov.uk
33667,grassington-parish-council,Grassington Parish Council,https://www.grassingtonparishcouncil.gov.uk
4011,grassmoor-hasland-and-winsick-parish-council,"Grassmoor, Hasland and Winsick Parish Council",https://www.grassmoorhw-pc.gov.uk
7040,grassthorpe-parish-meeting,Grassthorpe Parish Meeting,
6083,gratton-parish-meeting,Gratton (Parish Meeting),
35869,graveney-with-goodnestone-parish-council,Graveney with Goodnestone Parish Council,
32288,gravesend-parish-council,Gravesend Parish Council,https://www.gravesendpc.org.uk
35870,grayingham-parish-council,Grayingham Parish Council,
4652,grayshott-parish-council,Grayshott Parish Council,https://www.grayshott-pc.gov.uk
35330,grayswood-and-haslemere-parish-council,Grayswood and Haslemere Parish Council,https://www.grayswood-haslemere.gov.uk
4335,greasley-parish-council,Greasley Parish Council,https://www.greasleyparishcouncil.gov.uk
35871,great-abington-parish-council,Great Abington Parish Council,
32666,great-altcar-parish-council,Great Altcar Parish Council,
36522,great-ashby-parish-council,Great Ashby Parish Council,
5906,great-ashfield-parish-council,Great Ashfield Parish Council,
6260,great-ayton,Great Ayton,
31468,great-ayton-parish-council,Great Ayton Parish Council,
36523,great-barford-parish-council,Great Barford Parish Council,
4834,great-barton-parish-council,Great Barton Parish Council,https://www.greatbarton-pc.gov.uk
35875,great-bealings-parish-council,Great Bealings Parish Council,
5418,great-bedwyn-parish-council,Great Bedwyn Parish Council,http://www.greatbedwyn-pc.gov.uk
4526,great-blakenham-parish-council,Great Blakenham Parish Council,https://www.greatblakenhamparishcouncil.gov.uk
30413,great-boughton-parish-council,Great Boughton Parish Council,
35876,great-bowden-parish-council,Great Bowden Parish Council,
6512,great-bradley-parish-council,Great Bradley Parish Council,
35877,great-braxted-parish-council,Great Braxted Parish Council,
4527,great-bricett-parish-council,Great Bricett Parish Council,https://www.greatbricett-pc.gov.uk
3777,great-brickhill-parish-council,Great Brickhill Parish Council,https://www.greatbrickhillparishcouncil.gov.uk
30414,great-budworth-parish-council,Great Budworth Parish Council,
35878,great-burdon-parish-council,Great Burdon Parish Council,
35879,great-burstead-and-south-green-parish-council,Great Burstead and South Green Parish Council,
7032,great-busby-parish-meeting,Great Busby (Parish Meeting),
4625,great-canfield,Great Canfield,https://www.greatcanfieldparishcouncil.gov.uk
31726,great-canfield-parish-council,Great Canfield Parish Council,https://www.greatcanfieldparishcouncil.gov.uk
35880,great-carlton-parish-council,Great Carlton Parish Council,
5958,great-chesterford,Great Chesterford,
31727,great-chesterford-parish-council,Great Chesterford Parish Council,
30729,great-clifton-parish-council,Great Clifton Parish Council,
35881,great-coates-parish-council,Great Coates Parish Council,
36524,great-comberton-parish-council,Great Comberton Parish Council,
5891,great-cornard-parish-council,Great Cornard Parish Council,
35882,great-dawley-parish-council,Great Dawley Parish Council,
36525,great-denham-parish-council,Great Denham Parish Council,
34066,great-doddington-parish-council,Great Doddington Parish Council,
31470,great-driffield-parish-council,Great Driffield Parish Council,
4626,great-dunmow,Great Dunmow,https://www.greatdunmow-tc.gov.uk
31728,great-dunmow-parish-council,Great Dunmow Parish Council,https://www.greatdunmow-tc.gov.uk
5959,great-easton-and-tilty,Great Easton and Tilty,
31729,great-easton-and-tilty-parish-council,Great Easton and Tilty Parish Council,
35883,great-eccleston-parish-council,Great Eccleston Parish Council,
5271,great-elm-parish-council,Great Elm Parish Council,http://greatelm.org/
35884,great-eversden-parish-council,Great Eversden Parish Council,
36526,great-faringdon-parish-council,Great Faringdon Parish Council,
30105,great-gidding-parish-council,Great Gidding Parish Council,
35885,great-glemham-parish-council,Great Glemham Parish Council,
35886,great-glen-parish-council,Great Glen Parish Council,
4677,great-gonerby-parish-council,Great Gonerby Parish Council,https://www.greatgonerbyparish.gov.uk
35887,great-hale-parish-council,Great Hale Parish Council,
34067,great-harrowden-parish-council,Great Harrowden Parish Council,
34587,great-haseley-parish-council,Great Haseley Parish Council,
5419,great-hinton-parish-council,Great Hinton Parish Council,https://www.greathintonparishcouncil.gov.uk
4132,great-hockham-parish-council,Great Hockham Parish Council,https://www.hockhamparish.gov.uk
3778,great-horwood-parish-council,Great Horwood Parish Council,https://www.greathorwoodpc.org.uk
31472,great-houghton-parish-council,Great Houghton Parish Council,
31473,great-kelk-parish-council,Great Kelk Parish Council,
3779,great-marlow-parish-council,Great Marlow Parish Council,https://www.greatmarlowparishcouncil.gov.uk
33356,great-massingham-parish-council,Great Massingham Parish Council,
4960,great-melton-parish-council,Great Melton Parish Council,https://www.greatmeltonparish.gov.uk
34588,great-milton-parish-council,Great Milton Parish Council,https://www.greatmilton-pc.gov.uk
5524,great-missenden-parish-council,Great Missenden Parish Council,
35888,great-mitton-parish-council,Great Mitton Parish Council,
32535,great-mongeham-parish-council,Great Mongeham Parish Council,https://www.great-mongeham-pc.gov.uk
6238,great-moulton-parish-council,Great Moulton Parish Council,
32289,great-munden-parish-council,Great Munden Parish Council,https://www.greatmundenpc.org.uk
5260,great-ness-and-little-ness-parish-council,Great Ness and Little Ness Parish Council,https://www.greatnesslittleness-pc.gov.uk
36528,great-notley-parish-council,Great Notley Parish Council,
31882,great-oldbury-parish-council,Great Oldbury Parish Council,https://www.greatoldbury-pc.gov.uk
5222,great-ouseburn,Great Ouseburn,https://www.greatouseburn-pc.gov.uk
30106,great-raveley-parish-council,Great Raveley Parish Council,https://www.greatraveleypc.gov.uk
30840,great-salkeld-parish-council,Great Salkeld Parish Council,
35891,great-sankey-parish-council,Great Sankey Parish Council,
36968,great-shefford-parish-council,Great Shefford Parish Council,https://www.greatsheffordparish.gov.uk
35892,great-shelford-parish-council,Great Shelford Parish Council,
35893,great-smeaton-parish-council,Great Smeaton Parish Council,
31476,great-snoring-parish-council,Great Snoring Parish Council,
6542,great-somerford-parish-council,Great Somerford Parish Council,
35894,great-stainton-parish-council,Great Stainton Parish Council,
30107,great-staughton-parish-council,Great Staughton Parish Council,https://www.greatstaughton-pc.gov.uk
35895,great-steeping-parish-council,Great Steeping Parish Council,
30841,great-strickland-parish-council,Great Strickland Parish Council,
34719,great-tew-parish-meeting,Great Tew Parish Meeting,
35897,great-timble-parish-council,Great Timble Parish Council,
35898,great-torrington-parish-council,Great Torrington Parish Council,
35899,great-totham-parish-council,Great Totham Parish Council,
35900,great-wakering-parish-council,Great Wakering Parish Council,
6041,great-waldingfield-parish-council,Great Waldingfield Parish Council,
30288,great-warford-parish-council,Great Warford Parish Council,https://www.greatwarfordpc.org.uk
35901,great-whelnetham-parish-council,Great Whelnetham Parish Council,
35902,great-wilbraham-parish-council,Great Wilbraham Parish Council,
6543,great-wishford-parish-council,Great Wishford Parish Council,
4170,great-witchingham-parish-council,Great Witchingham Parish Council,https://www.greatwitchinghamparishcouncil.gov.uk
36530,great-witley-parish-council,Great Witley Parish Council,
6054,great-wratting-parish-council,Great Wratting Parish Council,
5882,great-wyrley-parish-council,Great Wyrley Parish Council,
35872,great-and-little-chishill-parish-council,Great and Little Chishill Parish Council,
5523,great-and-little-kimble-cum-marsh-parish-council,Great and Little Kimble cum Marsh Parish Council,
35874,great-and-little-preston-parish-council,Great and Little Preston Parish Council,
5156,greatham-parish-council,Greatham Parish Council,https://www.greathampc.org.uk
34180,greatworth-and-halse-parish-council,Greatworth and Halse Parish Council,https://www.greatworthparishcouncil.gov.uk
5223,green-hammerton,Green Hammerton,https://www.greenhammerton-pc.gov.uk
33671,green-hammerton-parish-council,Green Hammerton Parish Council,https://www.greenhammerton-pc.gov.uk
35903,greenhalgh-with-thistleton-parish-council,Greenhalgh-with-thistleton Parish Council,
34311,greenhead-parish-council,Greenhead Parish Council,
35904,greete-parish-council,Greete Parish Council,
36532,greetham-parish-council,Greetham Parish Council,
35906,greetwell-parish-council,Greetwell Parish Council,
6758,greinton-parish-meeting,Greinton Parish Meeting,
34068,grendon-parish-council,Grendon Parish Council,https://www.grendonparishcouncil.gov.uk
6205,grendon-underwood-parish-council,Grendon Underwood Parish Council,
33245,gresham-parish-council,Gresham Parish Council,https://www.greshampc.norfolkparishes.gov.uk
4133,gressenhall-parish-council,Gressenhall Parish Council,https://www.gressenhall-pc.norfolkparishes.gov.uk
35907,gressingham-parish-council,Gressingham Parish Council,
34069,gretton-parish-council,Gretton Parish Council,
4982,grewelthorpe,Grewelthorpe,https://www.grewelthorpe-pc.org.uk
33672,grewelthorpe-parish-council,Grewelthorpe Parish Council,https://www.grewelthorpe-pc.org.uk
36533,greystead-parish-council,Greystead Parish Council,
30842,greystoke-parish-council,Greystoke Parish Council,
35908,greywell-parish-council,Greywell Parish Council,
36813,griff-and-coton-parish-council,Griff and Coton Parish Council,
37198,grimley-parish-council,Grimley Parish Council,
35909,grimoldby-parish-council,Grimoldby Parish Council,
35910,grimsargh-parish-council,Grimsargh Parish Council,
5420,grimstead-parish-council,Grimstead Parish Council,https://www.grimstead-pc.gov.uk
33357,grimston-parish-council,Grimston Parish Council,
35911,grimstone-parish-council,Grimstone Parish Council,
35912,grindleton-parish-council,Grindleton Parish Council,
4937,grindon-parish-council,Grindon Parish Council,https://www.grindonparishcouncil.gov.uk
6495,grindon-parish-council-1,Grindon Parish Council,
36534,grindon-and-thorpe-thewles-parish-council,Grindon and Thorpe Thewles Parish Council,
35913,gringley-on-the-hill-parish-council,Gringley on the Hill Parish Council,
31480,grinton-parish-council,Grinton Parish Council,
5224,grinton-and-ellerton-abbey,Grinton and Ellerton Abbey,https://www.grinton-pc.gov.uk
33673,grinton-and-ellerton-abbey-parish-council,Grinton and Ellerton Abbey Parish Council,https://www.grinton-pc.gov.uk
35914,gristhorpe-parish-council,Gristhorpe Parish Council,
5421,grittleton-parish-council,Grittleton Parish Council,https://www.grittletonparishcouncil.gov.uk
32800,groby-parish-council,Groby Parish Council,https://www.grobyparishcouncil.gov.uk
32447,groombridge-parish-council,Groombridge Parish Council,https://www.groombridgepc.org.uk
6012,grosmont,Grosmont,
5892,groton-parish-council,Groton Parish Council,
31482,grove-parish-council,Grove Parish Council,
35915,grundisburgh-parish-council,Grundisburgh Parish Council,
37199,guarlford-parish-council,Guarlford Parish Council,
35916,guilden-morden-parish-council,Guilden Morden Parish Council,
30415,guilden-sutton-parish-council,Guilden Sutton Parish Council,
35331,guildford-town-council,Guildford Town Council,https://www.guildford.gov.uk
34182,guilsborough-parish-council,Guilsborough Parish Council,https://www.guilsborough-pc.gov.uk
35917,guisborough-parish-council,Guisborough Parish Council,
4684,guist-parish-council,Guist Parish Council,https://www.guistparishcouncil.gov.uk
5109,gulworthy-parish,Gulworthy Parish,https://www.gulworthyparishcouncil.gov.uk
35918,gumley-parish-council,Gumley Parish Council,
35919,gunby-and-stainby-parish-council,Gunby and Stainby Parish Council,
36814,gunnels-wood-parish-council,Gunnels Wood Parish Council,
6899,gunthorpe-parish-council,Gunthorpe Parish Council,
32536,guston-parish-council,Guston Parish Council,https://www.guston-pc.gov.uk
3854,gweek-parish-council,Gweek Parish Council,https://www.gweekinfo.co.uk/parish-council-1
3855,gwennap-parish-council,Gwennap Parish Council,https://www.gwennap-pc.gov.uk
3856,gwinear-gwithian-parish-council,Gwinear Gwithian Parish Council,https://ggpc.org.uk/
36535,gwinear-gwithian-parish-council-1,Gwinear-Gwithian Parish Council,
35921,h-parish-council,H Parish Council,
35922,habergham-eaves-parish-council,Habergham Eaves Parish Council,
5776,habton,Habton,
33677,hackforth-parish-council,Hackforth Parish Council,
34183,hackleton-parish-council,Hackleton Parish Council,https://www.hackletonparishcouncil.gov.uk
4983,hackness-and-harwood-dale-group,Hackness and Harwood Dale Group,https://www.hacknessgroup-pc.gov.uk
33678,hackness-and-harwood-dale-group-parish-council,Hackness and Harwood Dale Group Parish Council,https://www.hacknessgroup-pc.gov.uk
35925,hackthorn-parish-council,Hackthorn Parish Council,
4678,haconby-stainfield-parish-council,Haconby & Stainfield Parish Council,https://www.haconbyandstainfield-pc.gov.uk
3780,haddenham-parish-council,Haddenham Parish Council,https://www.haddenham-bucks-pc.gov.uk
4961,haddiscoe-parish-council,Haddiscoe Parish Council,https://www.haddiscoeparish.org.uk
30109,haddon-parish-council,Haddon Parish Council,https://www.haddonparishcouncil.gov.uk
3632,hadleigh-town-council,Hadleigh Town Council,https://www.hadleightowncouncil.gov.uk
35927,hadley-leegomery-parish-council,Hadley & Leegomery Parish Council,
5985,hadlow-parish-council,Hadlow Parish Council,https://www.hadlowpc.org.uk
4360,hadnall-parish-council,Hadnall Parish Council,https://www.hadnallparishcouncil.gov.uk
5961,hadstock,Hadstock,
31731,hadstock-parish-council,Hadstock Parish Council,
36536,hadzor-parish-council,Hadzor Parish Council,
37248,hagley-parish-council,Hagley Parish Council,https://www.hagleyparishcouncil.gov.uk
35929,haigh-parish-council,Haigh Parish Council,
35930,haighton-parish-council,Haighton Parish Council,
36537,haile-parish-council,Haile Parish Council,
34720,hailey-parish-council,Hailey Parish Council,
3588,hailsham-town-council,Hailsham Town Council,https://www.hailsham-tc.gov.uk
4172,hainford-parish-council,Hainford Parish Council,https://www.hainfordparishcouncil.gov.uk
35932,hainton-parish-council,Hainton Parish Council,
35933,halberton-parish-council,Halberton Parish Council,
32026,hale-parish-council,Hale Parish Council,
35934,halebank-parish-council,Halebank Parish Council,
36538,halesworth-parish-council,Halesworth Parish Council,
35936,halewood-parish-council,Halewood Parish Council,
36817,hall-green-parish-council,Hall Green Parish Council,
35937,hallaton-parish-council,Hallaton Parish Council,
7041,halloughton-parish-meeting,Halloughton Parish Meeting,
31488,halsall-parish-council,Halsall Parish Council,
4421,halse-parish-council,Halse Parish Council,https://halse.parish.uk/parish-council/
32421,halstead-parish-council,Halstead Parish Council,
31203,halstock-parish-council,Halstock Parish Council,
35939,haltham-parish-council,Haltham Parish Council,
6736,halton-east-parish-meeting,Halton East (Parish Meeting),
6737,halton-gill-parish-meeting,Halton Gill (Parish Meeting),
35940,halton-holegate-parish-council,Halton Holegate Parish Council,
34312,haltwhistle-parish-council,Haltwhistle Parish Council,https://www.bardonmillparishcouncil.gov.uk
6332,halwell-moreleigh-parish-council,Halwell & Moreleigh Parish Council,
35942,halwill-parish-council,Halwill Parish Council,
6544,ham-parish-council,Ham Parish Council,
31883,ham-and-stone-parish-council,Ham and Stone Parish Council,https://www.hamandstoneparishcouncil.org.uk
32006,hamble-le-rice-parish-council,Hamble-le-Rice Parish Council,https://www.hamblepc.org.uk
5525,hambleden-parish-council,Hambleden Parish Council,
5181,hambledon-parish-council,Hambledon Parish Council,https://www.hambledon-pc.gov.uk
4277,hambleton,Hambleton,https://www.hambleton-pc.gov.uk
31492,hambleton-parish-council,Hambleton Parish Council,
4753,hambridge-westport-parish-council,Hambridge & Westport Parish Council,https://hambridgeandwestport-pc.gov.uk/
35943,hambridge-and-westport-parish-council,Hambridge and Westport Parish Council,
35945,hamerton-and-steeple-gidding-parish-council,Hamerton and Steeple Gidding Parish Council,
31884,hamfallow-parish-council,Hamfallow Parish Council,https://www.hamfallow-pc.gov.uk
36539,hamilton-lea-parish-council,Hamilton Lea Parish Council,
4795,hammerwich-parish-council,Hammerwich Parish Council,https://hammerwich-pc.gov.uk/
31204,hammoon-parish-council,Hammoon Parish Council,
35947,hampstead-marshall-parish-council,Hampstead Marshall Parish Council,
32290,hampstead-parish-council,Hampstead Parish Council,
4698,hampsthwaite,Hampsthwaite,https://www.hampsthwaite-pc.org.uk
33679,hampsthwaite-parish-council,Hampsthwaite Parish Council,https://www.hampsthwaite-pc.org.uk
32131,hampton-charles-parish-meeting,Hampton Charles Parish Meeting,
34501,hampton-gay-and-poyle-parish-meeting,Hampton Gay and Poyle Parish Meeting,
3823,hampton-hargate-and-vale-parish-council,Hampton Hargate and Vale Parish Council,https://www.hampton-pc.gov.uk
36540,hampton-lovett-parish-council,Hampton Lovett Parish Council,
36818,hampton-in-arden-parish-council,Hampton in Arden Parish Council,
4039,hamsey-parish-council,Hamsey Parish Council,https://www.hamseyparish.gov.uk
36971,hamstead-marshall-parish-council,Hamstead Marshall Parish Council,
5309,hanbury-parish-council,Hanbury Parish Council,http://www.hanburyparishcouncil.btck.co.uk/
30289,handforth-town-council,Handforth Town Council,https://www.handforthtowncouncil.gov.uk
36541,handley-parish-council,Handley Parish Council,
30416,handley-and-district-parish-council,Handley and District Parish Council,
31495,handsworth-parish-council,Handsworth Parish Council,
30290,hankelow-parish-council,Hankelow Parish Council,
5422,hankerton-parish-council,Hankerton Parish Council,https://www.hankerton-pc.gov.uk
37201,hanley-parish-council,Hanley Parish Council,
5142,hannington-parish-council,Hannington Parish Council,https://www.hannington-pc.gov.uk
34502,hanwell-parish-council,Hanwell Parish Council,
33247,hanworth-parish-council,Hanworth Parish Council,
31497,happisburgh-parish-council,Happisburgh Parish Council,
35950,hapton-parish-council,Hapton Parish Council,
4098,harbledown-and-rough-common,Harbledown and Rough Common,https://www.harbledown-pc.gov.uk
32511,harbledown-and-rough-common-parish-council,Harbledown and Rough Common Parish Council,https://www.harbledown-pc.gov.uk
35951,harborough-magna-parish-council,Harborough Magna Parish Council,
34313,harbottle-parish-council,Harbottle Parish Council,
6901,harby-parish-council,Harby Parish Council,
6031,hardington-foxcote-parish-council,Hardington & Foxcote Parish Council,
3782,hardwick-parish-council,Hardwick Parish Council,https://www.hardwick-pc.gov.uk
34503,hardwick-with-tusmore-parish-meeting,Hardwick with Tusmore Parish Meeting,
34722,hardwick-with-yelford-parish-meeting,Hardwick with Yelford Parish Meeting,
31886,harescombe-parish-council,Harescombe Parish Council,https://www.harescombe-pc.gov.uk
31887,haresfield-parish-council,Haresfield Parish Council,https://www.haresfieldparishcouncil.gov.uk
31503,harewood-parish-council,Harewood Parish Council,
6712,harford-parish-meeting,Harford Parish Meeting,
5360,hargrave-parish-council,Hargrave Parish Council,https://www.hargraveparishcouncil.gov.uk
30417,hargrave-and-huxley-parish-council,Hargrave and Huxley Parish Council,
5893,harkstead-parish-council,Harkstead Parish Council,
5310,harlaston-parish-council,Harlaston Parish Council,http://www.harlaston.org.uk/harlaston-parish-council
6165,harleston-parish-meeting,Harleston Parish Meeting,
5861,harley-and-sheinton-parish-council,Harley and Sheinton Parish Council,
4134,harling-parish-council,Harling Parish Council,https://www.harlingparish.gov.uk
36542,harlington-parish-council,Harlington Parish Council,
5777,harmby,Harmby,
35955,harmston-parish-council,Harmston Parish Council,
6261,harome,Harome,
35956,harpenden-parish-council,Harpenden Parish Council,
36543,harpenden-town-parish-council,Harpenden Town Parish Council,
31368,harpham-parish-council,Harpham Parish Council,
34187,harpole-parish-council,Harpole Parish Council,https://www.harpole-pc.gov.uk
34589,harpsden-parish-council,Harpsden Parish Council,https://www.harpsdenparishcouncil.org.uk
35958,harpswell-parish-council,Harpswell Parish Council,
32390,harrietsham-parish-council,Harrietsham Parish Council,https://www.harrietshamparishcouncil.gov.uk
34070,harrington-parish-council,Harrington Parish Council,
34071,harringworth-parish-council,Harringworth Parish Council,
4278,harrogate-town,Harrogate Town,https://www.harrogatetowncouncil.gov.uk
31505,harston-parish-council,Harston Parish Council,
35959,hart-parish-council,Hart Parish Council,
34314,hartburn-parish-council,Hartburn Parish Council,
6289,hartest-parish-council,Hartest Parish Council,
4040,hartfield-parish-council,Hartfield Parish Council,https://www.hartfield-pc.gov.uk
30418,hartford-parish-council,Hartford Parish Council,
36545,harting-parish-council,Harting Parish Council,
5585,hartington-middle-quarter-parish-council,Hartington Middle Quarter Parish Council,
5071,hartington-upper-quarter-parish-council,Hartington Upper Quarter Parish Council,https://www.hartingtonuq-pc.gov.uk
35960,hartland-parish-council,Hartland Parish Council,
35961,hartlebury-parish-council,Hartlebury Parish Council,
32422,hartley-parish-council,Hartley Parish Council,https://www.hartleyparishcouncil.gov.uk
35962,hartley-wintney-parish-council,Hartley Wintney Parish Council,
6655,hartlington-parish-meeting,Hartlington (Parish Meeting),
35963,hartlip-parish-council,Hartlip Parish Council,
6656,hartoft-parish-meeting,Hartoft (Parish Meeting),
6657,harton-parish-meeting,Harton (Parish Meeting),
31506,hartshead-parish-council,Hartshead Parish Council,
36819,hartshill-parish-council,Hartshill Parish Council,
31507,hartwell-parish-council,Hartwell Parish Council,
5226,hartwith-cum-winsley,Hartwith cum Winsley,https://www.hartwithcumwinsley-pc.gov.uk
31508,harvington-parish-council,Harvington Parish Council,https://www.harvington-pc.gov.uk/
34659,harwell-parish-council,Harwell Parish Council,https://www.harwellparish.gov.uk
35964,harwood-dale-parish-council,Harwood Dale Parish Council,
31509,harwood-parish-council,Harwood Parish Council,
34188,haselbech-parish-meeting,Haselbech Parish Meeting,https://www.northantsparishes.org.uk
3741,haselbury-plucknett-parish-council,Haselbury Plucknett Parish Council,https://haselburyplucknettparish.gov.uk
36820,haseley-parish-council,Haseley Parish Council,
35966,hasketon-parish-council,Hasketon Parish Council,
35333,haslemere-town-council,Haslemere Town Council,
36546,haslingfield-parish-council,Haslingfield Parish Council,
30291,haslington-parish-council,Haslington Parish Council,
30292,hassall-parish-council,Hassall Parish Council,
37062,hassocks-parish-council,Hassocks Parish Council,https://www.midsussex.gov.uk
6084,hassop-parish-meeting,Hassop (Parish Meeting),
5646,hastingleigh,Hastingleigh,
32477,hastingleigh-parish-council,Hastingleigh Parish Council,
3742,hatch-beauchamp-parish-council,Hatch Beauchamp Parish Council,https://www.hatchbeauchamp.com/
31512,hatchford-parish-council,Hatchford Parish Council,
35967,hatcliffe-parish-council,Hatcliffe Parish Council,
4627,hatfield-broad-oak,Hatfield Broad Oak,https://www.hatfieldbroadoakpc.gov.uk
31732,hatfield-broad-oak-parish-council,Hatfield Broad Oak Parish Council,https://www.hatfieldbroadoakpc.gov.uk
31733,hatfield-heath-parish-council,Hatfield Heath Parish Council,
36547,hatfield-peverel-parish-council,Hatfield Peverel Parish Council,
6823,hatfield-town-council,Hatfield Town Council,
34660,hatford-parish-meeting,Hatford Parish Meeting,
6176,hatherleigh-town-council,Hatherleigh Town Council,
36548,hathern-parish-council,Hathern Parish Council,
3978,hathersage-parish-council,Hathersage Parish Council,https://www.hathersageparishcouncil.gov.uk
30293,hatherton-walgherton-parish-council,Hatherton & Walgherton Parish Council,https://www.handwpc.org.uk
6496,hatherton-parish-council,Hatherton Parish Council,
35969,hatton-parish-council,Hatton Parish Council,
35971,haugham-parish-council,Haugham Parish Council,
31514,haughmond-parish-council,Haughmond Parish Council,
4796,haughton-parish-council,Haughton Parish Council,https://haughtonparishcouncil.gov.uk/
30294,haughton-parish-meeting,Haughton Parish Meeting,https://haughtonparishcouncil.gov.uk/
31515,haunton-parish-council,Haunton Parish Council,
31516,hauxley-parish-council,Hauxley Parish Council,
36549,hauxton-parish-council,Hauxton Parish Council,
5778,haverah-park-with-beckwithshaw,Haverah Park with Beckwithshaw,
3637,haverhill-town-council,Haverhill Town Council,https://www.haverhill-tc.gov.uk
6613,haveringland-parish-meeting,Haveringland Parish Meeting,
36550,haversham-cum-little-linford-parish-council,Haversham-cum-Little Linford Parish Council,
30843,haverthwaite-parish-council,Haverthwaite Parish Council,
35974,hawes-parish-council,Hawes Parish Council,
6013,hawes-and-high-abbotside,Hawes and High Abbotside,
33685,hawes-and-high-abbotside-parish-council,Hawes and High Abbotside Parish Council,
6055,hawkedon-parish-council,Hawkedon Parish Council,
35975,hawkhurst-parish-council,Hawkhurst Parish Council,
32448,hawkhurst-and-sandhurst-parish-council,Hawkhurst and Sandhurst Parish Council,https://www.hawkshurstandsandhurstpc.org.uk
32548,hawkinge-town-council,Hawkinge Town Council,https://www.Hawkinge-tc.gov.uk
5157,hawkley-parish-council,Hawkley Parish Council,https://www.hawkleyparishcouncil.org.uk
31519,hawksted-parish-council,Hawksted Parish Council,
6658,hawkswick-parish-meeting,Hawkswick (Parish Meeting),
6191,hawksworth-parish-meeting,Hawksworth Parish Meeting,
35976,hawkwell-parish-council,Hawkwell Parish Council,
6436,hawnby,Hawnby,
33686,hawnby-parish-council,Hawnby Parish Council,
36551,haworth-and-stanbury-parish-council,Haworth and Stanbury Parish Council,
4836,hawstead-parish-council,Hawstead Parish Council,https://www.hawstead-pc.gov.uk
60001,haydon-bridge-parish-council,Haydon Bridge Parish Council,https://www.haydon-bridge.co.uk
31206,haydon-parish-council,Haydon Parish Council,
36552,haydon-wick-parish-council,Haydon Wick Parish Council,
3990,hayfield-parish-council,Hayfield Parish Council,https://www.hayfield-pc.gov.uk
3551,hayle-town-council,Hayle Town Council,https://www.hayletowncouncil.net/
30733,hayton-parish-council,Hayton Parish Council,https://www.hayton-pc.gov.uk
37063,haywards-heath-town-council,Haywards Heath Town Council,https://www.midsussex.gov.uk
6993,hazelbadge-parish-meeting,Hazelbadge (Parish Meeting),
31207,hazelbury-bryan-parish-council,Hazelbury Bryan Parish Council,
35977,hazeleigh-parish-council,Hazeleigh Parish Council,
3783,hazlemere-parish-council,Hazlemere Parish Council,https://www.hazlemereparishcouncil.gov.uk
36553,hazlerigg-parish-council,Hazlerigg Parish Council,
6659,hazlewood-with-storiths-parish-meeting,Hazlewood with Storiths (Parish Meeting),
31531,heacham-parish-council,Heacham Parish Council,
32391,headcorn-parish-council,Headcorn Parish Council,
31534,headington-parish-council,Headington Parish Council,
35979,headland-parish-council,Headland Parish Council,
5978,headley-parish-council,Headley Parish Council,
4984,healaugh-and-catterton,Healaugh and Catterton,https://www.healaughandcatterton-pc.gov.uk
33688,healaugh-and-catterton-parish-council,Healaugh and Catterton Parish Council,https://www.healaughandcatterton-pc.gov.uk
35982,healing-parish-council,Healing Parish Council,
6851,heanton-punchardon-parish-council,Heanton Punchardon Parish Council,
35983,heapey-parish-council,Heapey Parish Council,
31537,heapham-parish-council,Heapham Parish Council,
4012,heath-holmewood-parish-council,Heath & Holmewood Parish Council,https://www.heathandholmewood-pc.gov.uk
31544,heath-and-reach-parish-council,Heath And Reach Parish Council,
5039,heath-hayes-and-wimblebury-parish-council,Heath Hayes and Wimblebury Parish Council,https://www.hhandw-pc.gov.uk/
31543,heath-parish-council,Heath Parish Council,
32819,heather-parish-council,Heather Parish Council,https://www.heatherparishcouncil.gov.uk
4041,heathfield-waldron-parish-council,Heathfield & Waldron Parish Council,https://www.hwpc.org.uk
31552,heathfield-parish-council,Heathfield Parish Council,
6034,heathylee-parish-council-1,Heathylee Parish Council,
5609,heaton-parish-council,Heaton Parish Council,
6965,heaton-parish-council-1,Heaton Parish Council,
31556,heavitree-parish-council,Heavitree Parish Council,
4985,hebden,Hebden,https://www.hebdenparishcouncil.gov.uk
34316,hebron-parish-council,Hebron Parish Council,
5779,heck,Heck,
33690,heck-parish-council,Heck Parish Council,
35988,heckingham-parish-council,Heckingham Parish Council,
31558,heckmondwike-parish-council,Heckmondwike Parish Council,
5423,heddington-parish-council,Heddington Parish Council,https://www.heddington-pc.gov.uk
31560,heddon-on-the-wall-parish-council,Heddon On The Wall Parish Council,
34317,heddon-on-the-wall-parish-council-1,Heddon-on-the-Wall Parish Council,https://www.heddonparish.gov.uk
32007,hedge-end-town-council,Hedge End Town Council,https://www.hedgeend-tc.gov.uk
31562,hedgeley-parish-council,Hedgeley Parish Council,
5526,hedgerley-parish-council,Hedgerley Parish Council,
31568,hedley-parish-council,Hedley Parish Council,
34318,hedley-on-the-hill-parish-council,Hedley-on-the-Hill Parish Council,https://www.hedleyparish.org.uk
3629,hednesford-town-council,Hednesford Town Council,http://www.hednesford-tc.gov.uk/
31369,hedon-parish-council,Hedon Parish Council,
31569,hedworth-parish-council,Hedworth Parish Council,
31570,heed-and-ledge-parish-council,Heed And Ledge Parish Council,
31571,heedsford-parish-council,Heedsford Parish Council,
31572,hegal-parish-council,Hegal Parish Council,
31573,hegarty-parish-council,Hegarty Parish Council,
31574,hegley-parish-council,Hegley Parish Council,
31575,hegon-parish-council,Hegon Parish Council,
30597,heighington-parish-council,Heighington Parish Council,
31580,heightington-parish-council,Heightington Parish Council,
31584,heightway-parish-council,Heightway Parish Council,
30844,helbeck-parish-meeting,Helbeck Parish Meeting,
33248,helhoughton-parish-council,Helhoughton Parish Council,
36554,hellaby-parish-council,Hellaby Parish Council,
4173,hellesdon-parish-council,Hellesdon Parish Council,https://www.hellesdon-pc.gov.uk
34189,hellidon-parish-meeting,Hellidon Parish Meeting,
5780,hellifield,Hellifield,
4042,hellingly-parish-council,Hellingly Parish Council,https://www.hellingly-pc.org.uk
35990,hellington-parish-council,Hellington Parish Council,
34190,helmdon-parish-council,Helmdon Parish Council,https://www.helmdonparishcouncil.gov.uk
4818,helmingham-parish-council,Helmingham Parish Council,https://www.helminghamparishcouncil.gov.uk
4279,helmsley,Helmsley,https://www.helmsleytowncouncil.gov.uk
4565,helpston-parish-council,Helpston Parish Council,https://www.helpston-pc.gov.uk
30419,helsby-parish-council,Helsby Parish Council,
30845,helsington-parish-council,Helsington Parish Council,
3552,helston-town-council,Helston Town Council,https://www.helston-tc.gov.uk/
32291,hemel-hempstead-town-council,Hemel Hempstead Town Council,https://www.hemel.gov.uk
5781,hemingbrough,Hemingbrough,
33008,hemingby-parish-council,Hemingby Parish Council,
30110,hemingford-abbots-parish-council,Hemingford Abbots Parish Council,https://www.hemingford-abbots-pc.gov.uk
30111,hemingford-grey-parish-council,Hemingford Grey Parish Council,https://www.hemingford-grey-pc.gov.uk
5056,hemingstone-parish-council,Hemingstone Parish Council,https://www.hemingstone-pc.gov.uk
33504,hemington-parish-council,Hemington Parish Council,
35991,hemley-parish-council,Hemley Parish Council,
5727,hempnall-parish-council,Hempnall Parish Council,
5962,hempstead,Hempstead,
33249,hempstead-parish-council,Hempstead Parish Council,
33432,hempton-parish-council,Hempton Parish Council,
33433,hemsby-parish-council,Hemsby Parish Council,
31042,hemyock-parish-council,Hemyock Parish Council,
30295,henbury-parish-council,Henbury Parish Council,
6125,henderskelfe-parish-meeting,Henderskelfe (Parish Meeting),
37026,henfield-parish-council,Henfield Parish Council,https://www.henfield.gov.uk
4628,henham,Henham,https://www.henham-pc.gov.uk
31734,henham-parish-council,Henham Parish Council,https://www.henham-pc.gov.uk
4529,henley-parish-council,Henley Parish Council,https://www.henley-pc.gov.uk
36821,henley-in-arden-parish-council,Henley in Arden Parish Council,
36924,henley-in-arden-parish-council-1,Henley-in-Arden Parish Council,
34778,henley-on-thames-parish-council,Henley-on-Thames Parish Council,
30239,henlow-parish-council,Henlow Parish Council,
5129,hennock,Hennock,https://www.hennockparishcouncil.gov.uk
30995,hennock-parish-council,Hennock Parish Council,https://www.hennockparishcouncil.gov.uk
4280,hensall,Hensall,https://www.hensallparishcouncil.gov.uk
33694,hensall-parish-council,Hensall Parish Council,https://www.hensallparishcouncil.gov.uk
34319,henshaw-parish-council,Henshaw Parish Council,https://www.henshawparishcouncil.gov.uk
4877,henstridge-parish-council,Henstridge Parish Council,https://henstridge-pc.gov.uk
34320,hepple-parish-council,Hepple Parish Council,https://www.heppleparishcouncil.gov.uk
34321,hepscott-parish-council,Hepscott Parish Council,
4837,hepworth-parish-council,Hepworth Parish Council,https://www.hepworth-pc.gov.uk
32580,hernhill-parish-council,Hernhill Parish Council,
5143,herriard-parish-council,Herriard Parish Council,https://www.herriardpc.org.uk
6513,herringswell-parish-council,Herringswell Parish Council,
4100,hersden,Hersden,https://www.hersden-pc.gov.uk
32513,hersden-parish-council,Hersden Parish Council,https://www.hersden-pc.gov.uk
4043,herstmonceux-parish-council,Herstmonceux Parish Council,https://www.herstmonceuxparish.org.uk
32325,hertford-heath-parish-council,Hertford Heath Parish Council,
32292,hertford-town-council,Hertford Town Council,https://www.hertfordtowncouncil.org.uk
32293,hertingfordbury-parish-council,Hertingfordbury Parish Council,https://www.hertingfordbury-pc.org.uk
30846,hesket-parish-council,Hesket Parish Council,
32667,hesketh-with-becconsall-parish-council,Hesketh-with-Becconsall Parish Council,
5782,heslerton,Heslerton,
36555,hesleyhurst-parish-council,Hesleyhurst Parish Council,
5057,hessett-parish-council,Hessett Parish Council,https://www.hessettparishcouncil.gov.uk
31370,hessle-parish-council,Hessle Parish Council,
34504,hethe-parish-council,Hethe Parish Council,
4212,hethersett-parish-council,Hethersett Parish Council,https://www.hethersettparishcouncil.gov.uk
30734,hethersgill-parish-council,Hethersgill Parish Council,
6978,hetton-cum-bordley-parish-meeting,Hetton-cum-Bordley (Parish Meeting),
35206,heveningham-parish-council,Heveningham Parish Council,
32581,hever-parish-council,Hever Parish Council,
30847,heversham-parish-council,Heversham Parish Council,
4174,hevingham-parish-council,Hevingham Parish Council,https://www.hevinghamparishcouncil.gov.uk
31840,hewelsfield-brockweir-parish-council,Hewelsfield & Brockweir Parish Council,
31957,hewelsfield-and-brockweir-parish-council,Hewelsfield and Brockweir Parish Council,
5227,hewick-and-hutton,Hewick and Hutton,https://www.hewickandhuttonparish.gov.uk
33696,hewick-and-hutton-parish-council,Hewick and Hutton Parish Council,https://www.hewickandhuttonparish.gov.uk
34322,hexham-parish-council,Hexham Parish Council,
34403,hexhamshire-parish-council,Hexhamshire Parish Council,
34323,hexhamshire-and-district-parish-council,Hexhamshire and District Parish Council,
32423,hextable-parish-council,Hextable Parish Council,
31765,heybridge-basin-parish-council,Heybridge Basin Parish Council,
31764,heybridge-parish-council,Heybridge Parish Council,
6107,heydon-parish-meeting,Heydon Parish Meeting,
5204,heydour-parish-council,Heydour Parish Council,https://www.heydour-aisby-oasby-pc.gov.uk
34505,heyford-park-parish-council,Heyford Park Parish Council,https://www.heyfordpark-pc.gov.uk
6545,heytesbury-imber-and-knook-parish-council,Heytesbury Imber and Knook Parish Council,
34723,heythrop-parish-meeting,Heythrop Parish Meeting,
6546,heywood-parish-council,Heywood Parish Council,
6114,heywood-parish-meeting,Heywood Parish Meeting,
6488,hickleton-parish-council,Hickleton Parish Council,
6930,hickling-parish-council,Hickling Parish Council,
33949,high-abbotside-parish-council,High Abbotside Parish Council,
5963,high-easter,High Easter,
31735,high-easter-parish-council,High Easter Parish Council,
4079,high-halden,High Halden,https://www.highhaldenparishcouncil.gov.uk
3659,high-ham-parish-council,High Ham Parish Council,https://www.highhamparishlife.org/parish-council
30003,high-hoyland-parish-council,High Hoyland Parish Council,
33251,high-kelling-parish-council,High Kelling Parish Council,https://www.highkellingparishcouncil.gov.uk
31793,high-laver-parish-council,High Laver Parish Council,
30296,high-legh-parish-council,High Legh Parish Council,https://www.highleghparishcouncil.gov.uk
6489,high-melton-parish-council,High Melton Parish Council,
31637,high-ongar-parish-council,High Ongar Parish Council,https://www.highongar-pc.gov.uk
5964,high-roding,High Roding,
31736,high-roding-parish-council,High Roding Parish Council,
35993,high-toynton-parish-council,High Toynton Parish Council,
33697,high-and-low-bishopside-pateley-bridge-town-parish-council,High and Low Bishopside (Pateley Bridge Town) Parish Council,https://www.pateleybridgetowncouncil.gov.uk
33950,high-and-low-bishopside-parish-council,High and Low Bishopside Parish Council,
34072,higham-ferrers-town-council,Higham Ferrers Town Council,https://www.highamferrers-tc.gov.uk
6702,higham-parish-meeting,Higham Parish Meeting,
6202,higham-parish-meeting-1,Higham Parish Meeting,
32801,higham-on-the-hill-parish-council,Higham on the Hill Parish Council,
30297,higher-hurdsfield-parish-council,Higher Hurdsfield Parish Council,https://www.higherhurdsfield-pc.gov.uk
4361,highley-parish-council,Highley Parish Council,https://www.highleyparish.gov.uk
34591,highmoor-parish-council,Highmoor Parish Council,https://www.highmoorparishcouncil.gov.uk
31934,highnam-parish-council,Highnam Parish Council,https://www.highnamparish.org.uk
34797,hightown-parish-council,Hightown Parish Council,
35377,highworth-parish-council,Highworth Parish Council,
5192,hildenborough-parish-council,Hildenborough Parish Council,https://www.hildenboroughparishcouncil.gov.uk
30148,hildersham-parish-council,Hildersham Parish Council,
5312,hilderstone-parish-council,Hilderstone Parish Council,http://hilderstonevillage.org.uk/parish.php
37203,hill-croome-parish-council,Hill Croome Parish Council,
35134,hill-parish-council,Hill Parish Council,
33698,hillam-parish-council,Hillam Parish Council,https://www.hillamparishcouncil.gov.uk
32668,hilldale-parish-council,Hilldale Parish Council,https://www.hilldaleparishcouncil.gov.uk
3784,hillesden-parish-council,Hillesden Parish Council,https://www.hillesden-pc.gov.uk
31888,hillesley-and-tresham-parish-council,Hillesley and Tresham Parish Council,https://www.htpc.org.uk
33360,hillington-parish-council,Hillington Parish Council,
36823,hillmorton-parish-council,Hillmorton Parish Council,
6547,hilmarton-parish-council,Hilmarton Parish Council,
5424,hilperton-parish-council,Hilperton Parish Council,https://www.hilperton-pc.gov.uk
37257,himbleton-parish-council,Himbleton Parish Council,
6497,himley-parish-council,Himley Parish Council,
4530,hinderclay-parish-council,Hinderclay Parish Council,https://www.hinderclayparishcouncil.gov.uk
35334,hindhead-parish-council,Hindhead Parish Council,https://www.hindheadparishcouncil.gov.uk
33252,hindolveston-parish-council,Hindolveston Parish Council,
6548,hindon-parish-council,Hindon Parish Council,
5493,hingham-town-council,Hingham Town Council,
5261,hinstock-parish-council,Hinstock Parish Council,https://www.hinstock-pc.gov.uk
35207,hintlesham-parish-council,Hintlesham Parish Council,
31889,hinton-parish-council,Hinton Parish Council,https://www.hinton-pc.gov.uk
3660,hinton-st-george-parish-council,Hinton St George Parish Council,https://hintonstgeorge.org.uk/parish-council/
35101,hinton-st-george-parish-council-1,Hinton St. George Parish Council,
36824,hinton-on-the-green-parish-council,Hinton on the Green Parish Council,
34191,hinton-in-the-hedges-parish-meeting,Hinton-in-the-Hedges Parish Meeting,
5313,hints-with-canwell-parish-council,Hints with Canwell Parish Council,http://www.hintswithcanwell.co.uk/
30149,hinxton-parish-council,Hinxton Parish Council,
5783,hipswell,Hipswell,
5784,hirst-courtney,Hirst Courtney,
33701,hirst-courtney-parish-council,Hirst Courtney Parish Council,
5049,hitcham-parish-council,Hitcham Parish Council,https://www.hitcham-pc.gov.uk
5314,hixon-parish-council,Hixon Parish Council,http://www.hixon.gov.uk/
5315,hoar-cross-parish-council,Hoar Cross Parish Council,https://hoarcrossparishcouncil.co.uk/
4101,hoath,Hoath,https://www.hoathparishcouncil.gov.uk
32514,hoath-parish-council,Hoath Parish Council,https://www.hoathparishcouncil.gov.uk
4135,hockering-parish-council,Hockering Parish Council,https://www.hockering-pc.gov.uk
33434,hockham-parish-council,Hockham Parish Council,
34845,hockley-heath-parish-council,Hockley Heath Parish Council,
31766,hockley-parish-council,Hockley Parish Council,
30240,hockliffe-parish-council,Hockliffe Parish Council,
33361,hockwold-parish-council,Hockwold Parish Council,
33435,hockwold-cum-wilton-parish-council,Hockwold cum Wilton Parish Council,
3963,hodthorpe-and-belph-parish-council,Hodthorpe and Belph Parish Council,https://www.hodthorpeandbelph-pc.gov.uk
6729,hoe-and-worthing-parish-meeting,Hoe and Worthing Parish Meeting,
31212,hoke-parish-council,Hoke Parish Council,
33012,holbeach-parish-council,Holbeach Parish Council,
35995,holbeck-parish-council,Holbeck Parish Council,
5050,holbrook-parish-council,Holbrook Parish Council,https://www.holbrookparishcouncil.gov.uk
4422,holcombe-parish-council,Holcombe Parish Council,https://www.holcombepc.org.uk/
34192,holcot-parish-council,Holcot Parish Council,https://www.holcot-pc.gov.uk
35996,holdenhurst-village-parish-council,Holdenhurst Village Parish Council,
4423,holford-parish-council,Holford Parish Council,https://holford-pc.gov.uk/
33254,holkham-parish-council,Holkham Parish Council,
35208,hollesley-parish-council,Hollesley Parish Council,
32582,hollingbourne-parish-council,Hollingbourne Parish Council,
34404,hollinghill-parish-council,Hollinghill Parish Council,
3979,hollington-parish-council,Hollington Parish Council,https://www.hollingtonparishcouncil.org.uk
6706,hollinsclough-parish-council,Hollinsclough Parish Council,
6966,hollinsclough-parish-council-1,Hollinsclough Parish Council,
6660,holme-parish-meeting,Holme (Parish Meeting),
30735,holme-abbey-parish-council,Holme Abbey Parish Council,https://www.holmeabbey-pc.gov.uk
32134,holme-lacy-parish-council,Holme Lacy Parish Council,
30737,holme-low-parish-council,Holme Low Parish Council,https://www.holmelow-pc.org.uk
33362,holme-next-the-sea-parish-council,Holme Next The Sea Parish Council,
7043,holme-parish-meeting-1,Holme Parish Meeting,
34427,holme-pierrepont-parish-council,Holme Pierrepont Parish Council,
30298,holmes-chapel-parish-council,Holmes Chapel Parish Council,https://www.holmeschapelparishcouncil.gov.uk
35349,holmwood-parish-council,Holmwood Parish Council,
5425,holt-parish-council,Holt Parish Council,https://holt-worcestershire-pc.gov.uk/
34592,holton-parish-council,Holton Parish Council,https://www.holtonoxford-pc.gov.uk
5345,holton-st-mary-parish-council,Holton St Mary Parish Council,https://www.holtonstmary-pc.gov.uk
35209,holton-st-mary-parish-council-1,Holton St. Mary Parish Council,
33016,holton-le-moor-parish-council,Holton le Moor Parish Council,
6115,holverston-parish-meeting,Holverston Parish Meeting,
34324,holy-island-parish-council,Holy Island Parish Council,
5158,holybourne-parish-council,Holybourne Parish Council,https://www.holybourne-pc.gov.uk
4013,holymoorside-walton-parish-council,Holymoorside & Walton Parish Council,https://www.holymoorsideandwalton-pc.gov.uk
33436,honing-parish-council,Honing Parish Council,
33255,honing-with-crostwright-parish-council,Honing with Crostwright Parish Council,
5711,honingham-parish-council,Honingham Parish Council,
6186,honington-parish-meeting,Honington Parish Meeting,
5920,honington-cum-sapiston-parish-council,Honington cum Sapiston Parish Council,
36825,honnily-parish-council,Honnily Parish Council,
35998,hoo-parish-council,Hoo Parish Council,
6661,hood-grange-parish-meeting,Hood Grange (Parish Meeting),
5134,hooe-parish-council,Hooe Parish Council,https://www.Hooe-PC.gov.uk
34506,hook-norton-parish-council,Hook Norton Parish Council,https://www.hnpc.org.uk
31374,hook-parish-council,Hook Parish Council,
31214,hooke-parish-council,Hooke Parish Council,
35999,hope-bagot-parish-council,Hope Bagot Parish Council,
32136,hope-mansell-parish-council,Hope Mansell Parish Council,
5262,hopesay-parish-council,Hopesay Parish Council,https://www.hopesdayparishcouncil.gov.uk
5866,hopton-cangeford-and-stoke-st-milborough-parish-council,Hopton Cangeford and Stoke St Milborough Parish Council,
35210,hopton-parish-council,Hopton Parish Council,
33437,hopton-on-sea-parish-council,Hopton-on-sea Parish Council,
4601,horam-parish-council,Horam Parish Council,https://www.horamparishcouncil.gov.uk
5992,horbling-parish-council,Horbling Parish Council,
30603,horden-parish-council,Horden Parish Council,
31215,hordington-parish-council,Hordington Parish Council,
5867,hordley-parish-council,Hordley Parish Council,
35211,horham-parish-council,Horham Parish Council,
4531,horham-and-athelington-parish-council,Horham and Athelington Parish Council,https://www.horhamathelington-pc.gov.uk
34507,horley-parish-council,Horley Parish Council,https://www.horleyparishcouncil.gov.uk
33017,horncastle-parish-council,Horncastle Parish Council,
34325,horncliffe-parish-council,Horncliffe Parish Council,https://www.horncliffeparishcouncil.gov.uk
32055,horndean-parish-council,Horndean Parish Council,
35316,horne-parish-council,Horne Parish Council,
33256,horning-parish-council,Horning Parish Council,https://www.horningparishcouncil.gov.uk
4797,horninglow-and-eton-parish-council,Horninglow and Eton Parish Council,http://www.horninglowandeton.co.uk/
30152,horningsea-parish-council,Horningsea Parish Council,
5426,horningsham-parish-council,Horningsham Parish Council,https://www.horningshamparishcouncil.gov.uk
4137,horningtoft-parish-council,Horningtoft Parish Council,https://www.horningtoftparishcouncil.gov.uk
31375,hornsea-parish-council,Hornsea Parish Council,
5110,horrabridge-parish,Horrabridge Parish,https://www.horrabridge-pc.gov.uk
30956,horrabridge-parish-parish-council,Horrabridge Parish Parish Council,https://www.horrabridge-pc.gov.uk
5361,horringer-cum-ickworth-parish-council,Horringer cum Ickworth Parish Council,https://www.horringer-pc.gov.uk
30153,horseheath-parish-council,Horseheath Parish Council,
33257,horsey-parish-council,Horsey Parish Council,
4175,horsford-parish-council,Horsford Parish Council,https://www.horsford-pc.gov.uk
32785,horsforth-parish-council,Horsforth Parish Council,
4176,horsham-newton-st-faiths-parish-council,Horsham & Newton St Faiths Parish Council,https://www.stfaithsparishcouncil.gov.uk
33438,horsham-st-faith-and-newton-st-faith-parish-council,Horsham St. Faith and Newton St. Faith Parish Council,
3661,horsington-parish-council,Horsington Parish Council,https://horsingtonparishcouncil.wordpress.com
34326,horsley-parish-council,Horsley Parish Council,https://www.corbridge-pc.gov.uk
34593,horspath-parish-council,Horspath Parish Council,
37064,horsted-keynes-parish-council,Horsted Keynes Parish Council,https://www.horstedkeynes-pc.gov.uk
4424,horton-parish-council-1,Horton Parish Council,http://hortonpc.btck.co.uk/
5316,horton-parish-council-2,Horton Parish Council,http://hortonpc.btck.co.uk/
5074,horton-parish-council,Horton Parish Council,http://hortonpc.btck.co.uk/
33951,horton-in-ribblesdale-parish-council-1,Horton in Ribblesdale Parish Council,
4283,horton-in-ribblesdale,Horton-In-Ribblesdale,https://www.hortoninribblesdale-pc.gov.uk
34509,horton-cum-studley-parish-council,Horton-cum-Studley Parish Council,
30058,horwich-parish-council,Horwich Parish Council,
5078,horwood-lovacott-and-newton-tracey-parish-council,"Horwood, Lovacott and Newton Tracey Parish Council",https://www.hlandntparishcouncil.gov.uk
32710,hothersall-parish-council,Hothersall Parish Council,
32479,hothfield-parish-council,Hothfield Parish Council,
30299,hough-chorlton-parish-council,Hough & Chorlton Parish Council,https://www.houghandchorlton-pc.gov.uk
36002,hough-parish-council,Hough Parish Council,
30369,hough-and-chorlton-parish-council,Hough and Chorlton Parish Council,
32537,hougham-without-parish-council,Hougham Without Parish Council,
30210,houghton-conquest-parish-council,Houghton Conquest Parish Council,
30211,houghton-regis-parish-council,Houghton Regis Parish Council,
32859,houghton-on-the-hill-parish-council,Houghton on the Hill Parish Council,
31216,hound-parish-council,Hound Parish Council,
33258,hoveton-community-council,Hoveton Community Council,https://www.hoveton-cc.gov.uk
6439,hovingham-and-scackleton,Hovingham and Scackleton,
32232,how-caple-sollershope-and-yatton-group-parish-council,How Caple Sollershope and Yatton Group Parish Council,
32138,how-caple-sollershope-yatton-group-parish-council,"How Caple, Sollershope & Yatton Group Parish Council",
31377,howden-parish-council,Howden Parish Council,
6662,howe-parish-meeting-1,Howe (Parish Meeting),
6187,howe-parish-meeting,Howe Parish Meeting,
36004,howgrave-parish-council,Howgrave Parish Council,
4532,hoxne-parish-council,Hoxne Parish Council,https://www.hoxneparishcouncil.gov.uk
5785,huby,Huby,
31935,hucclecote-parish-council,Hucclecote Parish Council,https://www.hucclecotepc.gov.uk
30928,hucklow-great-hucklow-parish-council,Hucklow (Great Hucklow) Parish Council,
36006,huddington-parish-council,Huddington Parish Council,
36007,huddleston-with-newthorpe-parish-council,Huddleston with Newthorpe Parish Council,
6128,huddlestone-with-newthorpe-parish-meeting,Huddlestone with Newthorpe (Parish Meeting),
33953,hudswell-parish-council,Hudswell Parish Council,
4284,hudswell-and-district,Hudswell and District,https://www.hudswell-pc.gov.uk
33705,hudswell-and-district-parish-council,Hudswell and District Parish Council,https://www.hudswell-pc.gov.uk
31378,huggate-parish-council,Huggate Parish Council,
32934,hugglescote-and-donington-le-heath-parish-council,Hugglescote and Donington le Heath Parish Council,
5857,hughley-and-kenley-parish-council,Hughley and Kenley Parish Council,
4756,huish-episcopi-parish-council,Huish Episcopi Parish Council,https://huishepiscopi-pc.gov.uk/
36009,huish-parish-council,Huish Parish Council,
30241,hulcote-and-salford-parish-council,Hulcote and Salford Parish Council,
6206,hulcott-parish-council,Hulcott Parish Council,
6085,hulland-parish-meeting,Hulland (Parish Meeting),
3980,hulland-ward-parish-council,Hulland Ward Parish Council,https://www.hullandwardparishcouncil.gov.uk
5427,hullavington-parish-council,Hullavington Parish Council,https://www.hullavington-pc.gov.uk
31767,hullbridge-parish-council,Hullbridge Parish Council,
30300,hulme-walfield-somerford-booths-parish-council,Hulme Walfield & Somerford Booths Parish Council,https://www.hulmewalfieldandsomerfordbooths-pc.gov.uk
30359,hulme-walfield-parish-council,Hulme Walfield Parish Council,
33494,humberston-parish-council,Humberston Parish Council,
31379,humbleton-parish-council,Humbleton Parish Council,
6295,hundon-parish-council,Hundon Parish Council,
32861,hungarton-parish-council,Hungarton Parish Council,
36973,hungerford-town-council,Hungerford Town Council,https://www.hungerford-tc.gov.uk
36011,hungry-bentley-parish-council,Hungry Bentley Parish Council,
4285,hunmanby,Hunmanby,https://www.hunmanbyparishcouncil.gov.uk
31380,hunmanby-parish-council,Hunmanby Parish Council,
32330,hunsdon-parish-council,Hunsdon Parish Council,
30004,hunshelf-parish-council,Hunshelf Parish Council,
30849,hunsonby-parish-council,Hunsonby Parish Council,
33363,hunstanton-town-council,Hunstanton Town Council,
35213,huntingfield-parish-council,Huntingfield Parish Council,
5883,huntington-parish-council,Huntington Parish Council,
31841,huntley-parish-council,Huntley Parish Council,
32393,hunton-parish-council,Hunton Parish Council,
37177,hurley-parish-council,Hurley Parish Council,
31218,hurn-parish-council,Hurn Parish Council,
6403,hursley-parish-council,Hursley Parish Council,
5625,hurst-green-parish-council,Hurst Green Parish Council,
5144,hurstbourne-priors-parish-council,Hurstbourne Priors Parish Council,https://www.hurstbournepriors-pc.gov.uk
5168,hurstbourne-tarrant-parish-council,Hurstbourne Tarrant Parish Council,https://www.hurstbournetarrant-pc.gov.uk
30242,husborne-crawley-parish-council,Husborne Crawley Parish Council,
6262,husthwaite,Husthwaite,
33706,husthwaite-parish-council,Husthwaite Parish Council,
33020,huttoft-parish-council,Huttoft Parish Council,
6663,hutton-bonville-parish-meeting,Hutton Bonville (Parish Meeting),
5228,hutton-buscel,Hutton Buscel,https://www.huttonbuscelparishcouncil.gov.uk
33955,hutton-conyers-parish-council,Hutton Conyers Parish Council,
36014,hutton-hang-parish-council,Hutton Hang Parish Council,
36015,hutton-mulgrave-parish-council,Hutton Mulgrave Parish Council,
30850,hutton-parish-council,Hutton Parish Council,
30851,hutton-roof-parish-council,Hutton Roof Parish Council,https://www.huttonroof-pc.gov.uk
33956,hutton-rudby-parish-council,Hutton Rudby Parish Council,
4700,hutton-le-hole,Hutton le Hole,https://www.huttonlehole-pc.gov.uk
33957,hutton-le-hole-parish-council-1,Hutton-le-hole Parish Council,
6263,huttons-ambo,Huttons Ambo,
33709,huttons-ambo-parish-council,Huttons Ambo Parish Council,
5317,hyde-lea-parish-council,Hyde Lea Parish Council,http://www.hydeleapc.org.uk/
32028,hyde-parish-council,Hyde Parish Council,https://www.hyde-pc.gov.uk
35335,hydestile-and-busbridge-parish-council,Hydestile and Busbridge Parish Council,https://www.hydestandbusbridge.gov.uk
32029,hythe-dibden-parish-council,Hythe & Dibden Parish Council,https://www.hytheanddibden.gov.uk
32549,hythe-town-council,Hythe Town Council,https://www.hythe-tc.gov.uk
6086,ible-parish-meeting,Ible (Parish Meeting),
32820,ibstock-town-council,Ibstock Town Council,https://www.ibstocktc.gov.uk
5527,ibstone-parish-council,Ibstone Parish Council,
7025,ickburgh-parish-meeting,Ickburgh Parish Meeting,
32515,ickham-parish-council,Ickham Parish Council,
32331,ickleford-parish-council,Ickleford Parish Council,
4044,icklesham-parish-council,Icklesham Parish Council,https://www.icklesham-pc.gov.uk
5362,icklingham-parish-council,Icklingham Parish Council,https://www.icklinghamparish.gov.uk
31813,icomb-parish-meeting,Icomb Parish Meeting,
34724,idbury-parish-meeting,Idbury Parish Meeting,
30997,ide-parish-council,Ide Parish Council,
32450,iden-green-parish-council,Iden Green Parish Council,
5626,iden-parish-council,Iden Parish Council,
5428,idmiston-parish-council,Idmiston Parish Council,https://www.idmiston-pc.gov.uk
6608,iford-parish-meeting,Iford Parish Meeting,
6724,iford-parish-meeting-1,Iford Parish Meeting,
5193,ightham-parish-council,Ightham Parish Council,https://www.ighthamparishcouncil.org.uk
4475,ilam-parish-council-1,Ilam Parish Council,http://ilamparishcouncil.co.uk/
4585,ilam-parish-council,Ilam Parish Council,http://ilamparishcouncil.co.uk/
3662,ilchester-parish-council,Ilchester Parish Council,http://www.ilchesterparishcouncil.gov.uk/
34405,ilderton-parish-council,Ilderton Parish Council,
4888,ilfracombe-town-council,Ilfracombe Town Council,https://www.northdevon.gov.uk
3857,illogan-parish-council,Illogan Parish Council,https://www.illoganparishcouncil.gov.uk
3527,ilminster-town-council,Ilminster Town Council,https://www.ilminster.gov.uk/
30999,ilsington-parish-council,Ilsington Parish Council,
5026,ilton-parish-council,Ilton Parish Council,https://www.iltonparishcouncil.gov.uk
36019,ilton-cum-pott-parish-council,Ilton-cum-pott Parish Council,
33495,immingham-parish-council,Immingham Parish Council,
30155,impington-parish-council,Impington Parish Council,
30420,ince-parish-council,Ince Parish Council,
5318,ingestre-with-tixall-parish-council,Ingestre with Tixall Parish Council,https://ingestrewithtixallparishcouncil.co.uk/
5229,ingleby-arncliffe,Ingleby Arncliffe,https://www.inglebyarncliffe-pc.gov.uk
33710,ingleby-arncliffe-parish-council,Ingleby Arncliffe Parish Council,https://www.inglebyarncliffe-pc.gov.uk
5786,ingleby-greenhow,Ingleby Greenhow,
4286,ingleton,Ingleton,https://www.ingletonparishcouncil.gov.uk
33364,ingoldisthorpe-parish-council,Ingoldisthorpe Parish Council,
33021,ingoldmells-parish-council,Ingoldmells Parish Council,
4951,ingoldsby-parish-council,Ingoldsby Parish Council,https://www.ingoldsbyparishcouncil.gov.uk
31936,innsworth-parish-council,Innsworth Parish Council,
32712,inskip-with-sowerby-parish-council,Inskip-with-sowerby Parish Council,
6373,ipplepen,Ipplepen,
31000,ipplepen-parish-council,Ipplepen Parish Council,
3998,ipstones-parish-council,Ipstones Parish Council,https://www.ipstonesparishcouncil.gov.uk
5319,ipstones-parish-council-1,Ipstones Parish Council,https://www.ipstonesparishcouncil.gov.uk
33496,irby-parish-council,Irby Parish Council,
30739,ireby-and-uldale-parish-council,Ireby and Uldale Parish Council,https://www.ireby-uldalepc.org.uk
35135,iron-acton-parish-council,Iron Acton Parish Council,
30740,irthington-parish-council,Irthington Parish Council,https://www.irthington-pc.gov.uk
34074,irthlingborough-town-council,Irthlingborough Town Council,https://www.irthlingborough-tc.gov.uk
4701,irton,Irton,https://www.irtonparishcouncil.gov.uk
33712,irton-parish-council,Irton Parish Council,https://www.irtonparishcouncil.gov.uk
30741,irton-with-santon-parish-council,Irton with Santon Parish Council,
4602,isfield-parish-council,Isfield Parish Council,https://www.isfieldparishcouncil.gov.uk
4425,isle-abbotts-parish-council,Isle Abbotts Parish Council,http://www.isle-abbotts.org.uk/
6155,isle-brewers-parish-meeting,Isle Brewers Parish Meeting,
4662,itchen-valley-parish-council,Itchen Valley Parish Council,https://www.itchenvalleyparishcouncil.org.uk
37027,itchingfield-parish-council,Itchingfield Parish Council,https://www.itchingfieldparishcouncil.gov.uk
33260,itteringham-parish-council,Itteringham Parish Council,
3787,iver-parish-council,Iver Parish Council,https://www.iversparishcouncil.gov.uk
3788,ivinghoe-parish-council,Ivinghoe Parish Council,https://www.ivinghoe-pc.gov.uk
3699,ivybridge-town-council,Ivybridge Town Council,https://www.ivybridge.gov.uk
32550,ivychurch-parish-council,Ivychurch Parish Council,
32584,iwade-parish-council,Iwade Parish Council,
31219,iwerne-courtney-and-shroton-parish-council,Iwerne Courtney and Shroton Parish Council,
31286,iwerne-courtney-or-shroton-parish-council,Iwerne Courtney or Shroton Parish Council,
31220,iwerne-minster-parish-council,Iwerne Minster Parish Council,
4838,ixworth-ixworth-thorpe-parish-council,Ixworth & Ixworth Thorpe Parish Council,https://www.ixworthparishcouncil.gov.uk
35214,ixworth-parish-council,Ixworth Parish Council,
36022,ixworth-thorpe-parish-council,Ixworth Thorpe Parish Council,
5550,jacobstow-parish-council,Jacobstow Parish Council,
30852,kaber-parish-meeting,Kaber Parish Meeting,
33023,keddington-parish-council,Keddington Parish Council,
4839,kedington-parish-council,Kedington Parish Council,https://www.kedingtonpc.org.uk
33024,keelby-parish-council,Keelby Parish Council,
4798,keele-parish-council,Keele Parish Council,http://keeleparish.org/councillors/
4859,keevil-parish-council,Keevil Parish Council,https://www.keevilparishcouncil.gov.uk
32821,kegworth-parish-council,Kegworth Parish Council,https://www.kegworth-pc.gov.uk
3743,keinton-mandeville-parish-council,Keinton Mandeville Parish Council,https://www.keintonmandevillepc.org.uk/
4986,kelfield,Kelfield,https://www.kelfieldparishcouncil.gov.uk
34428,kelham-parish-council,Kelham Parish Council,
33261,kelling-parish-council,Kelling Parish Council,
4288,kellington,Kellington,https://www.kellington-pc.gov.uk
30610,kelloe-parish-council,Kelloe Parish Council,
6714,kelly-parish-meeting,Kelly Parish Meeting,
34196,kelmarsh-parish-meeting,Kelmarsh Parish Meeting,
35215,kelsale-cum-carlton-parish-council,Kelsale cum Carlton Parish Council,
30421,kelsall-parish-council,Kelsall Parish Council,
5868,kemberton-parish-council,Kemberton Parish Council,
31842,kempley-parish-council,Kempley Parish Council,
31990,kempsford-parish-council,Kempsford Parish Council,
30024,kempston-parish-council,Kempston Parish Council,
30025,kempston-rural-parish-council,Kempston Rural Parish Council,
5500,kempstone-parish-meeting,Kempstone Parish Meeting,https://www.breckland.gov.uk
4948,kenardington,Kenardington,https://www.kenardington-pc.gov.uk
32480,kenardington-parish-council,Kenardington Parish Council,https://www.kenardington-pc.gov.uk
36556,kenchester-parish-council,Kenchester Parish Council,
30853,kendal-town-council,Kendal Town Council,https://www.kendaltowncouncil.gov.uk
36827,kenilworth-parish-council,Kenilworth Parish Council,
34808,kenley-parish-council,Kenley Parish Council,
5429,kennet-valley-parish-council,Kennet Valley Parish Council,https://www.kvparishcouncil.org.uk
4138,kenninghall-parish-council,Kenninghall Parish Council,https://www.kenninghallparishcouncil.gov.uk
4949,kennington-community-council,Kennington Community Council,https://www.kenningtoncc.gov.uk
36557,kenswick-parish-council,Kenswick Parish Council,
37205,kenswick-and-wichenford-parish-council,Kenswick and Wichenford Parish Council,
30243,kensworth-parish-council,Kensworth Parish Council,
32140,kentchurch-parish-council,Kentchurch Parish Council,
6057,kentford-parish-council,Kentford Parish Council,
6166,kenton-parish-meeting,Kenton Parish Meeting,
3859,kenwyn-parish-council,Kenwyn Parish Council,https://www.kenwynparishcouncil.gov.uk/
36023,kepwick-parish-council,Kepwick Parish Council,
4495,kersey-parish-council,Kersey Parish Council,https://www.kerseyparish.gov.uk
35216,kesgrave-parish-council,Kesgrave Parish Council,
35275,kessingland-parish-council,Kessingland Parish Council,
4213,keswick-intwood-parish-council,Keswick & Intwood Parish Council,https://www.keswickandintwood-pc.gov.uk
30742,keswick-town-council,Keswick Town Council,https://www.keswicktowncouncil.gov.uk
33439,keswick-and-intwood-parish-council,Keswick and Intwood Parish Council,
35389,ketley-parish-council,Ketley Parish Council,
34076,kettering-town-council,Kettering Town Council,https://www.ketteringtowncouncil.gov.uk
33440,ketteringham-parish-council,Ketteringham Parish Council,
6042,kettlebaston-parish-council,Kettlebaston Parish Council,
35217,kettleburgh-parish-council,Kettleburgh Parish Council,
36025,kettleshulme-parish-council,Kettleshulme Parish Council,
30301,kettleshulme-and-lyme-handley-parish-council,Kettleshulme and Lyme Handley Parish Council,https://www.kettleshulmeparishcouncil.gov.uk
33262,kettlestone-parish-council,Kettlestone Parish Council,
33958,kettlewell-with-starbotton-parish-council-1,Kettlewell with Starbotton Parish Council,
6264,kettlewell-with-starbotton,Kettlewell-with-Starbotton,
33716,kettlewell-with-starbotton-parish-council,Kettlewell-with-Starbotton Parish Council,
36828,kew-parish-council,Kew Parish Council,
32864,keyham-parish-council,Keyham Parish Council,
6932,keyworth-parish-council,Keyworth Parish Council,
32936,kibworth-harcourt-parish-council,Kibworth Harcourt Parish Council,
37262,kidderminster-foreign-parish-council,Kidderminster Foreign Parish Council,
34511,kidlington-town-council,Kidlington Town Council,https://www.kidlington-pc.gov.uk
34595,kidmore-end-parish-council,Kidmore End Parish Council,
3630,kidsgrove-town-council,Kidsgrove Town Council,https://www.kidsgrovetowncouncil.gov.uk/
34329,kielder-parish-council,Kielder Parish Council,
5230,kilburn-high-and-low,Kilburn High and Low,https://www.kilburnyorkshire-pc.gov.uk
30945,kilburn-parish-council,Kilburn Parish Council,
32865,kilby-parish-council,Kilby Parish Council,
6664,kildale-parish-meeting,Kildale (Parish Meeting),
6189,kildwick-parish-meeting,Kildwick (Parish Meeting),
3860,kilkhampton-parish-council,Kilkhampton Parish Council,https://www.kilkampton-pc.gov.uk
4014,killamarsh-parish-council,Killamarsh Parish Council,https://www.killamarsh-pc.gov.uk
6665,killerby-parish-meeting,Killerby (Parish Meeting),
4702,killinghall,Killinghall,https://www.killinghallparishcouncil.gov.uk
33718,killinghall-parish-council,Killinghall Parish Council,https://www.killinghallparishcouncil.gov.uk
4878,kilmersdon-parish-council,Kilmersdon Parish Council,https://www.kilmersdonpc.co.uk/
7016,kilmeston-parish-meeting,Kilmeston Parish Meeting,
6549,kilmington-parish-council,Kilmington Parish Council,
32141,kilpeck-group-parish-council,Kilpeck Group Parish Council,
34197,kilsby-parish-council,Kilsby Parish Council,https://www.kilsby-pc.gov.uk
4426,kilve-parish-council,Kilve Parish Council,https://kilvevillage.uk/parish-council/
36027,kilvington-parish-council,Kilvington Parish Council,
4214,kimberley-carleton-forehoe-parish-council,Kimberley & Carleton Forehoe Parish Council,https://www.kimberleyandcarletonforehoe-pc.gov.uk
3716,kimberley-town-council,Kimberley Town Council,https://www.kimberley-tc.gov.uk
32142,kimbolton-parish-council,Kimbolton Parish Council,
36028,kimmeridge-parish-council,Kimmeridge Parish Council,
36703,kineton-parish-council,Kineton Parish Council,
35162,kings-bromley-parish-council-1,King's Bromley Parish Council,
33506,kings-cliffe-parish-council,King's Cliffe Parish Council,
30856,kings-meaburn-parish-meeting,King's Meaburn Parish Meeting,
36030,kings-norton-parish-council,King's Norton Parish Council,
5169,kings-somborne-parish-council,King's Somborne Parish Council,https://www.kingssomborne-pc.gov.uk
34728,kingham-parish-council,Kingham Parish Council,
6174,kings-bromley-parish-council,Kings Bromley Parish Council,http://www.kingsbromley.com/council
4671,kings-hill-parish-council,Kings Hill Parish Council,https://www.kingshillparish.gov.uk
4663,kings-worthy-parish-council,Kings Worthy Parish Council,https://www.kingsworthy-pc.org.uk
3700,kingsbridge-town-council,Kingsbridge Town Council,https://www.kingsbridge.gov.uk
5272,kingsbury-episcopi-parish-council,Kingsbury Episcopi Parish Council,https://kingsburyepiscopi.org.uk
4646,kingsclere-parish-council,Kingsclere Parish Council,https://www.kingsclere-pc.gov.uk
4427,kingsdon-parish-council,Kingsdon Parish Council,https://www.kingsdon.org/kingsdon-parish-council/
31002,kingskerswell-parish-council,Kingskerswell Parish Council,https://www.kingskerswell-pc.gov.uk
32144,kingsland-parish-council,Kingsland Parish Council,
3999,kingsley-parish-council,Kingsley Parish Council,https://www.kingsleyparish.gov.uk
4653,kingsley-parish-council-1,Kingsley Parish Council,https://www.kingsleyparishcouncil.org.uk
30422,kingsmead-parish-council,Kingsmead Parish Council,
4080,kingsnorth,Kingsnorth,https://www.kingsnorthparishcouncil.gov.uk
32481,kingsnorth-parish-council,Kingsnorth Parish Council,https://www.kingsnorthparishcouncil.gov.uk
34199,kingsthorpe-parish-council,Kingsthorpe Parish Council,https://www.kingsthorpe-pc.gov.uk
4102,kingston,Kingston,https://www.kingstonkent-pc.gov.uk
34662,kingston-bagpuize-with-southmoor-parish-council,Kingston Bagpuize with Southmoor Parish Council,https://www.kbs-parishcouncil.gov.uk
34663,kingston-lisle-parish-council,Kingston Lisle Parish Council,
4045,kingston-parish-council-1,Kingston Parish Council,https://www.kingston-pc.gov.uk
4612,kingston-parish-council-2,Kingston Parish Council,https://www.kingston-pc.gov.uk
3663,kingston-st-mary-parish-council,Kingston St Mary Parish Council,https://kstm.uk/
35102,kingston-st-mary-parish-council-1,Kingston St. Mary Parish Council,
34429,kingston-on-soar-parish-council-1,Kingston on Soar Parish Council,
32145,kingstone-thruxton-group-parish-council,Kingstone & Thruxton Group Parish Council,
6286,kingstone-parish-council,Kingstone Parish Council,
6156,kingstone-parish-meeting,Kingstone Parish Meeting,
30113,kingswood-parish-council,Kingswood Parish Council,https://www.kingswoodparishcouncil.gov.uk
5430,kington-langley-parish-council,Kington Langley Parish Council,https://www.kingtonlangley-pc.gov.uk
31222,kington-magna-parish-council,Kington Magna Parish Council,
32146,kington-rural-lower-harpton-group-parish-council,Kington Rural & Lower Harpton Group Parish Council,
6550,kington-st-michael-parish-council,Kington St Michael Parish Council,
32147,kington-town-council,Kington Town Council,
4879,kingweston-parish-meeting,Kingweston Parish Meeting,https://www.kingwestonparishmeeting.gov.uk
6481,kinlet-parish-council,Kinlet Parish Council,
4723,kinnerley-parish-council,Kinnerley Parish Council,https://www.kinnerleyparishcouncil.gov.uk
6934,kinoulton-parish-council,Kinoulton Parish Council,
36975,kintbury-parish-council,Kintbury Parish Council,
4476,kinver-parish-council,Kinver Parish Council,https://kinver-pc.gov.uk/
36704,kinwarton-parish-council,Kinwarton Parish Council,
6129,kiplin-parish-meeting,Kiplin (Parish Meeting),
4215,kirby-bedon-parish-council,Kirby Bedon Parish Council,https://www.kirbybedon-pc.gov.uk
4216,kirby-cane-ellingham-parish-council,Kirby Cane & Ellingham Parish Council,https://www.kce-pc.gov.uk
33442,kirby-cane-parish-council,Kirby Cane Parish Council,
6441,kirby-grindalythe,Kirby Grindalythe,
36031,kirby-hall-parish-council,Kirby Hall Parish Council,
6666,kirby-hill-parish-meeting-richmondshire,Kirby Hill (Parish Meeting) (Richmondshire),
33959,kirby-hill-parish-council,Kirby Hill Parish Council,
4289,kirby-hill-and-district,Kirby Hill and District,https://www.kirbyhillanddistrict-pc.gov.uk
33720,kirby-hill-and-district-parish-council,Kirby Hill and District Parish Council,https://www.kirbyhillanddistrict-pc.gov.uk
4290,kirby-wiske-and-newsham-with-breckenbrough,Kirby Wiske and Newsham with Breckenbrough,https://www.kirbywiskeparishcouncil.gov.uk
33722,kirby-wiske-and-newsham-with-breckenbrough-parish-council,Kirby Wiske and Newsham with Breckenbrough Parish Council,https://www.kirbywiskeparishcouncil.gov.uk
32451,kirdford-parish-council,Kirdford Parish Council,https://www.kirdfordpc.org.uk
31111,kirk-bramwith-parish-council,Kirk Bramwith Parish Council,
4291,kirk-deighton,Kirk Deighton,https://www.kirkdeightonparishcouncil.gov.uk
33723,kirk-deighton-parish-council,Kirk Deighton Parish Council,https://www.kirkdeightonparishcouncil.gov.uk
31590,kirk-ella-parish-council,Kirk Ella Parish Council,
4987,kirk-hammerton,Kirk Hammerton,https://www.kirkhammerton-pc.gov.uk
33724,kirk-hammerton-parish-council,Kirk Hammerton Parish Council,https://www.kirkhammerton-pc.gov.uk
30746,kirkbampton-parish-council,Kirkbampton Parish Council,
31443,kirkburn-parish-council,Kirkburn Parish Council,
32657,kirkburton-parish-council,Kirkburton Parish Council,
5787,kirkby,Kirkby,
6265,kirkby-fleetham-with-fencote,Kirkby Fleetham with Fencote,
30858,kirkby-lonsdale-town-council,Kirkby Lonsdale Town Council,
33962,kirkby-malham-parish-council,Kirkby Malham Parish Council,
32869,kirkby-mallory-peckleton-stapleton-parish-council,"Kirkby Mallory, Peckleton & Stapleton Parish Council",
33963,kirkby-malzeard-parish-council,Kirkby Malzeard Parish Council,
4988,kirkby-malzeard-laverton-and-dallowgill,"Kirkby Malzeard, Laverton and Dallowgill",https://www.kmld-pc.gov.uk
33729,kirkby-malzeard-laverton-and-dallowgill-parish-council,"Kirkby Malzeard, Laverton and Dallowgill Parish Council",https://www.kmld-pc.gov.uk
4989,kirkby-overblow,Kirkby Overblow,https://www.kirkbyoverblowpc.org.uk
33730,kirkby-overblow-parish-council,Kirkby Overblow Parish Council,https://www.kirkbyoverblowpc.org.uk
30859,kirkby-stephen-town-council,Kirkby Stephen Town Council,
30860,kirkby-thore-parish-council,Kirkby Thore Parish Council,
33964,kirkby-wharfe-with-north-milford-parish-council,Kirkby Wharfe with North Milford Parish Council,
4293,kirkbymoorside,Kirkbymoorside,https://www.kirkbymoorsidetowncouncil.gov.uk
33731,kirkbymoorside-parish-council,Kirkbymoorside Parish Council,https://www.kirkbymoorsidetowncouncil.gov.uk
32714,kirkham-parish-council,Kirkham Parish Council,
32715,kirkland-parish-council,Kirkland Parish Council,
35173,kirklevington-parish-council,Kirklevington Parish Council,
6905,kirklington-parish-council,Kirklington Parish Council,
6014,kirklington-with-sutton-howgrave,Kirklington with Sutton Howgrave,
33965,kirklington-cum-upsland-parish-council,Kirklington-cum-upsland Parish Council,
34330,kirknewton-parish-council,Kirknewton Parish Council,
34331,kirkwhelpington-parish-council,Kirkwhelpington Parish Council,https://www.kirkwhelpington-pc.gov.uk
6801,kirstead-parish-meeting,Kirstead Parish Meeting,
34512,kirtlington-parish-council,Kirtlington Parish Council,
6906,kirton-parish-council,Kirton Parish Council,
34200,kislingbury-parish-council,Kislingbury Parish Council,https://www.kislingburyparishcouncil.gov.uk
33028,knaith-parish-council,Knaith Parish Council,
36034,knaptoft-parish-council,Knaptoft Parish Council,
34406,knaresdale-with-kirkhaugh-parish-council,Knaresdale with Kirkhaugh Parish Council,
34332,knarsdale-with-kirkhaugh-parish-council,Knarsdale with Kirkhaugh Parish Council,
4703,knayton-with-brawith,Knayton with Brawith,https://www.knaytoncumbrawithparishcouncil.gov.uk
32334,knebworth-parish-council,Knebworth Parish Council,
31388,knedlington-parish-council,Knedlington Parish Council,
34430,kneesall-parish-council,Kneesall Parish Council,
6907,kneesall-kersall-ompton-parish-council,"Kneesall, Kersall & Ompton Parish Council",
7057,kneeton-parish-meeting,Kneeton Parish Meeting,
36036,knettishall-parish-council,Knettishall Parish Council,
31223,knighton-parish-council,Knighton Parish Council,
37206,knighton-on-teme-parish-council,Knighton on Teme Parish Council,
36558,knightwick-parish-council,Knightwick Parish Council,
30026,knotting-and-souldrop-parish-council,Knotting and Souldrop Parish Council,
36038,knottingley-parish-council,Knottingley Parish Council,
6157,knowle-st-giles-parish-meeting,Knowle St Giles Parish Meeting,
31224,knowlton-parish-council,Knowlton Parish Council,
32659,knowsley-parish-council,Knowsley Parish Council,
6853,knowstone-parish-council,Knowstone Parish Council,
30302,knutsford-town-council,Knutsford Town Council,https://www.knutsfordtowncouncil.gov.uk
33497,laceby-parish-council,Laceby Parish Council,
4919,lacey-green-parish-council,Lacey Green Parish Council,https://www.laceygreen-pc.org.uk
30423,lach-dennis-parish-council,Lach Dennis Parish Council,
30467,lach-dennis-and-lostock-green-parish-council,Lach Dennis and Lostock Green Parish Council,
4840,lackford-parish-council,Lackford Parish Council,https://www.lackfordparishcouncil.gov.uk
5431,lacock-parish-council,Lacock Parish Council,https://www.lacockparishcouncil.gov.uk
36829,ladbrook-parish-council,Ladbrook Parish Council,
4558,lakenheath-parish-council,Lakenheath Parish Council,https://www.lakenheathparishcouncil.gov.uk
30862,lakes-parish-council,Lakes Parish Council,
4339,lambley-parish-council,Lambley Parish Council,https://www.lambleyparishcouncil.org.uk
36976,lambourn-parish-council,Lambourn Parish Council,https://www.lambourn-pc.gov.uk
5111,lamerton-parish,Lamerton Parish,https://www.lamertonparishcouncil.gov.uk
30959,lamerton-parish-parish-council,Lamerton Parish Parish Council,https://www.lamertonparishcouncil.gov.uk
37006,lamport-parish-council,Lamport Parish Council,
34201,lamport-and-hanging-houghton-parish-council,Lamport and Hanging Houghton Parish Council,https://www.lhhparishcouncil.gov.uk
6158,lamyatt-parish-meeting,Lamyatt Parish Meeting,
30613,lanchester-parish-council,Lanchester Parish Council,
37122,lancing-parish-council,Lancing Parish Council,
30156,landbeach-parish-council,Landbeach Parish Council,
36039,landcross-parish-council,Landcross Parish Council,
6311,landkey-parish-council,Landkey Parish Council,
3863,landrake-with-st-erney-parish-council,Landrake with St Erney Parish Council,https://www.landrakeparishcouncil.gov.uk/
30520,landrake-with-st-erney-parish-council-1,Landrake with St. Erney Parish Council,
36041,lands-common-to-axminster-and-kilmington-cps-parish-council,Lands Common To Axminster and Kilmington C.p.s Parish Council,
36043,lands-common-to-fylingdales-and-hawsker-cum-stainsacre-parish-council,Lands Common To Fylingdales and Hawsker-cum-stainsacre Parish Council,
3864,landulph-parish-council,Landulph Parish Council,https://www.landulph.org.uk/
5528,lane-end-parish-council,Lane End Parish Council,
34431,laneham-parish-council,Laneham Parish Council,
6473,langar-cum-barnstone-parish-council,Langar cum Barnstone Parish Council,
33735,langcliffe-parish-council,Langcliffe Parish Council,https://www.langcliffe-pc.gov.uk
32538,langdon-parish-council,Langdon Parish Council,https://www.langdonpc.org.uk
3744,langford-budville-parish-council,Langford Budville Parish Council,https://www.langford-budville.co.uk/
6167,langham-parish-meeting,Langham Parish Meeting,
6385,langley,Langley,
6552,langley-burrell-parish-council,Langley Burrell Parish Council,
36706,langley-parish-council,Langley Parish Council,
4962,langley-with-hardley-parish-council,Langley with Hardley Parish Council,https://www.langleywithhardley-pc.gov.uk
36559,langleydale-and-shotton-parish-council,Langleydale and Shotton Parish Council,
3525,langport-town-council,Langport Town Council,https://langport.life/town-council/
30005,langsett-parish-council,Langsett Parish Council,
5788,langthorpe,Langthorpe,
33736,langthorpe-parish-council,Langthorpe Parish Council,
5205,langtoft-parish-council,Langtoft Parish Council,https://www.langtoftparishcouncil.gov.uk
6979,langton-parish-meeting,Langton (Parish Meeting),
31225,langton-long-blandford-parish-council,Langton Long Blandford Parish Council,
31226,langton-matravers-parish-council,Langton Matravers Parish Council,
36046,langton-by-spilsby-parish-council,Langton by Spilsby Parish Council,
36047,langton-by-wragby-parish-council,Langton by Wragby Parish Council,
3964,langwith-parish-council,Langwith Parish Council,https://www.langwithparishcouncil.gov.uk
5551,lanhydrock-parish-council,Lanhydrock Parish Council,
3866,lanivet-parish-council,Lanivet Parish Council,https://www.lanivetparishcouncil.gov.uk
3867,lanlivery-parish-council,Lanlivery Parish Council,https://www.lanliveryparishcouncil.gov.uk/
3868,lanner-parish-council,Lanner Parish Council,http://www.lanner.org.uk
3869,lanreath-parish-council,Lanreath Parish Council,https://www.lanreathparishcouncil.co.uk/
4477,lapley-stretton-and-wheaton-aston-parish-council,"Lapley, Stretton and Wheaton Aston Parish Council",http://www.wheatonastonparishcouncil.gov.uk/
36830,lapworth-parish-council,Lapworth Parish Council,
6395,lasham-parish-council,Lasham Parish Council,
6130,lastingham-parish-meeting,Lastingham (Parish Meeting),
31768,latchingdon-parish-council,Latchingdon Parish Council,
32669,lathom-parish-council,Lathom Parish Council,
32670,lathom-south-parish-council,Lathom South Parish Council,https://www.lathomsouthparishcouncil.gov.uk
5529,latimer-ley-hill-parish-council,Latimer & Ley Hill Parish Council,
30065,latimer-and-ley-hill-parish-council,Latimer and Ley Hill Parish Council,
5432,latton-parish-council,Latton Parish Council,https://www.latton-pc.gov.uk
4603,laughton-parish-council,Laughton Parish Council,https://www.laughton-pc.gov.uk
34789,laughton-en-le-morthen-parish-council,Laughton-en-le-Morthen Parish Council,
5552,launcells-parish-council,Launcells Parish Council,
3553,launceston-town-council,Launceston Town Council,https://launceston-tc.gov.uk/
37079,lavant-parish-council,Lavant Parish Council,
36831,lavendon-parish-council,Lavendon Parish Council,
37167,laverstock-parish-council,Laverstock Parish Council,
5433,laverstock-and-ford-parish-council,Laverstock and Ford Parish Council,https://www.laverstockford-pc.gov.uk
5145,laverstoke-and-freefolk-parish-council,Laverstoke and Freefolk Parish Council,https://www.laverstokepc.org.uk
33967,laverton-parish-council,Laverton Parish Council,
36832,lawford-parish-council,Lawford Parish Council,
3871,lawhitton-parish-council,Lawhitton Parish Council,https://www.lawhittonpc.org.uk
30521,lawhitton-rural-parish-council,Lawhitton Rural Parish Council,
5894,lawshall-parish-council,Lawshall Parish Council,
4533,laxfield-parish-council,Laxfield Parish Council,https://www.laxfield-pc.gov.uk
6908,laxton-moorhouse-parish-council,Laxton & Moorhouse Parish Council,
34432,laxton-and-moorhouse-parish-council,Laxton and Moorhouse Parish Council,
5895,layham-parish-council,Layham Parish Council,
30865,lazonby-parish-council,Lazonby Parish Council,
30424,lea-by-backford-parish-council,Lea By Backford Parish Council,
5434,lea-garsdon-and-cleverton-parish-council,Lea Garsdon and Cleverton Parish Council,https://www.leagarsdoncleverton-pc.gov.uk
36927,lea-marston-parish-council,Lea Marston Parish Council,
32149,lea-parish-council,Lea Parish Council,
30474,lea-by-backford-parish-council-1,Lea-by-Backford Parish Council,
36049,lead-parish-council,Lead Parish Council,
5965,leaden-roding,Leaden Roding,
31737,leaden-roding-parish-council,Leaden Roding Parish Council,
33030,leadenham-parish-council,Leadenham Parish Council,
6667,leake-parish-meeting,Leake (Parish Meeting),
36833,leamington-spa-parish-council,Leamington Spa Parish Council,
33031,leasingham-parish-council,Leasingham Parish Council,
4497,leavenheath-parish-council,Leavenheath Parish Council,https://www.leavenheath-pc.gov.uk
5789,leavening,Leavening,
33737,leavening-parish-council,Leavening Parish Council,
36834,lechlade-parish-council,Lechlade Parish Council,
32717,leck-parish-council,Leck Parish Council,
4920,leckhampstead-parish-council,Leckhampstead Parish Council,https://www.leckhampsteadbucks-pc.gov.uk
31958,leckhampton-with-warden-hill-parish-council,Leckhampton with Warden Hill Parish Council,
36835,ledford-parish-council,Ledford Parish Council,
4724,leebotwood-and-longnor-parish-council,Leebotwood and Longnor Parish Council,https://www.leebotwoodandlongnor-pc.gov.uk
32586,leeds-parish-council,Leeds Parish Council,
3583,leek-town-council,Leek Town Council,http://www.leektowncouncil.co.uk/
4901,leek-town-council-1,Leek Town Council,http://www.leektowncouncil.co.uk/
6967,leekfrith-parish-council-1,Leekfrith Parish Council,
32871,leicester-forest-east-parish-council,Leicester Forest East Parish Council,
36837,leicester-parish-council,Leicester Parish Council,
4799,leigh-parish-council,Leigh Parish Council,https://www.leigh.staffslc.gov.uk
6553,leigh-parish-council-1,Leigh Parish Council,
35104,leigh-on-mendip-parish-council-1,Leigh-on-mendip Parish Council,
30114,leighton-bromswold-parish-council,Leighton Bromswold Parish Council,https://www.leightonbromswold-pc.gov.uk
31227,leighton-parish-council,Leighton Parish Council,
30303,leighton-minshull-vernon-and-woolstanwood-parish-council,"Leighton, Minshull Vernon and Woolstanwood Parish Council",
30244,leighton-linslade-parish-council,Leighton-Linslade Parish Council,
35219,leiston-parish-council,Leiston Parish Council,
36839,lengthorpe-parish-council,Lengthorpe Parish Council,
32587,lenham-parish-council,Lenham Parish Council,
6727,lenton-hanby-keisby-and-osgodby-parish-meeting,"Lenton, Hanby, Keisby and Osgodby Parish Meeting",
32426,leonardslee-parish-council,Leonardslee Parish Council,https://www.leonardsleeparishcouncil.gov.uk
6071,lesnewth-parish-meeting,Lesnewth Parish Meeting,
33443,lessingham-parish-council,Lessingham Parish Council,
33263,lessingham-with-eccles-parish-council,Lessingham with Eccles Parish Council,https://www.lessinghamparishcouncil.gov.uk
36842,letchworth-parish-council,Letchworth Parish Council,
34664,letcombe-bassett-parish-meeting,Letcombe Bassett Parish Meeting,
36841,letcombe-parish-council,Letcombe Parish Council,
33264,letheringsett-with-glandford-parish-council,Letheringsett with Glandford Parish Council,
30866,levens-parish-council,Levens Parish Council,
30077,leverington-parish-council,Leverington Parish Council,https://www.leveringtonparishcouncil.gov.uk
6668,levisham-parish-meeting,Levisham (Parish Meeting),
3872,lewannick-parish-council,Lewannick Parish Council,https://www.lewannickpc.org.uk
3589,lewes-town-council,Lewes Town Council,https://www.lewes-tc.gov.uk
3705,lewes-town-council-1,Lewes Town Council,https://www.lewes-tc.gov.uk
34596,lewknor-parish-council,Lewknor Parish Council,https://www.lewknorparishcouncil.gov.uk
6102,lexham-parish-meeting,Lexham Parish Meeting,
4672,leybourne-parish-council,Leybourne Parish Council,https://www.leybourneparish.gov.uk
33970,leyburn-parish-council,Leyburn Parish Council,
4296,leyburn-town,Leyburn Town,https://www.leyburntowncouncil.gov.uk
33738,leyburn-town-parish-council,Leyburn Town Parish Council,https://www.leyburntowncouncil.gov.uk
32558,leysdown-parish-council,Leysdown Parish Council,https://www.lowerhalstowparishcouncil.gov.uk
3873,lezant-parish-council,Lezant Parish Council,https://www.lezantparish.org.uk/
33365,leziate-parish-council,Leziate Parish Council,
3631,lichfield-city-council,Lichfield City Council,http://www.lichfield.gov.uk/
37250,lickey-and-blackwell-parish-council,Lickey and Blackwell Parish Council,https://www.lickeyandblackwellpc.org
5363,lidgate-parish-council,Lidgate Parish Council,https://www.lidgateparishcouncil.gov.uk
30245,lidlington-parish-council,Lidlington Parish Council,
5112,lifton-parish-council,Lifton Parish Council,https://www.liftonpc.org.uk
36560,lighthorne-heath-parish-council,Lighthorne Heath Parish Council,
34407,lilburn-parish-council,Lilburn Parish Council,
5530,lillingstone-dayrell-with-luffield-abbey-parish-council,Lillingstone Dayrell with Luffield Abbey Parish Council,
36053,limington-parish-council,Limington Parish Council,
5435,limpley-stoke-parish-council,Limpley Stoke Parish Council,https://www.limpleystokeparishcouncil.gov.uk
30867,lindal-and-marton-parish-council,Lindal and Marton Parish Council,
36055,lindfi-parish-council,Lindfi Parish Council,
37066,lindfield-parish-council,Lindfield Parish Council,https://www.lindfield-pc.gov.uk
37123,lindfield-rural-parish-council,Lindfield Rural Parish Council,
7044,lindhurst-parish-meeting,Lindhurst Parish Meeting,
36056,lindley-parish-council,Lindley Parish Council,
36057,lindrick-with-studley-royal-and-fountains-parish-council,Lindrick with Studley Royal and Fountains Parish Council,
5966,lindsell,Lindsell,
31738,lindsell-parish-council,Lindsell Parish Council,
35318,lingfield-parish-council,Lingfield Parish Council,https://www.lingfieldparishcouncil.gov.uk
4178,lingwood-burlingham-parish-council,Lingwood & Burlingham Parish Council,https://www.lingwood-burlinghamparishcouncil.gov.uk
33444,lingwood-and-burlingham-parish-council,Lingwood and Burlingham Parish Council,
5231,linton,Linton,https://www.lintonincravenparishcouncil.gov.uk
4297,linton-on-ouse,Linton-on-Ouse,https://www.lintononouseparishcouncil.org.uk
33036,linwood-parish-council,Linwood Parish Council,
3554,liskeard-town-council,Liskeard Town Council,http://www.liskeard.gov.uk
4654,liss-parish-council,Liss Parish Council,https://www.lissparishcouncil.gov.uk
31392,listingham-parish-council,Listingham Parish Council,
4139,litcham-parish-council,Litcham Parish Council,https://www.litchamparishcouncil.gov.uk
34203,litchborough-parish-council,Litchborough Parish Council,
6861,litchfield-and-woodcott-parish-council,Litchfield and Woodcott Parish Council,
30158,little-abington-parish-council,Little Abington Parish Council,
6809,little-ayton-parish-meeting,Little Ayton (Parish Meeting),
4629,little-bardfield,Little Bardfield,https://www.littlebardfield-pc.gov.uk
31739,little-bardfield-parish-council,Little Bardfield Parish Council,https://www.littlebardfield-pc.gov.uk
36561,little-barford-parish-council,Little Barford Parish Council,
35222,little-bealings-parish-council,Little Bealings Parish Council,
6554,little-bedwyn-parish-council,Little Bedwyn Parish Council,
32336,little-berkhamsted-parish-council,Little Berkhamsted Parish Council,
32154,little-birch-parish-council,Little Birch Parish Council,
4534,little-blakenham-parish-council,Little Blakenham Parish Council,https://www.littleblakenham-pc.gov.uk
36059,little-bollington-parish-council,Little Bollington Parish Council,
30304,little-bollington-with-agden-community-council,Little Bollington with Agden Community Council,
6705,little-bradley-parish-meeting,Little Bradley Parish Meeting,
31769,little-braxted-parish-council,Little Braxted Parish Council,
30425,little-budworth-parish-council,Little Budworth Parish Council,
6980,little-busby-parish-meeting,Little Busby (Parish Meeting),
4630,little-canfield,Little Canfield,https://www.littlecanfield-pc.gov.uk
33038,little-carlton-parish-council,Little Carlton Parish Council,
33039,little-cawthorpe-parish-council,Little Cawthorpe Parish Council,
3790,little-chalfont-parish-council,Little Chalfont Parish Council,https://www.littlechalfont-pc.gov.uk
5648,little-chart,Little Chart,
32482,little-chart-parish-council,Little Chart Parish Council,
5967,little-chesterford,Little Chesterford,
31741,little-chesterford-parish-council,Little Chesterford Parish Council,
5436,little-cheverell-parish-council,Little Cheverell Parish Council,https://www.littlecheverell-pc.gov.uk
30750,little-clifton-parish-council,Little Clifton Parish Council,
36708,little-compton-parish-council,Little Compton Parish Council,
4499,little-cornard-parish-council,Little Cornard Parish Council,https://www.littlecornard-pc.gov.uk
34666,little-coxwell-parish-council,Little Coxwell Parish Council,
36060,little-cressingham-parish-council,Little Cressingham Parish Council,
5687,little-cressingham-and-threxton-parish-council,Little Cressingham and Threxton Parish Council,
4140,little-dunham-parish-council,Little Dunham Parish Council,https://www.littledunhamparishcouncil.gov.uk
5968,little-dunmow,Little Dunmow,
31742,little-dunmow-parish-council,Little Dunmow Parish Council,
4631,little-easton,Little Easton,https://www.littleeaston-pc.gov.uk
31743,little-easton-parish-council,Little Easton Parish Council,https://www.littleeaston-pc.gov.uk
5688,little-ellingham-parish-council,Little Ellingham Parish Council,
30159,little-eversden-parish-council,Little Eversden Parish Council,
34731,little-faringdon-parish-meeting,Little Faringdon Parish Meeting,
6990,little-finborough-parish-meeting,Little Finborough Parish Meeting,
30115,little-gidding-parish-council,Little Gidding Parish Council,
30160,little-gransden-parish-council,Little Gransden Parish Council,
32337,little-hadham-parish-council,Little Hadham Parish Council,
33040,little-hale-parish-council,Little Hale Parish Council,
4632,little-hallingbury,Little Hallingbury,https://www.littlehallingbury-pc.gov.uk
31744,little-hallingbury-parish-council,Little Hallingbury Parish Council,https://www.littlehallingbury-pc.gov.uk
32719,little-hoole-parish-council,Little Hoole Parish Council,
4921,little-horwood-parish-council,Little Horwood Parish Council,https://www.littlehorwoodparishcouncil.gov.uk
34204,little-houghton-parish-council,Little Houghton Parish Council,https://www.littlehoughtonvillage-pc.gov.uk
36061,little-hucklow-parish-council,Little Hucklow Parish Council,
6669,little-langton-parish-meeting,Little Langton (Parish Meeting),
36562,little-laver-parish-council,Little Laver Parish Council,
36062,little-lawford-parish-council,Little Lawford Parish Council,
30426,little-leigh-parish-council,Little Leigh Parish Council,
4870,little-longstone-parish-meeting,Little Longstone (Parish Meeting),https://www.littlelongstoneparishmeeting.gov.uk
36563,little-malvern-parish-council,Little Malvern Parish Council,
3791,little-marlow-parish-council,Little Marlow Parish Council,https://www.littlemarlowparishcouncil.org.uk
33366,little-massingham-parish-council,Little Massingham Parish Council,
4963,little-melton-parish-council,Little Melton Parish Council,https://www.littlemeltonparishcouncil.gov.uk
34597,little-milton-parish-council,Little Milton Parish Council,
5531,little-missenden-parish-council,Little Missenden Parish Council,
36064,little-mitton-parish-council,Little Mitton Parish Council,
32338,little-munden-parish-council,Little Munden Parish Council,
4990,little-ouseburn-kirby-hall-and-thorpe-underwoods,Little Ouseburn (Kirby Hall and Thorpe Underwoods),https://www.littleouseburn-pc.gov.uk
33971,little-ouseburn-parish-council,Little Ouseburn Parish Council,
36564,little-packington-parish-council,Little Packington Parish Council,
30161,little-paxton-parish-council,Little Paxton Parish Council,
33041,little-ponton-and-stroxton-parish-council,Little Ponton and Stroxton Parish Council,
33742,little-ribston-parish-council,Little Ribston Parish Council,
31959,little-rissington-parish-council,Little Rissington Parish Council,
30162,little-shelford-parish-council,Little Shelford Parish Council,
33266,little-snoring-parish-council,Little Snoring Parish Council,
5437,little-somerford-parish-council,Little Somerford Parish Council,https://www.littlesomerfordparishcouncil.gov.uk
34081,little-stanion-parish-council,Little Stanion Parish Council,https://www.littlestanionparishcouncil.gov.uk
30468,little-stanney-parish-council,Little Stanney Parish Council,
30427,little-stanney-and-district-parish-council,Little Stanney and District Parish Council,
30027,little-staughton-parish-council,Little Staughton Parish Council,
36065,little-stretton-parish-council,Little Stretton Parish Council,
30868,little-strickland-parish-meeting,Little Strickland Parish Meeting,
33043,little-sutton-parish-council,Little Sutton Parish Council,
34732,little-tew-parish-meeting,Little Tew Parish Meeting,
4559,little-thurlow-parish-council,Little Thurlow Parish Council,https://www.littlethurlowparishcouncil.gov.uk
31056,little-torrington-parish-council,Little Torrington Parish Council,
6290,little-waldingfield-parish-council,Little Waldingfield Parish Council,
30305,little-warford-parish-council,Little Warford Parish Council,
35224,little-whelnetham-parish-council,Little Whelnetham Parish Council,
30163,little-wilbraham-parish-council,Little Wilbraham Parish Council,
36067,little-witchingham-parish-council,Little Witchingham Parish Council,
34598,little-wittenham-parish-meeting,Little Wittenham Parish Meeting,
36565,little-wolford-parish-council,Little Wolford Parish Council,
7065,little-wratting-parish-meeting,Little Wratting Parish Meeting,
4103,littlebourne,Littlebourne,https://www.littlebourneparishcouncil.gov.uk
32516,littlebourne-parish-council,Littlebourne Parish Council,https://www.littlebourneparishcouncil.gov.uk
4633,littlebury,Littlebury,https://www.littleburyparishcouncil.gov.uk
31745,littlebury-parish-council,Littlebury Parish Council,https://www.littleburyparishcouncil.gov.uk
31843,littledean-parish-council,Littledean Parish Council,
37124,littlehampton-parish-council,Littlehampton Parish Council,
5088,littlehempston-parish-council,Littlehempston Parish Council,https://www.littlehempston-pc.gov.uk
34766,littlemore-parish-council,Littlemore Parish Council,
33744,littlethorpe-parish-council,Littlethorpe Parish Council,https://www.littlethorpe-pc.gov.uk
30428,littleton-parish-council,Littleton Parish Council,
4664,littleton-and-harestock-parish-council,Littleton and Harestock Parish Council,https://www.littletonandharestock-pc.gov.uk
32295,littlewood-green-and-baldock-parish-council,Littlewood Green and Baldock Parish Council,https://www.littlewoodgreenandaldock-pc.org.uk
34667,littleworth-parish-meeting,Littleworth Parish Meeting,
5485,litton-parish-meeting,Litton (Parish Meeting),https://littonparish.co.uk/
5027,litton-parish-council-1,Litton Parish Council,https://littonparish.co.uk/
4929,litton-parish-council,Litton Parish Council,https://littonparish.co.uk/
5869,llanfairwaterdine-parish-council,Llanfairwaterdine Parish Council,
32156,llangarron-parish-council,Llangarron Parish Council,
32157,llanwarne-district-group-parish-council,Llanwarne & District Group Parish Council,
32236,llanwarne-and-district-group-parish-council,Llanwarne and District Group Parish Council,
33512,locking-parish-council,Locking Parish Council,
5233,lockton,Lockton,https://www.lockton-pc.gov.uk
34082,loddington-parish-council,Loddington Parish Council,https://www.loddingtonparishcouncil.gov.uk
5089,loddiswell-parish-council,Loddiswell Parish Council,https://www.loddiswell-pc.gov.uk
3608,loddon-town-council,Loddon Town Council,https://www.loddontowncouncil.gov.uk
34782,loftus-parish-council,Loftus Parish Council,
4478,loggerheads-parish-council,Loggerheads Parish Council,https://loggerheads-pc.gov.uk/
30164,lolworth-parish-council,Lolworth Parish Council,
32296,london-colney-parish-council,London Colney Parish Council,
33513,long-ashton-parish-council,Long Ashton Parish Council,
31287,long-bredy-and-kingston-russell-parish-council,Long Bredy and Kingston Russell Parish Council,
34205,long-buckby-parish-council,Long Buckby Parish Council,https://www.longbuckbyparishcouncil.gov.uk
36709,long-compton-parish-council,Long Compton Parish Council,
5532,long-crendon-parish-council,Long Crendon Parish Council,
5790,long-drax,Long Drax,
4428,long-load-parish-council,Long Load Parish Council,https://longload-pc.org.uk/
5791,long-marston,Long Marston,
30869,long-marton-parish-council,Long Marton Parish Council,
4500,long-melford-parish-council,Long Melford Parish Council,https://www.longmelford-pc.gov.uk
31960,long-newnton-parish-council,Long Newnton Parish Council,
5792,long-preston,Long Preston,
33748,long-preston-parish-council,Long Preston Parish Council,
3609,long-stratton-town-council,Long Stratton Town Council,https://www.longstrattontowncouncil.gov.uk
4880,long-sutton-parish-council,Long Sutton Parish Council,https://www.longsutton-pc.gov.uk/
32874,long-whatton-and-diseworth-parish-council,Long Whatton and Diseworth Parish Council,
34599,long-wittenham-parish-council,Long Wittenham Parish Council,https://www.longwittenham-pc.gov.uk
5438,longbridge-deverill-parish-council,Longbridge Deverill Parish Council,https://www.longbridgedeverill-pc.gov.uk
34668,longcot-parish-council,Longcot Parish Council,https://www.longcotparishcouncil.org.uk
37212,longdon-queenhill-and-holdfast-parish-council,"Longdon, Queenhill and Holdfast Parish Council",
32646,longfield-and-new-barn-parish-council,Longfield and New Barn Parish Council,
5592,longford-parish-council,Longford Parish Council,
34335,longframlington-parish-council,Longframlington Parish Council,https://www.brinkburn-pc.gov.uk
4141,longham-parish-council,Longham Parish Council,https://www.longhamparishcouncil.gov.uk
31844,longhope-parish-council,Longhope Parish Council,
34337,longhorsley-parish-council,Longhorsley Parish Council,https://www.longhorsley-pc.gov.uk
31893,longney-and-epney-parish-council,Longney and Epney Parish Council,
4000,longnor-parish-council,Longnor Parish Council,https://longnorparishcouncil.org.uk/
5320,longnor-parish-council-1,Longnor Parish Council,https://longnorparishcouncil.org.uk/
5170,longparish-parish-council,Longparish Parish Council,https://www.longparish.org.uk
4001,longsdon-parish-council,Longsdon Parish Council,https://www.longsdonpc.org.uk
5321,longsdon-parish-council-1,Longsdon Parish Council,https://www.longsdonpc.org.uk
36068,longsle-parish-council,Longsle Parish Council,
30165,longstanton-parish-council,Longstanton Parish Council,
30166,longstowe-parish-council,Longstowe Parish Council,
5533,longwick-cum-ilmer-parish-council,Longwick cum Ilmer Parish Council,
34669,longworth-parish-council,Longworth Parish Council,https://www.longworth-pc.gov.uk
3555,looe-town-council,Looe Town Council,http://www.looetowncouncil.gov.uk
32588,loose-parish-council,Loose Parish Council,
4429,lopen-parish-council,Lopen Parish Council,https://www.lopenvillage.org/parish-council
5265,loppington-parish-council,Loppington Parish Council,https://www.loppingtonparishcouncil.gov.uk
30751,lorton-parish-council,Lorton Parish Council,https://www.lorton-pc.gov.uk
30429,lostock-gralam-parish-council,Lostock Gralam Parish Council,
4991,lothersdale,Lothersdale,https://www.lothersdaleparishcouncil.gov.uk
33749,lothersdale-parish-council,Lothersdale Parish Council,https://www.lothersdaleparishcouncil.gov.uk
33198,loughton-great-holm-parish-council,Loughton & Great Holm Parish Council,
31639,loughton-town-council,Loughton Town Council,https://www.loughton-tc.gov.uk
34433,lound-parish-council,Lound Parish Council,
33045,louth-parish-council,Louth Parish Council,
36069,low-abbotside-parish-council,Low Abbotside Parish Council,
36070,low-toynton-parish-council,Low Toynton Parish Council,
33972,low-worsall-parish-council,Low Worsall Parish Council,
6909,lowdham-parish-council,Lowdham Parish Council,
37028,lower-beeding-parish-council,Lower Beeding Parish Council,
32589,lower-halstow-parish-council,Lower Halstow Parish Council,
34514,lower-heyford-parish-council,Lower Heyford Parish Council,
4800,lower-penn-parish-council,Lower Penn Parish Council,https://www.sstaffs.gov.uk/council-democracy/lower-penn-parish-council.cfm
5793,lower-washburn,Lower Washburn,
30307,lower-withington-parish-council,Lower Withington Parish Council,https://www.lowerwithington-pc.gov.uk
36071,lowesby-parish-council,Lowesby Parish Council,
35276,lowestoft-parish-council,Lowestoft Parish Council,
34083,lowick-and-slipton-parish-council,Lowick and Slipton Parish Council,
30754,lowside-quarter-parish-council,Lowside Quarter Parish Council,https://www.lowsidequarter-pc.gov.uk
30872,lowther-parish-council,Lowther Parish Council,https://www.lowtherparishcouncil.gov.uk
31057,loxbeare-parish-council,Loxbeare Parish Council,
36711,loxley-parish-council,Loxley Parish Council,
4430,luccombe-parish-council,Luccombe Parish Council,https://www.luccombe.org/parish-council/
36072,luddenham-parish-council,Luddenham Parish Council,
32590,luddesdown-parish-council,Luddesdown Parish Council,
3725,ludgershall-town-council,Ludgershall Town Council,http://www.ludgershall-tc.gov.uk
3875,ludgvan-parish-council,Ludgvan Parish Council,https://www.ludgvan.org/
33267,ludham-parish-council,Ludham Parish Council,
3620,ludlow-town-council,Ludlow Town Council,https://www.ludlow.gov.uk
36073,luffincott-parish-council,Luffincott Parish Council,
30873,lupton-parish-council,Lupton Parish Council,
31003,lustleigh-parish-council,Lustleigh Parish Council,https://www.lustleighparishcouncil.gov.uk
32160,luston-group-parish-council,Luston Group Parish Council,
32877,lutterworth-parish-council,Lutterworth Parish Council,
4704,luttons,Luttons,https://www.luttonsparishcouncil.gov.uk
33751,luttons-parish-council,Luttons Parish Council,https://www.luttonsparishcouncil.gov.uk
5028,luxborough-parish-council,Luxborough Parish Council,https://www.luxborough-pc.co.uk/
3876,luxulyan-parish-council,Luxulyan Parish Council,http://www.luxulyanpc.co.uk/
31845,lydbrook-parish-council,Lydbrook Parish Council,
32539,lydden-parish-council,Lydden Parish Council,
6357,lydford-parish,Lydford Parish,
4758,lydford-on-fosse-parish-council,Lydford on Fosse Parish Council,https://lydfordonfosseparish.gov.uk/
5439,lydiard-millicent-parish-council,Lydiard Millicent Parish Council,https://www.lydiardmillicent-pc.gov.uk
5440,lydiard-tregoze-parish-council,Lydiard Tregoze Parish Council,https://www.lydiardtregoze-pc.gov.uk
34800,lydiate-parish-council,Lydiate Parish Council,
34670,lyford-parish-meeting,Lyford Parish Meeting,
31228,lyme-regis-parish-council,Lyme Regis Parish Council,
32552,lyminge-parish-council,Lyminge Parish Council,https://www.lymingeparishcouncil.gov.uk
32030,lymington-pennington-town-council,Lymington & Pennington Town Council,https://www.lymingtonandpennington-tc.gov.uk
37125,lyminster-and-crossbush-parish-council,Lyminster and Crossbush Parish Council,
32553,lympne-parish-council,Lympne Parish Council,https://www.lympneparishcouncil.gov.uk
3664,lympsham-parish-council,Lympsham Parish Council,http://www.lympshamvillage.co.uk/#
34733,lyneham-parish-meeting,Lyneham Parish Meeting,
5441,lyneham-and-bradenstoke-parish-council,Lyneham and Bradenstoke Parish Council,https://www.lynehamandbradenstoke-pc.gov.uk
34340,lynemouth-parish-council,Lynemouth Parish Council,
5501,lynford-parish-meeting,Lynford Parish Meeting,https://www.norfolknalc.gov.uk
4431,lyng-parish-council-1,Lyng Parish Council,https://lyngparish.square.site/
4142,lyng-parish-council,Lyng Parish Council,https://lyngparish.square.site/
32560,lynsted-with-kingsdown-parish-council,Lynsted with Kingsdown Parish Council,https://www.swale.gov.uk
31230,lytchett-minster-and-upton-parish-council,Lytchett Minster and Upton Parish Council,
3877,mabe-parish-council,Mabe Parish Council,https://www.mabeparish.gov.uk
33048,mablethorpe-and-sutton-parish-council,Mablethorpe and Sutton Parish Council,
30308,macclesfield-forest-wildboarclough-parish-meeting,Macclesfield Forest & Wildboarclough Parish Meeting,
36075,macclesfield-forest-and-wildboarclough-parish-council,Macclesfield Forest and Wildboarclough Parish Council,
30309,macclesfield-town-council,Macclesfield Town Council,https://www.macclesfield-tc.gov.uk
5322,madeley-parish-council,Madeley Parish Council,https://www.madeleyparishcouncil.gov.uk/
3878,madron-parish-council,Madron Parish Council,https://madron.org/
4801,maer-and-aston-parish-council,Maer and Aston Parish Council,http://www.maerastonparishcouncil.co.uk/
36078,magdalen-laver-parish-council,Magdalen Laver Parish Council,
36079,maghull-parish-council,Maghull Parish Council,
5442,maiden-bradley-parish-council,Maiden Bradley Parish Council,https://www.maidenbradley-pc.gov.uk
36080,maiden-bradley-with-yarnfield-parish-council,Maiden Bradley with Yarnfield Parish Council,
36847,maidford-parish-council,Maidford Parish Council,
5534,maids-moreton-parish-council,Maids Moreton Parish Council,
36848,maidstone-parish-council,Maidstone Parish Council,
32395,maidstone-st-annes-neighbourhood-council,Maidstone: St Annes Neighbourhood Council,
32396,maidstone-watermead-neighbourhood-council,Maidstone: Watermead Neighbourhood Council,
32397,maidstone-weald-neighbourhood-council,Maidstone: Weald Neighbourhood Council,
36082,maidwell-parish-council,Maidwell Parish Council,
31937,maisemore-parish-council,Maisemore Parish Council,https://www.maisemore-pc.gov.uk
36084,maiseyhampton-parish-council,Maiseyhampton Parish Council,
3879,maker-with-rame-parish-council,Maker with Rame Parish Council,https://www.makerwithrame-pc.gov.uk
5090,malborough-parish-council,Malborough Parish Council,https://www.malboroughparishcouncil.gov.uk
36085,maldon-parish-council,Maldon Parish Council,
36087,malham-moor-parish-council,Malham Moor Parish Council,
36086,malham-parish-council,Malham Parish Council,
30874,mallerstang-parish-meeting,Mallerstang Parish Meeting,
5443,malmesbury-st-paul-without-parish-council,Malmesbury St Paul Without Parish Council,https://www.stpaulmalmesburywithoutparishcouncil.org.uk
4906,malmesbury-town-council,Malmesbury Town Council,http://malmesbury.gov.uk/
30430,malpas-parish-council,Malpas Parish Council,
4299,malton,Malton,https://www.malton-tc.gov.uk
33752,malton-parish-council,Malton Parish Council,https://www.malton-tc.gov.uk
6719,mamhead-parish-meeting,Mamhead (Parish Meeting),
3880,manaccan-parish-council,Manaccan Parish Council,http://www.manaccanparishcouncil.btck.co.uk/
31004,manaton-parish-council,Manaton Parish Council,
36850,mancetter-parish-council,Mancetter Parish Council,
30078,manea-parish-council,Manea Parish Council,https://www.manea-pc.gov.uk
33753,manfield-with-cliffe-parish-council,Manfield with Cliffe Parish Council,
31232,mangerton-parish-council,Mangerton Parish Council,
36852,manifold-parish-council,Manifold Parish Council,
30431,manley-parish-council,Manley Parish Council,
30875,mansergh-parish-meeting,Mansergh Parish Meeting,
36853,mansfield-parish-council,Mansfield Parish Council,
36089,maperton-parish-council,Maperton Parish Council,
7045,maplebeck-parish-meeting,Maplebeck Parish Meeting,
34600,mapledurham-parish-council,Mapledurham Parish Council,
5146,mapledurwell-and-up-nately-parish-council,Mapledurwell and Up Nately Parish Council,https://www.mapledurwellandupnately-pc.gov.uk
3557,marazion-town-council,Marazion Town Council,https://www.marazion.info/marazion-town-council/
30310,marbury-district-parish-council,Marbury & District Parish Council,
36567,marbury-and-district-parish-council,Marbury and District Parish Council,
36090,marbury-cum-quoisley-parish-council,Marbury cum Quoisley Parish Council,
30079,march-town-council,March Town Council,https://www.marchtowncouncil.gov.uk
34671,marcham-parish-council,Marcham Parish Council,https://www.marchamparishcouncil.gov.uk
4802,marchington-parish-council,Marchington Parish Council,https://marchingtonparishcouncil.org/
32032,marchwood-parish-council,Marchwood Parish Council,https://www.marchwoodparish.gov.uk
6556,marden-parish-council,Marden Parish Council,
36091,marefield-parish-council,Marefield Parish Council,
36093,mareham-on-the-hill-parish-council,Mareham on the Hill Parish Council,
4046,maresfield-parish-council,Maresfield Parish Council,https://www.maresfieldparish.org.uk
4634,margaret-roding,Margaret Roding,https://www.margaretroding-pc.gov.uk
31747,margaret-roding-parish-council,Margaret Roding Parish Council,https://www.margaretroding-pc.gov.uk
33367,marham-parish-council,Marham Parish Council,
3881,marhamchurch-parish-council,Marhamchurch Parish Council,https://www.marhamchurch-pc.gov.uk
5067,marholm-parish-council,Marholm Parish Council,https://www.marholmparishcouncil.gov.uk
5499,mariansleigh-parish-meeting,Mariansleigh Parish Meeting,https://www.mariansleighparish.gov.uk
32559,marion-mulley-lynsted-and-kingsdown-parish-council,Marion Mulley - Lynsted and Kingsdown Parish Council,
6981,marishes-parish-meeting,Marishes (Parish Meeting),
32453,mark-cross-parish-council,Mark Cross Parish Council,https://www.markcrosspc.org.uk
36094,markby-parish-council,Markby Parish Council,
6810,markenfield-hall-parish-meeting,Markenfield Hall (Parish Meeting),
32802,market-bosworth-parish-council,Market Bosworth Parish Council,https://www.marketbosworth-pc.gov.uk
3598,market-deeping-town-council,Market Deeping Town Council,https://www.marketdeeping-tc.gov.uk
3621,market-drayton-town-council,Market Drayton Town Council,https://www.marketdrayton.gov.uk
5444,market-lavington-parish-council,Market Lavington Parish Council,https://www.marketlavingtonparishcouncil.gov.uk
36095,market-rasen-parish-council,Market Rasen Parish Council,
36096,market-stainton-parish-council,Market Stainton Parish Council,
4841,market-weston-parish-council,Market Weston Parish Council,https://www.marketweston-pc.gov.uk
32803,markfield-parish-council,Markfield Parish Council,https://www.markfieldparishcouncil.gov.uk
5794,markington-with-wallerthwaite,Markington with Wallerthwaite,
4907,marlborough-town-council,Marlborough Town Council,http://www.marlboroughtowncouncil.gov.uk
5091,marldon-parish-council,Marldon Parish Council,https://www.marldonparishcouncil.org.uk
36098,marlingford-and-colton-parish-council,Marlingford and Colton Parish Council,
6296,marlow-bottom-parish-council,Marlow Bottom Parish Council,
4864,marlow-town-council,Marlow Town Council,https://www.marlow-tc.gov.uk
36099,marnham-parish-council,Marnham Parish Council,
36568,marnhull-parish-council,Marnhull Parish Council,
6766,marr-parish-meeting,Marr Parish Meeting,
5234,marrick,Marrick,https://www.marrickpc.org.uk
3793,marsh-gibbon-parish-council,Marsh Gibbon Parish Council,https://www.marshgibbon-pc.gov.uk
31235,marshalsea-parish-council,Marshalsea Parish Council,
5712,marsham-parish-council,Marsham Parish Council,
36100,marshchapel-parish-council,Marshchapel Parish Council,
33368,marshland-st-james-parish-council,Marshland St James Parish Council,
36101,marshland-st-james-parish-council-1,Marshland St. James Parish Council,
36102,marske-parish-council,Marske Parish Council,
4992,marske-and-new-forest,Marske and New Forest,https://www.marskeandnf-pc.org.uk
4759,marston-magna-parish-council,Marston Magna Parish Council,https://marstonmagnaparish.co.uk/parish-council-2/
36103,marston-maisey-parish-council,Marston Maisey Parish Council,
6785,marston-meysey-parish-meeting,Marston Meysey Parish Meeting,
6212,marston-montgomery-parish-council,Marston Montgomery Parish Council,
4952,marston-parish-council,Marston Parish Council,http://www.parish-council.com/Marston/
5040,marston-parish-council-1,Marston Parish Council,http://www.parish-council.com/Marston/
5445,marston-parish-council-2,Marston Parish Council,http://www.parish-council.com/Marston/
34207,marston-st-lawrence-parish-council,Marston St Lawrence Parish Council,https://www.marstonstlawrenceparishcouncil.gov.uk
34208,marston-trussell-parish-meeting,Marston Trussell Parish Meeting,
32163,marstow-parish-council,Marstow Parish Council,
3794,marsworth-parish-council,Marsworth Parish Council,https://www.marsworth-pc.gov.uk
36104,marthall-parish-council,Marthall Parish Council,
36105,martham-parish-council,Martham Parish Council,
36106,martin-hussingtree-parish-council,Martin Hussingtree Parish Council,
32033,martin-parish-council,Martin Parish Council,https://www.martinparishcouncil.gov.uk
7002,martinhoe-parish-meeting,Martinhoe Parish Meeting,
31236,martinstown-parish-council,Martinstown Parish Council,
36107,martlesham-parish-council,Martlesham Parish Council,
3640,martock-parish-council,Martock Parish Council,https://martock-pc.gov.uk/
6670,marton-parish-meeting,Marton (Parish Meeting),
4993,marton-cum-grafton,Marton cum Grafton,https://www.marton-cum-grafton-pc.gov.uk
6447,marton-le-moor,Marton le Moor,
33758,marton-le-moor-parish-council,Marton le Moor Parish Council,
6132,marton-cum-moxby-parish-meeting,Marton-cum-Moxby (Parish Meeting),
36108,marton-le-moor-parish-council-1,Marton-le-moor Parish Council,
6671,martons-both-parish-meeting,Martons Both (Parish Meeting),
5113,mary-tavy-parish,Mary Tavy Parish,https://www.marytavyparishcouncil.gov.uk
30755,maryport-town-council,Maryport Town Council,
33759,masham-parish-council,Masham Parish Council,https://www.masham-pc.gov.uk
31640,matching-parish-council,Matching Parish Council,https://www.matching-pc.gov.uk
34341,matfen-parish-council,Matfen Parish Council,https://www.matfen-pc.gov.uk
36109,matlask-parish-council,Matlask Parish Council,
3577,matlock-town-council,Matlock Town Council,https://www.matlock.gov.uk
36110,matlock-town-parish-council,Matlock Town Parish Council,
36111,mattersey-parish-council,Mattersey Parish Council,
36112,mattingley-parish-council,Mattingley Parish Council,
4143,mattishall-parish-council,Mattishall Parish Council,https://www.mattishallparish.gov.uk
36114,maulden-parish-council,Maulden Parish Council,
5884,mavesyn-ridware-parish-council,Mavesyn Ridware Parish Council,
36117,mavis-enderby-parish-council,Mavis Enderby Parish Council,
36118,mawdesley-parish-council,Mawdesley Parish Council,
3883,mawgan-in-pydar-parish-council,Mawgan In Pydar Parish Council,https://www.stmawganparishcouncil.org.uk/
3882,mawgan-in-meneage-parish-council,Mawgan in Meneage Parish Council,http://mawganparishcouncil.org.uk/
36571,mawgan-in-meneage-parish-council-1,Mawgan-in-Meneage Parish Council,
36572,mawgan-in-pydar-parish-council-1,Mawgan-in-Pydar Parish Council,
3884,mawnan-parish-council,Mawnan Parish Council,http://mawnan.org.uk/
4566,maxey-parish-council,Maxey Parish Council,https://www.maxey-pc.gov.uk
36573,maxstoke-parish-council,Maxstoke Parish Council,
4479,mayfield-parish-council,Mayfield Parish Council,https://mayfieldparishcouncil.org.uk/
36119,mayfield-and-five-ashes-parish-council,Mayfield and Five Ashes Parish Council,
36120,mayland-parish-council,Mayland Parish Council,
4887,meare-parish-council,Meare Parish Council,https://meare-pc.gov.uk/meare-parish-council/meare-parish-council/
36121,mearley-parish-council,Mearley Parish Council,
34086,mears-ashby-parish-council,Mears Ashby Parish Council,https://www.mearsashby-pc.gov.uk
32823,measham-parish-council,Measham Parish Council,https://www.meashampc.gov.uk
5114,meavy-parish,Meavy Parish,https://www.burrator.gov.uk
30963,meavy-parish-parish-council,Meavy Parish Parish Council,https://www.burrator.gov.uk
36122,medbourne-parish-council,Medbourne Parish Council,
36123,medlar-with-wesham-parish-council,Medlar-with-wesham Parish Council,
3795,medmenham-parish-council,Medmenham Parish Council,https://www.medmenham-pc.gov.uk
5979,medstead-parish-council,Medstead Parish Council,
36124,meering-parish-council,Meering Parish Council,
36125,meesden-parish-council,Meesden Parish Council,
5795,melbecks,Melbecks,
36126,melbourn-parish-council,Melbourn Parish Council,
31440,melbourne-parish-council,Melbourne Parish Council,
36574,melchbourne-and-yielden-parish-council,Melchbourne and Yielden Parish Council,
36575,melchet-park-and-plaitford-parish-council,Melchet Park and Plaitford Parish Council,
31237,melcombe-regis-parish-council,Melcombe Regis Parish Council,
34342,meldon-parish-council,Meldon Parish Council,
36127,meldreth-parish-council,Meldreth Parish Council,
34343,melkridge-parish-council,Melkridge Parish Council,
3726,melksham-town-council,Melksham Town Council,https://www.melksham-tc.gov.uk/
4860,melksham-without-parish-council,Melksham Without Parish Council,https://www.melkshamwithout-pc.gov.uk
36128,melling-parish-council,Melling Parish Council,
5058,mellis-parish-council,Mellis Parish Council,https://www.mellisparishcouncil.gov.uk
36130,mellor-parish-council,Mellor Parish Council,
3666,mells-parish-council,Mells Parish Council,https://mellsparishcouncil.org.uk/
6672,melmerby-parish-meeting,Melmerby (Parish Meeting),
33761,melmerby-and-middleton-quernhow-parish-council,Melmerby and Middleton Quernhow Parish Council,https://www.melmerbyandmiddleton-pc.gov.uk
31238,melplash-parish-council,Melplash Parish Council,
33762,melsonby-parish-council,Melsonby Parish Council,
36576,meltham-parish-council,Meltham Parish Council,
33269,melton-constable-parish-council,Melton Constable Parish Council,https://www.meltonconstable-pc.gov.uk
36577,melton-parish-council,Melton Parish Council,
5870,melverley-parish-council,Melverley Parish Council,
5907,mendham-parish-council,Mendham Parish Council,
3885,menheniot-parish-council,Menheniot Parish Council,http://www.menheniotparish.org.uk/
3796,mentmore-parish-council,Mentmore Parish Council,https://www.mentmoreparishcouncil.gov.uk
36131,meopham-parish-council,Meopham Parish Council,
36578,mepal-parish-council,Mepal Parish Council,
6087,mercaston-parish-meeting,Mercaston (Parish Meeting),
30312,mere-parish-council,Mere Parish Council,
6178,mere-town-council,Mere Town Council,
36580,merevale-parish-council,Merevale Parish Council,
5194,mereworth-parish-council,Mereworth Parish Council,https://www.mereworthparishcouncil.gov.uk
31240,merley-and-ferndown-parish-council,Merley and Ferndown Parish Council,
4881,merriott-parish-council,Merriott Parish Council,https://merriottpc.org.uk/
5649,mersham,Mersham,
32483,mersham-parish-council,Mersham Parish Council,
5689,merton-parish-council,Merton Parish Council,
6181,meshaw-parish-meeting,Meshaw Parish Meeting,
5908,metfield-parish-council,Metfield Parish Council,
36132,metheringham-parish-council,Metheringham Parish Council,
33369,methwold-parish-council,Methwold Parish Council,
36581,mettingham-parish-council,Mettingham Parish Council,
5553,michaelstow-parish-council,Michaelstow Parish Council,
5171,michelmersh-and-timsbury-parish-council,Michelmersh and Timsbury Parish Council,https://www.michelmershandtimsbury-pc.gov.uk
5909,mickfield-parish-council,Mickfield Parish Council,
30432,mickle-trafford-and-district-parish-council,Mickle Trafford and District Parish Council,
36133,mickleby-parish-council,Mickleby Parish Council,
34515,middle-aston-parish-meeting,Middle Aston Parish Meeting,
36134,middle-rasen-parish-council,Middle Rasen Parish Council,
36135,middleham-parish-council,Middleham Parish Council,
4994,middleham-town,Middleham Town,https://www.middlehamtowncouncil.gov.uk
34209,middleton-cheney-parish-council,Middleton Cheney Parish Council,
31400,middleton-parish-council,Middleton Parish Council,
36136,middleton-quernhow-parish-council,Middleton Quernhow Parish Council,
36137,middleton-scriven-parish-council,Middleton Scriven Parish Council,
34516,middleton-stoney-parish-council,Middleton Stoney Parish Council,
5797,middleton-tyas,Middleton Tyas,
36583,middleton-in-teesdale-parish-council,Middleton in Teesdale Parish Council,
31446,middleton-on-the-wolds-parish-council,Middleton on the Wolds Parish Council,
36584,middleton-on-sea-parish-council,Middleton-on-Sea Parish Council,
36138,middleton-on-leven-parish-council,Middleton-on-leven Parish Council,
32165,middleton-on-the-hill-and-leysters-group-parish-council,Middleton-on-the-Hill and Leysters Group Parish Council,
30313,middlewich-town-council,Middlewich Town Council,
36139,middop-parish-council,Middop Parish Council,
36977,midgham-parish-council,Midgham Parish Council,
36140,midhurst-parish-council,Midhurst Parish Council,
36585,midsomer-norton-parish-council,Midsomer Norton Parish Council,
36141,midville-parish-council,Midville Parish Council,
36142,mil-parish-council,Mil Parish Council,
4760,milborne-port-parish-council,Milborne Port Parish Council,https://milborneport-pc.gov.uk
36143,milby-parish-council,Milby Parish Council,
6198,milden-parish-meeting,Milden Parish Meeting,
5446,mildenhall-parish-council,Mildenhall Parish Council,https://mildenhallwiltshireparishcouncil.gov.uk/
4144,mileham-parish-council,Mileham Parish Council,https://www.milehamparishcouncil.gov.uk
34344,milfield-parish-council,Milfield Parish Council,https://www.milfied-pc.gov.uk
36144,milland-parish-council,Milland Parish Council,
3887,millbrook-parish-council,Millbrook Parish Council,https://millbrook-pc.gov.uk/
30314,millington-and-rostherne-parish-council,Millington and Rostherne Parish Council,https://www.millingtonandrostherne-pc.gov.uk
30756,millom-town-council,Millom Town Council,
30879,milnthorpe-parish-council,Milnthorpe Parish Council,
5871,milson-and-neen-sollars-parish-council,Milson and Neen Sollars Parish Council,
36146,milstead-parish-council,Milstead Parish Council,
6786,milston-parish-meeting,Milston Parish Meeting,
31243,milton-abbas-parish-council,Milton Abbas Parish Council,
30965,milton-abbot-grouped-parish-parish-council,Milton Abbot Grouped Parish Parish Council,https://www.miltonabbotgroupedparishcouncil.gov.uk
36586,milton-bryan-parish-council,Milton Bryan Parish Council,
6760,milton-clevedon-parish-meeting,Milton Clevedon Parish Meeting,
36587,milton-ernest-parish-council,Milton Ernest Parish Council,
34518,milton-parish-meeting,Milton Parish Meeting,
34734,milton-under-wychwood-parish-council,Milton under Wychwood Parish Council,https://www.miltonunderwychwood-pc.gov.uk
36148,milton-under-wychwood-parish-council-1,Milton-under-wychwood Parish Council,
3668,milverton-parish-council,Milverton Parish Council,https://milverton.org.uk
36149,milwich-parish-council,Milwich Parish Council,
5323,milwich-with-fradswell-parish-council,Milwich with Fradswell Parish Council,https://www.milwichfradswellparishcouncil.gov.uk/
3515,minehead-town-council,Minehead Town Council,https://www.mineheadtowncouncil.gov.uk
36150,minehead-without-parish-council,Minehead Without Parish Council,
4861,minety-parish-council,Minety Parish Council,https://www.minety-pc.gov.uk
36151,minshull-vernon-parish-council,Minshull Vernon Parish Council,
32035,minstead-parish-council,Minstead Parish Council,
34735,minster-lovell-parish-council,Minster Lovell Parish Council,https://www.minsterlovell-pc.gov.uk
36152,minster-parish-council,Minster Parish Council,
32562,minster-on-sea-parish-council,Minster-on-Sea Parish Council,https://www.swale.gov.uk
5872,minsterley-parish-council,Minsterley Parish Council,
31938,minsterworth-parish-council,Minsterworth Parish Council,https://www.minsterworthparishcouncil.org.uk
31244,minterne-magna-parish-council,Minterne Magna Parish Council,
36153,minting-parish-council,Minting Parish Council,
31895,miserden-parish-council,Miserden Parish Council,https://www.miserdenparishcouncil.gov.uk
36154,misson-parish-council,Misson Parish Council,
4761,misterton-parish-council,Misterton Parish Council,https://mistertonparishcouncil.org.uk/
36155,misterton-with-walcote-parish-council,Misterton with Walcote Parish Council,
31847,mitcheldean-parish-council,Mitcheldean Parish Council,
34345,mitford-parish-council,Mitford Parish Council,
31246,mithian-parish-council,Mithian Parish Council,
34519,mixbury-parish-meeting,Mixbury Parish Meeting,
30315,mobberley-parish-council,Mobberley Parish Council,
5092,modbury-parish-council,Modbury Parish Council,https://www.modburyparishcouncil.gov.uk
36156,moggerhanger-parish-council,Moggerhanger Parish Council,
32824,moira-parish-council,Moira Parish Council,https://www.moirapollards.gov.uk
5650,molash,Molash,
32484,molash-parish-council,Molash Parish Council,
6855,molland-parish-council,Molland Parish Council,
34520,mollington-parish-council,Mollington Parish Council,https://www.mollingtonoxon-pc.gov.uk
36157,monewden-parish-council,Monewden Parish Council,
36158,monk-fryston-parish-council,Monk Fryston Parish Council,
36159,monk-soham-parish-council,Monk Soham Parish Council,
36588,monkleigh-parish-council,Monkleigh Parish Council,
36162,monks-horton-parish-council,Monks Horton Parish Council,
36163,monks-kirby-parish-council,Monks Kirby Parish Council,
4432,monksilver-parish-council,Monksilver Parish Council,https://monksilver.org
36164,monkton-farleigh-parish-council,Monkton Farleigh Parish Council,
31248,monkton-up-wimborne-parish-council,Monkton Up Wimborne Parish Council,
4433,montacute-parish-council,Montacute Parish Council,http://www.montacuteparishcouncil.com/community/montacute-parish-council-7985/home/
5015,montford-parish-council,Montford Parish Council,https://www.montford-pc.gov.uk
5172,monxton-parish-council,Monxton Parish Council,https://www.monxton-pc.gov.uk
36165,monyash-parish-council,Monyash Parish Council,
5799,moor-monkton,Moor Monkton,
31403,moor-parish-council,Moor Parish Council,
32454,moor-park-parish-council,Moor Park Parish Council,https://www.moorpark-pc.gov.uk
36166,moore-parish-council,Moore Parish Council,
31249,moorland-parish-council,Moorland Parish Council,
6700,moorlinch-parish-meeting,Moorlinch Parish Meeting,
31404,moorthorpe-parish-council,Moorthorpe Parish Council,
36167,morchard-bishop-parish-council,Morchard Bishop Parish Council,
36168,more-parish-council,More Parish Council,
36169,morebath-parish-council,Morebath Parish Council,
36170,morecambe-parish-council,Morecambe Parish Council,
31251,moreton-parish-council,Moreton Parish Council,
34211,moreton-pinkney-parish-council,Moreton Pinkney Parish Council,
31896,moreton-valance-parish-council,Moreton Valance Parish Council,https://www.moretonvalance-pc.gov.uk
36171,moreton-cum-alcumlow-parish-council,Moreton cum Alcumlow Parish Council,
31641,moreton-bobbingworth-and-the-lavers-parish-council,"Moreton, Bobbingworth and the Lavers Parish Council",
36172,moreton-in-marsh-parish-council,Moreton-in-marsh Parish Council,
5131,moretonhampstead,Moretonhampstead,https://www.moretonhampstead-pc.gov.uk
31005,moretonhampstead-parish-council,Moretonhampstead Parish Council,https://www.moretonhampstead-pc.gov.uk
30880,morland-parish-council,Morland Parish Council,
5728,morley-parish-council,Morley Parish Council,
5729,morningthorpe-and-fritton-parish-council,Morningthorpe (and Fritton) Parish Council,
36173,morningthorpe-and-fritton-parish-council-1,Morningthorpe and Fritton Parish Council,
34346,morpeth-parish-council,Morpeth Parish Council,https://www.alwintonparishcouncil.gov.uk
33270,morston-parish-council,Morston Parish Council,
36174,mortimer-west-end-parish-council,Mortimer West End Parish Council,
36589,morton-bagot-parish-council,Morton Bagot Parish Council,
36175,morton-palms-parish-council,Morton Palms Parish Council,
4939,morton-parish-council,Morton Parish Council,https://www.mortonparishcouncil.org.uk
36590,morton-tinmouth-parish-council,Morton Tinmouth Parish Council,
6108,morton-on-the-hill-parish-meeting,Morton on the Hill Parish Meeting,
6072,morvah-parish-meeting,Morvah Parish Meeting,
4926,morval-parish-council,Morval Parish Council,https://www.morvalparishcouncil.org.uk
5554,morwenstow-parish-council,Morwenstow Parish Council,
36177,moss-parish-council,Moss Parish Council,
5278,moss-and-district-parish-council,Moss and District Parish Council,https://www.mossanddistrict-pc.gov.uk
36178,mossley-parish-council,Mossley Parish Council,
30316,moston-parish-council,Moston Parish Council,
30317,mottram-st-andrew-parish-council,Mottram St Andrew Parish Council,https://www.mottramstandrewpc.org.uk
36179,mottram-st-andrew-parish-council-1,Mottram St. Andrew Parish Council,
30433,mouldsworth-parish-council,Mouldsworth Parish Council,
34601,moulsford-parish-council,Moulsford Parish Council,https://www.moulsford-pc.org.uk
6673,moulton-parish-meeting,Moulton (Parish Meeting),
4842,moulton-parish-council,Moulton Parish Council,https://www.moultonparishcouncil.gov.uk
5946,mountfield-parish-council,Mountfield Parish Council,
36591,mountsorrel-parish-council,Mountsorrel Parish Council,
36180,mowsley-parish-council,Mowsley Parish Council,
32168,much-birch-parish-council,Much Birch Parish Council,
32170,much-dewchurch-parish-council,Much Dewchurch Parish Council,
32297,much-hadham-parish-council,Much Hadham Parish Council,
36181,much-hoole-parish-council,Much Hoole Parish Council,
4866,much-wenlock-town-council,Much Wenlock Town Council,https://www.muchwenlock-tc.gov.uk
4882,muchelney-parish-meeting,Muchelney Parish Meeting,https://www.muchelneyparish.gov.uk
32825,muckstone-and-oakthorpe-parish-council,Muckstone and Oakthorpe Parish Council,https://www.muckstoneoakthorpe-pc.gov.uk
36182,muckton-parish-council,Muckton Parish Council,
4434,mudford-parish-council,Mudford Parish Council,https://mudford-pc.gov.uk/
6015,muker,Muker,
33770,muker-parish-council,Muker Parish Council,
4218,mulbarton-parish-council,Mulbarton Parish Council,https://www.mulbarton-pc.gov.uk
31253,mull-hill-parish-council,Mull Hill Parish Council,
3888,mullion-parish-council,Mullion Parish Council,http://www.mullionparishcouncil.org.uk/
30759,muncaster-parish-council,Muncaster Parish Council,https://www.muncaster-pc.gov.uk
33271,mundesley-parish-council,Mundesley Parish Council,https://www.mundesley-pc.gov.uk
5690,mundford-parish-council,Mundford Parish Council,
36592,munstead-and-tuesley-parish-council,Munstead and Tuesley Parish Council,
31256,murley-parish-council,Murley Parish Council,
30627,murton-parish-council,Murton Parish Council,
30881,musgrave-parish-council,Musgrave Parish Council,
33771,muston-parish-council,Muston Parish Council,
36186,myerscough-and-bilsborrow-parish-council,Myerscough and Bilsborrow Parish Council,
36187,myland-parish-council,Myland Parish Council,
36188,myndtown-parish-council,Myndtown Parish Council,
6982,myton-on-swale-parish-meeting,Myton-on-Swale (Parish Meeting),
36858,nadersford-parish-council,Nadersford Parish Council,
36593,nailsea-parish-council,Nailsea Parish Council,
32804,nailstone-parish-council,Nailstone Parish Council,https://www.nailstonepc.gov.uk
31408,nalby-parish-council,Nalby Parish Council,
30318,nantwich-town-council,Nantwich Town Council,https://www.nantwichtowncouncil.gov.uk
4145,narborough-parish-council,Narborough Parish Council,https://www.narborough-norfolk-pc.gov.uk
34212,naseby-parish-council,Naseby Parish Council,https://www.nasebyparishcouncil.gov.uk
3798,nash-parish-council,Nash Parish Council,https://www.nash-bucks-pc.gov.uk
5266,nash-parish-council-1,Nash Parish Council,https://www.nashpc.org.uk
30883,natland-parish-council,Natland Parish Council,
36189,naunton-parish-council,Naunton Parish Council,
36191,navenby-parish-council,Navenby Parish Council,
5236,nawton,Nawton,https://www.nawtonparishcouncil.gov.uk
33772,nawton-parish-council,Nawton Parish Council,https://www.nawtonparishcouncil.gov.uk
4502,nayland-with-wissington-parish-council,Nayland with Wissington Parish Council,https://www.naylandwithwissington-pc.gov.uk
36192,nayland-with-wissington-parish-council-1,Nayland-with-wissington Parish Council,
31642,nazeing-parish-council,Nazeing Parish Council,
36595,neasham-parish-council,Neasham Parish Council,
5691,necton-parish-council,Necton Parish Council,
4503,nedging-with-naughton-parish-council,Nedging with Naughton Parish Council,https://www.nedgingwithnaughton-pc.gov.uk
3635,needham-market-town-council,Needham Market Town Council,https://www.needhammarket-tc.gov.uk
36194,neen-sollars-parish-council,Neen Sollars Parish Council,
36195,neenton-parish-council,Neenton Parish Council,
36196,nelson-parish-council,Nelson Parish Council,
4435,neroche-parish-council-grouped-council-to-include-bickenhall-curland-orchard-portman-and-thurlbear-and-staple-fitzpaine,"Neroche - Parish Council (Grouped Council to include Bickenhall, Curland, Orchard Portman and Thurlbear and Staple Fitzpaine)",https://www.nerochevillages.org.uk/
36197,nesfield-with-langbar-parish-council,Nesfield with Langbar Parish Council,
30434,neston-town-council,Neston Town Council,
30319,nether-alderley-parish-council,Nether Alderley Parish Council,https://www.netheralderleyparishcouncil.gov.uk
6088,nether-haddon-parish-meeting,Nether Haddon (Parish Meeting),
34213,nether-heyford-parish-council,Nether Heyford Parish Council,https://www.netherheyfordparishcouncil.gov.uk
36198,nether-kellet-parish-council,Nether Kellet Parish Council,
36199,nether-langwith-parish-council,Nether Langwith Parish Council,
36596,nether-peover-parish-council,Nether Peover Parish Council,
31409,nether-poppleton-parish-council,Nether Poppleton Parish Council,
3669,nether-stowey-parish-council,Nether Stowey Parish Council,https://netherstowey-pc.gov.uk/
36201,nether-whitacre-parish-council,Nether Whitacre Parish Council,
36202,nether-wyresdale-parish-council,Nether Wyresdale Parish Council,
6558,netheravon-parish-council,Netheravon Parish Council,
5448,netherhampton-parish-council,Netherhampton Parish Council,https://netherhamptonparishcouncil.gov.uk/
36203,netherton-parish-council,Netherton Parish Council,
34347,netherton-with-biddlestone-parish-council,Netherton with Biddlestone Parish Council,
34348,netherwitton-parish-council,Netherwitton Parish Council,
32036,netley-marsh-parish-council,Netley Marsh Parish Council,https://www.netleymarsh-pc.gov.uk
34602,nettlebed-parish-council,Nettlebed Parish Council,https://www.nettlebed-pc.gov.uk
4436,nettlecombe-parish-council,Nettlecombe Parish Council,http://www.nettlecombewestsomerset.life/
32398,nettleden-with-pratling-street-parish-council,Nettleden with Pratling Street Parish Council,https://www.nettledenpc.org.uk
36204,nettleham-parish-council,Nettleham Parish Council,
6168,nettlestead-parish-meeting,Nettlestead Parish Meeting,
6559,nettleton-parish-council,Nettleton Parish Council,
36205,nevill-holt-parish-council,Nevill Holt Parish Council,
3714,new-alresford-town-council,New Alresford Town Council,https://www.newalresford-tc.gov.uk
4685,new-buckenham-parish-council,New Buckenham Parish Council,https://www.newbuckenhamparishcouncil.gov.uk
31410,new-byth-parish-council,New Byth Parish Council,
36206,new-forest-parish-council,New Forest Parish Council,
36207,new-leake-parish-council,New Leake Parish Council,
31412,new-malton-parish-council,New Malton Parish Council,
32037,new-milton-town-council,New Milton Town Council,https://www.newmiltontowncouncil.gov.uk
32554,new-romney-town-council,New Romney Town Council,
36208,new-waltham-parish-council,New Waltham Parish Council,
33773,newall-with-clifton-parish-council,Newall with Clifton Parish Council,
6819,newark-town-council,Newark Town Council,
36597,newbiggin-by-the-sea-parish-council-1,Newbiggin by the Sea Parish Council,
34349,newbiggin-by-the-sea-parish-council,Newbiggin-by-the-Sea Parish Council,https://www.newbiggintowncouncil.gov.uk
30320,newbold-astbury-cum-moreton-parish-council,Newbold Astbury-cum-Moreton Parish Council,https://www.astbury-moreton-pc.gov.uk
36598,newbold-pacey-parish-council,Newbold Pacey Parish Council,
36717,newbold-pacey-and-ashorne-parish-council,Newbold Pacey and Ashorne Parish Council,
31415,newbold-parish-council,Newbold Parish Council,
32805,newbold-verdon-parish-council,Newbold Verdon Parish Council,https://www.newboldverdon-pc.gov.uk
6500,newborough-parish-council,Newborough Parish Council,
5068,newborough-and-borough-fen-parish-council,Newborough and Borough Fen Parish Council,https://www.newboroughandboroughfen-pc.gov.uk
34214,newbottle-parish-council,Newbottle Parish Council,https://www.newbottleparishcouncil.gov.uk
34350,newbrough-parish-council,Newbrough Parish Council,
6674,newburgh-parish-meeting,Newburgh (Parish Meeting),
36978,newbury-town-council,Newbury Town Council,https://www.newbury.gov.uk
5801,newby,Newby,
33774,newby-parish-council,Newby Parish Council,
36211,newby-with-mulwith-parish-council,Newby with Mulwith Parish Council,
6283,newcastle-on-clun-parish-council,Newcastle on Clun Parish Council,
35350,newdigate-parish-council,Newdigate Parish Council,
4081,newenden,Newenden,https://www.Newenden-PC.gov.uk
31848,newent-town-council,Newent Town Council,https://www.newenttowncouncil.gov.uk
30321,newhall-parish-council,Newhall Parish Council,
4865,newhaven-town-council,Newhaven Town Council,https://www.newhaventowncouncil.gov.uk
3706,newhaven-town-council-1,Newhaven Town Council,https://www.newhaventowncouncil.gov.uk
5628,newick-parish-council,Newick Parish Council,
6381,newick-parish-council-1,Newick Parish Council,
34603,newington-parish-council,Newington Parish Council,https://www.newingtonoxford-pc.gov.uk
5802,newland,Newland,
3639,newmarket-town-council,Newmarket Town Council,https://www.newmarket.gov.uk
6390,newnham-parish-council,Newnham Parish Council,
31417,newport-parish-council,Newport Parish Council,
3558,newquay-town-council,Newquay Town Council,https://www.newquaycouncil.uk/
5803,newsham,Newsham,
33974,newsham-with-breckenbrough-parish-council,Newsham with Breckenbrough Parish Council,
32722,newsholme-parish-council,Newsholme Parish Council,
4714,newstead-parish-council,Newstead Parish Council,https://www.newsteadparishcouncil.gov.uk
36599,newtimber-parish-council,Newtimber Parish Council,
31101,newton-abbot-parish-council,Newton Abbot Parish Council,
36212,newton-bewley-parish-council,Newton Bewley Parish Council,
34088,newton-bromswold-parish-meeting,Newton Bromswold Parish Meeting,
4220,newton-flotman-parish-council,Newton Flotman Parish Council,https://www.newtonflotman-pc.gov.uk
36213,newton-grange-parish-council,Newton Grange Parish Council,
5804,newton-kyme-cum-toulston,Newton Kyme cum Toulston,
6811,newton-morrell-parish-meeting,Newton Morrell (Parish Meeting),
36214,newton-mulgrave-parish-council,Newton Mulgrave Parish Council,
4504,newton-parish-council-1,Newton Parish Council,https://www.newton-pc.gov.uk
34521,newton-purcell-with-shelswell-parish-meeting,Newton Purcell with Shelswell Parish Meeting,
31058,newton-st-cyres-parish-council,Newton St. Cyres Parish Council,
5449,newton-toney-parish-council,Newton Toney Parish Council,https://www.newtontoney-pc.gov.uk
33507,newton-and-little-oakley-parish-council,Newton and Little Oakley Parish Council,
6799,newton-by-castle-acre-parish-meeting,Newton by Castle Acre Parish Meeting,
34351,newton-by-the-sea-parish-council,Newton by the Sea Parish Council,
34408,newton-by-the-sea-parish-council-1,Newton-by-the-Sea Parish Council,
30080,newton-in-the-isle-parish-council,Newton-in-the-Isle Parish Council,
5805,newton-le-willows,Newton-le-Willows,
33780,newton-on-ouse-parish-council,Newton-on-Ouse Parish Council,
34352,newton-on-the-moor-and-swarland-parish-council,Newton-on-the-Moor and Swarland Parish Council,
32723,newton-with-clifton-parish-council,Newton-with-clifton Parish Council,
32058,newtown-parish-council,Newtown Parish Council,
5629,ninfield-parish-council,Ninfield Parish Council,
30469,no-mans-heath-and-district-parish-council,No Man's Heath and District Parish Council,
30435,no-mans-heath-district-parish-council,No Mans Heath & District Parish Council,
33051,nocton-parish-council,Nocton Parish Council,
34522,noke-parish-meeting,Noke Parish Meeting,
32540,noning-parish-council,Noning Parish Council,
32591,nonington-parish-council,Nonington Parish Council,
5596,norbury-and-roston-parish-council,Norbury And Roston Parish Council,
5324,norbury-parish-council,Norbury Parish Council,https://www.norburystafford.co.uk/
34353,norham-parish-council,Norham Parish Council,https://www.norhamparishcouncil.gov.uk
30436,norley-parish-council,Norley Parish Council,
6133,normanby-parish-meeting,Normanby (Parish Meeting),
33052,normanby-by-spital-parish-council,Normanby by Spital Parish Council,
36215,normanby-le-wold-parish-council,Normanby le Wold Parish Council,
32826,normanton-le-heath-parish-council,Normanton le Heath Parish Council,https://www.normanton-le-heath-pc.org.uk
34436,normanton-on-trent-parish-council,Normanton on Trent Parish Council,
34435,normanton-on-the-wolds-parish-council-1,Normanton on the Wolds Parish Council,
5252,normanton-on-soar-parish-council,Normanton-on-Soar Parish Council,https://www.nospc.org.uk
34523,north-aston-parish-meeting,North Aston Parish Meeting,
4656,north-baddesley-parish-council,North Baddesley Parish Council,https://www.northbaddesley-pc.gov.uk
35108,north-barrow-parish-council,North Barrow Parish Council,
6220,north-bovey,North Bovey,
31006,north-bovey-parish-council,North Bovey Parish Council,
6560,north-bradley-parish-council,North Bradley Parish Council,
32172,north-bromyard-group-parish-council,North Bromyard Group Parish Council,
4437,north-cadbury-grouped-council,North Cadbury - Grouped Council,https://www.northcadbury.org.uk/
35109,north-cadbury-parish-council,North Cadbury Parish Council,
33053,north-carlton-parish-council,North Carlton Parish Council,
31963,north-cerney-parish-council,North Cerney Parish Council,
35110,north-cheriton-parish-council,North Cheriton Parish Council,
31422,north-cliffe-parish-council,North Cliffe Parish Council,
7046,north-clifton-parish-meeting,North Clifton Parish Meeting,
33054,north-cockerington-parish-council,North Cockerington Parish Council,
35277,north-cove-parish-council,North Cove Parish Council,
5806,north-cowton,North Cowton,
3745,north-curry-parish-council,North Curry Parish Council,https://northcurry.com/
31442,north-dalton-parish-council,North Dalton Parish Council,https://www.northdaltonparishcouncil.org.uk
5807,north-deighton,North Deighton,
4995,north-duffield,North Duffield,https://www.northduffieldparishcouncil.gov.uk
33783,north-duffield-parish-council,North Duffield Parish Council,https://www.northduffieldparishcouncil.gov.uk
5692,north-elmham-parish-council,North Elmham Parish Council,
31772,north-fambridge-parish-council,North Fambridge Parish Council,
31423,north-ferriby-parish-council,North Ferriby Parish Council,
37029,north-horsham-parish-council,North Horsham Parish Council,https://www.northhorsham-pc.gov.uk
33191,north-hykeham-parish-council,North Hykeham Parish Council,
6675,north-kilvington-parish-meeting,North Kilvington (Parish Meeting),
34736,north-leigh-parish-council,North Leigh Parish Council,https://www.northleighparishcouncil.gov.uk
34437,north-leverton-with-habblesthorpe-parish-council,North Leverton with Habblesthorpe Parish Council,
5693,north-lopham-parish-council,North Lopham Parish Council,
6856,north-molton-parish-council,North Molton Parish Council,
6910,north-muskham-parish-council,North Muskham Parish Council,
34524,north-newington-parish-council,North Newington Parish Council,
5450,north-newnton-parish-council,North Newnton Parish Council,http://nnpc.org.uk/
6676,north-otterington-parish-meeting,North Otterington (Parish Meeting),
3746,north-perrott-parish-council,North Perrott Parish Council,https://northperrottparish.gov.uk
3528,north-petherton-town-council,North Petherton Town Council,https://northpethertontowncouncil.gov.uk/
4574,north-petherwin-parish-council,North Petherwin Parish Council,https://www.north-petherwin-parish-council.org.uk/
5694,north-pickenham-parish-council,North Pickenham Parish Council,
33059,north-rauceby-parish-council,North Rauceby Parish Council,
5808,north-rigton,North Rigton,
33060,north-scarle-parish-council,North Scarle Parish Council,
5809,north-stainley-with-sleningford,North Stainley with Sleningford,
34409,north-sunderland-parish-council,North Sunderland Parish Council,
34354,north-sunderland-and-seahouses-parish-council,North Sunderland and Seahouses Parish Council,https://www.northsunderland-pc.gov.uk
6827,north-tamerton-parish-council,North Tamerton Parish Council,
4593,north-tawton-town,North Tawton Town,https://www.northtawtontowncouncil.gov.uk
30967,north-tawton-town-parish-council,North Tawton Town Parish Council,https://www.northtawtontowncouncil.gov.uk
33062,north-thoresby-parish-council,North Thoresby Parish Council,
4955,north-tuddenham-parish-council,North Tuddenham Parish Council,https://www.northtuddenhamparishcouncil.gov.uk
4438,north-vale-parish-council-grouped-council-to-include-holton-maperton-and-north-cheriton,"North Vale - Parish Council (Grouped Council to include Holton, Maperton and North Cheriton)",https://northvaleparishcouncil.wordpress.com
33273,north-walsham-town-council,North Walsham Town Council,https://www.northwalsham-tc.gov.uk
5147,north-waltham-parish-council,North Waltham Parish Council,https://www.northwaltham-pc.gov.uk
31643,north-weald-bassett-parish-council,North Weald Bassett Parish Council,https://www.northweald-pc.gov.uk
33063,north-willingham-parish-council,North Willingham Parish Council,
5617,north-wingfield-parish-council,North Wingfield Parish Council,
33064,north-witham-parish-council,North Witham Parish Council,
4439,north-wootton-parish-council,North Wootton Parish Council,http://www.northwoottonparishcouncil.org.uk/
5451,north-wraxall-parish-council,North Wraxall Parish Council,https://www.northwraxall-pc.gov.uk
37264,north-and-middle-littleton-parish-council,North and Middle Littleton Parish Council,
34469,north-and-south-wheatley-parish-council,North and South Wheatley Parish Council,
4304,northallerton,Northallerton,https://www.northallertontowncouncil.gov.uk
33786,northallerton-parish-council,Northallerton Parish Council,https://www.northallertontowncouncil.gov.uk
34215,northampton-town-council,Northampton Town Council,https://www.northamptontowncouncil.gov.uk
32339,northaw-and-cuffley-parish-council,Northaw and Cuffley Parish Council,
4567,northborough-parish-council,Northborough Parish Council,https://www.northborough-pc.gov.uk
32592,northbourne-parish-council,Northbourne Parish Council,
4048,northiam-parish-council,Northiam Parish Council,https://www.northiamparishcouncil.gov.uk
30212,northill-parish-council,Northill Parish Council,
7017,northington-parish-meeting,Northington Parish Meeting,
5115,northlew-parish,Northlew Parish,https://www.northlewparishcouncil.org.uk
30968,northlew-parish-parish-council,Northlew Parish Parish Council,https://www.northlewparishcouncil.org.uk
34737,northmoor-parish-council,Northmoor Parish Council,https://www.northmoor-pc.gov.uk
30167,northstowe-parish-council,Northstowe Parish Council,
31939,northway-parish-council,Northway Parish Council,https://www.northwaypc.org.uk
30437,northwich-town-council,Northwich Town Council,
33373,northwold-parish-council,Northwold Parish Council,
3982,northwood-and-tinkersley-parish-council,Northwood And Tinkersley Parish Council,https://www.northwoodandtinkersleyparishcouncil.gov.uk
6788,norton-bavant-parish-meeting,Norton Bavant Parish Meeting,
4803,norton-canes-parish-council,Norton Canes Parish Council,http://www.nortoncanesparishcouncil.co.uk/
36217,norton-conyers-parish-council,Norton Conyers Parish Council,
3670,norton-fitzwarren-parish-council,Norton Fitzwarren Parish Council,https://nortonfitzwarren-pc.gov.uk/
36930,norton-lindsey-parish-council,Norton Lindsey Parish Council,
5910,norton-parish-council-1,Norton Parish Council,
6956,norton-parish-council,Norton Parish Council,
3672,norton-sub-hamdon-parish-council,Norton Sub Hamdon Parish Council,https://nortonsubhamdon-pc.gov.uk/
4221,norton-subcourse-parish-council,Norton Subcourse Parish Council,https://www.nortonsubcourse-pc.gov.uk
36600,norton-and-cuckney-parish-council,Norton and Cuckney Parish Council,
6787,norton-and-foxley-parish-meeting,Norton and Foxley Parish Meeting,
33787,norton-on-derwent-parish-council,Norton on Derwent Parish Council,https://www.norton-on-derwent-tc.gov.uk
32593,norton-buckland-and-stone-parish-council,"Norton, Buckland and Stone Parish Council",
34438,norton-cuckney-holbeck-and-welbeck-parish-council,"Norton, Cuckney, Holbeck and Welbeck Parish Council",
33975,norton-le-clay-parish-council,Norton-le-clay Parish Council,
36218,noseley-parish-council,Noseley Parish Council,
31814,notgrove-parish-meeting,Notgrove Parish Meeting,
5364,nowton-parish-council,Nowton Parish Council,https://www.nowtonparishcouncil.gov.uk
5810,nun-monkton,Nun Monkton,
5811,nunnington,Nunnington,
33194,nunthorpe-parish-council,Nunthorpe Parish Council,
35352,nutfield-parish-council,Nutfield Parish Council,
6796,nuthall-parish-council,Nuthall Parish Council,
32340,nuthampstead-parish-council,Nuthampstead Parish Council,
37030,nuthurst-parish-council,Nuthurst Parish Council,https://www.nuthurst-pc.gov.uk
32059,nutley-parish-council,Nutley Parish Council,
36219,nymet-rowland-parish-council,Nymet Rowland Parish Council,
31899,nympsfield-parish-council,Nympsfield Parish Council,
4440,nynehead-parish-council,Nynehead Parish Council,https://nynehead.org/
4002,oakamoor-parish-council,Oakamoor Parish Council,https://www.oakamoorparishcouncil.gov.uk
6501,oakamoor-parish-council-1,Oakamoor Parish Council,
3674,oake-parish-council,Oake Parish Council,https://www.oake.org.uk/
35393,oakengates-parish-council,Oakengates Parish Council,
31059,oakford-parish-council,Oakford Parish Council,
36861,oakham-parish-council,Oakham Parish Council,
6396,oakhanger-parish-council,Oakhanger Parish Council,
5535,oakley-parish-council,Oakley Parish Council,
4647,oakley-and-deane-parish-council,Oakley and Deane Parish Council,https://www.oakleyanddeane-pc.gov.uk
6561,oaksey-parish-council,Oaksey Parish Council,
32879,oakthorpe-and-donisthorpe-parish-council,Oakthorpe and Donisthorpe Parish Council,
6159,oare-parish-meeting,Oare Parish Meeting,
36863,obearn-parish-council,Obearn Parish Council,
36864,obedience-parish-council,Obedience Parish Council,
4537,occold-parish-council,Occold Parish Council,https://www.occold-pc.gov.uk
30934,ockbrook-and-borrowash-parish-council,Ockbrook and Borrowash Parish Council,
32173,ocle-pychard-group-parish-council,Ocle Pychard Group Parish Council,
4441,odcombe-parish-council,Odcombe Parish Council,http://www.odcombeparishcouncil.gov.uk/PARISH_COUNCIL_25713.aspx
30323,odd-rode-parish-council,Odd Rode Parish Council,
34525,oddington-parish-meeting,Oddington Parish Meeting,
30028,odell-parish-council,Odell Parish Council,
31432,odiham-parish-council,Odiham Parish Council,
5452,odstock-parish-council,Odstock Parish Council,https://www.odstock-pc.org.uk
36220,offerton-parish-council,Offerton Parish Council,
32341,offley-parish-council,Offley Parish Council,
30169,offord-cluny-and-offord-darcy-parish-council,Offord Cluny and Offord D'arcy Parish Council,
37147,ogbourne-st-andrew-parish-council,Ogbourne St Andrew Parish Council,
6563,ogbourne-st-george-parish-council,Ogbourne St George Parish Council,
37156,ogbourne-st-george-parish-council-1,Ogbourne St. George Parish Council,
31435,ogdby-parish-council,Ogdby Parish Council,
31436,oger-parish-council,Oger Parish Council,
31437,ogleton-parish-council,Ogleton Parish Council,
31438,ogling-parish-council,Ogling Parish Council,
31439,ogsden-parish-council,Ogsden Parish Council,
6377,ogwell,Ogwell,
31007,ogwell-parish-council,Ogwell Parish Council,
5116,okehampton-hamlets-parish,Okehampton Hamlets Parish,https://www.okehamptonhamlets-pc.gov.uk
30969,okehampton-hamlets-parish-parish-council,Okehampton Hamlets Parish Parish Council,https://www.okehamptonhamlets-pc.gov.uk
30970,okehampton-town-parish-council,Okehampton Town Parish Council,https://www.okehampton.gov.uk
6502,okeover-parish-council,Okeover Parish Council,
4648,old-basing-and-lychpit-parish-council,Old Basing and Lychpit Parish Council,https://www.oldbasing.gov.uk
3572,old-bolsover-town-council,Old Bolsover Town Council,https://www.oldbolsovertowncouncil.gov.uk
5695,old-buckenham-parish-council,Old Buckenham Parish Council,
36221,old-byland-and-scawton-parish-council,Old Byland and Scawton Parish Council,
5713,old-catton-parish-council,Old Catton Parish Council,
4762,old-cleeve-parish-council,Old Cleeve Parish Council,https://www.oldcleeveparishcouncil.org/
6957,old-denaby-parish-council,Old Denaby Parish Council,
33374,old-hunstanton-parish-council,Old Hunstanton Parish Council,
30885,old-hutton-and-holmescales-parish-council,Old Hutton and Holmescales Parish Council,https://www.oldhuttonparishcouncil.gov.uk
32724,old-laund-booth-parish-council,Old Laund Booth Parish Council,
33066,old-leake-parish-council,Old Leake Parish Council,
34767,old-marston-parish-council,Old Marston Parish Council,
36601,old-milverton-parish-council,Old Milverton Parish Council,
5911,old-newton-with-dagworth-and-gipping-parish-council,Old Newton with Dagworth and Gipping Parish Council,
32594,old-romney-parish-council,Old Romney Parish Council,
34217,old-stratford-parish-council,Old Stratford Parish Council,https://www.oldstratfordparishcouncil.gov.uk
30246,old-warden-parish-council,Old Warden Parish Council,
33199,old-woughton-parish-council,Old Woughton Parish Council,
36602,oldberrow-parish-council,Oldberrow Parish Council,
36222,oldstead-parish-council,Oldstead Parish Council,
5183,olivers-battery-parish-council,Oliver's Battery Parish Council,https://www.oliversbattery-pc.gov.uk
30360,ollerton-parish-council,Ollerton Parish Council,
34439,ollerton-and-boughton-parish-council,Ollerton and Boughton Parish Council,
30324,ollerton-with-marthall-parish-council,Ollerton with Marthall Parish Council,
37270,ombersley-parish-council,Ombersley Parish Council,https://www.odpc.co.uk/
36223,ompton-parish-council,Ompton Parish Council,
4938,onecote-parish-council,Onecote Parish Council,https://onecote.wixsite.com/onecote/parish-council
5325,onecote-parish-council-1,Onecote Parish Council,https://onecote.wixsite.com/onecote/parish-council
5351,onehouse-parish-council,Onehouse Parish Council,https://www.onehouseparishcouncil.gov.uk
31644,ongar-town-council,Ongar Town Council,https://www.ongartowncouncil.gov.uk
5016,onibury-parish-council,Onibury Parish Council,https://www.oniburyparishcouncil.gov.uk
30171,orchard-park-parish-council,Orchard Park Parish Council,
5453,orcheston-parish-council,Orcheston Parish Council,https://www.orcheston-pc.gov.uk
34356,ord-parish-council,Ord Parish Council,
35228,orford-parish-council,Orford Parish Council,
32486,orlestone-parish-council,Orlestone Parish Council,
34089,orlingbury-parish-council,Orlingbury Parish Council,https://www.orlingbury-pc.gov.uk
33445,ormesby-st-margaret-with-scratby-parish-council,Ormesby St. Margaret with Scratby Parish Council,
33446,ormesby-st-michael-parish-council,Ormesby St. Michael Parish Council,
6474,orston-parish-council,Orston Parish Council,
4568,orton-longueville-parish-council,Orton Longueville Parish Council,https://www.ortonlongueville-pc.gov.uk
30762,orton-parish-council,Orton Parish Council,https://www.ortonpc-carlisle.org.uk
4569,orton-waterville-parish-council,Orton Waterville Parish Council,https://www.ortonwaterville-pc.gov.uk
30172,orwell-parish-council,Orwell Parish Council,
32725,osbaldeston-parish-council,Osbaldeston Parish Council,
32806,osbaston-parish-council,Osbaston Parish Council,https://www.osbastonpc.org.uk
33068,osbournby-parish-council,Osbournby Parish Council,
33790,osgodby-parish-council,Osgodby Parish Council,
33791,osmotherley-area-parish-council,Osmotherley Area Parish Council,
32595,ospringe-parish-council,Ospringe Parish Council,
6677,oswaldkirk-parish-meeting,Oswaldkirk (Parish Meeting),
3622,oswestry-town-council,Oswestry Town Council,https://www.oswestry-tc.gov.uk
32647,otford-parish-council,Otford Parish Council,
32399,otham-parish-council,Otham Parish Council,https://www.othamparishcouncil.gov.uk
3675,othery-parish-council,Othery Parish Council,https://othery.org.uk/
5184,otterbourne-parish-council,Otterbourne Parish Council,https://www.otterbourne-pc.gov.uk
6983,otterburn-parish-meeting,Otterburn (Parish Meeting),
32596,otterden-parish-council,Otterden Parish Council,
4442,otterford-parish-council,Otterford Parish Council,http://www.otterfordparishcouncil.org/
3891,otterham-parish-council,Otterham Parish Council,https://www.hugofox.com/community/otterham-parish-council-7863/home
4763,otterhampton-parish-council,Otterhampton Parish Council,https://www.otterhamptonparishcouncil.gov.uk
31103,ottery-st-mary-parish-council,Ottery St. Mary Parish Council,
6678,oulston-parish-meeting,Oulston (Parish Meeting),
35278,oulton-broad-parish-council,Oulton Broad Parish Council,
6233,oulton-parish-council,Oulton Parish Council,
34090,oundle-town-council,Oundle Town Council,https://www.oundle.gov.uk
30886,ousby-parish-council,Ousby Parish Council,
4843,ousden-parish-council,Ousden Parish Council,https://www.ousdenparishcouncil.gov.uk
30630,ouston-parish-council,Ouston Parish Council,
33375,outwell-parish-council,Outwell Parish Council,
35355,outwood-parish-council,Outwood Parish Council,
5326,outwoods-parish-council,Outwoods Parish Council,http://www.outwoodsparishcouncil.org.uk/
30325,over-alderley-parish-council,Over Alderley Parish Council,https://www.overalderleyparishcouncil.gov.uk
3983,over-haddon-parish-council,Over Haddon Parish Council,https://www.overhaddonparish.org.uk
32727,over-kellet-parish-council,Over Kellet Parish Council,
34738,over-norton-parish-council,Over Norton Parish Council,
30173,over-parish-council,Over Parish Council,
36900,over-whitacre-parish-council,Over Whitacre Parish Council,
34218,overstone-parish-council,Overstone Parish Council,https://www.overstone-pc.gov.uk
33275,overstrand-parish-council,Overstrand Parish Council,https://www.overstrandparishcouncil.org.uk
6738,overton-parish-meeting,Overton (Parish Meeting),
5148,overton-parish-council,Overton Parish Council,https://www.overton-pc.gov.uk
5696,ovington-parish-council,Ovington Parish Council,
31900,owlpen-parish-meeting,Owlpen Parish Meeting,
33070,owmby-by-spital-parish-council,Owmby-by-spital Parish Council,
7058,owthorpe-parish-meeting,Owthorpe Parish Meeting,
5206,oxborough-parish-council,Oxborough Parish Council,https://www.oxboroughparishcouncil.gov.uk
31849,oxenhall-parish-meeting,Oxenhall Parish Meeting,
36718,oxhill-parish-council,Oxhill Parish Council,
30006,oxspring-parish-council,Oxspring Parish Council,
35356,oxted-parish-council,Oxted Parish Council,
6679,oxton-parish-meeting,Oxton (Parish Meeting),
6912,oxton-parish-council,Oxton Parish Council,
31815,ozleworth-parish-meeting,Ozleworth Parish Meeting,
32597,paddock-wood-parish-council,Paddock Wood Parish Council,
32729,padiham-parish-council,Padiham Parish Council,
3559,padstow-town-council,Padstow Town Council,http://www.padstow-tc.gov.uk
36869,painsley-parish-council,Painsley Parish Council,
4844,pakenham-parish-council,Pakenham Parish Council,https://www.pakenham-pc.gov.uk
36871,palmers-green-parish-council,Palmers Green Parish Council,
36873,pannage-parish-council,Pannage Parish Council,
4705,pannal-and-burn-bridge,Pannal and Burn Bridge,https://www.pannalandburnbridge-pc.gov.uk
33792,pannal-and-burn-bridge-parish-council,Pannal and Burn Bridge Parish Council,https://www.pannalandburnbridge-pc.gov.uk
36874,papley-parish-council,Papley Parish Council,
30175,papworth-everard-parish-council,Papworth Everard Parish Council,
36226,papworth-st-agnes-parish-council,Papworth St. Agnes Parish Council,
32730,parbold-parish-council,Parbold Parish Council,
6857,parracombe-parish-council,Parracombe Parish Council,
30081,parson-drove-parish-council,Parson Drove Parish Council,https://www.parsondrove-pc.gov.uk
35406,partington-parish-council,Partington Parish Council,
30765,parton-parish-council,Parton Parish Council,
3984,parwich-parish-council,Parwich Parish Council,https://www.parwichparishcouncil.gov.uk
37127,patching-parish-council,Patching Parish Council,
35137,patchway-parish-council,Patchway Parish Council,
6564,patney-parish-council,Patney Parish Council,
5237,patrick-brompton,Patrick Brompton,https://www.patrickbromptonparishcouncil.gov.uk
30887,patterdale-parish-council,Patterdale Parish Council,https://www.patterdale-pc.gov.uk
6503,pattingham-and-patshull-parish-council,Pattingham and Patshull Parish Council,
34220,pattishall-parish-council,Pattishall Parish Council,https://www.pattishallparish.gov.uk
36227,paul-parish-council,Paul Parish Council,
31850,pauntley-parish-council,Pauntley Parish Council,https://www.pauntleyparishcouncil.gov.uk
30029,pavenham-parish-council,Pavenham Parish Council,
30116,paxton-parish-council,Paxton Parish Council,https://www.paxton-parish.org.uk
36228,paythorne-parish-council,Paythorne Parish Council,
3590,peacehaven-town-council,Peacehaven Town Council,https://www.peacehaventowncouncil.gov.uk
3707,peacehaven-town-council-1,Peacehaven Town Council,https://www.peacehaventowncouncil.gov.uk
3991,peak-forest-parish-council,Peak Forest Parish Council,https://www.peakforestparishcouncil.org.uk
4570,peakirk-parish-council,Peakirk Parish Council,https://www.peakirk-pc.gov.uk
36981,peasemore-parish-council,Peasemore Parish Council,https://www.peasemore-pc.gov.uk
37272,pebworth-parish-council,Pebworth Parish Council,
30326,peckforton-parish-meeting,Peckforton Parish Meeting,
34358,pegswood-parish-council,Pegswood Parish Council,https://www.longhorsley-pc.gov.uk
5555,pelynt-parish-council,Pelynt Parish Council,
32176,pembridge-parish-council,Pembridge Parish Council,
4443,pen-selwood-parish-council,Pen Selwood Parish Council,http://penselwood.ning.com/page/parish-council
32177,pencombe-group-parish-council,Pencombe Group Parish Council,
36229,penhurst-parish-council,Penhurst Parish Council,
30007,penistone-parish-council,Penistone Parish Council,
4480,penkridge-parish-council,Penkridge Parish Council,https://www.penkridgeparishcouncil.co.uk/
30888,pennington-parish-council,Pennington Parish Council,https://www.pennington-pc.gov.uk
30889,penrith-town-council,Penrith Town Council,https://www.penrithtowncouncil.gov.uk
3560,penryn-town-council,Penryn Town Council,https://www.penryntowncouncil.co.uk/
32427,penshurst-parish-council,Penshurst Parish Council,https://www.penshurstparishcouncil.org.uk
3892,pentewan-valley-parish-council,Pentewan Valley Parish Council,https://www.pentewanvalley-pc.gov.uk
33376,pentney-parish-council,Pentney Parish Council,
6869,penton-grafton-and-penton-mewsey-parish-council,Penton Grafton and Penton Mewsey Parish Council,
32732,penwortham-parish-council,Penwortham Parish Council,
3561,penzance-town-council,Penzance Town Council,https://www.penzance-tc.gov.uk/
30361,peover-inferior-parish-council,Peover Inferior Parish Council,
36230,peover-su-parish-council,Peover Su Parish Council,
36603,peover-superior-parish-council,Peover Superior Parish Council,
30327,peover-superior-and-snelson-parish-council,Peover Superior and Snelson Parish Council,
34440,perlethorpe-cum-budby-parish-council,Perlethorpe cum Budby Parish Council,
7048,perlethorpe-cum-budby-parish-meeting,Perlethorpe-cum-Budby Parish Meeting,
3893,perranarworthal-parish-council,Perranarworthal Parish Council,http://www.parish-council.com/perranarworthal/
3894,perranuthnoe-parish-council,Perranuthnoe Parish Council,https://www.perranuthnoepc.info/
3895,perranzabuloe-parish-council,Perranzabuloe Parish Council,https://www.perranzabuloe-pc.gov.uk
37274,pershore-parish-council,Pershore Parish Council,
30030,pertenhall-parish-council,Pertenhall Parish Council,
4481,perton-parish-council,Perton Parish Council,http://www.pertonparishcouncil.gov.uk
30117,peterborough-city-council,Peterborough City Council,
3712,petersfield-town-council,Petersfield Town Council,https://www.petersfield-tc.gov.uk
4950,petham,Petham,https://www.pethamparishcouncil.gov.uk
32518,petham-parish-council,Petham Parish Council,https://www.pethamparishcouncil.gov.uk
36231,petton-parish-council,Petton Parish Council,
37086,petworth-parish-council,Petworth Parish Council,
4050,pevensey-parish-council,Pevensey Parish Council,https://www.pevenseyparishcouncil.gov.uk
4862,pewsey-parish-council,Pewsey Parish Council,http://www.pewsey-pc.gov.uk
6180,philleigh-parish-meeting,Philleigh Parish Meeting,
4306,pickering,Pickering,https://www.pickering.gov.uk
33794,pickering-parish-council,Pickering Parish Council,https://www.pickering.gov.uk
6269,pickhill-with-roxby-and-sinderby,Pickhill with Roxby and Sinderby,
33795,pickhill-with-roxby-and-sinderby-parish-council,Pickhill with Roxby and Sinderby Parish Council,
30328,pickmere-parish-council,Pickmere Parish Council,https://www.pickmereparishcouncil.gov.uk
6099,pickworth-parish-meeting,Pickworth Parish Meeting,
5486,picton-parish-meeting,Picton (Parish Meeting),https://www.pictonparish.gov.uk
4613,piddinghoe-parish-council-1,Piddinghoe Parish Council,https://www.piddinghoe-pc.org.uk
34526,piddington-parish-council,Piddington Parish Council,
3802,piddington-and-wheeler-end-parish-council,Piddington and Wheeler End Parish Council,https://www.piddingtonandwheelerend-pc.gov.uk
30118,pidley-cum-fen-drayton-parish-council,Pidley cum Fen Drayton Parish Council,https://www.pidley-fendrayton-pc.gov.uk
30176,pidley-cum-fenton-parish-council,Pidley cum Fenton Parish Council,
3896,pillaton-parish-council,Pillaton Parish Council,https://pillaton.org.uk/
36719,pillerton-hersey-parish-council,Pillerton Hersey Parish Council,
36720,pillerton-priors-parish-council,Pillerton Priors Parish Council,
32733,pilling-parish-council,Pilling Parish Council,
4015,pilsley-parish-council,Pilsley Parish Council,https://www.pilsleyparishcouncil.gov.uk
4444,pilton-parish-council,Pilton Parish Council,https://www.piltonparishcouncil.org/
5938,pilton-west-parish-council,Pilton West Parish Council,
33072,pinchbeck-parish-council,Pinchbeck Parish Council,
5570,pinxton-parish-council,Pinxton Parish Council,
32180,pipe-and-lyde-parish-council,Pipe and Lyde Parish Council,
35336,pirbright-parish-council,Pirbright Parish Council,
32342,pirton-parish-council,Pirton Parish Council,
31902,pitchcombe-parish-council,Pitchcombe Parish Council,https://www.pitchcombe-pc.gov.uk
36233,pitchcott-parish-council,Pitchcott Parish Council,
4445,pitcombe-parish-council,Pitcombe Parish Council,http://pitcombepc.org.uk/
4446,pitminster-parish-council,Pitminster Parish Council,https://www.pitminsterparish.org.uk/index.php
4447,pitney-parish-council,Pitney Parish Council,https://sites.google.com/site/pitneyparishcouncil/home
34222,pitsford-parish-council,Pitsford Parish Council,https://www.pitsfordparishcouncil.org.uk
5536,pitstone-parish-council,Pitstone Parish Council,
5454,pitton-and-farley-parish-council,Pitton and Farley Parish Council,https://www.pittonandFarley-pc.gov.uk
32181,pixley-district-parish-council,Pixley & District Parish Council,
37087,plaistow-parish-council,Plaistow Parish Council,
5117,plasterdown-grouped-parish,Plasterdown Grouped Parish,https://www.plasterdownparishcouncil.gov.uk
30972,plasterdown-grouped-parish-parish-council,Plasterdown Grouped Parish Parish Council,https://www.plasterdownparishcouncil.gov.uk
5196,platt-parish-council,Platt Parish Council,https://www.plattparishcouncil.gov.uk
5069,pleasley-parish-council,Pleasley Parish Council,https://www.pleasleyparishcouncil.gov.uk
34359,plenmeller-with-whitfield-parish-council,Plenmeller with Whitfield Parish Council,https://www.plenmellerwithwhitfield-pc.gov.uk
33979,plompton-parish-council,Plompton Parish Council,
5652,pluckley,Pluckley,
32487,pluckley-parish-council,Pluckley Parish Council,
30766,plumbland-parish-council,Plumbland Parish Council,https://www.plumblandparishcouncil.org.uk
30370,plumley-parish-council,Plumley Parish Council,
30329,plumley-with-toft-bexton-parish-council,Plumley with Toft & Bexton Parish Council,
4052,plumpton-parish-council,Plumpton Parish Council,https://www.plumptonparishcouncil.gov.uk
31060,plymtree-parish-council,Plymtree Parish Council,
5812,pockley,Pockley,
30031,podington-parish-council,Podington Parish Council,
4679,pointon-sempringham-parish-council,Pointon & Sempringham Parish Council,https://www.pointon-pc.gov.uk
34091,polebrook-parish-council,Polebrook Parish Council,https://www.polebrookparishcouncil.gov.uk
3591,polegate-town-council,Polegate Town Council,https://www.polegatetowncouncil.gov.uk
36901,polesworth-parish-council,Polesworth Parish Council,
30522,polperro-parish-council,Polperro Parish Council,http://www.polperrocommunitycouncil.gov.uk/
4506,polstead-parish-council,Polstead Parish Council,https://www.polstead-pc.gov.uk
31061,poltimore-parish-council,Poltimore Parish Council,
3897,ponsanooth-parish-council,Ponsanooth Parish Council,https://www.ponsanooth-pc.gov.uk
30767,ponsonby-parish-council,Ponsonby Parish Council,https://www.calderbridgeandponsonby-pc.gov.uk
36234,pontefract-parish-council,Pontefract Parish Council,
32789,pool-parish-council,Pool Parish Council,
31816,poole-keynes-parish-meeting,Poole Keynes Parish Meeting,
36604,poole-parish-council,Poole Parish Council,
36235,popham-parish-council,Popham Parish Council,
4222,poringland-parish-council,Poringland Parish Council,https://www.poringland-pc.gov.uk
33514,portbury-parish-council,Portbury Parish Council,
3562,porthleven-town-council,Porthleven Town Council,https://www.porthleventc.org.uk
33515,portishead-parish-council,Portishead Parish Council,
3898,portreath-parish-council,Portreath Parish Council,https://www.portreath-pc.gov.uk
4845,poslingford-parish-council,Poslingford Parish Council,https://www.poslingford-pc.gov.uk
32598,postling-parish-council,Postling Parish Council,
4179,postwick-witton-parish-council,Postwick (Witton) Parish Council,https://www.postwickwitton-pc.gov.uk
33447,postwick-with-witton-parish-council,Postwick with Witton Parish Council,
36605,potsgrove-parish-council,Potsgrove Parish Council,
30330,pott-shrigley-parish-council,Pott Shrigley Parish Council,https://www.pottshrigley-pc.gov.uk
33278,potter-heigham-parish-council,Potter Heigham Parish Council,https://www.phpc.norfolkparishes.gov.uk
5455,potterne-parish-council,Potterne Parish Council,https://www.potterne-pc.gov.uk
36236,potters-marston-parish-council,Potters Marston Parish Council,
34223,potterspury-parish-council,Potterspury Parish Council,https://www.potterspuryparishcouncil.gov.uk
5813,potto,Potto,
30247,potton-parish-council,Potton Parish Council,
31062,poughill-parish-council,Poughill Parish Council,
6565,poulshot-parish-council,Poulshot Parish Council,
31965,poulton-parish-council,Poulton Parish Council,
30438,poulton-and-pulford-parish-council,Poulton and Pulford Parish Council,
6720,powderham-parish-meeting,Powderham (Parish Meeting),
30331,poynton-town-council,Poynton Town Council,https://www.poyntontowncouncil.gov.uk
30371,poynton-with-worth-parish-council,Poynton with Worth Parish Council,
36606,poynton-with-worth-parish-council-1,Poynton-with-Worth Parish Council,
5873,prees-parish-council,Prees Parish Council,
32660,prescot-parish-council,Prescot Parish Council,
5456,preshute-parish-council,Preshute Parish Council,https://www.preshutepc.org.uk
30332,prestbury-parish-council,Prestbury Parish Council,https://www.prestbury.gov.uk
5537,preston-bissett-parish-council,Preston Bissett Parish Council,
32060,preston-candover-parish-council,Preston Candover Parish Council,
30891,preston-richard-parish-council,Preston Richard Parish Council,
5896,preston-st-mary-parish-council,Preston St Mary Parish Council,
5238,preston-under-scar,Preston under Scar,https://www.prestonunderscar-pc.gov.uk
33798,preston-under-scar-parish-council,Preston under Scar Parish Council,https://www.prestonunderscar-pc.gov.uk
36722,preston-on-stour-parish-council,Preston-on-Stour Parish Council,
33980,preston-under-scar-parish-council-1,Preston-under-scar Parish Council,
36607,prestwold-parish-council,Prestwold Parish Council,
3747,priddy-parish-council,Priddy Parish Council,https://priddyparish.gov.uk
32735,priest-hutton-parish-council,Priest Hutton Parish Council,
3542,princes-risborough-town-council,Princes Risborough Town Council,https://www.princesrisboroughtowncouncil.gov.uk
7012,privett-parish-meeting,Privett Parish Meeting,
3900,probus-parish-council,Probus Parish Council,http://www.probusparishcouncil.gov.uk/
32298,puckeridge-parish-council,Puckeridge Parish Council,
6160,puckington-parish-meeting,Puckington Parish Meeting,
35138,pucklechurch-parish-council,Pucklechurch Parish Council,
33448,pudding-norton-parish-council,Pudding Norton Parish Council,
30439,puddington-parish-council,Puddington Parish Council,
37032,pulborough-parish-council,Pulborough Parish Council,
4223,pulham-market-parish-council,Pulham Market Parish Council,https://www.pulhammarket.gov.uk
4224,pulham-st-mary-parish-council,Pulham St Mary Parish Council,https://www.pulhamstmarypc.org.uk
33449,pulham-st-mary-parish-council-1,Pulham St. Mary Parish Council,
30248,pulloxhill-parish-council,Pulloxhill Parish Council,
3678,puriton-parish-council,Puriton Parish Council,https://puritonparishcouncil.org/
36982,purley-on-thames-parish-council,Purley on Thames Parish Council,
5457,purton-parish-council,Purton Parish Council,https://www.purtonparishcouncil.gov.uk
37130,pyecombe-parish-council,Pyecombe Parish Council,
7060,pylle-parish-meeting,Pylle Parish Meeting,
34607,pyrton-parish-council,Pyrton Parish Council,
34092,pytchley-parish-council,Pytchley Parish Council,https://www.pytchleyparishcouncil.gov.uk
5538,quainton-parish-council,Quainton Parish Council,
4003,quarnford-parish-council,Quarnford Parish Council,https://quarnfordparishcouncil.org/
4727,quatt-malvern-parish-council,Quatt Malvern Parish Council,https://www.quattmalvernparishcouncil.gov.uk
3679,queen-camel-parish-council,Queen Camel Parish Council,https://queencamelpc.org.uk/
32599,queenborough-parish-council,Queenborough Parish Council,
36608,queenhill-parish-council,Queenhill Parish Council,
5970,quendon-and-rickling,Quendon and Rickling,
31748,quendon-and-rickling-parish-council,Quendon and Rickling Parish Council,
3901,quethiock-parish-council,Quethiock Parish Council,https://quethiockparishcouncil.gov.uk/
5458,quidhampton-parish-council,Quidhampton Parish Council,https://parishcouncil.quidhampton.org.uk/
36725,quinton-parish-council,Quinton Parish Council,
32884,quorn-parish-council,Quorn Parish Council,
4180,rackheath-parish-council,Rackheath Parish Council,https://www.rackheathparishcouncil.org.uk
36609,radbourn-parish-council,Radbourn Parish Council,
36726,radbourne-parish-meeting,Radbourne Parish Meeting,
34441,radcliffe-on-trent-parish-council-1,Radcliffe on Trent Parish Council,
6475,radcliffe-on-trent-parish-council,Radcliffe-on-Trent Parish Council,
5539,radclive-cum-chackmore-parish-council,Radclive-cum-Chackmore Parish Council,
36876,radford-parish-council,Radford Parish Council,
6207,radnage-parish-council,Radnage Parish Council,
36878,radnor-parish-council,Radnor Parish Council,
35130,radstock-parish-council,Radstock Parish Council,
36727,radway-parish-council,Radway Parish Council,
32343,radwell-parish-council,Radwell Parish Council,
6386,radwinter,Radwinter,
31749,radwinter-parish-council,Radwinter Parish Council,
34442,ragnall-parish-council,Ragnall Parish Council,
32672,rainford-parish-council,Rainford Parish Council,
32400,rainham-parish-council,Rainham Parish Council,
35148,rainhill-parish-council,Rainhill Parish Council,
30333,rainow-parish-council,Rainow Parish Council,
4996,rainton-with-newby,Rainton with Newby,https://www.raintonparishcouncil.gov.uk
6913,rainworth-parish-council,Rainworth Parish Council,
36237,raithby-cum-maltby-parish-council,Raithby cum Maltby Parish Council,
34443,rampton-and-woodbeck-parish-council,Rampton and Woodbeck Parish Council,
36238,ramsden-bellhous-parish-council,Ramsden Bellhous Parish Council,
34739,ramsden-parish-council,Ramsden Parish Council,
30119,ramsey-parish-council,Ramsey Parish Council,https://www.ramsey-parish.gov.uk
32648,ramsgate-parish-council,Ramsgate Parish Council,
36239,ramsholt-parish-council,Ramsholt Parish Council,
6968,ramshorn-parish-council,Ramshorn Parish Council,
33077,ranby-parish-council,Ranby Parish Council,
6680,rand-grange-parish-meeting,Rand Grange (Parish Meeting),
31903,randwick-and-westrip-parish-council,Randwick and Westrip Parish Council,https://www.randwickandwestrip-pc.gov.uk
34444,ranskill-parish-council,Ranskill Parish Council,
5328,ranton-parish-council,Ranton Parish Council,http://www.ranton.info/ranton/page.asp?code=rpc
5814,raskelf,Raskelf,
33800,raskelf-parish-council,Raskelf Parish Council,
32885,ratby-parish-council,Ratby Parish Council,
34445,ratcliffe-on-soar-parish-council,Ratcliffe on Soar Parish Council,
6745,ratcliffe-on-soar-parish-meeting,Ratcliffe-on-Soar Parish Meeting,
34030,rathmell-parish-council,Rathmell Parish Council,
6029,ratlinghope-and-wentnor-parish-council,Ratlinghope and Wentnor Parish Council,
34093,raunds-town-council,Raunds Town Council,https://www.raunds-tc.gov.uk
6802,raveningham-parish-meeting,Raveningham Parish Meeting,
30032,ravensden-parish-council,Ravensden Parish Council,
4340,ravenshead-parish-council,Ravenshead Parish Council,https://www.ravensheadpc.org.uk
34226,ravensthorpe-parish-council,Ravensthorpe Parish Council,
32829,ravenstone-with-snibstone-parish-council,Ravenstone with Snibstone Parish Council,https://www.ravenstone-snibstone.gov.uk
30892,ravenstonedale-parish-council,Ravenstonedale Parish Council,
33801,ravensworth-parish-council,Ravensworth Parish Council,
32786,rawdon-parish-council,Rawdon Parish Council,
4507,raydon-parish-council,Raydon Parish Council,https://www.raydonparishcouncil.gov.uk
33279,raynham-parish-council,Raynham Parish Council,
30121,reach-parish-council,Reach Parish Council,https://www.reach-pc.gov.uk
4560,red-lodge-parish-council,Red Lodge Parish Council,https://www.redlodgeparishcouncil.gov.uk
32344,redbourn-parish-council,Redbourn Parish Council,
6773,rede-parish-meeting,Rede Parish Meeting,
3610,redenhall-with-harleston-town-council,Redenhall with Harleston Town Council,https://www.harleston-tc.gov.uk
4820,redgrave-parish-council,Redgrave Parish Council,https://www.redgrave-pc.gov.uk
4914,redlingfield-parish-meeting,Redlingfield Parish Meeting,https://www.redlingfieldparishcouncil.gov.uk
6566,redlynch-parish-council,Redlynch Parish Council,
31851,redmarley-parish-council,Redmarley Parish Council,
5815,redmire,Redmire,
33802,redmire-parish-council,Redmire Parish Council,
3563,redruth-town-council,Redruth Town Council,https://www.redruth-tc.gov.uk
32345,reed-parish-council,Reed Parish Council,
4181,reedham-parish-council,Reedham Parish Council,https://www.reedhamparishcouncil.gov.uk
4182,reepham-parish-council,Reepham Parish Council,https://www.reephamtowncouncil.gov.uk
33981,reeth-fremington-and-healaugh-parish-council-1,"Reeth, Fremington and Healaugh Parish Council",
6017,reeth-fremington-and-healaugh,Reeth; Fremington and Healaugh,
33982,reighton-parish-council,Reighton Parish Council,
4307,reighton-and-speeton,Reighton and Speeton,https://www.reightonspeeton-pc.gov.uk
6938,rempstone-parish-council,Rempstone Parish Council,
31968,rendcomb-parish-council,Rendcomb Parish Council,
30033,renhold-parish-council,Renhold Parish Council,
33450,repps-with-bastwick-parish-council,Repps with Bastwick Parish Council,
33079,revesby-parish-council,Revesby Parish Council,
35280,reydon-parish-council,Reydon Parish Council,
34446,rhodesia-parish-council,Rhodesia Parish Council,
33805,ribble-banks-group-parish-council,Ribble Banks Group Parish Council,
32740,ribby-with-wrea-parish-council,Ribby-with-wrea Parish Council,
33080,riby-parish-council,Riby Parish Council,
4308,riccall,Riccall,https://www.riccallparishcouncil.gov.uk
32184,richards-castle-herefordshire-parish-council,Richard's Castle (Herefordshire) Parish Council,
4374,richards-castle-parish-council,Richards Castle Parish Council,https://www.richardscastle-shropshire-pc.gov.uk
6103,riddlesworth-parish-meeting,Riddlesworth Parish Meeting,
30249,ridgmont-parish-council,Ridgmont Parish Council,
36610,ridley-parish-council,Ridley Parish Council,
6136,rievaulx-parish-meeting,Rievaulx (Parish Meeting),
5817,rillington,Rillington,
32742,rimington-parish-council,Rimington Parish Council,
5029,rimpton-parish-council,Rimpton Parish Council,https://rimptonpc.org.uk/
4183,ringland-parish-council,Ringland Parish Council,https://www.ringlandparishcouncil.gov.uk
4053,ringmer-parish-council,Ringmer Parish Council,https://www.ringmerparishcouncil.gov.uk
4614,ringmer-parish-council-1,Ringmer Parish Council,https://www.ringmerparishcouncil.gov.uk
35281,ringsfield-parish-council,Ringsfield Parish Council,
4542,ringshall-parish-council,Ringshall Parish Council,https://www.ringshall-pc.gov.uk
34094,ringstead-parish-council,Ringstead Parish Council,https://www.ringsteadpc.gov.uk
36244,ringway-parish-council,Ringway Parish Council,
32038,ringwood-town-council,Ringwood Town Council,https://www.ringwood.gov.uk
32600,ringwould-with-kingsdown-parish-council,Ringwould with Kingsdown Parish Council,
6453,ripley,Ripley,
33809,ripley-parish-council,Ripley Parish Council,
4310,ripon,Ripon,https://www.riponcity.gov.uk
33810,ripon-parish-council,Ripon Parish Council,https://www.riponcity.gov.uk
5996,rippingale-parish-council,Rippingale Parish Council,
37223,ripple-parish-council,Ripple Parish Council,
4846,risby-parish-council,Risby Parish Council,https://www.risbyparishcouncil.gov.uk
32456,riseden-parish-council,Riseden Parish Council,https://www.risedenpc.org.uk
30034,riseley-parish-council,Riseley Parish Council,
5503,rishangles-parish-meeting,Rishangles Parish Meeting,https://www.midsuffolk.gov.uk
31794,rivenhall-parish-council,Rivenhall Parish Council,
32601,river-parish-council,River Parish Council,
32602,riverhead-parish-council,Riverhead Parish Council,
36245,rivington-parish-council,Rivington Parish Council,
34227,roade-parish-council,Roade Parish Council,https://www.roadeparishcouncil.gov.uk
5329,rocester-parish-council,Rocester Parish Council,https://rocesterparishcouncil.com/
3902,roche-parish-council,Roche Parish Council,https://www.rocheparishcouncil.gov.uk/
34410,rochester-parish-council,Rochester Parish Council,
30768,rockcliffe-parish-council,Rockcliffe Parish Council,https://www.rockcliffeparishcouncil.org.uk
34095,rockingham-parish-council,Rockingham Parish Council,
33451,rockland-st-mary-parish-council,Rockland St. Mary Parish Council,
31904,rodborough-parish-council,Rodborough Parish Council,https://www.rodborough.gov.uk
36611,roddam-parish-council,Roddam Parish Council,
4883,rode-parish-council,Rode Parish Council,https://www.rodeparishcouncil.gov.uk
31991,rodmarton-parish-council,Rodmarton Parish Council,
5951,rodmell-parish-council-1,Rodmell Parish Council,
5948,rodmell-parish-council,Rodmell Parish Council,
32603,rodmersham-parish-council,Rodmersham Parish Council,
4448,rodney-stoke-parish-council,Rodney Stoke Parish Council,https://www.rodneystoke-pc.gov.uk
6213,rodsley-and-yeaveley,Rodsley And Yeaveley,
30929,rodsley-and-yeaveley-parish-council,Rodsley And Yeaveley Parish Council,
36246,rodsley-parish-council,Rodsley Parish Council,
36247,roeburndale-parish-council,Roeburndale Parish Council,
5239,roecliffe-and-westwick,Roecliffe and Westwick,https://www.roecliffewestwick-pc.gov.uk
33452,rollesby-parish-council,Rollesby Parish Council,
4482,rolleston-on-dove-parish-council,Rolleston on Dove Parish Council,https://rollestonondove-pc.gov.uk
34740,rollright-parish-council,Rollright Parish Council,
4082,rolvenden,Rolvenden,https://www.rolvendenparishcouncil.gov.uk
4311,romanby,Romanby,https://www.romanby-pc.gov.uk
33812,romanby-parish-council,Romanby Parish Council,https://www.romanby-pc.gov.uk
36612,romsey-extra-parish-council,Romsey Extra Parish Council,
3713,romsey-town-council,Romsey Town Council,https://www.romseytowncouncil.gov.uk
32061,rooksdown-parish-council,Rooksdown Parish Council,
36249,rookwith-parish-council,Rookwith Parish Council,
30334,rope-parish-council,Rope Parish Council,https://www.ropeparishcouncil.org.uk
5159,ropley-parish-council,Ropley Parish Council,https://www.ropleyparishcouncil.org.uk
4680,ropsley-district-parish-council,Ropsley & District Parish Council,https://www.ropsleyparishcouncil.gov.uk
33985,rosedale-east-side-parish-council,Rosedale East Side Parish Council,
6271,rosedale-east-and-west,Rosedale East and West,
33813,rosedale-east-and-west-parish-council,Rosedale East and West Parish Council,
36250,rosedale-west-side-parish-council,Rosedale West Side Parish Council,
32239,ross-on-wye-town-council,Ross-on-Wye Town Council,
6958,rossington-parish-council,Rossington Parish Council,
36613,rostherne-parish-council,Rostherne Parish Council,
34364,rothbury-parish-council,Rothbury Parish Council,
32062,rotherwick-parish-council,Rotherwick Parish Council,
34365,rothley-with-hollinghill-parish-council,Rothley with Hollinghill Parish Council,
34096,rothwell-town-council,Rothwell Town Council,https://www.rothwelltowncouncil.gov.uk
4147,roudham-and-larling-parish-council,Roudham and Larling Parish Council,https://www.roudhamandlarlingparishcouncil.gov.uk
5698,rougham-parish-council,Rougham Parish Council,
33814,rounton-parish-council,Rounton Parish Council,
34741,rousham-parish-meeting,Rousham Parish Meeting,
36251,routh-parish-council,Routh Parish Council,
5459,rowde-parish-council,Rowde Parish Council,https://www.rowdeparishcouncil.gov.uk
6090,rowland-parish-meeting,Rowland (Parish Meeting),
33083,rowston-parish-council,Rowston Parish Council,
30440,rowton-parish-council,Rowton Parish Council,
4312,roxby-group,Roxby Group,https://www.roxbygrouppc.org.uk
33815,roxby-group-parish-council,Roxby Group Parish Council,https://www.roxbygrouppc.org.uk
30035,roxton-parish-council,Roxton Parish Council,
36935,royal-leamington-spa-parish-council,Royal Leamington Spa Parish Council,
3727,royal-wootton-bassett-town-council,Royal Wootton Bassett Town Council,http://www.royalwoottonbassett.gov.uk
4226,roydon-parish-council,Roydon Parish Council,https://www.roydon-southnorfolk-pc.gov.uk
32299,royston-town-council,Royston Town Council,https://www.roystontowncouncil.org.uk
3903,ruan-lanihorne-parish-council,Ruan Lanihorne Parish Council,https://www.ruanlanihorne-pc.gov.uk
30481,ruanlanihorne-parish-council,Ruanlanihorne Parish Council,
31852,ruardean-parish-council,Ruardean Parish Council,
32489,ruckinge-parish-council,Ruckinge Parish Council,https://www.ruckinge-pc.gov.uk
36253,ruckl-parish-council,Ruckl Parish Council,
4342,ruckley-and-langley-parish-council,Ruckley and Langley Parish Council,https://www.actonburnell-pc.gov.uk
4313,rudby,Rudby,https://www.rudbyparishcouncil.gov.uk
33816,rudby-parish-council,Rudby Parish Council,https://www.rudbyparishcouncil.gov.uk
5253,ruddington-parish-council,Ruddington Parish Council,https://www.ruddingtonparishcouncil.gov.uk
31853,rudford-highleadon-parish-council,Rudford & Highleadon Parish Council,
36614,rudge-parish-council,Rudge Parish Council,
37033,rudgwick-parish-council,Rudgwick Parish Council,
30441,rudheath-parish-council,Rudheath Parish Council,
31444,rudston-parish-council,Rudston Parish Council,
6915,rufford-parish-council,Rufford Parish Council,
4902,rugeley-town-council,Rugeley Town Council,http://www.rugeleytowncouncil.gov.uk/
4765,ruishton-thornfalcon-parish-council,Ruishton & Thornfalcon Parish Council,https://ruishton.org.uk/
35112,ruishton-parish-council,Ruishton Parish Council,
35282,rumburgh-parish-council,Rumburgh Parish Council,
33377,runcton-holme-parish-council,Runcton Holme Parish Council,
33453,runton-parish-council,Runton Parish Council,
6567,rushall-parish-council,Rushall Parish Council,
4847,rushbrooke-with-rougham-parish-council,Rushbrooke with Rougham Parish Council,https://www.rushbrookewithrougham-pc.gov.uk
6030,rushbury-parish-council,Rushbury Parish Council,
32300,rushden-parish-council,Rushden Parish Council,https://www.rushden-pc.gov.uk
36615,rushmere-parish-council,Rushmere Parish Council,
6969,rushton-parish-council-1,Rushton Parish Council,
33084,ruskington-parish-council,Ruskington Parish Council,
4375,ruyton-xi-towns-parish-council,Ruyton-XI-Towns Parish Council,https://www.ruytonxitownsparishcouncil.org.uk
5197,ryarsh-parish-council,Ryarsh Parish Council,https://www.ryarsh-pc.gov.uk
5632,rye-foreign-parish-council,Rye Foreign Parish Council,
3592,rye-town-council,Rye Town Council,https://www.ryetowncouncil.gov.uk
6739,rylstone-parish-meeting,Rylstone (Parish Meeting),
5818,ryther-cum-ossendyke,Ryther cum Ossendyke,
33817,ryther-cum-ossendyke-parish-council,Ryther cum Ossendyke Parish Council,
5874,ryton-and-grindle-parish-council,Ryton and Grindle Parish Council,
32744,sabden-parish-council,Sabden Parish Council,
32301,sacombe-parish-council,Sacombe Parish Council,
30637,sacriston-parish-council,Sacriston Parish Council,
34470,saddleworth-parish-council,Saddleworth Parish Council,
4636,saffron-walden,Saffron Walden,https://www.saffronwalden.gov.uk
31750,saffron-walden-parish-council,Saffron Walden Parish Council,https://www.saffronwalden.gov.uk
5207,saham-toney-parish-council,Saham Toney Parish Council,https://www.sahamtoney-pc.gov.uk
3701,salcombe-town-council,Salcombe Town Council,https://www.salcombetowncouncil.gov.uk
36880,salford-parish-council,Salford Parish Council,
36729,salford-priors-parish-council,Salford Priors Parish Council,
4184,salhouse-parish-council,Salhouse Parish Council,
3728,salisbury-city-council,Salisbury City Council,http://www.salisburycitycouncil.gov.uk
6109,salle-parish-meeting,Salle Parish Meeting,
4483,salt-and-enson-parish-council,Salt and Enson Parish Council,http://www.saltandenson.btck.co.uk/
3564,saltash-town-council,Saltash Town Council,https://www.saltash.gov.uk/
32747,salterforth-parish-council,Salterforth Parish Council,
33283,salthouse-parish-council,Salthouse Parish Council,https://www.salthouseparishcouncil.gov.uk
36882,saltley-parish-council,Saltley Parish Council,
6681,salton-parish-meeting,Salton (Parish Meeting),
32604,saltwood-parish-council,Saltwood Parish Council,
36730,sambourne-parish-council,Sambourne Parish Council,
3748,sampford-arundel-parish-council,Sampford Arundel Parish Council,http://www.sampfordarundel-pc.gov.uk/Home_1313.aspx
5030,sampford-brett-parish-council,Sampford Brett Parish Council,https://www.sampfordbrett.org.uk/parish-council
30973,sampford-courtenay-parish-parish-council,Sampford Courtenay Parish Parish Council,
31064,sampford-peverell-parish-council,Sampford Peverell Parish Council,
31592,sancton-parish-council,Sancton Parish Council,
33987,sand-hutton-parish-council,Sand Hutton Parish Council,
30335,sandbach-town-council,Sandbach Town Council,https://www.sandbach.gov.uk
31065,sandford-parish-council,Sandford Parish Council,
34742,sandford-st-martin-parish-council,Sandford St Martin Parish Council,https://www.sandfordstmartin-pc.gov.uk
34769,sandford-st-martin-parish-council-1,Sandford St. Martin Parish Council,
32605,sandgate-parish-council,Sandgate Parish Council,
34366,sandhoe-parish-council,Sandhoe Parish Council,
32457,sandhurst-parish-council,Sandhurst Parish Council,https://www.sandhurst-pc.gov.uk
6018,sandhutton,Sandhutton,
33818,sandhutton-parish-council,Sandhutton Parish Council,
32302,sandon-parish-council,Sandon Parish Council,
4804,sandon-and-burston-parish-council,Sandon and Burston Parish Council,https://sandonandburstonpc.org.uk/
32346,sandridge-parish-council,Sandridge Parish Council,
32606,sandwich-parish-council,Sandwich Parish Council,
30213,sandy-parish-council,Sandy Parish Council,
6058,santon-downham-parish-council,Santon Downham Parish Council,
36889,sardine-parish-council,Sardine Parish Council,
4805,saredon-parish-council,Saredon Parish Council,https://www.saredonparishcouncil.co.uk
36891,sarisbury-parish-council,Sarisbury Parish Council,
36892,sarnesfield-parish-council,Sarnesfield Parish Council,
32607,sarre-parish-council,Sarre Parish Council,
36254,sarsden-parish-council,Sarsden Parish Council,
30893,satterthwaite-parish-council,Satterthwaite Parish Council,https://www.satterthwaiteparishcouncil.gov.uk
30442,saughall-and-shotwick-park-parish-council,Saughall and Shotwick Park Parish Council,
34447,saundby-parish-council,Saundby Parish Council,
33086,sausthorpe-parish-council,Sausthorpe Parish Council,
6568,savernake-parish-council,Savernake Parish Council,
30938,sawley-parish-council,Sawley Parish Council,
30178,sawston-parish-council,Sawston Parish Council,
30122,sawtry-parish-council,Sawtry Parish Council,https://www.sawtryparishcouncil.gov.uk
30123,sawyer-parish-council,Sawyer Parish Council,
36255,saxby-parish-council,Saxby Parish Council,
33087,saxilby-with-ingleby-parish-council,Saxilby with Ingleby Parish Council,
4227,saxlingham-nethergate-parish-council,Saxlingham Nethergate Parish Council,https://www.saxlinghamnethergate-pc.gov.uk
35240,saxmundham-parish-council,Saxmundham Parish Council,
6746,saxondale-parish-meeting,Saxondale Parish Meeting,
33988,saxton-with-scarthingwell-parish-council,Saxton with Scarthingwell Parish Council,
4706,scagglethorpe,Scagglethorpe,https://www.scagglethorpe-pc.gov.uk
30769,scaleby-parish-council,Scaleby Parish Council,https://www.scaleby-pc.gov.uk
33088,scamblesby-parish-council,Scamblesby Parish Council,
5819,scampston,Scampston,
33089,scampton-parish-council,Scampton Parish Council,
4314,scarborough-town,Scarborough Town,https://www.scarboroughtowncouncil.gov.uk
33822,scarborough-town-parish-council,Scarborough Town Parish Council,https://www.scarboroughtowncouncil.gov.uk
3965,scarcliffe-parish-council,Scarcliffe Parish Council,https://www.scarcliffeparishcouncil.gov.uk
32790,scarcroft-parish-council,Scarcroft Parish Council,
32673,scarisbrick-parish-council,Scarisbrick Parish Council,https://www.scarisbrickparishcouncil.gov.uk
4148,scarning-parish-council,Scarning Parish Council,https://www.scarning-pc.gov.uk
4964,scole-parish-council,Scole Parish Council,https://www.scoleparish.org.uk
4315,scorton,Scorton,https://www.scorton-pc.gov.uk
5487,scosthrop-parish-meeting,Scosthrop (Parish Meeting),https://www.scosthropparish.org.uk
32749,scotforth-parish-council,Scotforth Parish Council,
33091,scothern-parish-council,Scothern Parish Council,
5240,scotton,Scotton,https://www.scottonlingerfield-pc.gov.uk
33284,scottow-parish-council,Scottow Parish Council,
32891,scraptoft-parish-council,Scraptoft Parish Council,
4997,scrayingham,Scrayingham,https://www.scrayinghamparishcouncil.org.uk
33826,scrayingham-parish-council,Scrayingham Parish Council,https://www.scrayinghamparishcouncil.org.uk
6748,screveton-parish-meeting,Screveton Parish Meeting,
36258,scrivelsby-parish-council,Scrivelsby Parish Council,
5820,scriven,Scriven,
34448,scrooby-parish-council,Scrooby Parish Council,
5821,scruton,Scruton,
33285,sculthorpe-parish-council,Sculthorpe Parish Council,https://www.sculthorpe-pc.gov.uk
33454,sea-palling-parish-council,Sea Palling Parish Council,
3708,seaford-town-council-1,Seaford Town Council,https://www.seafordtowncouncil.gov.uk
3704,seaford-town-council,Seaford Town Council,https://www.seafordtowncouncil.gov.uk
5460,seagry-parish-council,Seagry Parish Council,https://www.seagryparishcouncil.gov.uk
30546,seaham-town-council,Seaham Town Council,https://www.seahamtowncouncil.gov.uk
32428,seal-parish-council,Seal Parish Council,
35338,seale-and-sealeford-parish-council,Seale and Sealeford Parish Council,https://www.sealesealeford-pc.gov.uk
4998,seamer-scarborough,Seamer (Scarborough),https://www.seamercrossgates-pc.gov.uk
33989,seamer-parish-council,Seamer Parish Council,
33094,searby-cum-owmby-parish-council,Searby cum Owmby Parish Council,
30770,seascale-parish-council,Seascale Parish Council,
30771,seaton-parish-council,Seaton Parish Council,https://www.seatonparishcouncil.gov.uk
31441,seaton-ross-parish-council,Seaton Ross Parish Council,
34367,seaton-valley-parish-council,Seaton Valley Parish Council,https://www.seatonvalleycommunitycouncil.gov.uk
5031,seavington-parish-council,Seavington Parish Council,https://www.theseavingtons.org/parish-council
30772,sebergham-parish-council,Sebergham Parish Council,
36259,seckington-parish-council,Seckington Parish Council,
30894,sedbergh-parish-council,Sedbergh Parish Council,https://www.sedberghparishcouncil.gov.uk
5671,sedgebrook-parish-council,Sedgebrook Parish Council,
33380,sedgeford-parish-council,Sedgeford Parish Council,
5461,sedgehill-and-semley-parish-council,Sedgehill and Semley Parish Council,https://www.sedgehillsemley-pc.gov.uk
30895,sedgwick-parish-council,Sedgwick Parish Council,https://www.sedgwickparishcouncil.gov.uk
4604,sedlescombe-parish-council,Sedlescombe Parish Council,https://www.sedlescombeparishcouncil.gov.uk
6569,seend-parish-council,Seend Parish Council,
3803,seer-green-parish-council,Seer Green Parish Council,https://www.seergreenparishcouncil.gov.uk
5731,seething-parish-council,Seething Parish Council,
34801,sefton-parish-council,Sefton Parish Council,
5330,seighford-parish-council,Seighford Parish Council,https://www.seighford-pc.co.uk/
4376,selattyn-gobowen-parish-council,Selattyn & Gobowen Parish Council,https://www.selattyngobowen-pc.gov.uk
4316,selby,Selby,https://www.selbytowncouncil.gov.uk
33831,selby-parish-council,Selby Parish Council,https://www.selbytowncouncil.gov.uk
32186,sellack-parish-council,Sellack Parish Council,
32608,sellindge-parish-council,Sellindge Parish Council,
32609,selling-parish-council,Selling Parish Council,
6092,selmeston-parish-meeting,Selmeston Parish Meeting,
34449,selston-parish-council,Selston Parish Council,
4766,selworthy-minehead-without-parish-council,Selworthy & Minehead Without Parish Council,https://smwpc.co.uk/index.html
4508,semer-parish-council,Semer Parish Council,https://www.semerparishcouncil.gov.uk
5462,semington-parish-council,Semington Parish Council,https://www.semingtonparish.gov.uk
35359,send-parish-council,Send Parish Council,
5822,sessay,Sessay,
4317,settle,Settle,https://www.settletowncouncil.gov.uk
33833,settle-parish-council,Settle Parish Council,https://www.settletowncouncil.gov.uk
33834,settrington-parish-council,Settrington Parish Council,https://www.settringtonparishcouncil.gov.uk
32429,sevenoaks-town-council,Sevenoaks Town Council,https://www.sevenoakstowncouncil.gov.uk
36260,sevington-parish-council,Sevington Parish Council,
32490,sevington-with-finberry-parish-council,Sevington with Finberry Parish Council,
5971,sewards-end,Sewards End,
31751,sewards-end-parish-council,Sewards End Parish Council,
6682,sexhow-parish-meeting,Sexhow (Parish Meeting),
31818,sezincote-parish-meeting,Sezincote Parish Meeting,
5540,shabbington-parish-council,Shabbington Parish Council,
32893,shackerstone-parish-council,Shackerstone Parish Council,
35283,shadingfield-parish-council,Shadingfield Parish Council,
32491,shadoxhurst-parish-council,Shadoxhurst Parish Council,https://www.shadoxhurst-pc.gov.uk
35339,shalford-parish-council,Shalford Parish Council,
36616,shalford-peasmarsh-and-chilworth-parish-council,"Shalford, Peasmarsh and Chilworth Parish Council",
36261,shalstone-parish-council,Shalstone Parish Council,
36262,shangton-parish-council,Shangton Parish Council,
30897,shap-parish-council,Shap Parish Council,
37141,shap-rural-parish-council,Shap Rural Parish Council,
3749,shapwick-parish-council,Shapwick Parish Council,https://www.shapwickparishcouncil.org.uk/
6175,shareshill-parish-council,Shareshill Parish Council,http://www.shares.f9.co.uk/parishcouncil.html
30036,sharnbrook-parish-council,Sharnbrook Parish Council,
6272,sharow,Sharow,
33835,sharow-parish-council,Sharow Parish Council,
6989,sharpham-parish-meeting,Sharpham Parish Meeting,
5094,shaugh-prior-parish-council,Shaugh Prior Parish Council,https://www.shaughpriorparish.gov.uk
30372,shavington-cum-gresty-parish-council-1,Shavington cum Gresty Parish Council,
30336,shavington-cum-gresty-parish-council,Shavington-cum-Gresty Parish Council,
34471,shaw-and-crompton-parish-council,Shaw and Crompton Parish Council,
36983,shaw-cum-donnington-parish-council,Shaw-cum-Donnington Parish Council,https://www.shawcumdonningtonparish.gov.uk
4377,shawbury-parish-council,Shawbury Parish Council,https://www.shawbury-pc.gov.uk
32896,shearsby-parish-council,Shearsby Parish Council,
4665,shedfield-parish-council,Shedfield Parish Council,https://www.shedfieldpc.org.uk
4004,sheen-parish-council,Sheen Parish Council,http://sheen-pc.org/
5041,sheen-parish-council-1,Sheen Parish Council,http://sheen-pc.org/
5118,sheepstor-parish,Sheepstor Parish,https://www.burrator.gov.uk
30974,sheepstor-parish-parish-council,Sheepstor Parish Parish Council,https://www.burrator.gov.uk
32651,sheerness-parish-council,Sheerness Parish Council,
5161,sheet-parish-council,Sheet Parish Council,https://www.sheetpc.org.uk
30250,shefford-parish-council,Shefford Parish Council,
6604,sheldon-parish-meeting,Sheldon (Parish Meeting),
4228,shelfanger-parish-council,Shelfanger Parish Council,https://www.shelfanger-pc.gov.uk
6169,shelland-parish-meeting,Shelland Parish Meeting,
6162,shelley-parish-meeting,Shelley Parish Meeting,
34674,shellingford-parish-meeting,Shellingford Parish Meeting,
36617,shelsley-walsh-parish-council,Shelsley Walsh Parish Council,
33455,shelton-and-hardwick-parish-council,Shelton and Hardwick Parish Council,
34528,shenington-with-alkerton-parish-council,Shenington with Alkerton Parish Council,
33201,shenley-church-end-parish-council,Shenley Church End Parish Council,
32348,shenley-parish-council,Shenley Parish Council,
32830,shepshed-town-council,Shepshed Town Council,https://www.shepshedtowncouncil.gov.uk
3750,shepton-beauchamp-parish-council,Shepton Beauchamp Parish Council,https://sheptonbeauchamp-pc.gov.uk
3516,shepton-mallet-town-council,Shepton Mallet Town Council,https://sheptonmallet-tc.gov.uk/
4767,shepton-montague-parish-council,Shepton Montague Parish Council,https://www.sheptonmontagueparish.gov.uk/
30673,sheraton-with-hulam-parish-council,Sheraton with Hulam Parish Council,
6393,sherborne-st-john-parish-council,Sherborne St John Parish Council,
33836,sherburn-parish-council,Sherburn Parish Council,
30643,sherburn-village-parish-council,Sherburn Village Parish Council,
33990,sherburn-in-elmet-parish-council-1,Sherburn in Elmet Parish Council,
4319,sherburn-in-elmet,Sherburn-in-Elmet,https://www.sherburninelmet-tc.gov.uk
33837,sherburn-in-elmet-parish-council,Sherburn-in-Elmet Parish Council,https://www.sherburninelmet-tc.gov.uk
5173,sherfield-english-parish-council,Sherfield English Parish Council,https://www.sherfieldenglish-pc.gov.uk
32075,sherfield-park-parish-council,Sherfield Park Parish Council,
5823,sheriff-hutton,Sheriff Hutton,
4378,sheriffhales-parish-council,Sheriffhales Parish Council,https://www.sheriffhales-pc.gov.uk
33287,sheringham-upper-parish-council,Sheringham (Upper) Parish Council,https://www.uppersheringhamparishcouncil.gov.uk
33288,sheringham-town-council,Sheringham Town Council,https://www.sheringhamtowncouncil.gov.uk
33381,shernborne-parish-meeting,Shernborne Parish Meeting,
6789,sherrington-parish-meeting,Sherrington Parish Meeting,
6571,sherston-parish-council,Sherston Parish Council,
3623,shifnal-town-council,Shifnal Town Council,https://www.shifnaltowncouncil.gov.uk
34368,shilbottle-parish-council,Shilbottle Parish Council,
30644,shildon-town-council,Shildon Town Council,
6221,shillingford-st-george,Shillingford St George,
31009,shillingford-st-george-parish-council,Shillingford St George Parish Council,
30124,shillington-parish-council,Shillington Parish Council,https://www.shillington-pc.gov.uk
34743,shilton-parish-council,Shilton Parish Council,https://www.shiltonparishcouncil.gov.uk
4814,shimpling-parish-council,Shimpling Parish Council,https://www.shimpling-pc.gov.uk
30180,shingay-cum-wendy-parish-council,Shingay cum Wendy Parish Council,
5198,shipbourne-parish-council,Shipbourne Parish Council,https://www.shipbourneparishcouncil.gov.uk
4149,shipdham-parish-council,Shipdham Parish Council,https://www.shipdhamparish.gov.uk
4884,shipham-parish-council,Shipham Parish Council,https://www.shipham.org.uk
37036,shipley-parish-council,Shipley Parish Council,https://www.shipley-pc.gov.uk
36937,shipston-on-stour-parish-council,Shipston on Stour Parish Council,
36731,shipston-on-stour-town-council,Shipston-on-Stour Town Council,
5824,shipton,Shipton,
5174,shipton-bellinger-parish-council,Shipton Bellinger Parish Council,https://www.shiptonbellinger-pc.gov.uk
33839,shipton-parish-council,Shipton Parish Council,
5863,shipton-and-stanton-long-parish-council,Shipton and Stanton Long Parish Council,
34744,shipton-under-wychwood-parish-council,Shipton under Wychwood Parish Council,https://www.shiptonunderwychwood-pc.gov.uk
34612,shirburn-parish-meeting,Shirburn Parish Meeting,
34450,shireoaks-parish-council,Shireoaks Parish Council,
4016,shirland-higham-parish-council,Shirland & Higham Parish Council,https://www.shirlandhigham-pc.gov.uk
5599,shirley-parish-council,Shirley Parish Council,
5331,shobnall-parish-council,Shobnall Parish Council,https://shobnall-pc.gov.uk/
30443,shocklach-oviatt-and-district-parish-council,Shocklach Oviatt and District Parish Council,
32612,sholden-parish-council,Sholden Parish Council,
32430,shoreham-parish-council,Shoreham Parish Council,https://www.shorehamepc.org.uk
34369,shoreswood-parish-council,Shoreswood Parish Council,
32613,shorne-parish-council,Shorne Parish Council,
30015,shortstown-parish-council,Shortstown Parish Council,
34370,shotley-low-quarter-parish-council,Shotley Low Quarter Parish Council,
5897,shotley-parish-council,Shotley Parish Council,
30051,shottesbrooke-parish-meeting,Shottesbrooke Parish Meeting,
33383,shouldham-thorpe-parish-meeting,Shouldham Thorpe Parish Meeting,
3624,shrewsbury-town-council,Shrewsbury Town Council,https://www.shrewsburytowncouncil.gov.uk
5463,shrewton-parish-council,Shrewton Parish Council,https://www.shrewtonparishcouncil.gov.uk
34675,shrivenham-parish-council,Shrivenham Parish Council,
4150,shropham-parish-council,Shropham Parish Council,https://www.shrophamparishcouncil.gov.uk
31942,shurdington-parish-council,Shurdington Parish Council,https://www.shurdington-pc.gov.uk
36906,shuttington-parish-council,Shuttington Parish Council,
36618,sibdon-carwood-parish-council,Sibdon Carwood Parish Council,
34531,sibford-ferris-parish-council,Sibford Ferris Parish Council,
34532,sibford-gower-parish-council,Sibford Gower Parish Council,
33095,sibsey-parish-council,Sibsey Parish Council,
30125,sibson-cum-stibbington-parish-council,Sibson-cum-Stibbington Parish Council,https://www.sibsonstibbington-pc.gov.uk
6749,sibthorpe-parish-meeting,Sibthorpe Parish Meeting,
4320,sicklinghall,Sicklinghall,https://www.sicklinghallparishcouncil.org.uk
36619,sidbury-parish-council,Sidbury Parish Council,
31069,sidmouth-parish-council,Sidmouth Parish Council,
31594,sigglesthorne-parish-council,Sigglesthorne Parish Council,
5149,silchester-parish-council,Silchester Parish Council,https://www.silchesterpc.org.uk
33096,silk-willoughby-parish-council,Silk Willoughby Parish Council,
36263,silpho-parish-council,Silpho Parish Council,
30251,silsoe-parish-council,Silsoe Parish Council,
4806,silverdale-parish-council,Silverdale Parish Council,http://www.silverdaleparish.org/
32750,simonstone-parish-council,Simonstone Parish Council,
33991,sinderby-parish-council,Sinderby Parish Council,
33842,sinnington-parish-council,Sinnington Parish Council,
7031,sisland-parish-meeting,Sisland Parish Meeting,
3907,sithney-parish-council,Sithney Parish Council,http://sithneyparishcouncil.com/
5241,skeeby,Skeeby,https://www.skeeby-pc.gov.uk
33843,skeeby-parish-council,Skeeby Parish Council,https://www.skeeby-pc.gov.uk
33097,skegness-parish-council,Skegness Parish Council,
36265,skelding-parish-council,Skelding Parish Council,
33098,skellingthorpe-parish-council,Skellingthorpe Parish Council,
32674,skelmersdale-town-council,Skelmersdale Town Council,https://www.skelmersdaletowncouncil.gov.uk
30898,skelsmergh-and-scalthwaite-parish-council,Skelsmergh and Scalthwaite Parish Council,https://www.skelsmerghandscalthwaiterigg-pc.gov.uk
37143,skelsmergh-and-scalthwaiterigg-parish-council,Skelsmergh and Scalthwaiterigg Parish Council,
30899,skelton-parish-council,Skelton Parish Council,
5825,skelton-cum-newby,Skelton cum Newby,
30900,skelwith-parish-council,Skelwith Parish Council,
31597,skidby-parish-council,Skidby Parish Council,
6161,skilgate-parish-meeting,Skilgate Parish Meeting,
31598,skipsea-parish-council,Skipsea Parish Council,
4321,skipton,Skipton,https://www.skiptontowncouncil.gov.uk
33845,skipton-parish-council,Skipton Parish Council,https://www.skiptontowncouncil.gov.uk
6984,skipton-on-swale-parish-meeting,Skipton on Swale (Parish Meeting),
36266,skipton-on-swale-parish-council,Skipton-on-swale Parish Council,
4999,skipwith,Skipwith,https://www.skipwith-pc.gov.uk
36267,skirpenbeck-parish-council,Skirpenbeck Parish Council,
33993,skutterskelfe-parish-council,Skutterskelfe Parish Council,
34372,slaley-parish-council,Slaley Parish Council,
3804,slapton-parish-council,Slapton Parish Council,https://www.slapton-pc.gov.uk
32900,slawston-parish-council,Slawston Parish Council,
33101,sleaford-parish-council,Sleaford Parish Council,
30901,sleagill-parish-meeting,Sleagill Parish Meeting,
37037,slinfold-parish-council,Slinfold Parish Council,https://www.slinfold-pc.gov.uk
33994,slingsby-parish-council,Slingsby Parish Council,
5826,slingsby-south-holme-and-fryton,"Slingsby, South Holme and Fryton",
30252,slip-end-parish-council,Slip End Parish Council,
32753,slyne-with-hest-parish-council,Slyne-with-hest Parish Council,
33292,smallburgh-parish-council,Smallburgh Parish Council,
30338,smallwood-parish-council,Smallwood Parish Council,
4085,smarden,Smarden,https://www.smardenparishcouncil.gov.uk
33848,smeaton-with-hornby-parish-council,Smeaton with Hornby Parish Council,
4086,smeeth,Smeeth,https://www.smeethpc.org.uk
32901,smeeton-westerby-parish-council,Smeeton Westerby Parish Council,
4708,snainton,Snainton,https://www.snaintonparishcouncil.gov.uk
31601,snaith-and-cowick-parish-council,Snaith and Cowick Parish Council,
6459,snape-with-thorp,Snape with Thorp,
36620,snelson-parish-council,Snelson Parish Council,
6605,snelston-parish-meeting,Snelston (Parish Meeting),
4686,snetterton-parish-council,Snetterton Parish Council,https://www.snetterton-pc.gov.uk
33384,snettisham-parish-council,Snettisham Parish Council,
33103,snitterby-parish-council,Snitterby Parish Council,
36733,snitterfield-parish-council,Snitterfield Parish Council,
5508,snodland-town-council,Snodland Town Council,
30902,sockbridge-and-tirril-community-council,Sockbridge and Tirril Community Council,
35140,sodbury-parish-council,Sodbury Parish Council,
4536,soham-parish-council,Soham Parish Council,https://www.monksohamparishcouncil.gov.uk
30373,somerford-booths-parish-council,Somerford Booths Parish Council,
31992,somerford-keynes-parish-council,Somerford Keynes Parish Council,
30339,somerford-parish-council,Somerford Parish Council,https://www.somerfordparishcouncil.gov.uk
6996,somersal-herbert-parish-meeting,Somersal Herbert (Parish Meeting),
4543,somersham-parish-council,Somersham Parish Council,https://www.somershamsuffolk-pc.gov.uk
4913,somerton-parish-meeting,Somerton Parish Meeting,https://www.somertontowncouncil.gov.uk
34613,sonning-common-parish-council,Sonning Common Parish Council,https://www.sonningcommon-pc.gov.uk
32041,sopley-parish-council,Sopley Parish Council,https://www.sopley.gov.uk
6790,sopworth-parish-meeting,Sopworth Parish Meeting,
36269,sotby-parish-council,Sotby Parish Council,
36621,sotherton-parish-council,Sotherton Parish Council,
5541,soulbury-parish-council,Soulbury Parish Council,
30903,soulby-parish-council,Soulby Parish Council,
34533,souldern-parish-council,Souldern Parish Council,
30340,sound-district-parish-council,Sound & District Parish Council,
30374,sound-parish-council,Sound Parish Council,
5119,sourton-parish,Sourton Parish,https://www.sourtonpc.org.uk
33456,south-acre-parish-council,South Acre Parish Council,
35116,south-barrow-parish-council,South Barrow Parish Council,
30647,south-bedburn-parish-council,South Bedburn Parish Council,
4589,south-brent-parish-council,South Brent Parish Council,https://www.southbrent.gov.uk
4449,south-cadbury-sutton-montis-parish-council,South Cadbury & Sutton Montis Parish Council,https://www.southcadburyandsuttonmontispc.org.uk
33104,south-carlton-parish-council,South Carlton Parish Council,
6916,south-clifton-parish-council,South Clifton Parish Council,
33105,south-cockerington-parish-council,South Cockerington Parish Council,
36622,south-cove-parish-council,South Cove Parish Council,
6683,south-cowton-parish-meeting,South Cowton (Parish Meeting),
3985,south-darley-parish-council,South Darley Parish Council,https://www.southdarleyparishcouncil.gov.uk
36646,south-elmsall-parish-council,South Elmsall Parish Council,
4615,south-heighton-parish-council-1,South Heighton Parish Council,https://www.southheighton-pc.org.uk
36647,south-hiendley-parish-council,South Hiendley Parish Council,
36270,south-holme-parish-council,South Holme Parish Council,
33192,south-hykeham-parish-council,South Hykeham Parish Council,
33106,south-kelsey-parish-council,South Kelsey Parish Council,
5242,south-kilvington,South Kilvington,https://www.skpc.org.uk
32905,south-kilworth-parish-council,South Kilworth Parish Council,
33107,south-kyme-parish-council,South Kyme Parish Council,
34745,south-leigh-and-high-cogges-parish-council,South Leigh and High Cogges Parish Council,https://www.southleighandhighcogges-pc.gov.uk
37329,south-lenches-parish-council,South Lenches Parish Council,https://www.southlenchesparishcouncil.org
34451,south-leverton-parish-council,South Leverton Parish Council,
37281,south-littleton-parish-council,South Littleton Parish Council,
4151,south-lopham-parish-council,South Lopham Parish Council,https://www.southlophamparishcouncil.gov.uk
35379,south-marston-parish-council,South Marston Parish Council,
5827,south-milford,South Milford,
5095,south-milton-parish-council,South Milton Parish Council,https://www.southmiltonparishcouncil.gov.uk
36271,south-mimms-parish-council,South Mimms Parish Council,
32373,south-mimms-and-ridge-parish-council,South Mimms and Ridge Parish Council,
4889,south-molton-town-council,South Molton Town Council,https://www.northdevon.gov.uk
34614,south-moreton-parish-council,South Moreton Parish Council,
5464,south-newton-parish-council,South Newton Parish Council,https://www.southnewton-pc.gov.uk
3966,south-normanton-parish-council,South Normanton Parish Council,https://www.southnormantonparishcouncil.gov.uk
36272,south-ormsby-cum-ketsby-parish-council,South Ormsby cum Ketsby Parish Council,
5000,south-otterington-newby-wiske-and-maunby,"South Otterington, Newby Wiske and Maunby",https://www.maunbyandvillagesparishcouncil.gov.uk
3697,south-petherton-parish-council,South Petherton Parish Council,https://southpethertonparishcouncil.gov.uk
3908,south-petherwin-parish-council,South Petherwin Parish Council,http://www.southpetherwin.com
4152,south-pickenham-parish-council,South Pickenham Parish Council,https://www.southpickenhamparishcouncil.gov.uk
6341,south-pool-parish-council,South Pool Parish Council,
33108,south-rauceby-parish-council,South Rauceby Parish Council,
7049,south-scarle-parish-meeting,South Scarle Parish Meeting,
33109,south-somercotes-parish-council,South Somercotes Parish Council,
6684,south-stainley-parish-meeting,South Stainley (Parish Meeting),
35380,south-swindon-parish-council,South Swindon Parish Council,
6362,south-tawton-parish,South Tawton Parish,
30976,south-tawton-parish-parish-council,South Tawton Parish Parish Council,
33110,south-thoresby-parish-council,South Thoresby Parish Council,
30202,south-trumpington-parish-council,South Trumpington Parish Council,
6002,south-walsham-parish-council,South Walsham Parish Council,
32064,south-warnborough-parish-council,South Warnborough Parish Council,
5672,south-witham-parish-council,South Witham Parish Council,
33386,south-wootton-parish-council,South Wootton Parish Council,
5465,south-wraxall-parish-council,South Wraxall Parish Council,https://www.southwraxall-pc.gov.uk
7027,southacre-parish-meeting,Southacre Parish Meeting,
36734,southam-town-council,Southam Town Council,
37092,southbourne-parish-council,Southbourne Parish Council,
6093,southease-parish-meeting,Southease Parish Meeting,
6182,southease-parish-meeting-1,Southease Parish Meeting,
30214,southill-parish-council,Southill Parish Council,
6771,southolt-parish-meeting,Southolt Parish Meeting,
3824,southorpe-parish-council,Southorpe Parish Council,https://www.southorpeparish.gov.uk
37038,southwater-parish-council,Southwater Parish Council,https://www.southwater-pc.gov.uk
6821,southwell-town-council,Southwell Town Council,
6572,southwick-parish-council,Southwick Parish Council,
32077,southwick-and-widley-parish-council,Southwick and Widley Parish Council,
35287,southwold-parish-council,Southwold Parish Council,
4322,sowerby,Sowerby,https://www.sowerbyparishcouncil.org.uk
33855,sowerby-parish-council,Sowerby Parish Council,https://www.sowerbyparishcouncil.org.uk
30182,spaldwick-parish-council,Spaldwick Parish Council,
4153,sparham-parish-council,Sparham Parish Council,https://www.sparhamparishcouncil.gov.uk
3680,sparkford-parish-council,Sparkford Parish Council,https://www.sparkford-pc.gov.uk
5096,sparkwell-parish-council,Sparkwell Parish Council,https://www.sparkwellparishcouncil.gov.uk
34677,sparsholt-parish-council,Sparsholt Parish Council,
6137,spaunton-parish-meeting,Spaunton (Parish Meeting),
3681,spaxton-parish-council,Spaxton Parish Council,https://spaxtonparishcouncil.org.uk
32459,speldhurst-parish-council,Speldhurst Parish Council,https://www.speldhurst-pc.gov.uk
34746,spelsbury-parish-council,Spelsbury Parish Council,https://www.spelsbury-pc.gov.uk
6685,spennithorne-parish-meeting,Spennithorne (Parish Meeting),
36623,spernall-parish-council,Spernall Parish Council,
37282,spetchley-parish-council,Spetchley Parish Council,
33112,spilsby-parish-council,Spilsby Parish Council,
4185,spixworth-parish-council,Spixworth Parish Council,https://www.spixworthparishcouncil.gov.uk
6460,spofforth-with-stockeld,Spofforth with Stockeld,
33457,spooner-row-parish-council,Spooner Row Parish Council,
4229,spooner-row-suton-wattlefield-parish-council,"Spooner Row, Suton & Wattlefield Parish Council",https://www.spoonerrow-cc.gov.uk
4154,sporle-with-palgrave-parish-council,Sporle with Palgrave Parish Council,https://www.sporle-pc.gov.uk
34233,spratton-parish-council,Spratton Parish Council,https://www.sprattonpc.org.uk
6363,spreyton-parish,Spreyton Parish,
31605,sproatley-parish-council,Sproatley Parish Council,
30444,sproston-parish-council,Sproston Parish Council,
6959,sprotbrough-and-cusworth-parish-council,Sprotbrough and Cusworth Parish Council,
4815,sproughton-parish-council,Sproughton Parish Council,https://www.sproughton-pc.gov.uk
3605,sprowston-town-council,Sprowston Town Council,https://www.sprowston-tc.gov.uk
6686,sproxton-parish-meeting,Sproxton (Parish Meeting),
30341,spurstow-parish-council,Spurstow Parish Council,
3909,st-agnes-parish-council,St Agnes Parish Council,https://www.stagnes-pc.gov.uk/
5247,st-albans-parish-council,St Albans Parish Council,https://www.stalbansparishcouncil.gov.uk
3910,st-allen-parish-council,St Allen Parish Council,https://www.stallenparishcouncil.gov.uk/
6725,st-ann-without-parish-meeting-1,St Ann (Without) Parish Meeting,
6723,st-ann-without-parish-meeting,St Ann (without) Parish Meeting,
6073,st-anthony-in-meneage-parish-meeting,St Anthony in Meneage Parish Meeting,
3565,st-austell-town-council,St Austell Town Council,https://www.staustell-tc.gov.uk
30775,st-bees-parish-council-1,St Bees Parish Council,
5489,st-blaise-town-council,St Blaise Town Council,
3912,st-breock-parish-council,St Breock Parish Council,https://www.stbreockparishcouncil.co.uk/
3913,st-breward-parish-council,St Breward Parish Council,https://www.stbreward.net/parish-council-1/
31855,st-briavels-parish-council,St Briavels Parish Council,
3915,st-cleer-parish-council,St Cleer Parish Council,http://www.stcleerparishcouncil.gov.uk/
3916,st-clement-parish-council,St Clement Parish Council,https://stclementparish.wordpress.com/
6599,st-clether-parish-meeting,St Clether Parish Meeting,
3566,st-columb-major-town-council,St Columb Major Town Council,https://stcolumbmajor-tc.gov.uk/
4450,st-cuthbert-out-parish-council,St Cuthbert Out Parish Council,https://www.stcuthbertout-pc.gov.uk
30776,st-cuthbert-without-parish-council,St Cuthbert Without Parish Council,https://www.stcuthbertwithout-pc.gov.uk
5556,st-day-parish-council,St Day Parish Council,
3917,st-dennis-parish-council,St Dennis Parish Council,https://www.stdennisparishcouncil.gov.uk
3918,st-dominic-parish-council,St Dominic Parish Council,https://www.stdominicpc.org.uk/
4575,st-endellion-parish-council,St Endellion Parish Council,https://www.stendellionpc.com/
3919,st-enoder-parish-council,St Enoder Parish Council,http://www.saintenoderparishcouncil.org.uk/
3920,st-erme-parish-council,St Erme Parish Council,https://www.stermeparishcouncil.org.uk/
3921,st-erth-parish-council,St Erth Parish Council,https://sterth-pc.gov.uk/
5557,st-ervan-parish-council,St Ervan Parish Council,
5558,st-eval-parish-council,St Eval Parish Council,
3922,st-ewe-parish-council,St Ewe Parish Council,https://www.st-ewe-pc.gov.uk
3923,st-gennys-parish-council,St Gennys Parish Council,https://www.stgennys-pc.gov.uk
3924,st-germans-parish-council,St Germans Parish Council,https://www.stgermansparishcouncil.gov.uk/
34678,st-helen-without-parish-council,St Helen Without Parish Council,https://www.sthelenwithout-pc.gov.uk
3926,st-hilary-parish-council,St Hilary Parish Council,https://www.sthilarypc.org.uk/
32349,st-ippolyts-parish-council,St Ippolyts Parish Council,
3927,st-issey-parish-council,St Issey Parish Council,https://www.stisseyparishcouncil.gov.uk
3928,st-ive-parish-council,St Ive Parish Council,http://st-ive-parishcouncil.gov.uk/
3567,st-ives-town-council,St Ives Town Council,https://www.stives-tc.gov.uk
7004,st-john-without-parish-meeting,St John (without) Parish Meeting,
3929,st-john-parish-council,St John Parish Council,https://www.stjohnparishcouncil.gov.uk
3930,st-juliot-parish-council,St Juliot Parish Council,https://www.hugofox.com/community/st-juliot-parish-council-7902/home
3568,st-just-in-penwith-town-council,St Just in Penwith Town Council,https://www.stjusttowncouncil.gov.uk
3931,st-just-in-roseland-parish-council,St Just in Roseland Parish Council,https://www.stjustinroseland-pc.gov.uk
3932,st-keverne-parish-council,St Keverne Parish Council,https://stkeverneparishcouncil.org.uk/
3933,st-kew-parish-council,St Kew Parish Council,http://www.stkewparish.org.uk/
3934,st-keyne-parish-council,St Keyne Parish Council,https://www.stkeyneparishcouncil.org.uk
3935,st-levan-parish-council,St Levan Parish Council,https://www.stlevan-pc.gov.uk
3936,st-mabyn-parish-council,St Mabyn Parish Council,https://www.stmabynparishcouncil.gov.uk/
5559,st-martin-in-meneage-parish-council,St Martin In Meneage Parish Council,
5243,st-martins,St Martins,https://www.stmartins-pc.gov.uk
4728,st-martins-parish-council,St Martins Parish Council,https://www.stmartinsparishcouncil.gov.uk
33857,st-martins-parish-council-1,St Martins Parish Council,https://www.stmartins-pc.gov.uk
6833,st-martins-without-parish-council,St Martins Without Parish Council,
4650,st-mary-bourne-parish-council,St Mary Bourne Parish Council,https://www.stmarybourne-pc.gov.uk
3938,st-mellion-parish-council,St Mellion Parish Council,https://www.stmellion-pc.gov.uk/
3940,st-mewan-parish-council,St Mewan Parish Council,https://www.stmewanparishcouncil.gov.uk
6074,st-michael-caerhays-parish-meeting,St Michael Caerhays Parish Meeting,
32350,st-michael-parish-council,St Michael Parish Council,
5560,st-michael-penkivel-parish-council,St Michael Penkivel Parish Council,
6600,st-michaels-mount-parish-meeting,St Michael's Mount Parish Meeting,
32305,st-michaels-parish-council,St Michael's Parish Council,https://www.stmichaels-pc.gov.uk
3941,st-minver-highlands-parish-council,St Minver Highlands Parish Council,https://www.stminverhighlands-pc.gov.uk
3942,st-minver-lowlands-parish-council,St Minver Lowlands Parish Council,https://www.stminverlowlands-pc.org.uk/
3943,st-neot-parish-council,St Neot Parish Council,https://www.stneotparishcouncil.org.uk/
30126,st-neots-town-council,St Neots Town Council,
3944,st-newlyn-east-parish-council,St Newlyn East Parish Council,http://www.parish-council.com/stnewlyneast/
32351,st-pauls-walden-parish-council,St Paul's Walden Parish Council,
5561,st-pinnock-parish-council,St Pinnock Parish Council,
4927,st-sampson-parish-council,St Sampson Parish Council,https://www.stsampsonparishcouncil.org.uk/
3945,st-stephen-in-brannel-parish-council,St Stephen In Brannel Parish Council,https://ststepheninbrannel-pc.org.uk/
32352,st-stephen-parish-council,St Stephen Parish Council,
3946,st-teath-parish-council,St Teath Parish Council,https://www.stteathparishcouncil.gov.uk
3947,st-tudy-parish-council,St Tudy Parish Council,http://www.parish-council.com/sttudy/
5564,st-veep-parish-council,St Veep Parish Council,
32188,st-weonards-parish-council,St Weonards Parish Council,
30482,st-agnes-parish-council-1,St. Agnes Parish Council,
34452,st-albans-parish-council-1,St. Albans Parish Council,
30483,st-allen-parish-council-1,St. Allen Parish Council,
30484,st-anthony-in-meneage-parish-council,St. Anthony-in-meneage Parish Council,
30680,st-bees-parish-council,St. Bees Parish Council,
30485,st-blaise-parish-council,St. Blaise Parish Council,
30486,st-breock-parish-council-1,St. Breock Parish Council,
30487,st-breward-parish-council-1,St. Breward Parish Council,
36275,st-bri-parish-council,St. Bri Parish Council,
36276,st-buryan-parish-council,St. Buryan Parish Council,
30488,st-buryan-lamorna-and-paul-parish-council-1,"St. Buryan, Lamorna and Paul Parish Council",
30489,st-cleer-parish-council-1,St. Cleer Parish Council,
30490,st-clement-parish-council-1,St. Clement Parish Council,
30491,st-clether-parish-council,St. Clether Parish Council,
30492,st-columb-major-parish-council,St. Columb Major Parish Council,
36624,st-cross-south-elmham-parish-council,"St. Cross, South Elmham Parish Council",
30493,st-day-parish-council-1,St. Day Parish Council,
30494,st-dennis-parish-council-1,St. Dennis Parish Council,
30495,st-dominick-parish-council,St. Dominick Parish Council,
30496,st-endellion-parish-council-1,St. Endellion Parish Council,
30497,st-enoder-parish-council-1,St. Enoder Parish Council,
30498,st-erme-parish-council-1,St. Erme Parish Council,
30499,st-erth-parish-council-1,St. Erth Parish Council,
30500,st-ervan-parish-council-1,St. Ervan Parish Council,
30501,st-eval-parish-council-1,St. Eval Parish Council,
30502,st-ewe-parish-council-1,St. Ewe Parish Council,
30503,st-gennys-parish-council-1,St. Gennys Parish Council,
30504,st-germans-parish-council-1,St. Germans Parish Council,
36277,st-gluvias-parish-council,St. Gluvias Parish Council,
30505,st-goran-parish-council-1,St. Goran Parish Council,
30506,st-hilary-parish-council-1,St. Hilary Parish Council,
30507,st-issey-parish-council-1,St. Issey Parish Council,
30508,st-ive-and-pensilva-parish-council,St. Ive and Pensilva Parish Council,
30509,st-ives-parish-council,St. Ives Parish Council,
30510,st-john-parish-council-1,St. John Parish Council,
36625,st-john-ilketshall-parish-council,"St. John, Ilketshall Parish Council",
30511,st-juliot-parish-council-1,St. Juliot Parish Council,
30512,st-just-parish-council,St. Just Parish Council,
30513,st-just-in-roseland-parish-council-1,St. Just-in-roseland Parish Council,
30514,st-keverne-parish-council-1,St. Keverne Parish Council,
30515,st-kew-parish-council-1,St. Kew Parish Council,
36278,st-keyne-parish-council-1,St. Keyne Parish Council,
30516,st-keyne-and-trewidland-parish-council,St. Keyne and Trewidland Parish Council,
30517,st-levan-parish-council-1,St. Levan Parish Council,
30518,st-mabyn-parish-council-1,St. Mabyn Parish Council,
32615,st-margarets-at-cliffe-parish-council,St. Margaret's At Cliffe Parish Council,
33997,st-martins-parish-council-2,St. Martin's Parish Council,
30523,st-martin-by-looe-parish-council-1,St. Martin-by-Looe Parish Council,
30524,st-martin-in-meneage-parish-council-1,St. Martin-in-Meneage Parish Council,
32065,st-mary-bourne-parish-council-1,St. Mary Bourne Parish Council,
32306,st-marys-parish-council,St. Marys Parish Council,https://www.stmarys-pc.gov.uk
30525,st-mellion-parish-council-1,St. Mellion Parish Council,
30526,st-merryn-parish-council-1,St. Merryn Parish Council,
30527,st-mewan-parish-council-1,St. Mewan Parish Council,
36626,st-michael-caerhays-parish-council,St. Michael Caerhays Parish Council,
30528,st-michael-penkevil-parish-council,St. Michael Penkevil Parish Council,
36627,st-michaels-mount-parish-council,St. Michael's Mount Parish Council,
36628,st-michael-south-elmham-parish-council,"St. Michael, South Elmham Parish Council",
30529,st-minver-highlands-parish-council-1,St. Minver Highlands Parish Council,
30530,st-minver-lowlands-parish-council-1,St. Minver Lowlands Parish Council,
30531,st-neot-parish-council-1,St. Neot Parish Council,
30183,st-neots-parish-council,St. Neots Parish Council,
30532,st-newlyn-east-parish-council-1,St. Newlyn East Parish Council,
36279,st-nicholas-a-parish-council,St. Nicholas A Parish Council,
37168,st-paul-malmesbury-without-parish-council,St. Paul Malmesbury Without Parish Council,
36629,st-peter-south-elmham-parish-council,"St. Peter, South Elmham Parish Council",
30533,st-pinnock-parish-council-1,St. Pinnock Parish Council,
30534,st-sampson-parish-council-1,St. Sampson Parish Council,
30535,st-stephen-in-brannel-parish-council-1,St. Stephen-in-Brannel Parish Council,
30536,st-stephens-by-launceston-rural-parish-council,St. Stephens by Launceston Rural Parish Council,
30537,st-teath-parish-council-1,St. Teath Parish Council,
30538,st-thomas-the-apostle-rural-parish-council-1,St. Thomas the Apostle Rural Parish Council,
30539,st-tudy-parish-council-1,St. Tudy Parish Council,
30540,st-veep-parish-council-1,St. Veep Parish Council,
30541,st-wenn-parish-council-1,St. Wenn Parish Council,
32240,st-weonards-parish-council-1,St. Weonards Parish Council,
30542,st-winnow-parish-council-1,St. Winnow Parish Council,
34616,stadhampton-parish-council,Stadhampton Parish Council,https://www.stadhampton-pc.gov.uk
30037,stagsden-parish-council,Stagsden Parish Council,
30010,stainborough-parish-council,Stainborough Parish Council,
30650,staindrop-parish-council,Staindrop Parish Council,
33115,stainfield-parish-council,Stainfield Parish Council,
5001,stainforth,Stainforth,https://www.stainforth-pc.gov.uk
30071,stainland-and-district-parish-council,Stainland and District Parish Council,
30904,stainmore-parish-council,Stainmore Parish Council,
6960,stainton-parish-council,Stainton Parish Council,
30651,stainton-and-streatlam-parish-council,Stainton and Streatlam Parish Council,
33116,stainton-by-langworth-parish-council,Stainton by Langworth Parish Council,
33117,stainton-le-vale-parish-council,Stainton le Vale Parish Council,
5002,staintondale,Staintondale,https://www.staintondale-pc.gov.uk
33294,stalham-town-council,Stalham Town Council,https://www.stalham-tc.gov.uk
32618,stalisfield-parish-council,Stalisfield Parish Council,
33498,stallingborough-parish-council,Stallingborough Parish Council,
32755,stalmine-with-staynall-parish-council,Stalmine-with-staynall Parish Council,
31779,stambridge-parish-council,Stambridge Parish Council,
3599,stamford-town-council,Stamford Town Council,https://www.stamfordtowncouncil.gov.uk
34373,stamfordham-parish-council,Stamfordham Parish Council,
30215,stanbridge-parish-council,Stanbridge Parish Council,
31906,standish-parish-council,Standish Parish Council,https://www.standishpc.org.uk
6504,standon-parish-council,Standon Parish Council,
5700,stanfield-parish-council,Stanfield Parish Council,
7028,stanford-parish-meeting,Stanford Parish Meeting,
34771,stanford-in-the-vale-parish-council-1,Stanford in the Vale Parish Council,
34453,stanford-on-soar-parish-council-1,Stanford on Soar Parish Council,
37228,stanford-with-orleton-parish-council,Stanford with Orleton Parish Council,
34234,stanford-on-avon-parish-meeting,Stanford-on-Avon Parish Meeting,
33388,stanhoe-parish-council,Stanhoe Parish Council,
5654,stanhope,Stanhope,
32494,stanhope-parish-council,Stanhope Parish Council,
34098,stanion-parish-council,Stanion Parish Council,
30652,stanley-town-council,Stanley Town Council,
34374,stannington-parish-council,Stannington Parish Council,
4848,stansfield-parish-council,Stansfield Parish Council,https://www.stansfieldparishcouncil.gov.uk
32353,stanstead-abbots-parish-council,Stanstead Abbots Parish Council,
32307,stanstead-abbotts-parish-council,Stanstead Abbotts Parish Council,https://www.stanstead-abbotts-pc.org.uk
5346,stanstead-parish-council,Stanstead Parish Council,https://www.stansteadparishcouncil.gov.uk
32354,stanstead-st-margarets-parish-council,Stanstead St Margarets Parish Council,
4637,stansted-mountfitchet,Stansted Mountfitchet,https://www.stanstedmountfitchet-pc.gov.uk
31752,stansted-mountfitchet-parish-council,Stansted Mountfitchet Parish Council,https://www.stanstedmountfitchet-pc.gov.uk
6408,stansted-parish-council,Stansted Parish Council,
30475,stanthorne-and-wimboldsley-parish-council,Stanthorne and Wimboldsley Parish Council,
34748,stanton-harcourt-parish-council,Stanton Harcourt Parish Council,
3986,stanton-in-peak-parish-council,Stanton In Peak Parish Council,https://www.stantoninpeakparish.org.uk
4379,stanton-lacy-parish-council,Stanton Lacy Parish Council,https://www.stantonlacy-pc.gov.uk
34833,stanton-long-parish-council,Stanton Long Parish Council,
4849,stanton-parish-council-1,Stanton Parish Council,https://www.stanton-pc.gov.uk
6505,stanton-parish-council,Stanton Parish Council,
6573,stanton-st-bernard-parish-council,Stanton St Bernard Parish Council,
5466,stanton-st-quinton-parish-council,Stanton St Quinton Parish Council,https://www.ssqparishcouncil.gov.uk
4729,stanton-upon-hine-heath-parish-council,Stanton upon Hine Heath Parish Council,https://www.stantonparishcouncil.gov.uk
32906,stanton-under-bardon-parish-council,Stanton-under-bardon Parish Council,
33202,stantonbury-parish-council,Stantonbury Parish Council,
31944,stanway-parish-council,Stanway Parish Council,
5828,stanwick-st-john,Stanwick St John,
33999,stanwick-st-john-parish-council-1,Stanwick St. John Parish Council,
30778,stanwix-rural-parish-council,Stanwix Rural Parish Council,https://www.stanwixrural-pc.gov.uk
30342,stapeley-district-parish-council,Stapeley & District Parish Council,https://www.stapeleyparishcouncil.gov.uk
36630,stapeley-parish-council,Stapeley Parish Council,
30375,stapeley-and-district-parish-council,Stapeley and District Parish Council,
5332,stapenhill-parish-council,Stapenhill Parish Council,http://www.stapenhillparishcouncil.gov.uk/
37072,staplefield-parish-council,Staplefield Parish Council,https://www.staplefield-pc.gov.uk
31647,stapleford-abbotts-parish-council,Stapleford Abbotts Parish Council,
6574,stapleford-parish-council,Stapleford Parish Council,
31648,stapleford-tawney-parish-council,Stapleford Tawney Parish Council,
3613,stapleford-town-council,Stapleford Town Council,https://www.stapleford-tc.gov.uk
36281,staplegrove-parish-council,Staplegrove Parish Council,
32460,staplehurst-parish-council,Staplehurst Parish Council,https://www.staplehurst-pc.org.uk
6138,stapleton-parish-meeting,Stapleton (Parish Meeting),
4709,stapleton-and-cleasby,Stapleton and Cleasby,https://www.stapletoncleasby-pc.gov.uk
30038,staploe-parish-council,Staploe Parish Council,
30653,startforth-parish-council,Startforth Parish Council,
31856,staunton-coleford-parish-council,Staunton (Coleford) Parish Council,https://www.stauntoncoleford-pc.gov.uk
31857,staunton-glos-parish-council,Staunton (Glos) Parish Council,https://www.staunton-pc.gov.uk
5003,staveley-and-copgrove,Staveley and Copgrove,https://www.staveleyandcopgrovepc.org.uk
30905,staveley-in-cartmel-parish-council,Staveley-in-Cartmel Parish Council,
5097,staverton-parish-council,Staverton Parish Council,http://www.stavertonparishcouncil.org.uk
5467,staverton-parish-council-1,Staverton Parish Council,http://www.stavertonparishcouncil.org.uk
4451,stawell-parish-council,Stawell Parish Council,https://www.stawellvillage.info
4452,stawley-parish-council,Stawley Parish Council,https://stash.org.uk
36282,staythorpe-parish-council,Staythorpe Parish Council,
4638,stebbing,Stebbing,https://www.stebbing-pc.gov.uk
5162,steep-parish-council,Steep Parish Council,https://www.steep-pc.gov.uk
6575,steeple-ashton-parish-council,Steeple Ashton Parish Council,
34749,steeple-barton-parish-council,Steeple Barton Parish Council,
5468,steeple-langford-parish-council,Steeple Langford Parish Council,https://www.steeplelangford-pc.gov.uk
30184,steeple-morden-parish-council,Steeple Morden Parish Council,
31780,steeple-parish-council,Steeple Parish Council,
31264,steeple-with-tyneham-parish-council,Steeple with Tyneham Parish Council,
36283,steeton-parish-council,Steeton Parish Council,
36284,stenigot-parish-council,Stenigot Parish Council,
30216,steppingley-parish-council,Steppingley Parish Council,
6576,stert-parish-council,Stert Parish Council,
32308,stevenage-town-council,Stevenage Town Council,
5150,steventon-parish-council,Steventon Parish Council,https://www.steventon-pc.gov.uk
30039,stevington-parish-council,Stevington Parish Council,
30040,stewartby-parish-council,Stewartby Parish Council,
3806,stewkley-parish-council,Stewkley Parish Council,https://www.stewkleyparishcouncil.gov.uk
36285,stewton-parish-council,Stewton Parish Council,
37039,steyning-parish-council,Steyning Parish Council,https://www.steyningpc.gov.uk
33295,stibbard-parish-council,Stibbard Parish Council,
33118,stickford-parish-council,Stickford Parish Council,
33119,stickney-parish-council,Stickney Parish Council,
33862,stillingfleet-parish-council,Stillingfleet Parish Council,https://www.stillingfleetparishcouncil.gov.uk
4323,stillington,Stillington,https://www.stillingtonparishcouncil.gov.uk
30128,stilton-parish-council,Stilton Parish Council,https://www.stiltonparishcouncil.gov.uk
31907,stinchcombe-parish-council,Stinchcombe Parish Council,https://www.stinchcombeparishcouncil.gov.uk
6687,stirton-with-thorlby-parish-meeting,Stirton with Thorlby (Parish Meeting),
3948,stithians-parish-council,Stithians Parish Council,https://www.stithiansparishcouncil.org.uk
33120,stixwould-and-woodhall-parish-council,Stixwould and Woodhall Parish Council,
36286,sto-parish-council,Sto Parish Council,
30470,stoak-parish-council,Stoak Parish Council,
4895,stockbridge-town-council,Stockbridge Town Council,https://www.stockbridge-tc.gov.uk
32402,stockbury-parish-council,Stockbury Parish Council,
36287,stockerston-parish-council,Stockerston Parish Council,
32355,stocking-pelham-parish-council,Stocking Pelham Parish Council,
6701,stockland-bristol-parish-meeting,Stockland Bristol Parish Meeting,
4453,stocklinch-parish-council,Stocklinch Parish Council,https://www.stocklinch.org.uk
34375,stocksfield-parish-council,Stocksfield Parish Council,https://www.bywellparish.org.uk
5469,stockton-parish-council-1,Stockton Parish Council,https://www.stocktonparishcouncil.gov.uk
6803,stockton-parish-meeting,Stockton Parish Meeting,
4885,stogumber-parish-council,Stogumber Parish Council,http://www.stogumber.org.uk/council.php
3682,stogursey-parish-council,Stogursey Parish Council,https://stogursey-online.uk/parish-council
30343,stoke-hurleston-parish-council,Stoke & Hurleston Parish Council,https://www.stokeandhurleston-pc.gov.uk
5912,stoke-ash-and-thwaite-parish-council,Stoke Ash and Thwaite Parish Council,
6742,stoke-bardolph-parish-meeting,Stoke Bardolph Parish Meeting,
37230,stoke-bliss-kyre-and-bockleton-parish-council,"Stoke Bliss, Kyre and Bockleton Parish Council",
34235,stoke-bruerne-parish-council,Stoke Bruerne Parish Council,https://www.stokebruerneparishcouncil.gov.uk
32241,stoke-edith-parish-meeting-chairman,Stoke Edith Parish Meeting (Chairman),
33389,stoke-ferry-parish-council,Stoke Ferry Parish Council,
5098,stoke-gabriel-parish-council,Stoke Gabriel Parish Council,https://www.stokegabrielparishcouncil.gov.uk
32192,stoke-lacy-parish-council,Stoke Lacy Parish Council,
34536,stoke-lyne-parish-council,Stoke Lyne Parish Council,
3808,stoke-mandeville-parish-council,Stoke Mandeville Parish Council,https://www.stokemandeville-pc.gov.uk
37252,stoke-parish-council,Stoke Parish Council,https://www.stoke-pc-worcs.gov.uk
4922,stoke-poges-parish-council,Stoke Poges Parish Council,https://www.stokepogesparishcouncil.gov.uk
36290,stoke-rochford-parish-council,Stoke Rochford Parish Council,
3751,stoke-st-gregory-parish-council,Stoke St Gregory Parish Council,https://www.stokestgregory.org
4768,stoke-st-mary-parish-council,Stoke St Mary Parish Council,https://stokestmaryparish.gov.uk/
3683,stoke-st-michael-parish-council,Stoke St Michael Parish Council,https://stokestmichaelpc.org
34619,stoke-talmage-parish-meeting,Stoke Talmage Parish Meeting,
4770,stoke-trister-with-bayford-parish-council,Stoke Trister with Bayford Parish Council,https://www.stoketristerbayford.net
30376,stoke-and-hurleston-parish-council,Stoke and Hurleston Parish Council,
6291,stoke-by-nayland-parish-council,Stoke by Nayland Parish Council,
4381,stoke-upon-tern-parish-council,Stoke upon Tern Parish Council,https://www.stokeuponternparishcouncil.gov.uk
30543,stokeclimsland-parish-council,Stokeclimsland Parish Council,
36291,stokeham-parish-council,Stokeham Parish Council,
5132,stokeinteignhead,Stokeinteignhead,https://www.stokeinteignheadparishcouncil.gov.uk
31011,stokeinteignhead-parish-council,Stokeinteignhead Parish Council,https://www.stokeinteignheadparishcouncil.gov.uk
4561,stokenchurch-parish-council,Stokenchurch Parish Council,https://www.stokenchurch-pc.gov.uk
5099,stokenham-parish-council,Stokenham Parish Council,https://www.stokenham-pc.gov.uk
33459,stokesby-with-herringby-parish-council,Stokesby with Herringby Parish Council,
4324,stokesley,Stokesley,https://www.stokesleytowncouncil.gov.uk
33864,stokesley-parish-council,Stokesley Parish Council,https://www.stokesleytowncouncil.gov.uk
30217,stondon-parish-council,Stondon Parish Council,
32495,stone-cum-ebony-parish-council,Stone Cum Ebony Parish Council,
4485,stone-rural-parish-council,Stone Rural Parish Council,http://stoneruralparishcouncil.btck.co.uk/
4867,stone-town-council,Stone Town Council,https://www.stonetowncouncil.gov.uk/
5542,stone-with-bishopstone-and-hartwell-parish-council,Stone with Bishopstone and Hartwell Parish Council,
34001,stonebeck-up-parish-council,Stonebeck Up Parish Council,
36631,stonebow-village-parish-council,Stonebow Village Parish Council,
6688,stonegrave-parish-meeting,Stonegrave (Parish Meeting),
31908,stonehouse-town-council,Stonehouse Town Council,https://www.stonehousetowncouncil.gov.uk
36939,stoneleigh-parish-council,Stoneleigh Parish Council,
34750,stonesfield-parish-council,Stonesfield Parish Council,
32807,stoney-stanton-parish-council,Stoney Stanton Parish Council,https://www.stoneystanton-pc.gov.uk
36292,stonh-parish-council,Stonh Parish Council,
5913,stonham-aspal-parish-council,Stonham Aspal Parish Council,
4544,stonham-parva-parish-council,Stonham Parva Parish Council,https://www.stonhamparvapc.org.uk
36293,stonton-wyville-parish-council,Stonton Wyville Parish Council,
31076,stoodleigh-parish-council,Stoodleigh Parish Council,
36294,stopham-parish-council,Stopham Parish Council,
30218,stotfold-parish-council,Stotfold Parish Council,
37094,stoughton-parish-council,Stoughton Parish Council,
32621,stourmouth-parish-council,Stourmouth Parish Council,
37285,stourport-on-severn-parish-council,Stourport-on-severn Parish Council,
31266,stourton-caundle-parish-council,Stourton Caundle Parish Council,
6577,stourton-with-gasper-parish-council,Stourton with Gasper Parish Council,
33390,stow-bardolph-parish-council,Stow Bardolph Parish Council,
30186,stow-longa-parish-council,Stow Longa Parish Council,
30185,stow-cum-quy-parish-council,Stow cum Quy Parish Council,
37007,stowe-ix-churches-parish-council,Stowe Ix Churches Parish Council,
34236,stowe-nine-churches-parish-council,Stowe Nine Churches Parish Council,https://www.stoweninechurches-pc.gov.uk
5543,stowe-parish-council,Stowe Parish Council,
5333,stowe-by-chartley-parish-council,Stowe-by-Chartley Parish Council,http://www.stowe-by-chartley-pc.gov.uk/
5120,stowford-parish,Stowford Parish,https://www.stowfordparishcouncil.org.uk
30979,stowford-parish-parish-council,Stowford Parish Parish Council,https://www.stowfordparishcouncil.org.uk
4821,stowlangtoft-parish-council,Stowlangtoft Parish Council,https://www.stowlangtoft-pc.gov.uk
5497,stowmarket-town-council,Stowmarket Town Council,
5914,stowupland-parish-council,Stowupland Parish Council,
5915,stradbroke-parish-council,Stradbroke Parish Council,
4850,stradishall-parish-council,Stradishall Parish Council,https://www.stradishallparishcouncil.gov.uk
33391,stradsett-parish-meeting,Stradsett Parish Meeting,
36295,stratfield-turgis-parish-council,Stratfield Turgis Parish Council,
36632,stratford-toney-parish-council,Stratford Toney Parish Council,
6791,stratford-tony-parish-meeting,Stratford Tony Parish Meeting,
36736,stratford-upon-avon-town-council,Stratford-upon-Avon Town Council,
35382,stratton-st-margaret-parish-council,Stratton St Margaret Parish Council,
6094,streat-parish-meeting,Streat Parish Meeting,
6183,streat-parish-meeting-1,Streat Parish Meeting,
30674,streatlam-and-stainton-parish-council,Streatlam and Stainton Parish Council,
36987,streatley-parish-council,Streatley Parish Council,
3531,street-parish-council,Street Parish Council,https://street-pc.gov.uk
37286,strensham-parish-council,Strensham Parish Council,http://strenshamparish.gov.uk
5940,strete-parish-council,Strete Parish Council,
6226,strethall,Strethall,
31754,strethall-parish-council,Strethall Parish Council,
36298,stretton-baskerville-parish-council,Stretton Baskerville Parish Council,
36299,stretton-en-le-field-parish-council,Stretton En le Field Parish Council,
4017,stretton-parish-council,Stretton Parish Council,https://stretton-pc.gov.uk/
5334,stretton-parish-council-1,Stretton Parish Council,https://stretton-pc.gov.uk/
36737,stretton-on-fosse-parish-council,Stretton-on-Fosse Parish Council,
34101,strixton-parish-meeting,Strixton Parish Meeting,
31909,stroud-town-council,Stroud Town Council,https://www.stroudtown.gov.uk
4186,strumpshaw-buckenham-hassingham-parish-council,"Strumpshaw (Buckenham, Hassingham) Parish Council",https://www.strumpshaw-pc.gov.uk
33460,strumpshaw-parish-council,Strumpshaw Parish Council,
6139,stubbs-walden-parish-meeting,Stubbs Walden (Parish Meeting),
5997,stubton-parish-council,Stubton Parish Council,
30219,studham-parish-council,Studham Parish Council,
31267,studland-parish-council,Studland Parish Council,
36738,studley-parish-council,Studley Parish Council,
34002,studley-roger-parish-council,Studley Roger Parish Council,
31268,sturminster-newton-parish-council,Sturminster Newton Parish Council,
4105,sturry,Sturry,https://www.sturry-pc.gov.uk
32519,sturry-parish-council,Sturry Parish Council,https://www.sturry-pc.gov.uk
7029,sturston-parish-meeting,Sturston Parish Meeting,
33123,sturton-by-stow-parish-council,Sturton by Stow Parish Council,
34455,sturton-le-steeple-parish-council,Sturton le Steeple Parish Council,
6704,stuston-parish-meeting,Stuston Parish Meeting,
6509,stutton-parish-council,Stutton Parish Council,
5829,stutton-with-hazlewood,Stutton with Hazlewood,
33865,stutton-with-hazlewood-parish-council,Stutton with Hazlewood Parish Council,
30344,styal-parish-council,Styal Parish Council,https://www.styalparishcouncil.gov.uk
34456,styrrup-with-oldcotes-parish-council,Styrrup with Oldcotes Parish Council,
34102,sudborough-parish-council,Sudborough Parish Council,
33124,sudbrooke-parish-council,Sudbrooke Parish Council,
3987,sudbury-parish-council,Sudbury Parish Council,https://www.sudburyparishcouncil-derbyshire.gov.uk
3633,sudbury-town-council,Sudbury Town Council,https://www.sudbury-tc.gov.uk
34003,suffield-cum-everley-parish-council,Suffield-cum-everley Parish Council,
34237,sulby-parish-meeting,Sulby Parish Meeting,
34238,sulgrave-parish-council,Sulgrave Parish Council,https://www.sulgrave-pc.gov.uk
36300,sulham-parish-council,Sulham Parish Council,
30220,sundon-parish-council,Sundon Parish Council,
30052,sunningdale-parish-council,Sunningdale Parish Council,https://www.sunningdale-pc.gov.uk
33125,surfleet-parish-council,Surfleet Parish Council,
4231,surlingham-parish-council,Surlingham Parish Council,https://www.surlingham-pc.gov.uk
33461,sustead-parish-council,Sustead Parish Council,
33126,sutterton-parish-council,Sutterton Parish Council,
34103,sutton-bassett-parish-meeting,Sutton Bassett Parish Meeting,
5470,sutton-benger-parish-council,Sutton Benger Parish Council,https://www.suttonbengerparishcouncil.gov.uk
5254,sutton-bonington-parish-council,Sutton Bonington Parish Council,https://www.suttonboningtonparishcouncil.org.uk
33127,sutton-bridge-parish-council,Sutton Bridge Parish Council,
30055,sutton-coldfield-parish-council,Sutton Coldfield Parish Council,
34681,sutton-courtenay-parish-council,Sutton Courtenay Parish Council,https://www.suttoncourtenay-pc.gov.uk
5875,sutton-maddock-parish-council,Sutton Maddock Parish Council,
5471,sutton-mandeville-parish-council,Sutton Mandeville Parish Council,http://www.suttonmandevillepc.org
4571,sutton-parish-council,Sutton Parish Council,https://www.suttonparishcouncil.gov.uk
33128,sutton-st-edmund-parish-council,Sutton St Edmund Parish Council,
33129,sutton-st-james-parish-council,Sutton St James Parish Council,
32624,sutton-valence-parish-council,Sutton Valence Parish Council,
6578,sutton-veny-parish-council,Sutton Veny Parish Council,
30445,sutton-weaver-parish-council,Sutton Weaver Parish Council,
31445,sutton-upon-derwent-parish-council,Sutton upon Derwent Parish Council,
4382,sutton-upon-tern-parish-council,Sutton upon Tern Parish Council,https://www.suttonupontern-pc.gov.uk
36301,sutton-with-howgrave-parish-council,Sutton with Howgrave Parish Council,
32625,sutton-at-hone-and-hawley-parish-council,Sutton-at-hone and Hawley Parish Council,
4018,sutton-cum-duckmanton-parish-council,Sutton-cum-Duckmanton Parish Council,https://www.suttoncumduckmantonparishcouncil.gov.uk
5004,sutton-in-craven,Sutton-in-Craven,https://www.suttonincravenpc.org.uk
33866,sutton-in-craven-parish-council,Sutton-in-Craven Parish Council,https://www.suttonincravenpc.org.uk
5830,sutton-on-the-forest,Sutton-on-the-Forest,
36739,sutton-under-brailes-parish-meeting,Sutton-under-Brailes Parish Meeting,
4711,sutton-under-whitestonecliffe,Sutton-under-Whitestonecliffe,https://www.suttonunderwhitestonecliffeparishcouncil.gov.uk
32831,swadlincote-town-council,Swadlincote Town Council,https://www.swadlincotetowncouncil.gov.uk
3601,swaffham-town-council,Swaffham Town Council,https://www.swaffhamtowncouncil.gov.uk
33462,swafield-parish-council,Swafield Parish Council,
33300,swafield-and-bradfield-parish-council,Swafield and Bradfield Parish Council,
36302,swainby-with-allerthorpe-parish-council,Swainby with Allerthorpe Parish Council,
33131,swallow-parish-council,Swallow Parish Council,
5472,swallowcliffe-parish-council,Swallowcliffe Parish Council,https://www.swallowcliffeparishcouncil.gov.uk
31270,swanage-parish-council,Swanage Parish Council,
3809,swanbourne-parish-council,Swanbourne Parish Council,https://www.swanbourneparishcouncil.gov.uk
32432,swanley-town-council,Swanley Town Council,https://www.swanley-tc.gov.uk
4666,swanmore-parish-council,Swanmore Parish Council,https://www.swanmore-pc.gov.uk
33463,swannington-parish-council,Swannington Parish Council,
4187,swannington-with-alderford-little-witchingham-parish-council,Swannington with Alderford & Little Witchingham Parish Council,https://www.salwparishcouncil.gov.uk
32653,swanscombe-and-greenhithe-parish-council,Swanscombe and Greenhithe Parish Council,
5701,swanton-morley-parish-council,Swanton Morley Parish Council,
4232,swardeston-parish-council,Swardeston Parish Council,https://www.swardestonparish.gov.uk
33132,swaton-parish-council,Swaton Parish Council,
30187,swavesey-parish-council,Swavesey Parish Council,
6417,swayfield-parish-council,Swayfield Parish Council,
32910,swepstone-and-newton-burgoland-parish-council,Swepstone and Newton Burgoland Parish Council,
34751,swerford-parish-council,Swerford Parish Council,
30345,swettenham-parish-council,Swettenham Parish Council,https://www.swettenhamparishcouncil.org.uk
32787,swillington-parish-council,Swillington Parish Council,
36303,swinbrook-and-widfo-parish-council,Swinbrook and Widfo Parish Council,
34752,swinbrook-and-widford-parish-council,Swinbrook and Widford Parish Council,https://www.swinbrookandwidfordpc.org.uk
33133,swinderby-parish-council,Swinderby Parish Council,
4486,swindon-parish-council,Swindon Parish Council,https://swindon-pc.gov.uk/
30016,swineshead-parish-council,Swineshead Parish Council,
5674,swinstead-parish-council,Swinstead Parish Council,
5831,swinton,Swinton,
32912,swithland-parish-council,Swithland Parish Council,
34620,swyncombe-parish-council,Swyncombe Parish Council,
5335,swynnerton-parish-council,Swynnerton Parish Council,https://www.swynnertonparishcouncil.org.uk
31819,syde-parish-meeting,Syde Parish Meeting,
6715,sydenham-damerel-parish-meeting,Sydenham Damerel Parish Meeting,
34621,sydenham-parish-council,Sydenham Parish Council,https://www.sydenhamparishcouncil.gov.uk
33392,syderstone-parish-council,Syderstone Parish Council,
6961,sykehouse-parish-council,Sykehouse Parish Council,
5916,syleham-parish-council,Syleham Parish Council,
32913,syston-parish-council,Syston Parish Council,
34104,sywell-parish-council,Sywell Parish Council,https://www.sywell-pc.gov.uk
30377,tabley-inferior-parish-council,Tabley Inferior Parish Council,
30346,tabley-parish-council,Tabley Parish Council,https://www.tableyparishcouncil.gov.uk
30378,tabley-superior-parish-council,Tabley Superior Parish Council,
34753,tackley-parish-council,Tackley Parish Council,
6708,tacolneston-parish-council,Tacolneston Parish Council,
5005,tadcaster,Tadcaster,https://www.tadcastertowncouncil.gov.uk
33870,tadcaster-parish-council,Tadcaster Parish Council,https://www.tadcastertowncouncil.gov.uk
4930,taddington-parish-council,Taddington Parish Council,https://www.taddingtonparishcouncil.org.uk
3710,tadley-town-council,Tadley Town Council,https://www.tadleytowncouncil.gov.uk
30188,tadlow-parish-council,Tadlow Parish Council,
4942,takeley,Takeley,https://www.takeley-pc.gov.uk
31755,takeley-parish-council,Takeley Parish Council,https://www.takeley-pc.gov.uk
31077,talaton-parish-council,Talaton Parish Council,
35363,tandridge-parish-council,Tandridge Parish Council,
5832,tanfield,Tanfield,
6871,tangley-parish-council,Tangley Parish Council,
30011,tankersley-parish-council,Tankersley Parish Council,
5504,tannington-parish-meeting,Tannington Parish Meeting,https://www.midsuffolk.gov.uk
34105,tansor-parish-meeting,Tansor Parish Meeting,
36740,tanworth-in-arden-parish-council,Tanworth-in-Arden Parish Council,
4562,taplow-parish-council,Taplow Parish Council,https://www.taplow-pc.gov.uk
32675,tarleton-parish-council,Tarleton Parish Council,
30446,tarporley-parish-council,Tarporley Parish Council,
31291,tarrant-keyneston-parish-council,Tarrant Keyneston Parish Council,
31292,tarrant-monkton-parish-council,Tarrant Monkton Parish Council,
36633,tarrant-rawston-parish-council,Tarrant Rawston Parish Council,
31293,tarrant-rushton-parish-council,Tarrant Rushton Parish Council,
7007,tarring-neville-parish-meeting-1,Tarring Neville Parish Meeting,
7005,tarring-neville-parish-meeting,Tarring Neville Parish Meeting,
32195,tarrington-parish-council,Tarrington Parish Council,
34412,tarset-parish-council,Tarset Parish Council,
34376,tarset-with-greystead-parish-council,Tarset with Greystead Parish Council,
30447,tarvin-parish-council,Tarvin Parish Council,
4383,tasley-parish-council,Tasley Parish Council,https://www.tasleyparish.gov.uk
33135,tathwell-parish-council,Tathwell Parish Council,
35364,tatsfield-parish-council,Tatsfield Parish Council,
30448,tattenhall-and-district-parish-council,Tattenhall and District Parish Council,
33464,tattersett-parish-council,Tattersett Parish Council,
33303,tattersett-with-tatterford-parish-council,Tattersett with Tatterford Parish Council,
33136,tattershall-parish-council,Tattershall Parish Council,
5347,tattingstone-parish-council,Tattingstone Parish Council,https://www.tattingstoneparishcouncil.gov.uk
36634,tatton-parish-council,Tatton Parish Council,
4772,tatworth-forton-parish-council,Tatworth & Forton Parish Council,http://www.tatworthandfortonparishcouncil.org.uk
3518,taunton-town-council,Taunton Town Council,https://www.taunton-tc.gov.uk
4188,taverham-parish-council,Taverham Parish Council,https://www.taverhamparishcouncil.org.uk
3703,tavistock-town-council,Tavistock Town Council,https://www.tavistock.gov.uk
6222,tedburn-st-mary,Tedburn St Mary,
31012,tedburn-st-mary-parish-council,Tedburn St Mary Parish Council,
36305,teddesley-hay-parish-council,Teddesley Hay Parish Council,
31947,teddington-and-alstone-parish-council,Teddington and Alstone Parish Council,https://www.teddington-and-alstone-parish-council.org.uk
31014,teigngrace-parish-council,Teigngrace Parish Council,
6762,tellisford-parish-meeting,Tellisford Parish Meeting,
3593,telscombe-town-council,Telscombe Town Council,https://www.telscombetowncouncil.gov.uk
3709,telscombe-town-council-1,Telscombe Town Council,https://www.telscombetowncouncil.gov.uk
32627,temple-ewell-parish-council,Temple Ewell Parish Council,
6740,temple-hirst-parish-meeting,Temple Hirst (Parish Meeting),
6217,temple-normanton-parish-council,Temple Normanton Parish Council,
30908,temple-sowerby-parish-council,Temple Sowerby Parish Council,
31080,templeton-parish-council,Templeton Parish Council,
37232,tenbury-town-parish-council,Tenbury Town Parish Council,
4088,tenterden,Tenterden,https://www.tenterdentowncouncil.gov.uk
32496,tenterden-parish-council,Tenterden Parish Council,https://www.tenterdentowncouncil.gov.uk
5833,terrington,Terrington,
33393,terrington-st-clement-parish-council,Terrington St Clement Parish Council,
33465,terrington-st-clement-parish-council-1,Terrington St. Clement Parish Council,
33466,terrington-st-john-parish-council-1,Terrington St. John Parish Council,
31993,tetbury-parish-council,Tetbury Parish Council,
33139,tetford-parish-council,Tetford Parish Council,
34622,tetsworth-parish-council,Tetsworth Parish Council,https://www.tetsworthparishcouncil.gov.uk
30189,teversham-parish-council,Teversham Parish Council,
32309,tewins-and-tonwell-parish-council,Tewins and Tonwell Parish Council,
31948,tewkesbury-town-council,Tewkesbury Town Council,https://www.tewkesburytowncouncil.gov.uk
4106,thanington,Thanington,https://www.thanington-pc.gov.uk
4234,tharston-hapton-parish-council,Tharston & Hapton Parish Council,https://www.tharstonandhapton-pc.gov.uk
33467,tharston-and-hapton-parish-council,Tharston and Hapton Parish Council,
36989,thatcham-town-council,Thatcham Town Council,https://www.thatchamtowncouncil.gov.uk
34624,the-baldons-parish-council,The Baldons Parish Council,
6208,the-lee-parish-council,The Lee Parish Council,
33141,the-moultons-parish-council,The Moultons Parish Council,
5136,the-sampfords,The Sampfords,https://www.thesampfords-pc.gov.uk
6059,the-saxhams-parish-council,The Saxhams Parish Council,
30190,the-stukeleys-parish-council,The Stukeleys Parish Council,
32781,the-yealands-parish-council,The Yealands Parish Council,
32914,theddingworth-parish-council,Theddingworth Parish Council,
33142,theddlethorpe-all-saints-parish-council,Theddlethorpe All Saints Parish Council,
33143,theddlethorpe-st-helen-parish-council,Theddlethorpe St Helen Parish Council,
31081,thelbridge-parish-council,Thelbridge Parish Council,
6515,thelnetham-parish-council,Thelnetham Parish Council,
6614,themelthorpe-parish-meeting,Themelthorpe Parish Meeting,
32357,therfield-parish-council,Therfield Parish Council,
3602,thetford-town-council,Thetford Town Council,https://www.thetfordtowncouncil.gov.uk
31649,theydon-bois-parish-council,Theydon Bois Parish Council,https://www.theydonbois-pc.gov.uk
31650,theydon-garnon-parish-council,Theydon Garnon Parish Council,
31651,theydon-mount-parish-council,Theydon Mount Parish Council,
33144,thimbleby-parish-council,Thimbleby Parish Council,
33873,thirkleby-high-and-low-with-osgodby-parish-council,Thirkleby High and Low with Osgodby Parish Council,
6985,thirlby-parish-meeting,Thirlby (Parish Meeting),
34377,thirlwall-parish-council,Thirlwall Parish Council,https://www.thirlwallparishcouncil.org.uk
34005,thirn-parish-council,Thirn Parish Council,
4325,thirsk,Thirsk,https://www.thirsk-tc.gov.uk
33874,thirsk-parish-council,Thirsk Parish Council,https://www.thirsk-tc.gov.uk
34378,thirston-parish-council,Thirston Parish Council,https://www.thirstonparishcouncil.gov.uk
33875,thixendale-parish-council,Thixendale Parish Council,
6689,tholthorpe-parish-meeting,Tholthorpe (Parish Meeting),
5702,thompson-parish-council,Thompson Parish Council,
34006,thoralby-parish-council,Thoralby Parish Council,
36309,thoresway-parish-council,Thoresway Parish Council,
4326,thorganby,Thorganby,https://www.thorganbyparishcouncil.gov.uk
36310,thorington-parish-council,Thorington Parish Council,
36635,thorley-parish-council,Thorley Parish Council,
6140,thormanby-parish-meeting,Thormanby (Parish Meeting),
35170,thornaby-parish-council,Thornaby Parish Council,
33304,thornage-parish-council,Thornage Parish Council,https://www.thornageparish.gov.uk
3810,thornborough-parish-council,Thornborough Parish Council,https://www.thornborough-pc.gov.uk
6690,thornbrough-parish-meeting,Thornbrough (Parish Meeting),
34241,thornby-parish-meeting,Thornby Parish Meeting,
4545,thorndon-parish-council,Thorndon Parish Council,https://www.thorndon-pc.gov.uk
31112,thorne-parish-council,Thorne Parish Council,
6825,thorne-moorends-town-council,Thorne-Moorends Town Council,
4886,thornham-magna-parish-meeting,Thornham Magna Parish Meeting,https://www.thornhamparish.org.uk
33395,thornham-parish-council,Thornham Parish Council,
6170,thornham-parva-parish-meeting,Thornham Parva Parish Meeting,
6691,thornthwaite-with-padside-parish-meeting,Thornthwaite with Padside (Parish Meeting),
36311,thornton-bridge-parish-council,Thornton Bridge Parish Council,
30449,thornton-le-moors-parish-council,Thornton Le Moors Parish Council,
30067,thornton-parish-council,Thornton Parish Council,
6692,thornton-steward-parish-meeting,Thornton Steward (Parish Meeting),
6461,thornton-watlass-burrill-with-cowling-thirn-clifton-on-yore-and-rookwith,"Thornton Watlass, Burrill with Cowling, Thirn, Clifton on Yore and Rookwith",
34031,thornton-in-craven-parish-council-1,Thornton in Craven Parish Council,
33878,thornton-in-craven-parish-council,Thornton-In-Craven Parish Council,
33879,thornton-in-lonsdale-parish-council,Thornton-In-Lonsdale Parish Council,
33880,thornton-le-beans-with-crosby-and-cotcliffe-parish-council,Thornton-le-Beans with Crosby and Cotcliffe Parish Council,
5006,thornton-le-dale,Thornton-le-Dale,https://www.thorntonledale-pc.gov.uk
33881,thornton-le-dale-parish-council,Thornton-le-Dale Parish Council,https://www.thorntonledale-pc.gov.uk
6462,thornton-le-moor-and-thornton-le-street,Thornton-le-Moor and Thornton-le-Street,
33882,thornton-le-moor-and-thornton-le-street-parish-council,Thornton-le-Moor and Thornton-le-Street Parish Council,
30476,thornton-le-moors-parish-council-1,Thornton-le-Moors Parish Council,
34010,thornton-le-beans-parish-council,Thornton-le-beans Parish Council,
34011,thornton-le-clay-parish-council,Thornton-le-clay Parish Council,
6693,thornton-on-the-hill-parish-meeting,Thornton-on-the-Hill (Parish Meeting),
6986,thornville-parish-meeting,Thornville (Parish Meeting),
6750,thoroton-parish-meeting,Thoroton Parish Meeting,
6694,thorpe-parish-meeting,Thorpe (Parish Meeting),
33508,thorpe-achurch-parish-council,Thorpe Achurch Parish Council,
6141,thorpe-bassett-parish-meeting,Thorpe Bassett (Parish Meeting),
36313,thorpe-constantine-parish-council,Thorpe Constantine Parish Council,
34106,thorpe-malsor-parish-council,Thorpe Malsor Parish Council,
33305,thorpe-market-parish-council,Thorpe Market Parish Council,
5051,thorpe-morieux-parish-council,Thorpe Morieux Parish Council,https://www.thorpemorieuxparish.gov.uk
6214,thorpe-parish-council,Thorpe Parish Council,
3606,thorpe-st-andrew-town-council,Thorpe St Andrew Town Council,https://www.thorpestandrew-tc.gov.uk
33468,thorpe-st-andrew-parish-council,Thorpe St. Andrew Parish Council,
34013,thorpe-underwoods-parish-council,Thorpe Underwoods Parish Council,
5834,thorpe-willoughby,Thorpe Willoughby,
36314,thorpe-in-the-fallows-parish-council,Thorpe in the Fallows Parish Council,
36315,thorpe-in-the-glebe-parish-council,Thorpe in the Glebe Parish Council,
34107,thrapston-town-council,Thrapston Town Council,https://www.thrapstontowncouncil.gov.uk
30450,threapwood-parish-council,Threapwood Parish Council,
33147,threekingham-parish-council,Threekingham Parish Council,
30909,threlkeld-parish-council,Threlkeld Parish Council,
4327,threshfield,Threshfield,https://www.threshfieldparishcouncil.gov.uk
33884,threshfield-parish-council,Threshfield Parish Council,https://www.threshfieldparishcouncil.gov.uk
32832,thringstone-parish-council,Thringstone Parish Council,https://www.thringstone-pc.gov.uk
30191,thriplow-and-heathfield-parish-council,Thriplow and Heathfield Parish Council,
31294,throop-and-holdenhurst-parish-council,Throop and Holdenhurst Parish Council,
34379,thropton-parish-council,Thropton Parish Council,
30980,throwleigh-parish-parish-council,Throwleigh Parish Parish Council,
32565,throwley-parish-council,Throwley Parish Council,
6751,thrumpton-parish-meeting,Thrumpton Parish Meeting,
6695,thruscross-parish-meeting,Thruscross (Parish Meeting),
34790,thrybergh-parish-council,Thrybergh Parish Council,
32310,thundridge-parish-council,Thundridge Parish Council,https://www.thundridgepc.org.uk
30012,thurgoland-parish-council,Thurgoland Parish Council,
30041,thurleigh-parish-council,Thurleigh Parish Council,
4773,thurloxton-parish-council,Thurloxton Parish Council,https://www.thurloxtonparishcouncil.gov.uk/
33469,thurlton-parish-council,Thurlton Parish Council,
32941,thurmaston-parish-council,Thurmaston Parish Council,
33470,thurne-parish-council,Thurne Parish Council,
33306,thurning-parish-meeting,Thurning Parish Meeting,
35255,thurston-parish-council,Thurston Parish Council,
33471,thurton-parish-council,Thurton Parish Council,
6732,thwaite-parish-meeting,Thwaite Parish Meeting,
31859,tibberton-parish-council,Tibberton Parish Council,
4236,tibenham-parish-council,Tibenham Parish Council,https://www.tibenhampc.norfolkparishes.gov.uk
5070,tibshelf-parish-council,Tibshelf Parish Council,https://www.tibshelfparishcouncil.gov.uk
4056,ticehurst-parish-council,Ticehurst Parish Council,https://www.ticehurst-pc.org.uk
6826,tickhill-town-council,Tickhill Town Council,
34846,tidbury-green-parish-council,Tidbury Green Parish Council,
6792,tidcombe-and-fosbury-parish-meeting,Tidcombe and Fosbury Parish Meeting,
6215,tideswell-parish-council,Tideswell Parish Council,
36991,tidmarsh-with-sulham-parish-council,Tidmarsh with Sulham Parish Council,
4908,tidworth-town-council,Tidworth Town Council,https://www.tidworthtowncouncil.gov.uk
34243,tiffield-parish-council,Tiffield Parish Council,https://www.tiffieldparishcouncil.gov.uk
36992,tilehurst-parish-council,Tilehurst Parish Council,https://www.tilehurstparishcouncil.gov.uk
35366,tilford-parish-council,Tilford Parish Council,
31782,tillingham-parish-council,Tillingham Parish Council,
34380,tillside-parish-council,Tillside Parish Council,https://www.tillsideparishcouncil.gov.uk
33397,tilney-st-lawrence-parish-council,Tilney St Lawrence Parish Council,
33472,tilney-st-lawrence-parish-council-1,Tilney St. Lawrence Parish Council,
6580,tilshead-parish-council,Tilshead Parish Council,
30451,tilston-parish-council,Tilston Parish Council,
30222,tilsworth-parish-council,Tilsworth Parish Council,
33149,timberland-parish-council,Timberland Parish Council,
3684,timberscombe-parish-council,Timberscombe Parish Council,https://timberscombevillage.com
4923,tingewick-parish-council,Tingewick Parish Council,https://www.tingewickparishcouncil.org.uk
30223,tingrith-parish-council,Tingrith Parish Council,
3949,tintagel-parish-council,Tintagel Parish Council,https://www.tintagelparishcouncil.gov.uk/
3685,tintinhull-parish-council,Tintinhull Parish Council,https://tintinhull.online
4863,tisbury-parish-council,Tisbury Parish Council,https://www.tisbury-pc.gov.uk
5602,tissington-and-lea-hall-parish-council,Tissington And Lea Hall Parish Council,
36317,tithby-parish-council,Tithby Parish Council,
6752,tithby-and-wiverton-parish-meeting,Tithby and Wiverton Parish Meeting,
32197,titley-and-district-group-parish-council,Titley and District Group Parish Council,
36636,titsey-parish-council,Titsey Parish Council,
4005,tittesworth-parish-council,Tittesworth Parish Council,https://www.tittesworth-pc.gov.uk
5042,tittesworth-parish-council-1,Tittesworth Parish Council,https://www.tittesworth-pc.gov.uk
4156,tittleshall-parish-council,Tittleshall Parish Council,https://www.tittleshallparishcouncil.gov.uk
30452,tiverton-tilstone-fearnall-parish-council,Tiverton & Tilstone Fearnall Parish Council,
30477,tiverton-and-tilstone-fearnall-parish-council,Tiverton and Tilstone Fearnall Parish Council,
4237,tivetshall-parish-council,Tivetshall Parish Council,https://www.tivetshall-pc.gov.uk
5473,tockenham-parish-council,Tockenham Parish Council,https://www.tockenhamparishcouncil.gov.uk
34014,tockwith-parish-council,Tockwith Parish Council,
5007,tockwith-and-wilstrop,Tockwith and Wilstrop,https://www.tockwith.gov.uk
31950,toddington-parish-council,Toddington Parish Council,
5736,toft-monks-parish-council,Toft Monks Parish Council,
33150,toft-newton-parish-council,Toft Newton Parish Council,
30129,toft-parish-council,Toft Parish Council,https://www.toftparishcouncil.gov.uk
33151,toft-with-lound-and-manthorpe-parish-council,Toft with Lound and Manthorpe Parish Council,
36318,tolland-parish-council,Tolland Parish Council,
6581,tollard-royal-parish-council,Tollard Royal Parish Council,
5835,tollerton,Tollerton,
31784,tolleshunt-darcy-parish-council,Tolleshunt D'arcy Parish Council,
32461,tonbridge-town-council,Tonbridge Town Council,https://www.tonbridgetowncouncil.gov.uk
6483,tong-parish-council,Tong Parish Council,
32630,tonge-parish-council,Tonge Parish Council,
35340,tongham-parish-council,Tongham Parish Council,
32311,tonwell-parish-council,Tonwell Parish Council,
5008,topcliffe,Topcliffe,https://www.topcliffe.org.uk
33886,topcliffe-parish-council,Topcliffe Parish Council,https://www.topcliffe.org.uk
4238,topcroft-parish-council,Topcroft Parish Council,https://www.topcroft-pc.gov.uk
33152,torksey-parish-council,Torksey Parish Council,
3569,torpoint-town-council,Torpoint Town Council,https://www.torpointtowncouncil.gov.uk/
34458,torworth-parish-council,Torworth Parish Council,
30130,toseland-parish-council,Toseland Parish Council,https://www.toselandparishcouncil.gov.uk
3702,totnes-town-council,Totnes Town Council,https://www.totnestowncouncil.gov.uk
30224,totternhoe-parish-council,Totternhoe Parish Council,
32404,tottington-parish-council,Tottington Parish Council,https://www.tottingtonparishcouncil.gov.uk
7030,tottington-parish-meeting,Tottington Parish Meeting,
32043,totton-eling-town-council,Totton & Eling Town Council,https://www.tottoneling-tc.gov.uk
34244,towcester-town-council,Towcester Town Council,https://www.towcester-tc.gov.uk
3950,towednack-parish-council,Towednack Parish Council,https://www.towednackparishcouncil.gov.uk/
34015,towton-parish-council,Towton Parish Council,
5009,towton-grimston-and-kirkby-wharfe-with-north-milford,Towton; Grimston and Kirkby Wharfe with North Milford,https://www.towtonpc.org.uk
33887,towton-grimston-and-kirkby-wharfe-with-north-milford-parish-council,Towton; Grimston and Kirkby Wharfe with North Milford Parish Council,https://www.towtonpc.org.uk
33153,toynton-all-saints-parish-council,Toynton All Saints Parish Council,
32434,toys-hill-parish-council,Toys Hill Parish Council,https://www.toyshillpc.org.uk
32758,trawden-forest-parish-council,Trawden Forest Parish Council,
6763,treborough-parish-meeting,Treborough Parish Meeting,
36744,tredington-parish-council,Tredington Parish Council,
34791,treeton-parish-council,Treeton Parish Council,
36637,tregoney-parish-council,Tregoney Parish Council,
3951,tregony-parish-council,Tregony Parish Council,https://www.tregonywithcubyparishcouncil.gov.uk
30519,tregony-with-cuby-parish-council,Tregony with Cuby Parish Council,
3952,tremaine-parish-council,Tremaine Parish Council,https://www.tremaine-pc.gov.uk
6828,treneglos-parish-council,Treneglos Parish Council,
5567,tresmeer-parish-council,Tresmeer Parish Council,
34459,treswell-parish-council,Treswell Parish Council,
6075,trevalga-parish-meeting,Trevalga Parish Meeting,
3953,treverbyn-parish-council,Treverbyn Parish Council,https://www.treverbyn-pc.co.uk/
6076,trewen-parish-meeting,Trewen Parish Meeting,
35256,trimley-st-martin-parish-council,Trimley St. Martin Parish Council,
35257,trimley-st-mary-parish-council,Trimley St. Mary Parish Council,
34382,tritlington-and-west-chevington-parish-council,Tritlington and West Chevington Parish Council,https://www.tritlingtonwestchevington-pc.gov.uk
5365,troston-parish-council,Troston Parish Council,https://www.troston-pc.gov.uk
5922,trowbridge-town-council,Trowbridge Town Council,http://www.trowbridge.gov.uk
5846,trowell-parish-council,Trowell Parish Council,
4774,trudoxhill-parish-council,Trudoxhill Parish Council,https://trudoxhill.org.uk
4912,trull-parish-council,Trull Parish Council,http://www.trullparishcouncil.org.uk
3570,truro-city-council,Truro City Council,http://www.truro.gov.uk/
36319,trysull-parish-council,Trysull Parish Council,
4807,trysull-and-seisdon-parish-council,Trysull and Seisdon Parish Council,http://www.trysullandseisdon-pc.gov.uk
4851,tuddenham-parish-council,Tuddenham Parish Council,https://www.tuddenham-pc.gov.uk
32920,tugby-and-keythorpe-parish-council,Tugby and Keythorpe Parish Council,
32462,tunbridge-wells-town-council,Tunbridge Wells Town Council,https://www.tunbridgewellstowncouncil.gov.uk
6279,tunstall,Tunstall,
33888,tunstall-parish-council,Tunstall Parish Council,
36320,tupholme-parish-council,Tupholme Parish Council,
31820,turkdean-parish-meeting,Turkdean Parish Meeting,
37073,turners-hill-parish-council,Turners Hill Parish Council,https://www.turnershill-pc.gov.uk
36321,turnworth-parish-council,Turnworth Parish Council,
30042,turvey-parish-council,Turvey Parish Council,
5544,turville-parish-council,Turville Parish Council,
4924,turweston-parish-council,Turweston Parish Council,https://www.turwestonparish.gov.uk
30471,tushingham-cum-grindley-macefen-and-bradley-parish-council,"Tushingham-cum-grindley, Macefen and Bradley Parish Council",
4808,tutbury-parish-council,Tutbury Parish Council,http://tutburyparishcouncil.co.uk/
37253,tutnall-and-cobley-parish-council,Tutnall and Cobley Parish Council,https://www.tutnallandcobley-pc.gov.uk
34460,tuxford-parish-council,Tuxford Parish Council,
30347,twemlow-parish-council,Twemlow Parish Council,https://www.twemlowparishcouncil.gov.uk
36322,twiston-parish-council,Twiston Parish Council,
32922,twycross-parish-council,Twycross Parish Council,
6730,twyford-parish-meeting,Twyford Parish Meeting,
31952,twyning-parish-council,Twyning Parish Council,
30082,tydd-st-giles-parish-council,Tydd St Giles Parish Council,https://www.tyddstgilesparishcouncil.org.uk
33156,tydd-st-mary-parish-council,Tydd St Mary Parish Council,
3954,tywardreath-and-par-parish-council,Tywardreath and Par Parish Council,https://www.tywardreathandparparishcouncil.gov.uk/
36323,ubbeston-parish-council,Ubbeston Parish Council,
3594,uckfield-town-council,Uckfield Town Council,https://www.uckfieldtc.gov.uk
4730,uffington-parish-council-1,Uffington Parish Council,https://www.uffingtonparishcouncil.gov.uk
6418,uffington-parish-council,Uffington Parish Council,https://www.uffingtonparishcouncil.gov.uk
4572,ufford-parish-council,Ufford Parish Council,https://www.uffordparishcouncil.gov.uk
36746,ufton-parish-council,Ufton Parish Council,
5100,ugborough-parish-council,Ugborough Parish Council,https://www.ugboroughparishcouncil.gov.uk
5972,ugley,Ugley,
31758,ugley-parish-council,Ugley Parish Council,
34016,ugthorpe-parish-council,Ugthorpe Parish Council,
32405,ulcombe-parish-council,Ulcombe Parish Council,https://www.ulcombeparishcouncil.org.uk
34383,ulgham-parish-council,Ulgham Parish Council,
36747,ullenhall-parish-council,Ullenhall Parish Council,
5010,ulleskelf,Ulleskelf,https://www.ulleskelfparishcouncil.gov.uk
32760,ulnes-walton-parish-council,Ulnes Walton Parish Council,
31616,ulrome-parish-council,Ulrome Parish Council,
36324,ulverscroft-parish-council,Ulverscroft Parish Council,
30911,ulverston-town-council,Ulverston Town Council,https://www.ulverstoncouncil.org.uk
30912,underbarrow-and-bradleyfield-parish-council,Underbarrow and Bradleyfield Parish Council,
32435,underriver-parish-council,Underriver Parish Council,
30781,underskiddaw-parish-council,Underskiddaw Parish Council,https://www.underskiddaw-pc.gov.uk
5618,unstone-parish-council,Unstone Parish Council,
6582,upavon-parish-council,Upavon Parish Council,
32632,upchurch-parish-council,Upchurch Parish Council,
32676,upholland-parish-council,Upholland Parish Council,https://www.uphollandpc.gov.uk
37042,upper-beeding-parish-council,Upper Beeding Parish Council,https://www.upperbeeding-pc.gov.uk
6941,upper-broughton-parish-council,Upper Broughton Parish Council,
5175,upper-clatford-parish-council,Upper Clatford Parish Council,https://www.upperclatford-pc.gov.uk
30782,upper-denton-parish-council,Upper Denton Parish Council,
6583,upper-deverills-joint-parish-council,Upper Deverills Joint Parish Council,
32521,upper-hardres-parish-council,Upper Hardres Parish Council,https://www.upperhardres-pc.gov.uk
31980,upper-rissington-parish-council,Upper Rissington Parish Council,
33473,upper-sheringham-parish-council,Upper Sheringham Parish Council,
36326,upper-winchendon-parish-council,Upper Winchendon Parish Council,
34017,upsall-parish-council,Upsall Parish Council,
36638,upton-cressett-parish-council,Upton Cressett Parish Council,
5152,upton-grey-parish-council,Upton Grey Parish Council,https://www.uptongreypc.org.uk
6584,upton-lovell-parish-council,Upton Lovell Parish Council,
6597,upton-noble-parish-meeting,Upton Noble Parish Meeting,
5032,upton-parish-council-1,Upton Parish Council,https://www.hugofox.com/community/upton-parish-council-7928/home
6172,upton-parish-council,Upton Parish Council,https://www.hugofox.com/community/upton-parish-council-7928/home
6297,upton-parish-meeting,Upton Parish Meeting,https://www.hugofox.com/community/upton-parish-council-7928/home
31089,upton-pyne-parish-council,Upton Pyne Parish Council,
6585,upton-scudamore-parish-council,Upton Scudamore Parish Council,
37290,upton-warren-parish-council,Upton Warren Parish Council,
36654,upton-and-north-elmsall-parish-council,Upton and North Elmsall Parish Council,
30478,upton-by-chester-parish-council,Upton-by-Chester Parish Council,
30453,upton-by-chester-and-district-parish-council,Upton-by-Chester and District Parish Council,
36327,upwaltham-parish-council,Upwaltham Parish Council,
33400,upwell-parish-council,Upwell Parish Council,
30132,upwood-parish-council,Upwood Parish Council,https://www.upwoodparishcouncil.gov.uk
30131,upwood-and-the-raveleys-parish-council,Upwood and the Raveleys Parish Council,https://www.upwoodraveleys-pc.gov.uk
5474,urchfont-parish-council,Urchfont Parish Council,https://www.urchfont-pc.gov.uk
30454,utkinton-and-cotebrook-parish-council,Utkinton and Cotebrook Parish Council,
33158,utterby-parish-council,Utterby Parish Council,
5337,uttoxeter-rural-parish-council,Uttoxeter Rural Parish Council,http://www.uttoxeterruralparishcouncil.org.uk/
4868,uttoxeter-town-council,Uttoxeter Town Council,http://www.uttoxetertowncouncil.org.uk/councillors
5176,vernham-dean-parish-council,Vernham Dean Parish Council,https://www.vernhamdeampc.org.uk
31274,verwood-parish-council,Verwood Parish Council,
3955,veryan-parish-council,Veryan Parish Council,https://www.veryanparishcouncil.gov.uk
36328,wackerfield-parish-council,Wackerfield Parish Council,
4239,wacton-parish-council,Wacton Parish Council,https://www.wacton-pc.gov.uk
3811,waddesdon-parish-council,Waddesdon Parish Council,https://www.waddesdonparishcouncil.gov.uk
36329,waddingworth-parish-council,Waddingworth Parish Council,
3571,wadebridge-town-council,Wadebridge Town Council,https://www.wadebridge-tc.gov.uk
36330,wadenhoe-parish-council,Wadenhoe Parish Council,
4605,wadhurst-parish-council,Wadhurst Parish Council,https://www.wadhurst-pc.gov.uk
5279,wadworth-parish-council,Wadworth Parish Council,https://www.wadworth-pc.gov.uk
32406,waidstone-parish-council,Waidstone Parish Council,
33162,wainfleet-st-mary-parish-council,Wainfleet St Mary Parish Council,
30913,waitby-parish-meeting,Waitby Parish Meeting,
36331,waithe-parish-council,Waithe Parish Council,
36332,walburn-parish-council,Walburn Parish Council,
36333,walcot-near-folkingham-parish-council,Walcot Near Folkingham Parish Council,
33311,walcott-parish-council,Walcott Parish Council,https://www.walcott-pc.org.uk
35260,waldringfield-parish-council,Waldringfield Parish Council,
6921,walesby-parish-council,Walesby Parish Council,
32200,walford-parish-council,Walford Parish Council,
30379,walgherton-parish-council,Walgherton Parish Council,
34245,walgrave-parish-council,Walgrave Parish Council,https://www.walgraveparishcouncil.gov.uk
34461,walkeringham-parish-council,Walkeringham Parish Council,
36334,walkerith-parish-council,Walkerith Parish Council,
32312,walkern-parish-council,Walkern Parish Council,
5121,walkhampton-parish,Walkhampton Parish,https://www.burrator.gov.uk
30981,walkhampton-parish-parish-council,Walkhampton Parish Parish Council,https://www.burrator.gov.uk
6144,walkingham-hill-with-occaney-parish-meeting,Walkingham Hill with Occaney (Parish Meeting),
4487,wall-parish-council,Wall Parish Council,http://www.wallparishcouncil.com/members.asp
34854,wallingford-town-council,Wallingford Town Council,https://www.wallingford.gov.uk
32358,wallington-parish-council,Wallington Parish Council,
36335,wallingwells-parish-council,Wallingwells Parish Council,
32634,walmer-parish-council,Walmer Parish Council,
33401,walpole-cross-keys-parish-council,Walpole Cross Keys Parish Council,
33402,walpole-highway-parish-council,Walpole Highway Parish Council,
33403,walpole-parish-council,Walpole Parish Council,
33312,walsingham-parish-council,Walsingham Parish Council,
33404,walsoken-parish-council,Walsoken Parish Council,
4108,waltham,Waltham,https://www.waltham-pc.gov.uk
31652,waltham-abbey-town-council,Waltham Abbey Town Council,https://www.walthamabbey-tc.gov.uk
32522,waltham-parish-council,Waltham Parish Council,https://www.waltham-pc.gov.uk
37180,waltham-st-lawrence-parish-council,Waltham St. Lawrence Parish Council,
32925,waltham-on-the-wolds-and-thorpe-arnold-parish-council,Waltham on the Wolds and Thorpe Arnold Parish Council,
3686,walton-parish-council,Walton Parish Council,https://www.waltonsomerset-pc.gov.uk
6764,wambrook-parish-meeting,Wambrook Parish Meeting,
5033,wanstrow-parish-council,Wanstrow Parish Council,https://www.wanstrowparishcouncil.gov.uk
36639,wappenbury-parish-council,Wappenbury Parish Council,
34246,wappenham-parish-council,Wappenham Parish Council,https://www.wappenhamparish.gov.uk
30133,warboys-parish-council,Warboys Parish Council,https://www.warboyparishcouncil.gov.uk
30914,warcop-parish-council,Warcop Parish Council,
34385,warden-parish-council,Warden Parish Council,
30348,wardle-parish-council,Wardle Parish Council,https://www.wardleparishcouncil.gov.uk
6606,wardlow-parish-meeting,Wardlow (Parish Meeting),
32359,ware-parish-council,Ware Parish Council,
31275,wareham-st-martin-parish-council,Wareham St. Martin Parish Council,
30192,waresley-cum-tetworth-parish-council,Waresley-cum-tetworth Parish Council,
33313,warham-parish-council,Warham Parish Council,
34386,wark-parish-council,Wark Parish Council,
34387,warkworth-parish-council,Warkworth Parish Council,
6696,warlaby-parish-meeting,Warlaby (Parish Meeting),
4869,warleggan-parish-meeting,Warleggan Parish Meeting,https://warleggan.wordpress.com/
35367,warlingham-parish-council,Warlingham Parish Council,
30349,warmingham-parish-council,Warmingham Parish Council,
34112,warmington-parish-council,Warmington Parish Council,https://www.warmington-pc.gov.uk
3729,warminster-town-council,Warminster Town Council,http://www.warminster-tc.gov.uk
6962,warmsworth-parish-council,Warmsworth Parish Council,
37334,warndon-parish-council,Warndon Parish Council,
7013,warnford-parish-meeting,Warnford Parish Meeting,
37135,warningcamp-parish-council,Warningcamp Parish Council,
36339,warsill-parish-council,Warsill Parish Council,
5338,warslow-and-elkstones-parish-council,Warslow and Elkstones Parish Council,http://warslowandelkstones-pc.org/
34462,warsop-parish-council,Warsop Parish Council,
5836,warthill,Warthill,
33892,warthill-parish-council,Warthill Parish Council,
5949,wartling-parish-council,Wartling Parish Council,
32763,warton-parish-council,Warton Parish Council,
36941,warwick-parish-council,Warwick Parish Council,
5837,washburn,Washburn,
36340,washford-pyne-parish-council,Washford Pyne Parish Council,
37044,washington-parish-council,Washington Parish Council,https://www.washington-pc.gov.uk
36994,wasing-parish-meeting,Wasing Parish Meeting,
36942,wasperton-parish-council,Wasperton Parish Council,
3529,watchet-town-council,Watchet Town Council,https://www.watchettowncouncil.org
30068,water-stratford-parish-council,Water Stratford Parish Council,
30193,waterbeach-parish-council,Waterbeach Parish Council,
6507,waterhouses-parish-council-1,Waterhouses Parish Council,
5200,wateringbury-parish-council,Wateringbury Parish Council,https://www.wateringburypc.org.uk
3812,watermead-parish-council,Watermead Parish Council,https://www.watermead-pc.gov.uk
34628,waterperry-with-thomley-parish-council,Waterperry With Thomley Parish Council,https://www.waterperrywiththomley-pc.gov.uk
34629,waterstock-parish-meeting,Waterstock Parish Meeting,
32313,watford-town-council,Watford Town Council,https://www.watford.gov.uk
34018,wath-parish-council,Wath Parish Council,
36341,wath-upon-dearne-parish-council,Wath upon Dearne Parish Council,
5899,wattisham-parish-council,Wattisham Parish Council,
32362,watton-at-stone-parish-council,Watton-at-stone Parish Council,
35341,waverley-borough-council-staff,Waverley Borough Council Staff,https://www.waverley.gov.uk
30455,waverton-parish-council,Waverton Parish Council,
4454,wayford-parish-council,Wayford Parish Council,https://www.facebook.com/wayfordparishcouncil/
32407,weald-parish-council,Weald Parish Council,
3687,weare-parish-council,Weare Parish Council,https://www.weareparishcouncil.org.uk
36342,weasen-parish-council,Weasen Parish Council,
4687,weasenham-parish-council,Weasenham Parish Council,https://www.weasenhamparishcouncil.gov.uk
33475,weasenham-st-peter-parish-council,Weasenham St. Peter Parish Council,
30456,weaverham-parish-council,Weaverham Parish Council,
5838,weaverthorpe,Weaverthorpe,
3534,wedmore-parish-council,Wedmore Parish Council,https://wedmore-pc.gov.uk/
34247,weedon-bec-parish-council,Weedon Bec Parish Council,https://www.weedonbec-pc.gov.uk
5545,weedon-parish-council,Weedon Parish Council,
6508,weeford-parish-council,Weeford Parish Council,
30544,week-st-mary-parish-council-1,Week St. Mary Parish Council,
4157,weeting-with-broomhill-parish-council,Weeting with Broomhill Parish Council,https://www.weetingparishcouncil.gov.uk
33476,weeting-with-broomhill-parish-council-1,Weeting-with-broomhill Parish Council,
5245,weeton,Weeton,https://www.weetonparish.gov.uk
33896,weeton-parish-council,Weeton Parish Council,https://www.weetonparish.gov.uk
32764,weeton-with-preese-parish-council,Weeton-with-preese Parish Council,
36343,welbeck-parish-council,Welbeck Parish Council,
6987,welburn-kirkbymoorside-parish-meeting,Welburn (Kirkbymoorside) (Parish Meeting),
6463,welburn-malton,Welburn (Malton),
34019,welburn-sheriff-hutton-derwent-ward-parish-council,Welburn (sheriff Hutton & Derwent Ward) Parish Council,
6464,welbury,Welbury,
5998,welby-parish-council,Welby Parish Council,
34114,weldon-parish-council,Weldon Parish Council,https://www.weldonparishcouncil.gov.uk
36752,welford-on-avon-parish-council,Welford-on-Avon Parish Council,
36345,welham-parish-council,Welham Parish Council,
6465,well,Well,
36753,wellesbourne-and-walton-parish-council,Wellesbourne and Walton Parish Council,
34115,wellingborough-town-council,Wellingborough Town Council,https://www.wellingboroughtowncouncil.gov.uk
6874,wellingham-parish-council,Wellingham Parish Council,
33165,wellingore-parish-council,Wellingore Parish Council,
32202,wellington-parish-council,Wellington Parish Council,https://www.wellingtontowncouncil.co.uk/
3519,wellington-town-council,Wellington Town Council,https://www.wellingtontowncouncil.co.uk/
4775,wellington-without-parish-council,Wellington Without Parish Council,https://www.wellingtonwithoutparishcouncil.gov.uk
5177,wellow-parish-council,Wellow Parish Council,https://www.wellowparishcouncil.org.uk
3520,wells-city-council,Wells City Council,https://wells.gov.uk/
33314,wells-town-council,Wells Town Council,https://wells.gov.uk/
33477,wells-next-the-sea-parish-council,Wells-next-the-sea Parish Council,
33405,welney-parish-council,Welney Parish Council,
36346,welsh-bicknor-parish-council,Welsh Bicknor Parish Council,
32203,welsh-newton-llanrothal-group-parish-council,Welsh Newton & Llanrothal Group Parish Council,
4384,welshampton-and-lyneal-parish-council,Welshampton and Lyneal Parish Council,https://www.welshamptonandlyneal-pc.gov.uk
34248,welton-parish-council,Welton Parish Council,
33166,welton-le-marsh-parish-council,Welton le Marsh Parish Council,
33167,welton-le-wold-parish-council,Welton le Wold Parish Council,
32316,welwyn-garden-city-town-council,Welwyn Garden City Town Council,https://www.welwyngc-tc.gov.uk
4385,wem-rural-parish-council,Wem Rural Parish Council,https://www.wemrural-pc.gov.uk
3625,wem-town-council,Wem Town Council,https://www.wem.gov.uk
3688,wembdon-parish-council,Wembdon Parish Council,https://www.wembdonparish.gov.uk
5101,wembury-parish-council,Wembury Parish Council,https://www.wemburyparishcouncil.gov.uk
36347,wembwor-parish-council,Wembwor Parish Council,
5973,wendens-ambo,Wendens Ambo,
31759,wendens-ambo-parish-council,Wendens Ambo Parish Council,
3813,wendover-parish-council,Wendover Parish Council,https://www.wendover-pc.gov.uk
3956,wendron-parish-council,Wendron Parish Council,https://wendronparishcouncil.org.uk/
32555,wendy-licence-clerk-to-eastling-parish-council,Wendy Licence - Clerk to Eastling Parish Council,
32564,wendy-licence-stalisfield-parish-council,Wendy Licence - Stalisfield Parish Council,
6769,wenham-magna-parish-meeting,Wenham Magna Parish Meeting,
6814,wenham-parva-parish-meeting,Wenham Parva Parish Meeting,
32765,wennington-parish-council,Wennington Parish Council,
6145,wensley-parish-meeting,Wensley (Parish Meeting),
30203,wentworth-parish-council,Wentworth Parish Council,
32204,weobley-parish-council,Weobley Parish Council,
33406,wereham-parish-council,Wereham Parish Council,
6298,werrington-neighbourhood-council,Werrington Neighbourhood Council,
4006,werrington-parish-council-1,Werrington Parish Council,http://werringtonparishcouncil.com/
3957,werrington-parish-council,Werrington Parish Council,http://werringtonparishcouncil.com/
5339,werrington-parish-council-2,Werrington Parish Council,http://werringtonparishcouncil.com/
30479,wervin-parish-council,Wervin Parish Council,
4455,west-middle-chinnock-parish-council,West & Middle Chinnock Parish Council,https://www.westandmiddlechinnock.co.uk
33407,west-acre-parish-council,West Acre Parish Council,
34388,west-allen-parish-council,West Allen Parish Council,https://www.westallenparishcouncil.gov.uk
5102,west-alvington-parish-council,West Alvington Parish Council,https://www.westalvingtonparishcouncil.gov.uk
6711,west-anstey-parish-meeting,West Anstey Parish Meeting,
33168,west-ashby-parish-council,West Ashby Parish Council,
6586,west-ashton-parish-council,West Ashton Parish Council,
30660,west-auckland-parish-council,West Auckland Parish Council,
5839,west-ayton,West Ayton,
4776,west-bagborough-parish-council,West Bagborough Parish Council,https://westbagboroughparish.uk
36349,west-barkwith-parish-council,West Barkwith Parish Council,
33478,west-beckham-parish-council,West Beckham Parish Council,
34389,west-bedlington-parish-council,West Bedlington Parish Council,https://www.westbedlingtontowncouncil.gov.uk
33205,west-bletchley-parish-council,West Bletchley Parish Council,
32766,west-bradford-parish-council,West Bradford Parish Council,
7061,west-bradley-parish-meeting,West Bradley Parish Meeting,
3689,west-buckland-parish-council,West Buckland Parish Council,http://www.westbuckland.org/west-buckland-parish-council/
36350,west-burton-parish-council,West Burton Parish Council,
33479,west-caister-parish-council,West Caister Parish Council,
4456,west-camel-parish-council,West Camel Parish Council,https://westcamel.org.uk/parish-council/
35368,west-clandon-parish-council,West Clandon Parish Council,
3752,west-coker-parish-council,West Coker Parish Council,https://www.westcoker.net/home-page/wcpc/
4457,west-crewkerne-parish-council,West Crewkerne Parish Council,https://westcrewkerne-pc.org.uk/
7015,west-dean-parish-meeting,West Dean Parish Meeting,
33408,west-dereham-parish-council,West Dereham Parish Council,
5079,west-down-parish-council,West Down Parish Council,https://www.westdownparishcouncil.org.uk
34463,west-drayton-parish-council,West Drayton Parish Council,
36351,west-firsby-parish-council,West Firsby Parish Council,
37046,west-grinstead-parish-council,West Grinstead Parish Council,https://www.westgrinstead-pc.gov.uk
6741,west-haddlesey-parish-meeting,West Haddlesey (Parish Meeting),
34249,west-haddon-parish-council,West Haddon Parish Council,https://www.westhaddonparishcouncil.gov.uk
36352,west-hardwick-parish-council,West Hardwick Parish Council,
4458,west-hatch-parish-council,West Hatch Parish Council,https://www.westhatchparish.gov.uk
34020,west-hauxwell-parish-council,West Hauxwell Parish Council,
34685,west-hendred-parish-council,West Hendred Parish Council,
37075,west-hoathly-parish-council,West Hoathly Parish Council,https://www.westhoathly-pc.gov.uk
35369,west-horsley-parish-council,West Horsley Parish Council,
3690,west-huntspill-parish-council,West Huntspill Parish Council,https://www.westhuntspillpc.co.uk/
36996,west-ilsley-parish-council,West Ilsley Parish Council,https://www.westilsleyparishcouncil.gov.uk
37098,west-itchenor-parish-council,West Itchenor Parish Council,
32437,west-kingsdown-parish-council,West Kingsdown Parish Council,https://www.westkingsdownpc.org.uk
6587,west-knoyle-parish-council,West Knoyle Parish Council,
32677,west-lancashire-borough-council,West Lancashire Borough Council,
6588,west-lavington-parish-council,West Lavington Parish Council,
36354,west-layton-parish-council,West Layton Parish Council,
6753,west-leake-parish-meeting,West Leake Parish Meeting,
4673,west-malling-parish-council,West Malling Parish Council,https://www.westmalling-pc.gov.uk
34464,west-markham-parish-council,West Markham Parish Council,
6406,west-meon-parish-council,West Meon Parish Council,
4777,west-monkton-parish-council,West Monkton Parish Council,https://www.westmonktonparishcouncil.gov.uk
36355,west-orchard-parish-council,West Orchard Parish Council,
3691,west-pennard-parish-council,West Pennard Parish Council,https://www.westpennard.org.uk/
4459,west-quantoxhead-parish-council,West Quantoxhead Parish Council,http://www.westquantoxheadpc.co.uk/
36356,west-rasen-parish-council,West Rasen Parish Council,
36357,west-ravendale-parish-council,West Ravendale Parish Council,
34021,west-rounton-parish-council,West Rounton Parish Council,
4852,west-row-parish-council,West Row Parish Council,https://www.westrow-pc.gov.uk
33409,west-rudham-parish-council,West Rudham Parish Council,
6146,west-scrafton-parish-meeting,West Scrafton (Parish Meeting),
35383,west-swindon-parish-council,West Swindon Parish Council,
34022,west-tanfield-parish-council,West Tanfield Parish Council,
6589,west-tisbury-parish-council,West Tisbury Parish Council,
33171,west-torrington-parish-council,West Torrington Parish Council,
6873,west-tytherley-and-frenchmoor-parish-council,West Tytherley and Frenchmoor Parish Council,
33410,west-walton-parish-council,West Walton Parish Council,
30194,west-wickham-parish-council,West Wickham Parish Council,
33411,west-winch-parish-council,West Winch Parish Council,
37100,west-wittering-parish-council,West Wittering Parish Council,
6280,west-witton,West Witton,
33901,west-witton-parish-council,West Witton Parish Council,
3814,west-wycombe-parish-council,West Wycombe Parish Council,https://www.westwycombeparishcouncil.gov.uk
4682,westborough-dry-doddington-parish-council,Westborough & Dry Doddington Parish Council,https://www.westborough-dry-doddington-pc.gov.uk
3815,westbury-parish-council,Westbury Parish Council,http://www.westburytowncouncil.gov.uk
4387,westbury-parish-council-1,Westbury Parish Council,http://www.westburytowncouncil.gov.uk
3730,westbury-town-council,Westbury Town Council,http://www.westburytowncouncil.gov.uk
31862,westbury-on-severn-parish-council,Westbury on Severn Parish Council,https://www.westburyonsevernparishcouncil.gov.uk
34754,westcot-barton-parish-meeting,Westcot Barton Parish Meeting,
31821,westcote-parish-meeting,Westcote Parish Meeting,
4925,westcott-parish-council,Westcott Parish Council,https://www.westcottparishcouncil.gov.uk
34023,westerdale-parish-council,Westerdale Parish Council,
32436,westerham-town-council,Westerham Town Council,https://www.westerhamtowncouncil.org.uk
34686,western-valley-parish-council,Western Valley Parish Council,https://www.WesternValleyParish.gov.uk
4606,westfield-parish-council,Westfield Parish Council,https://www.westfieldcouncil.org.uk
32654,westgate-on-sea-parish-council,Westgate-on-Sea Parish Council,
4057,westham-parish-council,Westham Parish Council,https://www.westhamparishcouncil.org.uk
36358,westhide-parish-council,Westhide Parish Council,
4822,westhorpe-parish-council,Westhorpe Parish Council,https://www.westhorpeparishcouncil.gov.uk
30059,westhoughton-parish-council,Westhoughton Parish Council,
6060,westley-parish-council,Westley Parish Council,
5952,westmeston-parish-council-1,Westmeston Parish Council,
32363,westmill-parish-council,Westmill Parish Council,
30350,weston-crewe-green-parish-council,Weston & Crewe Green Parish Council,
32205,weston-beggard-parish-council,Weston Beggard Parish Council,
30196,weston-colville-parish-council,Weston Colville Parish Council,
7008,weston-corbett-parish-meeting,Weston Corbett Parish Meeting,
5208,weston-longville-parish-council,Weston Longville Parish Council,https://www.westonlongville-pc.gov.uk
6923,weston-parish-council,Weston Parish Council,https://www.westonpc.org.uk
7009,weston-patrick-parish-meeting,Weston Patrick Parish Meeting,
4388,weston-rhyn-parish-council,Weston Rhyn Parish Council,https://www.westonrhynparishcouncil.gov.uk
31982,weston-subedge-parish-council,Weston Subedge Parish Council,
3816,weston-turville-parish-council,Weston Turville Parish Council,https://www.westonturville-pc.gov.uk
30362,weston-and-crewe-green-parish-council,Weston and Crewe Green Parish Council,
34251,weston-and-weedon-lois-parish-council,Weston and Weedon Lois Parish Council,
30134,weston-by-welland-parish-council,Weston by Welland Parish Council,https://www.westonbywelland-pc.gov.uk
4389,weston-under-redcastle-parish-council,Weston under Redcastle Parish Council,https://www.westonunderredcastleparish.gov.uk
36943,weston-under-wetherley-parish-council,Weston under Wetherley Parish Council,
4809,weston-with-gayton-parish-council,Weston with Gayton Parish Council,https://westonstaffs.org.uk/
33516,weston-super-mare-parish-council,Weston-super-Mare Parish Council,
32206,weston-under-penyard-parish-council,Weston-under-Penyard Parish Council,
31983,westonbirt-with-lasborough-parish-council,Westonbirt with Lasborough Parish Council,
30225,westoning-parish-council,Westoning Parish Council,
3692,westonzoyland-parish-council,Westonzoyland Parish Council,https://www.westonzoylandparishcouncil.org.uk/
5840,westow,Westow,
36359,westrill-and-starmore-parish-council,Westrill and Starmore Parish Council,
30789,westward-parish-council,Westward Parish Council,https://www.westward-pc.gov.uk
6229,westwell,Westwell,
32498,westwell-parish-council,Westwell Parish Council,
33315,westwick-parish-meeting,Westwick Parish Meeting,
5476,westwood-parish-council,Westwood Parish Council,https://www.westwoodparishcouncil.gov.uk
30790,wetheral-parish-council,Wetheral Parish Council,https://www.wetheralparishcouncil.org.uk
32792,wetherby-parish-council,Wetherby Parish Council,
30380,wettenhall-parish-council,Wettenhall Parish Council,
5340,wetton-parish-council-1,Wetton Parish Council,http://wettonparishcouncil.btck.co.uk/
31621,wetwang-parish-council,Wetwang Parish Council,
5059,weybread-parish-council,Weybread Parish Council,https://www.weybreadparishcouncil.gov.uk
3580,whaley-bridge-town-council,Whaley Bridge Town Council,https://www.whaleybridgetowncouncil.gov.uk
34390,whalton-parish-council,Whalton Parish Council,https://www.whaltonparishcouncil.gov.uk
33173,whaplode-parish-council,Whaplode Parish Council,
5841,wharram,Wharram,
33903,wharram-parish-council,Wharram Parish Council,
30915,wharton-parish-meeting,Wharton Parish Meeting,
6697,whashton-parish-meeting,Whashton (Parish Meeting),
5052,whatfield-parish-council,Whatfield Parish Council,https://www.whatfield.suffolk.gov.uk
6942,whatton-in-the-vale-parish-council,Whatton-in-the-Vale Parish Council,
33480,wheatacre-parish-council,Wheatacre Parish Council,
34632,wheatfield-parish-meeting,Wheatfield Parish Meeting,
32364,wheathampstead-parish-council,Wheathampstead Parish Council,
4390,wheathill-parish-council,Wheathill Parish Council,https://www.wheathill-pc.gov.uk
34633,wheatley-parish-council,Wheatley Parish Council,https://www.wheatleyparishcouncil.gov.uk
31954,wheatpieces-parish-council,Wheatpieces Parish Council,
6812,whenby-parish-meeting,Whenby (Parish Meeting),
6061,whepstead-parish-council,Whepstead Parish Council,
6043,wherstead-parish-council,Wherstead Parish Council,
6091,wheston-parish-meeting,Wheston (Parish Meeting),
30791,whicham-parish-council,Whicham Parish Council,https://www.whichamparishcouncil.org.uk
34252,whilton-parish-council,Whilton Parish Council,
4158,whinburgh-and-westfield-parish-council,Whinburgh and Westfield Parish Council,https://www.whinburghandwestfield-pc.gov.uk
4159,whissonsett-parish-council,Whissonsett Parish Council,https://www.whissonsettparishcouncil.gov.uk
32678,whiston-parish-council,Whiston Parish Council,
34024,whitby-parish-council,Whitby Parish Council,
32208,whitchurch-ganarew-group-parish-council,Whitchurch & Ganarew Group Parish Council,
34634,whitchurch-on-thames-parish-council,Whitchurch On Thames Parish Council,
5546,whitchurch-parish-council,Whitchurch Parish Council,
4731,whitchurch-rural-parish-council,Whitchurch Rural Parish Council,https://www.whitchurchrural-pc.gov.uk
3711,whitchurch-town-council,Whitchurch Town Council,https://www.whitchurch.gov.uk
5496,whitchurch-town-council-1,Whitchurch Town Council,
34774,whitchurch-on-thames-parish-council-1,Whitchurch-on-thames Parish Council,
4640,white-roding,White Roding,https://www.whiterodingpc.org.uk
30053,white-waltham-parish-council,White Waltham Parish Council,
30457,whitegate-and-marton-parish-council,Whitegate and Marton Parish Council,
30792,whitehaven-town-council,Whitehaven Town Council,
33206,whitehouse-parish-council,Whitehouse Parish Council,
3715,whiteley-town-council,Whiteley Town Council,https://www.whiteley-tc.gov.uk
5477,whiteparish-parish-council,Whiteparish Parish Council,https://www.whiteparish-pc.gov.uk
31912,whiteshill-and-ruscombe-parish-council,Whiteshill and Ruscombe Parish Council,https://www.whiteshillandruscombe-pc.gov.uk
7062,whitestaunton-parish-meeting,Whitestaunton Parish Meeting,
34253,whitfield-parish-meeting,Whitfield Parish Meeting,https://www.northantsparishes.org.uk
6037,whitgreave-parish-council,Whitgreave Parish Council,
30458,whitley-parish-council,Whitley Parish Council,
31913,whitminster-parish-council,Whitminster Parish Council,
5341,whitmore-parish-council,Whitmore Parish Council,https://www.whitmoreparishcouncil.co.uk/
36945,whitnash-parish-council,Whitnash Parish Council,
32044,whitsbury-parish-council,Whitsbury Parish Council,
34391,whittingham-callaly-and-alnham-parish-council,Whittingham Callaly and Alnham Parish Council,
4391,whittington-parish-council,Whittington Parish Council,https://www.whittingtonparishcouncil.gov.uk
31822,whittington-parish-meeting,Whittington Parish Meeting,
5342,whittington-and-fisherwick-parish-council,Whittington and Fisherwick Parish Council,http://www.whittingtonandfisherwick.org.uk/
34254,whittlebury-parish-council,Whittlebury Parish Council,https://www.whittlebury-pc.gov.uk
30083,whittlesey-town-council,Whittlesey Town Council,https://www.whittleseytowncouncil.gov.uk
30204,whittlesford-parish-council,Whittlesford Parish Council,
6698,whitwell-parish-meeting,Whitwell (Parish Meeting),
5842,whitwell-on-the-hill-and-crambe,Whitwell on the Hill and Crambe,
34025,whitwell-on-the-hill-parish-council,Whitwell-on-the-hill Parish Council,
32942,whitwick-parish-council,Whitwick Parish Council,
4732,whixall-parish-council,Whixall Parish Council,https://www.whixallparish.gov.uk
5011,whixley,Whixley,https://www.whixleyparishcouncil.gov.uk
36361,wibtoft-parish-council,Wibtoft Parish Council,
32636,wichling-parish-council,Wichling Parish Council,
37292,wick-parish-council,Wick Parish Council,https://wickparishcouncil.gov.uk/
36362,wick-rissington-parish-council,Wick Rissington Parish Council,
33517,wick-st-lawrence-parish-council,Wick St. Lawrence Parish Council,
31761,wicken-bonhunt-parish-council,Wicken Bonhunt Parish Council,
34792,wickersley-parish-council,Wickersley Parish Council,
31788,wickford-parish-council,Wickford Parish Council,
35265,wickham-market-parish-council,Wickham Market Parish Council,
5981,wickham-parish-council,Wickham Parish Council,
4552,wickham-skeith-parish-council,Wickham Skeith Parish Council,https://www.wickhamskeith-pc.gov.uk
5659,wickhambreaux,Wickhambreaux,
32524,wickhambreaux-parish-council,Wickhambreaux Parish Council,
5366,wickhambrook-parish-council,Wickhambrook Parish Council,https://www.wickhambrook-pc.gov.uk
5738,wicklewood-parish-council,Wicklewood Parish Council,
31762,widdington-parish-council,Widdington Parish Council,https://www.widdington-pc.gov.uk
34394,widdrington-village-parish-council,Widdrington Village Parish Council,https://www.widdringtonvillageparishcouncil.org.uk
31018,widecombe-in-the-moor-parish-council,Widecombe-in-the-Moor Parish Council,
32365,widford-parish-council,Widford Parish Council,
6943,widmerpool-parish-council,Widmerpool Parish Council,
5163,wield-parish-council,Wield Parish Council,https://www.wieldparishcouncil.gov.uk
33412,wiggenhall-st-germans-parish-council,Wiggenhall St Germans Parish Council,
33413,wiggenhall-st-mary-magdalen-parish-council,Wiggenhall St Mary Magdalen Parish Council,
33482,wiggenhall-st-mary-magdalen-parish-council-1,Wiggenhall St. Mary Magdalen Parish Council,
34544,wigginton-parish-council,Wigginton Parish Council,https://www.wigginton-pc.gov.uk
4810,wigginton-and-hopwas-parish-council,Wigginton and Hopwas Parish Council,https://www.wiggintonandhopwas-pc.gov.uk
34026,wigglesworth-parish-council,Wigglesworth Parish Council,
4332,wighill,Wighill,https://www.wighill-pc.gov.uk
33318,wighton-parish-council,Wighton Parish Council,
30480,wigland-parish-council,Wigland Parish Council,
32209,wigmore-group-parish-council,Wigmore Group Parish Council,
32263,wigmore-parish-council,Wigmore Parish Council,
7053,wigsley-parish-meeting,Wigsley Parish Meeting,
36363,wigston-parva-parish-council,Wigston Parva Parish Council,
33175,wigtoft-parish-council,Wigtoft Parish Council,
30793,wigton-town-council,Wigton Town Council,https://www.wigtontowncouncil.org.uk
34116,wilbarston-parish-council,Wilbarston Parish Council,https://www.wilbarstonparishcouncil.gov.uk
30205,wilburton-parish-council,Wilburton Parish Council,
5060,wilby-parish-council,Wilby Parish Council,https://www.wilbysuffolk-pc.gov.uk
5478,wilcot-huish-and-oare,Wilcot Huish and Oare,http://www.wilcotandhuish-pc.gov.uk/
36640,wilcot-parish-council,Wilcot Parish Council,
30043,wilden-parish-council,Wilden Parish Council,
32438,wildernesse-parish-council,Wildernesse Parish Council,https://www.wildernesse-pc.org.uk
33176,wildmore-parish-council,Wildmore Parish Council,
6699,wildon-grange-parish-meeting,Wildon Grange (Parish Meeting),
30351,willaston-parish-council,Willaston Parish Council,https://www.willastonparishcouncil.org.uk
6281,willerby,Willerby,
31984,willersey-parish-council,Willersey Parish Council,
31653,willingale-parish-council,Willingale Parish Council,https://www.willingaleparishcouncil.org.uk
5635,willingdon-jevington-parish-council,Willingdon & Jevington Parish Council,
30135,willingham-parish-council,Willingham Parish Council,https://www.willinghamparishcouncil.gov.uk
30459,willington-parish-council,Willington Parish Council,
3535,williton-parish-council,Williton Parish Council,https://www.willitonparishcouncil.org/
36911,willoughby-parish-council,Willoughby Parish Council,
34466,willoughby-on-the-wolds-parish-council-1,Willoughby on the Wolds Parish Council,
32655,wilmington-parish-council,Wilmington Parish Council,
30352,wilmslow-town-council,Wilmslow Town Council,https://www.wilmslowtowncouncil.gov.uk
33179,wilsford-parish-council,Wilsford Parish Council,
6793,wilsford-cum-lake-parish-meeting,Wilsford cum Lake Parish Meeting,
30044,wilshamstead-parish-council,Wilshamstead Parish Council,
36365,wilstrop-parish-council,Wilstrop Parish Council,
3731,wilton-town-council,Wilton Town Council,http://www.wiltontowncouncil.gov.uk
5974,wimbish,Wimbish,
31763,wimbish-parish-council,Wimbish Parish Council,
30084,wimblington-parish-council,Wimblington Parish Council,https://www.wimblington-pc.gov.uk
31300,wimborne-minster-parish-council,Wimborne Minster Parish Council,
33414,wimbotsham-parish-council,Wimbotsham Parish Council,
3696,wincanton-town-council,Wincanton Town Council,https://wincantontowncouncil.gov.uk/
30460,wincham-parish-council,Wincham Parish Council,
31955,winchcombe-town-council,Winchcombe Town Council,
4897,winchester-city-council-st-michael,Winchester City Council - St Michael,https://www.winchesterparishcouncils.org.uk
32069,winchfield-parish-council,Winchfield Parish Council,
30353,wincle-parish-meeting,Wincle Parish Meeting,
30917,windermere-and-bowness-town-council,Windermere and Bowness Town Council,https://www.windermere-tc.gov.uk
35150,windle-parish-council,Windle Parish Council,
35306,windlesham-parish-council,Windlesham Parish Council,https://www.windleshampc.gov.uk
4965,winfarthing-parish-council,Winfarthing Parish Council,https://www.winfarthingparishcouncil.gov.uk
33518,winford-parish-council,Winford Parish Council,
31278,winfrith-newburgh-parish-council,Winfrith Newburgh Parish Council,
30666,wingate-parish-council,Wingate Parish Council,
4020,wingerworth-parish-council,Wingerworth Parish Council,https://www.wingerworthparishcouncil.gov.uk
5918,wingfield-parish-council,Wingfield Parish Council,
5479,wingfield-parish-council-1,Wingfield Parish Council,https://www.wingfieldparishcouncil.gov.uk
32637,wingham-parish-council,Wingham Parish Council,
3820,wingrave-with-rowsham-parish-council,Wingrave-with-Rowsham Parish Council,https://www.wwrpc.org.uk
34027,winksley-parish-council,Winksley Parish Council,
32773,winmarleigh-parish-council,Winmarleigh Parish Council,
30794,winscales-parish-council,Winscales Parish Council,
5034,winsford-parish-council,Winsford Parish Council,https://winsfordexmoor.org.uk
30461,winsford-town-council,Winsford Town Council,https://winsfordexmoor.org.uk
3693,winsham-parish-council,Winsham Parish Council,http://www.winshamparishcouncil.org.uk/
4811,winshill-parish-council,Winshill Parish Council,http://www.winshill.info/
36366,winslade-parish-council,Winslade Parish Council,
6590,winsley-parish-council,Winsley Parish Council,
3543,winslow-town-council,Winslow Town Council,https://www.winslowtowncouncil.gov.uk
31824,winson-parish-meeting,Winson Parish Meeting,
3988,winster-parish-council,Winster Parish Council,https://www.winsterparishcouncil.gov.uk
6511,winston-parish-council,Winston Parish Council,
31985,winstone-parish-council,Winstone Parish Council,
36367,winterborne-clenston-parish-council,Winterborne Clenston Parish Council,
31281,winterborne-zelston-parish-council,Winterborne Zelston Parish Council,
6591,winterbourne-parish-council,Winterbourne Parish Council,
36998,winterbourne-parish-meeting,Winterbourne Parish Meeting,
5480,winterbourne-stoke-parish-council,Winterbourne Stoke Parish Council,https://www.winterbournestoke-pc.gov.uk
5481,winterslow-parish-council,Winterslow Parish Council,https://www.winterslow-pc.gov.uk
33483,winterton-on-sea-parish-council,Winterton-on-sea Parish Council,
34028,winton-stank-and-hallikeld-parish-council,"Winton, Stank and Hallikeld Parish Council",
4712,wintringham,Wintringham,https://www.wintringham-pc.gov.uk
34256,winwick-parish-meeting,Winwick Parish Meeting,https://www.northantsparishes.org.uk
36641,wirswall-parish-council,Wirswall Parish Council,
30136,wisbech-town-council,Wisbech Town Council,https://www.wisbech-tc.gov.uk
36369,wiseton-parish-council,Wiseton Parish Council,
36912,wishaw-parish-council,Wishaw Parish Council,
5017,wistanstow-parish-council,Wistanstow Parish Council,https://www.wistanstowparishcouncil.gov.uk
30354,wistaston-parish-council,Wistaston Parish Council,https://www.wistastonparishcouncil.org.uk
37047,wiston-parish-council,Wiston Parish Council,
5246,wistow,Wistow,https://www.wistowparishcouncil.gov.uk
33911,wistow-parish-council,Wistow Parish Council,https://www.wistowparishcouncil.gov.uk
30138,witcham-parish-council,Witcham Parish Council,https://www.witcham-pc.gov.uk
30137,witchford-parish-council,Witchford Parish Council,https://www.witchfordparishcouncil.gov.uk
4778,witham-friary-parish-council,Witham Friary Parish Council,http://www.withamfriary-pc.org.uk
31796,witham-parish-council,Witham Parish Council,
5999,witham-on-the-hill-parish-council,Witham on the Hill Parish Council,
36372,withcote-parish-council,Withcote Parish Council,
6316,witheridge-parish-council,Witheridge Parish Council,
32809,witherley-parish-council,Witherley Parish Council,https://www.witherleyparishcouncil.gov.uk
31623,withernsea-parish-council,Withernsea Parish Council,
5367,withersfield-parish-council,Withersfield Parish Council,https://www.withersfield-pc.gov.uk
37144,witherslack-meathop-and-ulpha-parish-council,"Witherslack, Meathop and Ulpha Parish Council",
3958,withiel-parish-council,Withiel Parish Council,https://www.withielparishcouncil.org.uk
32210,withington-group-parish-council,Withington Group Parish Council,
5876,withington-parish-council,Withington Parish Council,
32774,withnell-parish-council,Withnell Parish Council,
4460,withycombe-parish-council,Withycombe Parish Council,http://www.withycombepc.co.uk
4607,withyham-parish-council,Withyham Parish Council,https://www.withyham-pc.gov.uk
4779,withypool-hawkridge-parish-council,Withypool & Hawkridge Parish Council,http://www.parish-council.com/withypoolandhawkridgeparishcouncil/
36642,witley-parish-council,Witley Parish Council,
35267,witnesham-parish-council,Witnesham Parish Council,
34755,witney-town-council,Witney Town Council,https://www.witney-tc.gov.uk
5931,wittering-parish-council,Wittering Parish Council,
4090,wittersham,Wittersham,https://www.wittersham-pc.gov.uk
30667,witton-gilbert-parish-council,Witton Gilbert Parish Council,
33484,witton-parish-council,Witton Parish Council,
3523,wiveliscombe-town-council,Wiveliscombe Town Council,https://www.wiveliscombetowncouncil.com
5953,wivelsfield-parish-council-1,Wivelsfield Parish Council,
36373,wiverton-hall-parish-council,Wiverton Hall Parish Council,
33320,wiveton-parish-council,Wiveton Parish Council,
36758,wixford-parish-council,Wixford Parish Council,
6203,wixoe-parish-meeting,Wixoe Parish Meeting,
30227,woburn-parish-council,Woburn Parish Council,
36999,wokefield-parish-council,Wokefield Parish Council,
32439,woldingham-parish-council,Woldingham Parish Council,
36374,wolferlow-parish-council,Wolferlow Parish Council,
34117,wollaston-parish-council,Wollaston Parish Council,https://www.wollastonparishcouncil.gov.uk
30669,wolsingham-parish-council,Wolsingham Parish Council,
36375,wolsingham-park-moor-lands-cmn-to-stanhope-tow-law-and-wolsingham-parish-council,"Wolsingham Park Moor Lands Cmn To Stanhope, Tow Law and Wolsingham Parish Council",
6862,wolverton-parish-council,Wolverton Parish Council,
36916,wolvey-parish-council,Wolvey Parish Council,
35171,wolviston-parish-council,Wolviston Parish Council,
6021,wombleton,Wombleton,
33912,wombleton-parish-council,Wombleton Parish Council,
4812,wombourne-parish-council,Wombourne Parish Council,https://www.wombourneparishcouncil.org.uk
36376,wombwell-parish-council,Wombwell Parish Council,
4110,womenswold,Womenswold,https://www.womenswoldparishcouncil.gov.uk
32525,womenswold-parish-council,Womenswold Parish Council,https://www.womenswoldparishcouncil.gov.uk
4333,womersley,Womersley,https://www.womersleyparishcouncil.gov.uk
33913,womersley-parish-council,Womersley Parish Council,https://www.womersleyparishcouncil.gov.uk
5187,wonston-parish-council,Wonston Parish Council,https://www.wonstonparishcouncil.org.uk
3821,wooburn-and-bourne-end-parish-council,Wooburn and Bourne End Parish Council,https://www.wooburnparish.gov.uk
4189,wood-dalling-parish-council,Wood Dalling Parish Council,https://www.wooddallingparishcouncil.gov.uk
33182,wood-enderby-parish-council,Wood Enderby Parish Council,
33321,wood-norton-parish-council,Wood Norton Parish Council,
30198,wood-walton-parish-council,Wood Walton Parish Council,
4190,woodbastwick-panxworth-ranworth-parish-council,"Woodbastwick (Panxworth, Ranworth) Parish Council",https://www.woodbastwick-pc.gov.uk
33485,woodbastwick-parish-council,Woodbastwick Parish Council,
5482,woodborough-parish-council-1,Woodborough Parish Council,https://www.woodboroughwiltshire.org/
35268,woodbridge-parish-council,Woodbridge Parish Council,
31093,woodbury-parish-council,Woodbury Parish Council,
4091,woodchurch,Woodchurch,https://www.woodchurch-pc.gov.uk
34635,woodcote-parish-council,Woodcote Parish Council,https://www.WoodcoteParish.gov.uk
34636,woodeaton-parish-meeting,Woodeaton Parish Meeting,
34257,woodend-parish-meeting,Woodend Parish Meeting,
6592,woodford-parish-council,Woodford Parish Council,
37009,woodford-cum-membris-parish-council-1,Woodford cum Membris Parish Council,
32045,woodgreen-parish-council,Woodgreen Parish Council,https://www.woodgreen-pc.gov.uk
33183,woodhall-spa-parish-council,Woodhall Spa Parish Council,
31790,woodham-mortimer-parish-council,Woodham Mortimer Parish Council,
36377,woodham-parish-council,Woodham Parish Council,
32638,woodnesborough-parish-council,Woodnesborough Parish Council,
34118,woodnewton-parish-council,Woodnewton Parish Council,https://www.woodnewtonparish.gov.uk
32775,woodplumpton-parish-council,Woodplumpton Parish Council,
34793,woodsetts-parish-council,Woodsetts Parish Council,
30795,woodside-parish-council,Woodside Parish Council,
34756,woodstock-town-council,Woodstock Town Council,https://www.woodstock-tc.gov.uk
4966,woodton-parish-council,Woodton Parish Council,https://www.woodtonparishcouncil.gov.uk
3694,wookey-parish-council,Wookey Parish Council,https://sites.google.com/view/wookeyparishcouncil
31282,wool-parish-council,Wool Parish Council,
31863,woolaston-parish-council,Woolaston Parish Council,https://www.woolastonparishcouncil.gov.uk
3695,woolavington-parish-council,Woolavington Parish Council,https://woolavington-pc.gov.uk/
37104,woolbeding-with-redford-parish-council,Woolbeding with Redford Parish Council,
34395,wooler-parish-council,Wooler Parish Council,https://www.doddington-pc.gov.uk
32211,woolhope-parish-council,Woolhope Parish Council,
32366,woolmer-green-parish-council,Woolmer Green Parish Council,
4553,woolpit-parish-council,Woolpit Parish Council,https://www.woolpitparishcouncil.gov.uk
33210,woolsington-parish-council,Woolsington Parish Council,https://www.woolsington-parish-council.com/
30381,woolstanwood-parish-council,Woolstanwood Parish Council,
36643,woolstaston-parish-council,Woolstaston Parish Council,
4953,woolsthorpe-by-belvoir-parish-council,Woolsthorpe by Belvoir Parish Council,https://www.woolsthorpepc.org.uk
34687,woolstone-parish-meeting,Woolstone Parish Meeting,
6510,woolverstone-parish-council,Woolverstone Parish Council,
4392,woore-parish-council,Woore Parish Council,https://www.wooreparishcouncil.gov.uk
4780,wootton-courtenay-parish-council,Wootton Courtenay Parish Council,https://woottoncourtenayvillage.co.uk
6038,wootton-parish-council,Wootton Parish Council,
6593,wootton-rivers-parish-council,Wootton Rivers Parish Council,
36378,wordwell-parish-council,Wordwell Parish Council,
33415,woremgay-parish-council,Woremgay Parish Council,
34840,worfield-parish-council,Worfield Parish Council,
4393,worfield-and-rudge-parish-council,Worfield and Rudge Parish Council,https://www.worfieldandrudgeparishcouncil.gov.uk
30796,workington-town-council,Workington Town Council,https://www.workingtontowncouncil.gov.uk
30355,worleston-district-parish-council,Worleston & District Parish Council,https://www.worlestondistrict-pc.gov.uk
30382,worleston-parish-council,Worleston Parish Council,
35301,worlingham-parish-council,Worlingham Parish Council,
4853,worlington-parish-council,Worlington Parish Council,https://www.worlington-pc.gov.uk
33486,wormegay-parish-council,Wormegay Parish Council,
5926,worminghall-parish-council,Worminghall Parish Council,
31956,wormington-parish-meeting,Wormington Parish Meeting,
35373,worplesdon-parish-council,Worplesdon Parish Council,
5843,worsall,Worsall,
36379,worsbrough-parish-council,Worsbrough Parish Council,
32776,worsthorne-with-hurstwood-parish-council,Worsthorne-with-hurstwood Parish Council,
31284,worth-matravers-parish-council,Worth Matravers Parish Council,
32640,worth-parish-council,Worth Parish Council,
5061,wortham-and-burgate-parish-council,Wortham and Burgate Parish Council,https://www.worthamandburgateparishcouncil.gov.uk
5268,worthen-with-shelve-parish-council,Worthen with Shelve Parish Council,https://www.worthenwithshelvepc.org.uk
30013,wortley-parish-council,Wortley Parish Council,
6594,worton-parish-council,Worton Parish Council,
4967,wortwell-parish-council,Wortwell Parish Council,https://www.wortwell-pc.gov.uk
30070,wotton-underwood-parish-council,Wotton Underwood Parish Council,
31915,wotton-under-edge-town-council,Wotton-under-Edge Town Council,
5201,wouldham-parish-council,Wouldham Parish Council,https://www.wouldham-pc.gov.uk
33487,wramplingham-parish-council,Wramplingham Parish Council,
33185,wrangle-parish-council,Wrangle Parish Council,
33519,wraxall-and-failand-parish-council,Wraxall and Failand Parish Council,
30054,wraysbury-parish-council,Wraysbury Parish Council,https://www.wraysburyparishcouncil.gov.uk
34029,wrelton-parish-council,Wrelton Parish Council,
30383,wrenbury-cum-frith-parish-council-1,Wrenbury cum Frith Parish Council,
30356,wrenbury-cum-frith-parish-council,Wrenbury-cum-Frith Parish Council,https://www.wrenbury-pc.gov.uk
4240,wreningham-parish-council,Wreningham Parish Council,https://www.wreninghamparishcouncil.gov.uk
30228,wrestlingworth-and-cockayne-hatley-parish-council,Wrestlingworth and Cockayne Hatley Parish Council,
33416,wretton-parish-council,Wretton Parish Council,
32778,wrightington-parish-council,Wrightington Parish Council,
33520,wrington-parish-council,Wrington Parish Council,
4674,wrotham-parish-council,Wrotham Parish Council,https://www.wrotham-pc.gov.uk
35384,wroughton-parish-council,Wroughton Parish Council,
5877,wroxeter-and-uppington-parish-council,Wroxeter and Uppington Parish Council,
4191,wroxham-parish-council,Wroxham Parish Council,https://www.wroxhamparishcouncil.gov.uk
34545,wroxton-parish-council,Wroxton Parish Council,
30357,wybunbury-parish-council,Wybunbury Parish Council,https://www.wybunburyparishcouncil.gov.uk
6832,wychnor-parish-meeting,Wychnor Parish Meeting,
32367,wyddial-parish-council,Wyddial Parish Council,
4092,wye-with-hinxhill,Wye with Hinxhill,https://www.wyeparishcouncil.gov.uk
36381,wyham-cum-cadeby-parish-council,Wyham cum Cadeby Parish Council,
5844,wykeham,Wykeham,
34396,wylam-parish-council,Wylam Parish Council,https://www.wylamparishcouncil.gov.uk
6595,wylye-parish-council,Wylye Parish Council,
30047,wymington-parish-council,Wymington Parish Council,
3611,wymondham-town-council,Wymondham Town Council,https://www.wymondhamtowncouncil.gov.uk
32368,wymondley-parish-council,Wymondley Parish Council,
32080,wynyard-parish-council,Wynyard Parish Council,
34468,wysall-parish-council,Wysall Parish Council,
5257,wysall-and-thorpe-in-the-glebe-parish-council,Wysall and Thorpe-in-the-Glebe Parish Council,https://www.wysallthorpe-pc.gov.uk
37254,wythall-parish-council,Wythall Parish Council,https://www.wythall-pc.gov.uk
34688,wytham-parish-meeting,Wytham Parish Meeting,
6728,wyville-cum-hungerton-parish-meeting,Wyville Cum Hungerton Parish Meeting,
6147,yafforth-parish-meeting,Yafforth (Parish Meeting),
32408,yalding-parish-council,Yalding Parish Council,
31825,yanworth-parish-meeting,Yanworth Parish Meeting,
37105,yapton-parish-council,Yapton Parish Council,
34259,yardley-gobion-parish-council,Yardley Gobion Parish Council,https://www.yardleygobionparishcouncil.gov.uk
34260,yardley-hastings-parish-council,Yardley Hastings Parish Council,https://www.yardleyhastingsparish.gov.uk
35177,yarm-parish-council,Yarm Parish Council,
32214,yarpole-group-parish-council,Yarpole Group Parish Council,
5483,yatton-keynell-parish-council,Yatton Keynell Parish Council,https://www.yattonkeynell-pc.gov.uk
32265,yatton-parish-council,Yatton Parish Council,
4160,yaxham-parish-council,Yaxham Parish Council,https://www.yaxham-pc.gov.uk
5919,yaxley-parish-council,Yaxley Parish Council,
36382,yealand-conyers-parish-council,Yealand Conyers Parish Council,
36383,yealand-redmayne-parish-council,Yealand Redmayne Parish Council,
5103,yealmpton-parish-council,Yealmpton Parish Council,https://www.yealmpton-pc.gov.uk
6988,yearsley-parish-meeting,Yearsley (Parish Meeting),
30140,yelling-parish-council,Yelling Parish Council,https://www.yellingparishcouncil.gov.uk
34261,yelvertoft-parish-council,Yelvertoft Parish Council,https://www.yelvertoft-pc.gov.uk
33488,yelverton-parish-council,Yelverton Parish Council,
3521,yeovil-town-council,Yeovil Town Council,https://www.yeovil.gov.uk
4461,yeovil-without-parish-council,Yeovil Without Parish Council,https://www.yeovilwithoutparishcouncil.gov.uk
4781,yeovilton-district-parish-council,Yeovilton & District Parish Council,http://www.yeoviltonparishcouncil.gov.uk/
36384,yeovilton-parish-council,Yeovilton Parish Council,
5344,yoxall-parish-council,Yoxall Parish Council,http://yoxallparishcouncil.org.uk/site/
35270,yoxford-parish-council,Yoxford Parish Council,
5484,zeals-parish-council,Zeals Parish Council,https://www.zealspc.org.uk
3959,zennor-parish-council,Zennor Parish Council,http://www.zennorparishcouncil.gov.uk/
