slug,name,audit_status,url,discovery_method,scrape_status,indicators_evidence_found_count,error,attempted_at
ab-kettleby-parish-council,Ab Kettleby Parish Council,url_discovered_pending_scrape,https://www.abkettlebyparishcouncil.gov.uk/community-wp,web_search,,,,2026-04-26T13:18:50+00:00
abbas-and-templecombe-parish-council,Abbas and Templecombe Parish Council,url_discovered_pending_scrape,https://www.parishcouncils.uk/parish-council/abbas-and-templecombe-parish-council/,web_search,,,,2026-04-26T13:19:24+00:00
abberley-parish-council,Abberley Parish Council,verified,https://www.abberleyparish.org.uk,pre-existing,ok,3,,2026-04-26T13:19:57+00:00
abberton-parish-council,Abberton Parish Council,url_discovered_pending_scrape,https://kelvedonparishcouncil.gov.uk/author/suegreen/page/140/,web_search,,,,2026-04-26T13:19:57+00:00
abbess-beauchamp-and-berners-roding-parish-council,"Abbess, Beauchamp and Berners Roding Parish Council",verified,https://www.abbr-pc.gov.uk,pre-existing,ok,0,,2026-04-26T13:20:30+00:00
abbess-beauchamp-and-berners-roding-parish-council-1,Abbess Beauchamp and Berners Roding Parish Council,url_discovered_pending_scrape,https://e-voice.org.uk/abbrpc/meetings/agendas/,web_search,,,,2026-04-26T13:20:30+00:00
abbey-hill-parish-council,Abbey Hill Parish Council,url_discovered_pending_scrape,https://amber-hill.parish.lincolnshire.gov.uk/council-business/annual-parish-meeting/11,web_search,,,,2026-04-26T13:21:01+00:00
abbeydore-and-bacton-group-parish-council,Abbeydore and Bacton Group Parish Council,url_discovered_pending_scrape,https://abbeydoreandbacktongroup-pc.gov.uk/,excel,,,,2026-04-26T13:21:34+00:00
abbeydore-bacton-group-parish-council,Abbeydore & Bacton Group Parish Council,url_discovered_pending_scrape,https://abbeydoreandbactongroup-pc.gov.uk/news,web_search,,,,2026-04-26T13:21:34+00:00
abbots-bickington-parish-council,Abbots Bickington Parish Council,url_discovered_pending_scrape,https://www.burringtonnorthdevon.com/parish-council/agendas/,web_search,,,,2026-04-26T13:22:05+00:00
abbots-bromley-parish-council,Abbots Bromley Parish Council,verified,http://www.abbotsbromley.com/council,pre-existing,ok,5,,2026-04-26T13:22:36+00:00
abbots-langley-parish-council,Abbots Langley Parish Council,url_discovered_pending_scrape,https://www.abbotslangley-pc.gov.uk/parish-council/minutes-archive/,web_search,,,,2026-04-26T13:22:36+00:00
abbots-ripton-parish-council,Abbots Ripton Parish Council,verified,https://www.abbotsripton-pc.gov.uk,pre-existing,ok,2,,2026-04-26T13:23:07+00:00
abbotskerswell,Abbotskerswell,url_discovered_pending_scrape,https://www.abbotskerswell-pc.gov.uk/,pattern,,,,2026-04-26T13:23:07+00:00
abbotskerswell-parish-council,Abbotskerswell Parish Council,url_discovered_pending_scrape,https://www.abbotskerswell-pc.gov.uk/,pattern,,,,2026-04-26T13:23:11+00:00
abbotsley-parish-council,Abbotsley Parish Council,verified,https://www.abbotsleyparishcouncil.gov.uk,pre-existing,ok,8,,2026-04-26T13:23:13+00:00
abbotts-ann-parish-council,Abbotts Ann Parish Council,url_discovered_pending_scrape,https://www.abbottsann-pc.gov.uk,excel,,,,2026-04-26T13:23:13+00:00
abdon-and-heath-parish-council,Abdon and Heath Parish Council,url_discovered_pending_scrape,https://www.abdonandheathparish.gov.uk/community/abdon-and-heath-parish-gov-uk-10606/parish-council/,web_search,,,,2026-04-26T13:23:13+00:00
above-derw-parish-council,Above Derw Parish Council,url_discovered_pending_scrape,https://checkmypostcode.uk/ex54rf,web_search,,,,2026-04-26T13:23:45+00:00
abthorpe-parish-council,Abthorpe Parish Council,verified,https://www.abthorpeparish.gov.uk,pre-existing,ok,5,,2026-04-26T13:24:33+00:00
aby-with-greenfield-parish-council,Aby with Greenfield Parish Council,url_discovered_pending_scrape,https://aby-greenfield.parish.lincolnshire.gov.uk/council-business/agendas-2023/7,web_search,,,,2026-04-26T13:24:33+00:00
acaster-selby-parish-council,Acaster Selby Parish Council,url_discovered_pending_scrape,https://docslib.org/doc/55794/bramhope-newsletter-spring-2021,web_search,,,,2026-04-26T13:25:06+00:00
acaster-selby-parish-council,Acaster Selby Parish Council,url_discovered_pending_scrape,https://docslib.org/doc/55794/bramhope-newsletter-spring-2021,web_search,,,,2026-04-26T13:25:16+00:00
acklam-parish-meeting,Acklam (Parish Meeting),url_discovered_pending_scrape,https://theddlethorpe.parish.lincolnshire.gov.uk/council-business/2023-parish-council-meeting-minutes/5,web_search,,,,2026-04-26T13:25:46+00:00
acklington-parish-council,Acklington Parish Council,url_discovered_pending_scrape,https://www.acklington-pc.gov.uk/community/acklington-and-guyzance-parish-council-21180/home/,pattern,,,,2026-04-26T13:26:24+00:00
ackworth-parish-council,Ackworth Parish Council,url_discovered_pending_scrape,https://www.ackworthparishcouncil.gov.uk/,pattern,,,,2026-04-26T13:26:27+00:00
acle-parish-council,Acle Parish Council,url_discovered_pending_scrape,https://acleparishcouncil.gov.uk/,pattern,,,,2026-04-26T13:26:50+00:00
acol-parish-council,Acol Parish Council,url_discovered_pending_scrape,https://www.acol-pc.gov.uk/community/acol-parish-council-13724/home/,pattern,,,,2026-04-26T13:27:07+00:00
acomb-parish-council,Acomb Parish Council,url_discovered_pending_scrape,https://www.sandhoeparishcouncil.co.uk/news-events,web_search,,,,2026-04-26T13:27:09+00:00
aconbury-parish-meeting,Aconbury Parish Meeting,url_discovered_pending_scrape,https://councillors.herefordshire.gov.uk/mgParishCouncilDetails.aspx?ID=648&LS=3,web_search,,,,2026-04-26T13:27:46+00:00
acrise-parish-council,Acrise Parish Council,url_discovered_pending_scrape,https://aldingtonandbonnington-pc.gov.uk/community-life/war-memorial/webb-stewart-or-stuart-corban-private-g-26568/,web_search,,,,2026-04-26T13:28:20+00:00
acton-beauchamp-group-parish-council,Acton Beauchamp Group Parish Council,url_discovered_pending_scrape,https://councillors.herefordshire.gov.uk/mgParishCouncilDetails.aspx?ID=649&LS=3,web_search,,,,2026-04-26T13:28:57+00:00
acton-bridge-parish-council,Acton Bridge Parish Council,url_discovered_pending_scrape,https://actonbridge-pc.gov.uk/meetings/,web_search,,,,2026-04-26T13:29:30+00:00
acton-parish-council,Acton Parish Council,verified,https://www.actonparishcouncil.gov.uk,pre-existing,ok,4,,2026-04-26T13:30:02+00:00
acton-round-parish-council,Acton Round Parish Council,url_discovered_pending_scrape,https://actonparishcouncil.gov.uk/your-council/councillors,web_search,,,,2026-04-26T13:30:02+00:00
acton-trussell-and-bednall-parish-council,Acton Trussell and Bednall Parish Council,url_discovered_pending_scrape,https://www.actontrussellbednall-pc.gov.uk/community/acton-trussell-bednall-parish-council-13659/council-meetings/,web_search,,,,2026-04-26T13:30:34+00:00
adderbury-parish-council,Adderbury Parish Council,verified,https://www.adderburyparishcouncil.gov.uk,pre-existing,ok,10,,2026-04-26T13:31:06+00:00
adderley-parish-council,Adderley Parish Council,url_discovered_pending_scrape,https://adderleyparish.co.uk/category/parish-council/,web_search,,,,2026-04-26T13:31:06+00:00
adderstone-with-lucker-parish-council,Adderstone with Lucker Parish Council,verified,https://www.adderstonewithluckerparish.gov.uk,pre-existing,ok,0,,2026-04-26T13:31:38+00:00
addington-meeting,Addington (meeting),url_discovered_pending_scrape,https://addingtonpc.co.uk/council-meetings/,web_search,,,,2026-04-26T13:31:38+00:00
addington-meeting-parish-council,Addington (meeting) Parish Council,url_discovered_pending_scrape,https://addingtonpc.co.uk/council-meetings/,web_search,,,,2026-04-26T13:32:11+00:00
addington-parish-council,Addington Parish Council,verified,https://www.addington-pc.gov.uk,pre-existing,ok,10,,2026-04-26T13:32:43+00:00
adisham,Adisham,verified,https://www.adisham-pc.gov.uk,pre-existing,ok,1,,2026-04-26T13:32:43+00:00
adlestrop-parish-meeting,Adlestrop Parish Meeting,url_discovered_pending_scrape,https://adlestrop.org.uk/,pattern,,,,2026-04-26T13:32:43+00:00
adlington-parish-council,Adlington Parish Council,verified,https://www.adlington-pc.org.uk,pre-existing,ok,5,,2026-04-26T13:32:56+00:00
admington-parish-council,Admington Parish Council,url_discovered_pending_scrape,https://admintonparishcouncil.co.uk,excel,,,,2026-04-26T13:32:56+00:00
adstock-parish-council,Adstock Parish Council,url_discovered_pending_scrape,https://www.adstockparish.gov.uk,excel,,,,2026-04-26T13:32:56+00:00
adstone-parish-meeting,Adstone Parish Meeting,url_discovered_pending_scrape,https://adstone.parish.uk/parish-council/,web_search,,,,2026-04-26T13:32:56+00:00
advent-parish-meeting,Advent Parish Meeting,url_discovered_pending_scrape,https://owmby-spital.parish.lincolnshire.gov.uk/council-business/2021-parish-council-minutes-meetings,web_search,,,,2026-04-26T13:33:31+00:00
adwick-on-dearne-parish-council,Adwick-on-Dearne Parish Council,url_discovered_pending_scrape,https://cadeby.parish.uk/,web_search,,,,2026-04-26T13:34:08+00:00
agden-parish-council,Agden Parish Council,url_discovered_pending_scrape,https://www.littlebollington.org/what-s-going-on/,web_search,,,,2026-04-26T13:34:43+00:00
aighton-bailey-and-chaigley-parish-council,"Aighton, Bailey and Chaigley Parish Council",url_discovered_pending_scrape,https://www.aightonbaileyandchaigley-pc.gov.uk/agendas-and-minutes/,web_search,,,,2026-04-26T13:35:14+00:00
aikton-parish-council,Aikton Parish Council,verified,https://docslib.org/doc/5660206/map-of-cumbria,web_search,ok,,,2026-04-26T13:39:41+00:00
ailsworth-parish-council,Ailsworth Parish Council,verified,https://www.ailsworth-pc.gov.uk,pre-existing,ok,4,,2026-04-26T13:40:15+00:00
ainderby-miers-with-holtby-parish-council,Ainderby Miers with Holtby Parish Council,verified,https://www.parishcouncils.uk/parish-council/ainderby-miers-with-holtby-parish-council/,web_search,ok,,,2026-04-26T13:40:15+00:00
ainderby-quernhow-parish-meeting,Ainderby Quernhow (Parish Meeting),verified,https://www.parishcouncils.uk/parish-council/ainderby-quernhow-parish-council/,web_search,ok,,,2026-04-26T13:40:52+00:00
ainstable-parish-council,Ainstable Parish Council,verified,https://www.ainstable-pc.gov.uk,pre-existing,ok,1,,2026-04-26T13:41:28+00:00
aintree-village-parish-council,Aintree Village Parish Council,verified,https://washingborough.parish.lincolnshire.gov.uk/council-business/2023-2024-agendas-full-parish-council-meetings/12,web_search,ok,2,,2026-04-26T13:41:28+00:00
airmyn-parish-council,Airmyn Parish Council,url_unreachable,https://airmynpc.org.uk,excel,unreachable,,"SSLError: HTTPSConnectionPool(host='airmynpc.org.uk', port=443): Max retries exceeded with url: / (Caused by SSLError(SSLCertVerificationError(1, ""[SSL: CERTIFICATE_VERIFY_FAILED] certificate verify failed: Hos",2026-04-26T13:42:04+00:00
aislaby,Aislaby,verified,https://www.aislabyparishcouncil.gov.uk,pre-existing,ok,5,,2026-04-26T13:42:05+00:00
aislaby-middleton-and-wrelton-parish-council,"Aislaby, Middleton and Wrelton Parish Council",verified,https://huttonlehole.org.uk/,web_search,ok,1,,2026-04-26T13:42:05+00:00
akebar-parish-council,Akebar Parish Council,verified,https://www.constableburtonfinghall-pc.gov.uk/agendas,web_search,ok,8,,2026-04-26T13:42:41+00:00
akeley-parish-council,Akeley Parish Council,verified,https://www.akeleyparishcouncil.gov.uk,excel,ok,4,,2026-04-26T13:43:17+00:00
akenham-parish-meeting,Akenham Parish Meeting,verified,https://www.parishcouncils.uk/parish-council/akenham-parish-council/,web_search,ok,,,2026-04-26T13:43:19+00:00
albourne-parish-council,Albourne Parish Council,url_unreachable,https://www.albourne-pc.gov.uk,excel,unreachable,,"SSLError: HTTPSConnectionPool(host='www.albourne-pc.gov.uk', port=443): Max retries exceeded with url: / (Caused by SSLError(SSLEOFError(8, '[SSL: UNEXPECTED_EOF_WHILE_READING] EOF occurred in violation of prot",2026-04-26T13:44:09+00:00
albrighton-donington-parish-council,Albrighton & Donington Parish Council,verified,https://www.albrightondonington-pc.gov.uk,pre-existing,ok,5,,2026-04-26T13:44:11+00:00
albrighton-parish-council,Albrighton Parish Council,verified,https://albrightondonington-pc.gov.uk/parish-council/agendas-and-minutes,web_search,ok,5,,2026-04-26T13:44:11+00:00
alburgh-parish-council,Alburgh Parish Council,verified,https://www.alburgh.org.uk/,pattern,ok,5,,2026-04-26T13:44:51+00:00
albury-parish-council,Albury Parish Council,verified,https://alburyparishcouncil.gov.uk/,pattern,ok,3,,2026-04-26T13:45:07+00:00
alby-with-thwaite-parish-council,Alby with Thwaite Parish Council,verified,https://www.hanworthparishcouncil.org.uk/page/9/,web_search,ok,3,,2026-04-26T13:45:19+00:00
alcester-town-council,Alcester Town Council,verified,https://www.alcester-tc.gov.uk/council-meetings/annual-parish/agendas/,web_search,ok,5,,2026-04-26T13:45:56+00:00
alciston-parish-meeting,Alciston Parish Meeting,verified,https://www.chiddingly.gov.uk/working-group-on-over-development/,web_search,ok,4,,2026-04-26T13:46:39+00:00
alconbury-parish-council,Alconbury Parish Council,verified,https://www.alconburyparishcouncil.gov.uk,pre-existing,ok,1,,2026-04-26T13:47:23+00:00
alconbury-weston-parish-council,Alconbury Weston Parish Council,verified,https://www.alconburyweston-pc.gov.uk,pre-existing,ok,1,,2026-04-26T13:47:23+00:00
aldborough-and-thurgarton-parish-council,Aldborough and Thurgarton Parish Council,url_unreachable,https://www.aldboroughandthurgarton.gov.uk,excel,unreachable,,"ConnectionError: HTTPSConnectionPool(host='www.aldboroughandthurgarton.gov.uk', port=443): Max retries exceeded with url: / (Caused by NameResolutionError(""HTTPSConnection(host='www.aldboroughandthurgarton.gov.uk', po",2026-04-26T13:47:23+00:00
aldborough-thurgarton-parish-council,Aldborough & Thurgarton Parish Council,verified,http://aldborough.org/podcast/july-2019/,web_search,ok,,,2026-04-26T13:47:23+00:00
aldbourne-parish-council,Aldbourne Parish Council,verified,https://www.aldbourne-pc.gov.uk,pre-existing,ok,4,,2026-04-26T13:47:58+00:00
aldbrough-parish-council,Aldbrough Parish Council,verified,https://aldbroughparishcouncil.co.uk,pre-existing,ok,0,,2026-04-26T13:47:58+00:00
aldbrough-st-john,Aldbrough St John,verified,https://www.aldbroughstjohnparishcouncil.gov.uk,pre-existing,ok,2,,2026-04-26T13:47:58+00:00
aldbrough-st-john-parish-council,Aldbrough St John Parish Council,verified,https://www.aldbroughstjohnparishcouncil.gov.uk,pre-existing,ok,2,,2026-04-26T13:47:58+00:00
aldcliffe-with-stodday-parish-council,Aldcliffe-with-Stodday Parish Council,verified,https://aldcliffewithstoddaypc.org/about-us-2/parish-clerk/,web_search,ok,6,,2026-04-26T13:47:58+00:00
aldeby-parish-council,Aldeby Parish Council,verified,https://www.aldebyparishcouncil.gov.uk,pre-existing,ok,4,,2026-04-26T13:48:43+00:00
aldenham-parish-council,Aldenham Parish Council,verified,https://aldenham-pc.gov.uk/,pattern,ok,4,,2026-04-26T13:48:43+00:00
alderbury-parish-council,Alderbury Parish Council,verified,https://www.alderburyparishcouncil.gov.uk,excel,ok,4,,2026-04-26T13:48:46+00:00
alderley-edge-parish-council,Alderley Edge Parish Council,verified,https://www.alderleyedge-pc.gov.uk,pre-existing,ok,6,,2026-04-26T13:48:50+00:00
alderley-parish-meeting,Alderley Parish Meeting,verified,https://www.overalderleyparishcouncil.gov.uk/2026/02/1767/,web_search,ok,4,,2026-04-26T13:48:50+00:00
aldersey-parish-council,Aldersey Parish Council,verified,https://bunburyvillage.info/parish-council-notes/,web_search,ok,,,2026-04-26T13:49:32+00:00
alderton-parish-council,Alderton Parish Council,verified,https://aldertonparishcouncil.gov.uk/,pattern,ok,1,,2026-04-26T13:50:08+00:00
aldford-and-saighton-parish-council,Aldford and Saighton Parish Council,verified,https://cheshireparishcouncils.co.uk/welcome/aldford-saighton-parish-council/aldford-saighton-parish-documents/,web_search,ok,4,,2026-04-26T13:50:21+00:00
aldford-saighton-and-district-parish-council,Aldford Saighton and District Parish Council,verified,https://cheshireparishcouncils.co.uk/welcome/aldford-saighton-parish-council/aldford-saighton-parish-documents/,web_search,ok,4,,2026-04-26T13:51:05+00:00
aldham-parish-council,Aldham Parish Council,verified,https://www.aldhamparishcouncil.gov.uk/,pattern,ok,4,,2026-04-26T13:51:48+00:00
aldingham-parish-council,Aldingham Parish Council,verified,https://www.aldinghamparishcouncil.gov.uk,excel,ok,5,,2026-04-26T13:52:00+00:00
aldington-bonnington,Aldington & Bonnington,verified,https://www.aldingtonandbonnington-pc.gov.uk,pre-existing,ok,6,,2026-04-26T13:52:04+00:00
aldington-bonnington-parish-council,Aldington & Bonnington Parish Council,verified,https://www.aldingtonandbonnington-pc.gov.uk,pre-existing,ok,6,,2026-04-26T13:52:04+00:00
aldington-parish-council,Aldington Parish Council,verified,https://www.badseypc.uk/2025_05_21-agenda-2/,web_search,ok,1,,2026-04-26T13:52:04+00:00
aldwark-area,Aldwark Area,verified,https://www.tollerton.net/parish-council-aldwark,web_search,ok,1,,2026-04-26T13:52:51+00:00
aldwark-area-parish-council,Aldwark Area Parish Council,verified,https://www.tollerton.net/parish-council-aldwark,web_search,ok,1,,2026-04-26T13:53:26+00:00
aldworth-parish-council,Aldworth Parish Council,verified,https://www.aldworth-pc.gov.uk,excel,ok,3,,2026-04-26T13:54:00+00:00
alfold-parish-council,Alfold Parish Council,verified,https://alfoldparishcouncil.gov.uk/,pattern,ok,6,,2026-04-26T13:54:01+00:00
alford-parish-council,Alford Parish Council,verified,https://huttoft.parish.lincolnshire.gov.uk/council-business/parish-council-minutes-meetings-2024-25/3,web_search,ok,2,,2026-04-26T13:54:12+00:00
alkborough-parish-council,Alkborough Parish Council,verified,https://www.alkboroughwalcotparishcouncil.gov.uk/contact/,web_search,ok,5,,2026-04-26T13:54:47+00:00
alkham-parish-council,Alkham Parish Council,verified,https://www.alkhamparishcouncil.org.uk,excel,ok,6,,2026-04-26T13:55:23+00:00
alkington-parish-council,Alkington Parish Council,verified,https://www.alkingtonparishcouncil.gov.uk,excel,ok,2,,2026-04-26T13:55:25+00:00
all-cannings-parish-council,All Cannings Parish Council,verified,https://www.allcannings-pc.gov.uk,excel,ok,5,,2026-04-26T13:55:26+00:00
allendale-parish-council,Allendale Parish Council,verified,https://allendalediary.org/2019/04/04/allendale-parish-council/,web_search,ok,,,2026-04-26T13:55:28+00:00
allensmore-parish-council,Allensmore Parish Council,verified,https://allensmore.org.uk/,pattern,ok,2,,2026-04-26T13:56:05+00:00
aller-parish-council,Aller Parish Council,verified,https://www.allerparishcouncil.org/,pre-existing,ok,6,,2026-04-26T13:56:20+00:00
allerston-and-wilton-parish-council,Allerston and Wilton Parish Council,verified,https://www.allerstonandwiltonparishcouncil.com/blog/agenda-for-the-meeting-of-allerston-wilton-parish-council-on-thursday-6th-november-at-730pm-at-allerston-village-hall,web_search,ok,2,,2026-04-26T13:56:20+00:00
allerston-parish-council,Allerston Parish Council,verified,https://www.allerstonandwiltonparishcouncil.com/blog/agenda-for-the-meeting-of-allerston-wilton-parish-council-on-thursday-6th-november-at-730pm-at-allerston-village-hall,web_search,ok,2,,2026-04-26T13:56:55+00:00
allerton-mauleverer-with-hopperton-parish-meeting,Allerton Mauleverer with Hopperton (Parish Meeting),verified,https://www.hampsthwaite.org.uk/parishcouncil/644,web_search,ok,4,,2026-04-26T13:57:29+00:00
allhallows-parish-council,Allhallows Parish Council,verified,https://www.allhallows-pc.gov.uk,pre-existing,ok,2,,2026-04-26T13:58:04+00:00
allington-parish-council,Allington Parish Council,verified,https://www.allingtonpc.org.uk,pre-existing,ok,0,,2026-04-26T13:58:04+00:00
allington-parish-council-1,Allington Parish Council,verified,https://www.allingtonboscombewilts-pc.gov.uk,pre-existing,ok,1,,2026-04-26T13:58:04+00:00
allithwaite-and-cartmel-parish-council,Allithwaite and Cartmel Parish Council,verified,https://www.allithwaiteandcartmel-pc.gov.uk,excel,ok,4,,2026-04-26T13:58:04+00:00
allonby-parish-council,Allonby Parish Council,verified,https://www.allonby-pc.org.uk,pre-existing,ok,3,,2026-04-26T13:58:07+00:00
allostock-parish-council,Allostock Parish Council,verified,https://allostockparishcouncil.gov.uk/,pattern,ok,2,,2026-04-26T13:58:07+00:00
almeley-parish-council,Almeley Parish Council,verified,https://almeleyparishcouncil.gov.uk/,pattern,ok,7,,2026-04-26T13:58:19+00:00
alne,Alne,verified,https://www.alneparishcouncil.gov.uk,pre-existing,ok,5,,2026-04-26T13:58:35+00:00
alne-parish-council,Alne Parish Council,verified,https://www.alneparishcouncil.gov.uk,pre-existing,ok,5,,2026-04-26T13:58:35+00:00
alnmouth-parish-council,Alnmouth Parish Council,verified,https://northumberlandparishes.uk/warkworth/documents?page=22,web_search,ok,1,,2026-04-26T13:58:35+00:00
alnwick-parish-council,Alnwick Parish Council,verified,https://www.alnmouthparishcouncil.org.uk,excel,ok,5,,2026-04-26T13:59:12+00:00
alphamstone-parish-council,Alphamstone Parish Council,verified,https://parishcouncil.pebmarsh.com/?p=248,web_search,ok,2,,2026-04-26T13:59:13+00:00
alpheton-parish-council,Alpheton Parish Council,verified,https://www.alphetonparish.gov.uk,excel,ok,2,,2026-04-26T13:59:48+00:00
alpington-parish-council,Alpington Parish Council,verified,https://berghapton.org.uk/agenda-for-parish-council-meeting-on-wednesday-5th-january-2022/,web_search,ok,4,,2026-04-26T14:00:12+00:00
alpington-with-yelverton-parish-council,Alpington with Yelverton Parish Council,verified,https://berghapton.org.uk/village-hall/,web_search,ok,4,,2026-04-26T14:00:48+00:00
alpraham-and-calveley-community-council,Alpraham and Calveley Community Council,verified,https://www.beestonparishcouncil.co.uk/parish-council-meeting-10-september-draft-minutes/,web_search,ok,5,,2026-04-26T14:01:23+00:00
alpraham-parish-council,Alpraham Parish Council,verified,https://www.beestonparishcouncil.co.uk/parish-council-meeting-10-september-draft-minutes/,web_search,ok,5,,2026-04-26T14:01:58+00:00
alresford-parish-council,Alresford Parish Council,verified,https://www.alresfordparishcouncil.gov.uk/,pattern,ok,4,,2026-04-26T14:02:32+00:00
alrewas-parish-council,Alrewas Parish Council,verified,https://www.alrewasparishcouncil.gov.uk/,pre-existing,ok,8,,2026-04-26T14:02:46+00:00
alsager-town-council,Alsager Town Council,verified,https://www.alsagertowncouncil.gov.uk,pre-existing,ok,6,,2026-04-26T14:02:46+00:00
alston-moor-parish-council,Alston Moor Parish Council,verified,https://www.alstonmoorparish.gov.uk,pre-existing,ok,5,,2026-04-26T14:02:46+00:00
alstonefield-parish-council,Alstonefield Parish Council,verified,http://www.alstonefield.org/community/parish-council/,pre-existing,ok,5,,2026-04-26T14:02:46+00:00
alstonefield-parish-council-1,Alstonefield Parish Council,verified,http://www.alstonefield.org/community/parish-council/,pre-existing,ok,5,,2026-04-26T14:02:46+00:00
altarnun-parish-council,Altarnun Parish Council,url_unreachable,https://www.altarnunparish.co.uk/,excel,unreachable,,"ConnectionError: HTTPSConnectionPool(host='www.altarnunparish.co.uk', port=443): Max retries exceeded with url: / (Caused by NameResolutionError(""HTTPSConnection(host='www.altarnunparish.co.uk', port=443): Failed to r",2026-04-26T14:02:46+00:00
althorp-parish-meeting,Althorp Parish Meeting,verified,https://www.walgraveparishcouncil.gov.uk/cllr-tom-althorn,web_search,ok,4,,2026-04-26T14:02:46+00:00
alton-parish-council,Alton Parish Council,url_unreachable,http://www.altonstaffs.co.uk/community/parish-councils/,excel,unreachable (404),,,2026-04-26T14:03:20+00:00
alton-parish-council-1,Alton Parish Council,url_unreachable,http://www.altonstaffs.co.uk/community/parish-councils/,excel,unreachable (404),,,2026-04-26T14:03:20+00:00
alton-parish-council-2,Alton Parish Council,url_unreachable,http://www.altonstaffs.co.uk/community/parish-councils/,excel,unreachable (404),,,2026-04-26T14:03:23+00:00
alton-town-council,Alton Town Council,url_unreachable,http://www.altonstaffs.co.uk/community/parish-councils/,excel,unreachable (404),,,2026-04-26T14:03:26+00:00
alvanley-parish-council,Alvanley Parish Council,verified,https://alvanleyparishcouncil.gov.uk/,pattern,ok,4,,2026-04-26T14:03:29+00:00
alvechurch-parish-council,Alvechurch Parish Council,verified,https://www.alvechurch.gov.uk,pre-existing,ok,8,,2026-04-26T14:03:44+00:00
alvediston-parish-meeting,Alvediston Parish Meeting,verified,https://www.bishopstone-pc.gov.uk/other-local-parish-councils/,web_search,ok,4,,2026-04-26T14:03:44+00:00
alveley-and-romsley-parish-council,Alveley and Romsley Parish Council,verified,https://www.alveleyandromsley-pc.gov.uk,excel,ok,3,,2026-04-26T14:04:21+00:00
alveley-parish-council,Alveley Parish Council,verified,https://www.city-town.uk/civil-parish-alveley-shropshire.html,web_search,ok,,,2026-04-26T14:04:25+00:00
alverton-and-kilvington-parish-meeting,Alverton and Kilvington Parish Meeting,verified,https://alverton.parish.uk/parish-council/,web_search,ok,1,,2026-04-26T14:05:03+00:00
alverton-parish-council,Alverton Parish Council,verified,https://alverton.parish.uk/parish-council/,web_search,ok,1,,2026-04-26T14:05:40+00:00
alvingham-parish-council,Alvingham Parish Council,verified,https://utterby.parish.lincolnshire.gov.uk/council-business/2024-meeting-minutes/2,web_search,ok,2,,2026-04-26T14:06:29+00:00
alvington-parish-council,Alvington Parish Council,verified,https://alvingtonparishcouncil.gov.uk/,pattern,ok,1,,2026-04-26T14:07:05+00:00
alwalton-parish-council,Alwalton Parish Council,verified,https://stibbington.org.uk/draft-minutes-7th-march-2018/,web_search,ok,3,,2026-04-26T14:07:18+00:00
alwinton-parish-council,Alwinton Parish Council,verified,https://www.alwintonparishcouncil.gov.uk,pre-existing,ok,3,,2026-04-26T14:07:56+00:00
alwoodley-parish-council,Alwoodley Parish Council,verified,https://www.alwoodleyparishcouncil.gov.uk/,pattern,ok,,,2026-04-26T14:07:56+00:00
amberley-parish-council,Amberley Parish Council,verified,https://amberley.org.uk/,pattern,ok,,,2026-04-26T14:08:12+00:00
amble-by-the-sea-parish-council,Amble by the Sea Parish Council,verified,https://amble.gov.uk/2012/05/town-council-agenda-may-10th-2012/,web_search,ok,3,,2026-04-26T14:08:25+00:00
amble-parish-council,Amble Parish Council,verified,https://www.amble.gov.uk,pre-existing,ok,5,,2026-04-26T14:09:00+00:00
ambrosden-parish-council,Ambrosden Parish Council,verified,https://www.ambrosdenpc.org.uk,pre-existing,ok,5,,2026-04-26T14:09:00+00:00
amcotts-parish-council,Amcotts Parish Council,verified,http://amcottsparish.co.uk/sample-page/meetings/,web_search,ok,3,,2026-04-26T14:09:00+00:00
amersham-town-council,Amersham Town Council,verified,https://www.amersham-tc.gov.uk,pre-existing,ok,3,,2026-04-26T14:09:34+00:00
amesbury-town-council,Amesbury Town Council,verified,http://www.amesburytowncouncil.gov.uk,excel,ok,3,,2026-04-26T14:09:34+00:00
amotherby,Amotherby,url_unreachable,https://www.amotherby-pc.gov.uk,excel,unreachable,,"SSLError: HTTPSConnectionPool(host='www.amotherby-pc.gov.uk', port=443): Max retries exceeded with url: / (Caused by SSLError(SSLEOFError(8, '[SSL: UNEXPECTED_EOF_WHILE_READING] EOF occurred in violation of pro",2026-04-26T14:09:35+00:00
ampleforth,Ampleforth,verified,https://www.ampleforth-pc.gov.uk,pre-existing,ok,6,,2026-04-26T14:09:37+00:00
ampney-st-mary-parish-meeting,Ampney St Mary Parish Meeting,verified,https://meetings.cotswold.gov.uk/mgCommitteeMailingList.aspx?EM=1&ID=1184,web_search,ok,3,,2026-04-26T14:09:37+00:00
amport-parish-council,Amport Parish Council,verified,https://www.amporthantsparishcouncil.gov.uk,excel,ok,5,,2026-04-26T14:10:11+00:00
ampthill-parish-council,Ampthill Parish Council,verified,https://silsoeparishcouncil.org/spc-meeting-agenda/,web_search,ok,2,,2026-04-26T14:10:13+00:00
ampton-little-livermere-timworth-parish-meeting,"Ampton, Little Livermere & Timworth Parish Meeting",verified,https://troston-pc.gov.uk/parish-council/,web_search,ok,4,,2026-04-26T14:10:48+00:00
ancaster-parish-council,Ancaster Parish Council,verified,https://ancaster.parish.lincolnshire.gov.uk/council-business/2023-parish-council-meeting-agendas,web_search,ok,2,,2026-04-26T14:11:43+00:00
ancroft-parish-council,Ancroft Parish Council,verified,https://www.ancroftparishcouncil.gov.uk,pre-existing,ok,0,,2026-04-26T14:12:43+00:00
anderton-with-marbury-parish-council,Anderton with Marbury Parish Council,verified,https://www.anderton-with-marbury-pc.gov.uk/,pattern,ok,3,,2026-04-26T14:12:43+00:00
andover-town-council,Andover Town Council,verified,https://andover.org.uk/,pattern,ok,,,2026-04-26T14:12:49+00:00
anglesey-parish-council,Anglesey Parish Council,verified,https://www.angleseystaffs-pc.gov.uk/,excel,ok,5,,2026-04-26T14:13:02+00:00
angmering-parish-council,Angmering Parish Council,verified,https://www.angmering-pc.gov.uk,pre-existing,ok,9,,2026-04-26T14:13:05+00:00
angram-grange-parish-meeting,Angram Grange (Parish Meeting),verified,https://edemocracy.northyorks.gov.uk/mgParishCouncilDetails.aspx?bcr=1,web_search,ok,2,,2026-04-26T14:13:05+00:00
anmer-parish-meeting,Anmer Parish Meeting,verified,https://democracy.west-norfolk.gov.uk/mgParishCouncilDetails.aspx?bcr=1,web_search,ok,,,2026-04-26T14:14:26+00:00
annesley-parish-council,Annesley Parish Council,verified,https://www.annesleyparishcouncil.gov.uk/,pattern,ok,1,,2026-04-26T14:15:05+00:00
ansford-parish-council,Ansford Parish Council,verified,https://www.ansford-pc.gov.uk,pre-existing,ok,4,,2026-04-26T14:15:16+00:00
anstey-parish-council,Anstey Parish Council,verified,https://www.ansteypc.org.uk/,pattern,ok,4,,2026-04-26T14:15:16+00:00
ansty-parish-council,Ansty Parish Council,verified,https://www.hurstpierpoint-pc.gov.uk/planning-committee/,web_search,ok,5,,2026-04-26T14:15:33+00:00
antingham-parish-council,Antingham Parish Council,verified,https://www.parishcouncils.uk/parish-council/antingham-parish-council/,web_search,ok,,,2026-04-26T14:16:10+00:00
antony-parish-council,Antony Parish Council,verified,https://www.antonyparishcouncil.org.uk/,pre-existing,ok,4,,2026-04-26T14:16:48+00:00
antrobus-parish-council,Antrobus Parish Council,verified,https://duttonparishcouncil.co.uk/minutes-may-2025/,web_search,ok,4,,2026-04-26T14:16:48+00:00
anwick-parish-council,Anwick Parish Council,verified,https://anwick.parish.lincolnshire.gov.uk/council-business/2024-parish-council-minutes-meetings/5,web_search,ok,2,,2026-04-26T14:17:27+00:00
apley-parish-council,Apley Parish Council,verified,https://bardney-group.parish.lincolnshire.gov.uk/council-business/2023-parish-council-meeting-agendas/7,web_search,ok,2,,2026-04-26T14:18:04+00:00
appleby-town-council,Appleby Town Council,verified,https://www.applebytown.gov.uk,pre-existing,ok,9,,2026-04-26T14:18:39+00:00
appledore,Appledore,verified,https://www.appledoreparishcouncil.gov.uk,excel,ok,5,,2026-04-26T14:18:39+00:00
appledore-parish-council,Appledore Parish Council,verified,https://www.appledoreparishcouncil.gov.uk,excel,ok,5,,2026-04-26T14:18:41+00:00
appleford-parish-council,Appleford Parish Council,verified,https://www.appleford-pc.gov.uk,pre-existing,ok,3,,2026-04-26T14:18:43+00:00
appleton-east-and-west-parish-meeting,Appleton East and West (Parish Meeting),verified,https://edemocracy.northyorks.gov.uk/ieListDocuments.aspx?MId=7783,web_search,ok,6,,2026-04-26T14:18:43+00:00
appleton-le-moors,Appleton le Moors,verified,https://huttonlehole.org.uk/,web_search,ok,1,,2026-04-26T14:19:31+00:00
appleton-le-moors-parish-council,Appleton le Moors Parish Council,verified,https://huttonlehole.org.uk/,web_search,ok,1,,2026-04-26T14:20:06+00:00
appleton-le-moors-parish-council-1,Appleton-le-moors Parish Council,verified,https://huttonlehole.org.uk/,web_search,ok,1,,2026-04-26T14:20:39+00:00
appleton-le-street-with-easthorpe-parish-council,Appleton-le-street with Easthorpe Parish Council,verified,http://www.amotherby-pc.gov.uk/,web_search,ok,2,,2026-04-26T14:21:13+00:00
appleton-parish-council,Appleton Parish Council,verified,https://www.appletonwiske.com/parish-council/about-parish-council/,web_search,ok,6,,2026-04-26T14:21:47+00:00
appleton-roebuck-and-acaster-selby,Appleton Roebuck and Acaster Selby,verified,https://www.appletonroebuckandacasterselby-pc.gov.uk,pre-existing,ok,9,,2026-04-26T14:22:41+00:00
appleton-roebuck-parish-council,Appleton Roebuck Parish Council,verified,https://mortononswale-pc.gov.uk/council-staff,web_search,ok,4,,2026-04-26T14:22:41+00:00
appleton-wiske-parish-council,Appleton Wiske Parish Council,verified,https://www.appletonwiske-pc.gov.uk,pre-existing,ok,0,,2026-04-26T14:23:16+00:00
appleton-with-eaton-parish-council,Appleton with Eaton Parish Council,verified,https://www.appleton-eaton-pc.gov.uk,pre-existing,ok,5,,2026-04-26T14:23:16+00:00
appletreewick-parish-council,Appletreewick Parish Council,verified,https://www.appletreewick-pc.gov.uk/community/appletreewick-parish-council-21142/home/,pattern,ok,1,,2026-04-26T14:23:16+00:00
archdeacon-newton-parish-council,Archdeacon Newton Parish Council,verified,https://www.easthaddonparishcouncil.gov.uk/text-drawn-from-baker-1822,web_search,ok,4,,2026-04-26T14:23:20+00:00
arclid-parish-council,Arclid Parish Council,verified,https://www.arclidparishcouncil.gov.uk,pre-existing,ok,4,,2026-04-26T14:23:55+00:00
ardeley-parish-council,Ardeley Parish Council,verified,https://ardeleyparishcouncil.gov.uk/,pattern,ok,4,,2026-04-26T14:23:55+00:00
ardleigh-parish-council,Ardleigh Parish Council,verified,https://ardleigh.website/,web_search,ok,4,,2026-04-26T14:24:08+00:00
ardley-with-fewcott-parish-council,Ardley with Fewcott Parish Council,verified,https://www.steepleaston.org.uk/news-archive-2017/,web_search,ok,3,,2026-04-26T14:24:43+00:00
arkendale-coneythorpe-and-clareton,"Arkendale, Coneythorpe and Clareton",verified,https://www.accpc.org.uk,excel,ok,3,,2026-04-26T14:25:18+00:00
arkengarthdale,Arkengarthdale,verified,http://www.2dales.org.uk/melbecks-pc.htm,web_search,ok,2,,2026-04-26T14:25:21+00:00
arkengarthdale-parish-council,Arkengarthdale Parish Council,verified,http://www.2dales.org.uk/melbecks-pc.htm,web_search,ok,2,,2026-04-26T14:26:20+00:00
arkesden,Arkesden,verified,https://arkesdenvillage.com/agendas-and-minutes,web_search,ok,5,,2026-04-26T14:27:05+00:00
arlesey-parish-council,Arlesey Parish Council,verified,https://www.fairfieldparishcouncil.gov.uk/parish-councillors/,web_search,ok,3,,2026-04-26T14:27:49+00:00
arlingham-parish-council,Arlingham Parish Council,verified,https://www.arlingham.co.uk/the-parish-council/meetings/,web_search,ok,3,,2026-04-26T14:28:24+00:00
arlington-parish-council,Arlington Parish Council,verified,https://www.arlington-pc.gov.uk,pre-existing,ok,7,,2026-04-26T14:29:06+00:00
arlington-parish-council-1,Arlington Parish Council,verified,https://www.arlington-pc.gov.uk,pre-existing,ok,7,,2026-04-26T14:29:06+00:00
armitage-with-handsacre-parish-council,Armitage with Handsacre Parish Council,verified,https://spcaonline.org.uk/news-article/new-vacancy-alert-clerk-responsible-finance-officer-with-kidsgrove-town-council-september-24-2-3-2/,web_search,ok,4,,2026-04-26T14:29:06+00:00
armthorpe-parish-council,Armthorpe Parish Council,verified,https://www.auckleyparishcouncil.gov.uk/auckley-parish-council-november-december-2023-newsletter/,web_search,ok,4,,2026-04-26T14:29:43+00:00
arncott-parish-council,Arncott Parish Council,verified,https://arncottpc.org.uk/,pattern,ok,1,,2026-04-26T14:30:36+00:00
arnesby-parish-council,Arnesby Parish Council,verified,https://www.village-web.co.uk/arnesby/parishcouncil.html,web_search,ok,1,,2026-04-26T14:30:51+00:00
arnside-parish-council,Arnside Parish Council,verified,https://www.arnsideparishcouncil.gov.uk,pre-existing,ok,3,,2026-04-26T14:31:27+00:00
arrathorne-parish-meeting,Arrathorne (Parish Meeting),verified,https://edemocracy.northyorks.gov.uk/mgParishCouncilDetailsList.aspx,web_search,ok,2,,2026-04-26T14:31:27+00:00
arthingworth-parish-council,Arthingworth Parish Council,verified,https://www.arthingworth-pc.gov.uk/community/arthingworth-parish-council-7921/home/,pattern,ok,3,,2026-04-26T14:32:29+00:00
arthuret-parish-council,Arthuret Parish Council,verified,https://www.arthuretparishcouncil.gov.uk,pre-existing,ok,4,,2026-04-26T14:32:34+00:00
arundel-town-council,Arundel Town Council,verified,https://www.arundeltowncouncil.gov.uk,pre-existing,ok,7,,2026-04-26T14:32:34+00:00
asby-parish-council,Asby Parish Council,verified,https://www.asbyparish.org.uk,pre-existing,ok,12,,2026-04-26T14:32:34+00:00
ascott-under-wychwood-parish-council,Ascott-under-Wychwood Parish Council,verified,https://ascott-under-wychwood.org.uk/,pattern,ok,,,2026-04-26T14:32:34+00:00
ascott-under-wychwood-parish-council-1,Ascott Under Wychwood Parish Council,verified,https://www.ascottpc.org.uk,pre-existing,ok,4,,2026-04-26T14:32:47+00:00
asenby,Asenby,verified,https://www.asenbyparish.gov.uk,pre-existing,ok,4,,2026-04-26T14:32:47+00:00
asfordby-parish-council,Asfordby Parish Council,verified,https://www.asfordbyparishcouncil.gov.uk/,pattern,ok,3,,2026-04-26T14:32:47+00:00
ash-parish-council,Ash Parish Council,verified,https://www.ashpcsomerset.com,pre-existing,ok,6,,2026-04-26T14:32:58+00:00
ashampstead-parish-council,Ashampstead Parish Council,verified,https://www.ashampsteadpc.org.uk,pre-existing,ok,5,,2026-04-26T14:32:58+00:00
ashbocking-parish-council,Ashbocking Parish Council,verified,https://otleyparishcouncil.org.uk/our-village/,web_search,ok,7,,2026-04-26T14:32:58+00:00
ashbourne-town-council,Ashbourne Town Council,verified,https://www.ashbournetowncouncil.gov.uk,pre-existing,ok,7,,2026-04-26T14:33:33+00:00
ashbrittle-parish-council,Ashbrittle Parish Council,verified,https://stash.org.uk/stawley-parish-council-meeting-7th-october-2025/,web_search,ok,,,2026-04-26T14:33:33+00:00
ashburnham-and-penhurst-parish-council,Ashburnham and Penhurst Parish Council,verified,https://ashburnham-penhurst.net/parish-council/,web_search,ok,3,,2026-04-26T14:34:10+00:00
ashbury-parish-council,Ashbury Parish Council,verified,https://ashburyparishcouncil.gov.uk/,pattern,ok,3,,2026-04-26T14:34:45+00:00
ashby-cum-fenby-parish-council,Ashby cum Fenby Parish Council,verified,https://www.ashbycumfenbypc.com/contact/contact-us,web_search,ok,1,,2026-04-26T14:34:58+00:00
ashby-de-la-zouch-parish-council,Ashby-de-la-zouch Parish Council,verified,https://www.kegworthparishcouncil.gov.uk/news?page=51,web_search,ok,3,,2026-04-26T14:35:33+00:00
ashby-de-la-zouch-town-council,Ashby de la Zouch Town Council,verified,https://www.ashbytowncouncil.gov.uk,excel,ok,3,,2026-04-26T14:36:07+00:00
ashby-st-ledgers-parish-meeting,Ashby St Ledgers Parish Meeting,verified,https://her.northamptonshire.gov.uk/Designation/DNN19604,web_search,ok,1,,2026-04-26T14:36:08+00:00
ashby-st-mary-parish-council,Ashby St Mary Parish Council,verified,https://www.ashbystmaryparish.gov.uk,pre-existing,ok,5,,2026-04-26T14:36:48+00:00
ashby-st-mary-parish-council-1,Ashby St. Mary Parish Council,verified,https://charletonparishcouncil.co.uk/parish-council/meetings/,web_search,ok,3,,2026-04-26T14:36:48+00:00
ashby-with-scremby-parish-council,Ashby with Scremby Parish Council,verified,https://www.parishcouncils.uk/parish-council/ashby-with-scremby-parish-council/,web_search,ok,,,2026-04-26T14:37:24+00:00
ashby-woulds-town-council,Ashby Woulds Town Council,verified,https://www.ashbywouldstowncouncil.gov.uk,excel,ok,4,,2026-04-26T14:38:01+00:00
ashchurch-rural-parish-council,Ashchurch Rural Parish Council,verified,https://www.ashchurchruralpc.org.uk,pre-existing,ok,5,,2026-04-26T14:38:05+00:00
ashcott-parish-council,Ashcott Parish Council,verified,http://ashcott.net/publicserviceslocalgovernmentparishcouncil/,pre-existing,ok,1,,2026-04-26T14:38:05+00:00
ashendon-parish-council,Ashendon Parish Council,verified,https://www.ashendon-pc.gov.uk/community/ashendon-parish-council-10421/home/,pattern,ok,13,,2026-04-26T14:38:05+00:00
ashfield-cum-thorpe-parish-council,Ashfield cum Thorpe Parish Council,verified,https://www.ashfieldcumthorpe-pc.gov.uk,pre-existing,ok,3,,2026-04-26T14:38:09+00:00
ashford-bowdler-parish-council,Ashford Bowdler Parish Council,verified,https://www.parishcouncils.uk/parish-council/ashford-bowdler-parish-council/,web_search,ok,,,2026-04-26T14:38:09+00:00
ashford-carbonel-parish-council,Ashford Carbonel Parish Council,verified,https://www.caynhamparishcouncil.gov.uk/community/caynham-parish-council-12542/local-school/,web_search,ok,3,,2026-04-26T14:38:47+00:00
ashford-in-the-water-parish-council,Ashford In The Water Parish Council,verified,https://www.ashford-in-the-water-pc.gov.uk,pre-existing,ok,2,,2026-04-26T14:39:23+00:00
ashford-parish-council,Ashford Parish Council,verified,https://www.ashford.gov.uk/,pattern,ok,7,,2026-04-26T14:39:23+00:00
ashill-parish-council-1,Ashill Parish Council,verified,https://www.ashillpc.org.uk/,pre-existing,ok,6,,2026-04-26T14:39:29+00:00
ashington-parish-council,Ashington Parish Council,verified,https://www.ashingtonpc.org.uk,pre-existing,ok,4,,2026-04-26T14:39:29+00:00
ashleworth-parish-council,Ashleworth Parish Council,verified,https://minutes.tewkesbury.gov.uk/mgParishCouncilDetails.aspx?bcr=1,web_search,ok,3,,2026-04-26T14:39:29+00:00
ashley-green-parish-council,Ashley Green Parish Council,verified,https://fishtoft.parish.lincolnshire.gov.uk/council-business/2021-parish-council-minutes-meetings/9,web_search,ok,2,,2026-04-26T14:40:06+00:00
ashley-parish-council,Ashley Parish Council,verified,https://www.ashleyparishcouncil.co.uk/,pattern,ok,,,2026-04-26T14:40:42+00:00
ashley-parish-meeting,Ashley Parish Meeting,verified,https://www.ashleyparishcouncil.co.uk/,pattern,ok,,,2026-04-26T14:41:11+00:00
ashmanhaugh-parish-council,Ashmanhaugh Parish Council,verified,https://www.ashmanhaughparishcouncil.gov.uk,pre-existing,ok,2,,2026-04-26T14:41:36+00:00
ashmansworth-parish-council,Ashmansworth Parish Council,verified,https://www.ashmansworth-pc.org.uk,excel,ok,3,,2026-04-26T14:41:36+00:00
ashmore-parish-council,Ashmore Parish Council,verified,https://ashmoreparishcouncil.org.uk/meetings-agenda/parish-council-meeting-minutes-may-16th-2024-2/,web_search,ok,6,,2026-04-26T14:41:37+00:00
ashover-parish-council,Ashover Parish Council,verified,https://www.ashover-pc.gov.uk,pre-existing,ok,7,,2026-04-26T14:42:21+00:00
ashperton-parish-council,Ashperton Parish Council,verified,https://ashperton-pc.gov.uk/,pattern,ok,6,,2026-04-26T14:42:21+00:00
ashton-hayes-and-horton-cum-peel-parish-council,Ashton Hayes and Horton-cum-peel Parish Council,verified,https://ashtonhayesparishcouncil.gov.uk/,web_search,ok,3,,2026-04-26T14:42:36+00:00
ashton-hayes-horton-cum-peel-parish-council,Ashton Hayes & Horton-cum Peel Parish Council,verified,https://ashtonhayesparishcouncil.gov.uk/,web_search,ok,3,,2026-04-26T14:43:12+00:00
ashton-keynes-parish-council,Ashton Keynes Parish Council,verified,https://www.akpc.org.uk,pre-existing,ok,9,,2026-04-26T14:43:47+00:00
ashton-under-hill-parish-council,Ashton under Hill Parish Council,verified,https://ashtonunderhill.org.uk/,pre-existing,ok,5,,2026-04-26T14:43:47+00:00
ashurst-and-colbury-parish-council,Ashurst and Colbury Parish Council,verified,https://democracy.newforest.gov.uk/mgParishCouncilDetails.aspx?ID=150,web_search,ok,2,,2026-04-26T14:43:47+00:00
ashurst-colbury-parish-council,Ashurst & Colbury Parish Council,verified,https://www.ashurstandcolbury-pc.gov.uk,pre-existing,ok,11,,2026-04-26T14:44:25+00:00
ashurst-wood-parish-council,Ashurst Wood Parish Council,verified,https://www.ashurstwood-vc.gov.uk/hidden-pages,web_search,ok,4,,2026-04-26T14:44:25+00:00
ashurst-wood-village-council,Ashurst Wood Village Council,verified,https://www.ashurstwood-vc.gov.uk,pre-existing,ok,7,,2026-04-26T14:45:04+00:00
ashwellthorpe-and-fundenhall-parish-council,Ashwellthorpe and Fundenhall Parish Council,verified,https://www.parishcouncils.uk/parish-council/ashwellthorpe-and-fundenhall-parish-council/,web_search,ok,,,2026-04-26T14:45:04+00:00
ashwellthorpe-fundenhall-parish-council,Ashwellthorpe & Fundenhall Parish Council,verified,https://www.ashwellthorpeandfundenhall-pc.gov.uk,pre-existing,ok,6,,2026-04-26T14:45:50+00:00
ashwick-parish-council,Ashwick Parish Council,verified,https://www.ashwickparish.org,excel,ok,3,,2026-04-26T14:45:50+00:00
aske-parish-meeting,Aske (Parish Meeting),verified,https://hough-hill.parish.lincolnshire.gov.uk/council-business/2024-25-parish-council-meeting-agendas-minutes/5,web_search,ok,2,,2026-04-26T14:45:52+00:00
askern-town-council,Askern Town Council,verified,https://www.askerntowncouncil.gov.uk,excel,ok,4,,2026-04-26T14:46:28+00:00
askerswell-parish-council,Askerswell Parish Council,verified,https://www.askerswellparish.org/community-whats-on-in-askerswell/,web_search,ok,3,,2026-04-26T14:46:33+00:00
askham-parish-council,Askham Parish Council,verified,https://elsworth-pc.gov.uk/documents/meeting-21-july-2021-2/,web_search,ok,3,,2026-04-26T14:47:12+00:00
askrigg-and-low-abbotside,Askrigg and Low Abbotside,verified,https://www.askriggandlowabbotside-pc.gov.uk,pre-existing,ok,4,,2026-04-26T14:47:55+00:00
askrigg-parish-council,Askrigg Parish Council,verified,https://www.nationalarchives.gov.uk/accessions/1995/95returns/95ac191.htm,web_search,ok,3,,2026-04-26T14:47:55+00:00
aslackby-laughton-parish-council,Aslackby & Laughton Parish Council,verified,https://aslackby.parish.lincolnshire.gov.uk/council-business/2025-minutes/5,web_search,ok,2,,2026-04-26T14:48:29+00:00
aslacton-parish-council,Aslacton Parish Council,url_unreachable,https://www.aslactonparishcouncil.gov.uk,excel,unreachable,,"ConnectionError: HTTPSConnectionPool(host='www.aslactonparishcouncil.gov.uk', port=443): Max retries exceeded with url: / (Caused by NameResolutionError(""HTTPSConnection(host='www.aslactonparishcouncil.gov.uk', port=4",2026-04-26T14:49:04+00:00
aslockton-parish-council,Aslockton Parish Council,verified,https://www.aslockton-pc.org.uk,pre-existing,ok,5,,2026-04-26T14:49:04+00:00
aspenden-parish-council,Aspenden Parish Council,verified,https://www.aspendenpc.org.uk,pre-existing,ok,4,,2026-04-26T14:49:04+00:00
aspley-guise-parish-council,Aspley Guise Parish Council,verified,https://www.aspley-guise.org.uk/,pattern,ok,,,2026-04-26T14:49:04+00:00
aspley-heath-parish-council,Aspley Heath Parish Council,verified,https://www.aspleyheathparishcouncil.org/minutes,web_search,ok,3,,2026-04-26T14:49:18+00:00
assington-parish-council,Assington Parish Council,verified,https://www.assington-pc.gov.uk,excel,ok,6,,2026-04-26T14:49:57+00:00
asterby-parish-council,Asterby Parish Council,verified,https://asterby-goulceby.parish.lincolnshire.gov.uk/council-business/meetings-20242025-text/4,web_search,ok,3,,2026-04-26T14:50:11+00:00
asthall-parish-council,Asthall Parish Council,verified,https://meetings.westoxon.gov.uk/mgParishCouncilDetails.aspx?ID=1183,web_search,ok,3,,2026-04-26T14:50:46+00:00
astley-parish-council,Astley Parish Council,verified,https://www.astleyshropshireparishcouncil.gov.uk,excel,ok,7,,2026-04-26T14:51:20+00:00
aston-abbotts-parish-council,Aston Abbotts Parish Council,verified,https://www.astonabbotts-pc.gov.uk,pre-existing,ok,5,,2026-04-26T14:51:22+00:00
aston-by-budworth-parish-council,Aston by Budworth Parish Council,verified,https://greatbudworth.com/notices/pothole-update-cllr-lynn-gibbon/,web_search,ok,2,,2026-04-26T14:51:22+00:00
aston-clinton-parish-council,Aston Clinton Parish Council,verified,https://www.astonclinton-pc.gov.uk/community/aston-clinton-parish-council-15040/agendas--minutes-2019/,web_search,ok,6,,2026-04-26T14:51:59+00:00
aston-flamville-parish-council,Aston Flamville Parish Council,verified,https://www.whetstoneparishcouncil.gov.uk/2019/07/25/two-fined-for-flytip-offences/,web_search,ok,2,,2026-04-26T14:52:35+00:00
aston-juxta-mondrum-parish-council,Aston juxta Mondrum Parish Council,verified,https://www.parishcouncils.uk/parish-council/aston-juxta-mondrum-parish-council/,web_search,ok,,,2026-04-26T14:53:13+00:00
aston-le-walls-parish-council,Aston le Walls Parish Council,verified,https://www.astonlewallsparishcouncil.gov.uk,pre-existing,ok,5,,2026-04-26T14:53:54+00:00
aston-parish-council,Aston Parish Council,verified,https://www.aston-pc.gov.uk/,pattern,ok,2,,2026-04-26T14:53:54+00:00
aston-sub-edge-parish-meeting,Aston-sub-Edge Parish Meeting,verified,https://wheatonastonparishcouncil.gov.uk/meetingdetails/full-council-meeting-16th-january-2020/,web_search,ok,3,,2026-04-26T14:53:59+00:00
aston-tirrold-and-aston-upthorpe-parish-council,Aston Tirrold and Aston Upthorpe Parish Council,verified,https://www.theastons.net/local-councils/parish-council,web_search,ok,4,,2026-04-26T14:54:35+00:00
aston-tirrold-aston-upthorpe-parish-counci-parish-council,Aston Tirrold & Aston Upthorpe Parish Counci Parish Council,no_web_presence_found,,,,,,2026-04-26T14:55:11+00:00
astwick-parish-council,Astwick Parish Council,verified,https://www.city-town.uk/civil-parish-astwick-bedfordshire.html,web_search,ok,,,2026-04-26T14:55:45+00:00
aswarby-and-swarby-parish-council,Aswarby and Swarby Parish Council,verified,https://swaton.parish.lincolnshire.gov.uk/council-business/parish-council-meeting-minutes-agenda-jan-23rd-2024/6,web_search,ok,2,,2026-04-26T14:56:23+00:00
atcham-parish-council,Atcham Parish Council,verified,https://www.atchamparishcouncil.gov.uk,excel,ok,3,,2026-04-26T14:56:58+00:00
athelhampton-and-puddletown-parish-council,Athelhampton and Puddletown Parish Council,verified,https://gi.dorsetcouncil.gov.uk/insights/AreaProfiles/Parish/puddletown-and-athelhampton,web_search,ok,1,,2026-04-26T14:57:00+00:00
atherington-parish-council,Atherington Parish Council,verified,https://atheringtonparishcouncil.gov.uk/,pattern,ok,1,,2026-04-26T14:57:38+00:00
atherstone-on-stour-parish-council,Atherstone on Stour Parish Council,verified,https://www.hockleyheathparishcouncil.gov.uk/2014/04/,web_search,ok,13,,2026-04-26T14:57:51+00:00
atherstone-parish-council,Atherstone Parish Council,verified,https://www.atherstone-tc.gov.uk,pre-existing,ok,5,,2026-04-26T14:58:25+00:00
atlow-parish-meeting,Atlow (Parish Meeting),verified,https://www.parishcouncils.uk/parish-council/atlow-parish-council/,web_search,ok,,,2026-04-26T14:58:25+00:00
attleborough-town-council,Attleborough Town Council,verified,https://www.attleboroughtc.org.uk,pre-existing,ok,7,,2026-04-26T14:59:02+00:00
atwick-parish-council,Atwick Parish Council,verified,https://www.parishcouncils.uk/parish-council/atwick-parish-council/,web_search,ok,,,2026-04-26T14:59:02+00:00
atworth-parish-council,Atworth Parish Council,verified,https://atworthparishcouncil.gov.uk/,pattern,ok,5,,2026-04-26T14:59:39+00:00
aubourn-with-haddington-parish-council,Aubourn with Haddington Parish Council,verified,https://aubourn-haddington.parish.lincolnshire.gov.uk/council-business/meeting-agenda,web_search,ok,2,,2026-04-26T14:59:50+00:00
auckley-parish-council,Auckley Parish Council,verified,https://www.auckleyparishcouncil.gov.uk,pre-existing,ok,5,,2026-04-26T15:00:25+00:00
audlem-parish-council,Audlem Parish Council,verified,https://www.audlemparishcouncil.gov.uk/community/audlem-parish-council-21011/home/,pattern,ok,4,,2026-04-26T15:00:25+00:00
audley-parish-council,Audley Parish Council,verified,https://www.audleyparishcouncil.gov.uk,pre-existing,ok,12,,2026-04-26T15:00:38+00:00
audley-rural-parish-council,Audley Rural Parish Council,verified,https://audleyparishcouncil.gov.uk/,pre-existing,ok,12,,2026-04-26T15:00:38+00:00
aughton-parish-council,Aughton Parish Council,verified,https://www.ellertonandaughtonpc.co.uk/parish-council/agendas-and-minutes,web_search,ok,4,,2026-04-26T15:00:38+00:00
ault-hucknall-parish-council,Ault Hucknall Parish Council,verified,https://www.aulthucknallparishcouncil.gov.uk,pre-existing,ok,3,,2026-04-26T15:01:16+00:00
austerfield-parish-council,Austerfield Parish Council,verified,https://www.missonparishcouncil.gov.uk/community/misson-parish-council-8129/norwith-hill-footpath/,web_search,ok,7,,2026-04-26T15:01:16+00:00
austerson-parish-council,Austerson Parish Council,verified,https://www.sounddistrictparishcouncil.org.uk/councillors/,web_search,ok,6,,2026-04-26T15:01:59+00:00
austrey-parish-council,Austrey Parish Council,verified,https://www.wopc.org.uk/category/council-vacancies/,web_search,ok,3,,2026-04-26T15:02:40+00:00
austwick-parish-council,Austwick Parish Council,verified,https://carleton.parish.uk/,web_search,ok,1,,2026-04-26T15:03:16+00:00
avebury-parish-council,Avebury Parish Council,verified,https://www.aveburyparishcouncil.gov.uk,excel,ok,5,,2026-04-26T15:03:56+00:00
averham-parish-council,Averham Parish Council,verified,http://www.akspc.org.uk/community/averham-kelham-and-staythorpe-parish-council-15064/meeting-dates/,web_search,ok,5,,2026-04-26T15:03:59+00:00
aveton-gifford-parish-council,Aveton Gifford Parish Council,verified,https://www.aveton-gifford.co.uk/parish-council/agendas-minutes/,web_search,ok,2,,2026-04-26T15:04:33+00:00
awbridge-parish-council,Awbridge Parish Council,verified,https://www.awbridgepc.org.uk/community/awbridge-parish-council-7869/home/,pattern,ok,4,,2026-04-26T15:05:14+00:00
axbridge-town-council,Axbridge Town Council,verified,https://www.axbridge-tc.gov.uk,pre-existing,ok,8,,2026-04-26T15:05:34+00:00
aylburton-parish-council,Aylburton Parish Council,verified,https://www.aylburton-pc.gov.uk,pre-existing,ok,6,,2026-04-26T15:05:34+00:00
aylesbury-town-council,Aylesbury Town Council,verified,https://www.aylesburytowncouncil.gov.uk,excel,ok,5,,2026-04-26T15:05:34+00:00
aylesford-parish-council,Aylesford Parish Council,verified,https://www.aylesford-pc.gov.uk,pre-existing,ok,3,,2026-04-26T15:05:37+00:00
aylesham-parish-council,Aylesham Parish Council,verified,https://www.ayleshamparishcouncil.gov.uk,excel,ok,6,,2026-04-26T15:05:37+00:00
aylmerton-parish-council,Aylmerton Parish Council,verified,https://aylmertonpc.norfolkparishes.gov.uk/,pattern,ok,4,,2026-04-26T15:05:39+00:00
ayot-st-peter-parish-council,Ayot St Peter Parish Council,verified,https://www.greenbeltsociety.org.uk/latest-news-on-the-welwyn-hatfield-draft-local-plan-consultation/,web_search,ok,1,,2026-04-26T15:05:58+00:00
aysgarth-and-district-parish-council,Aysgarth and District Parish Council,verified,https://melbournparishcouncil.gov.uk/meetings-and-agenda/archive/full-council-minutes-2011/parish-council-19-decembery-2011/,web_search,ok,3,,2026-04-26T15:06:34+00:00
aysgarth-parish-council,Aysgarth Parish Council,verified,https://melbournparishcouncil.gov.uk/meetings-and-agenda/archive/full-council-minutes-2011/parish-council-19-decembery-2011/,web_search,ok,3,,2026-04-26T15:07:14+00:00
aythorpe-roding,Aythorpe Roding,verified,https://www.aythorpe-pc.gov.uk,pre-existing,ok,7,,2026-04-26T15:07:52+00:00
aythorpe-roding-parish-council,Aythorpe Roding Parish Council,verified,https://e-voice.org.uk/aythorperodingparishcouncil/parish-council/meetings/agendas/,web_search,ok,4,,2026-04-26T15:07:52+00:00
babcary-parish-council,Babcary Parish Council,verified,https://www.babcaryparishcouncil.org.uk,pre-existing,ok,3,,2026-04-26T15:08:27+00:00
babworth-parish-council,Babworth Parish Council,verified,https://www.babworthparishcouncil.gov.uk/community/babworth-parish-council-12866/home/,pattern,ok,5,,2026-04-26T15:08:27+00:00
bache-parish-council,Bache Parish Council,verified,https://bache.org.uk/,pattern,ok,,,2026-04-26T15:08:39+00:00
backford-parish-council,Backford Parish Council,verified,https://www.city-town.uk/civil-parish-backford-cheshire.html,web_search,ok,,,2026-04-26T15:08:53+00:00
backwell-parish-council,Backwell Parish Council,verified,https://www.backwell-pc.gov.uk/,pattern,ok,3,,2026-04-26T15:09:30+00:00
baddesley-clinton-parish-council,Baddesley Clinton Parish Council,verified,https://lapworth-pc.gov.uk/road-closures/rising-lane-baddesley-clinton-closed-on-17th-november-2025-from-0930-1530hrs,web_search,ok,3,,2026-04-26T15:09:38+00:00
baddesley-ensor-parish-council,Baddesley Ensor Parish Council,verified,https://www.wopc.org.uk/category/notices/page/4/,web_search,ok,3,,2026-04-26T15:10:17+00:00
baddiley-parish-council,Baddiley Parish Council,verified,https://www.sounddistrictparishcouncil.org.uk/councillors/,web_search,ok,6,,2026-04-26T15:10:53+00:00
baddington-parish-council,Baddington Parish Council,verified,https://www.sounddistrictparishcouncil.org.uk/councillors/,web_search,ok,6,,2026-04-26T15:11:34+00:00
badger-farm-parish-council,Badger Farm Parish Council,verified,https://www.badgerfarm-pc.gov.uk,pre-existing,ok,6,,2026-04-26T15:12:14+00:00
badger-parish-council,Badger Parish Council,verified,https://www.badgerparishcouncil.gov.uk/community/badger-parish-council-20943/home/,pattern,ok,1,,2026-04-26T15:12:14+00:00
badgers-mount-parish-council,Badgers Mount Parish Council,verified,https://digby.parish.lincolnshire.gov.uk/council-business/2019-parish-council-minutes-meetings/6,web_search,ok,2,,2026-04-26T15:12:25+00:00
badgeworth-parish-council,Badgeworth Parish Council,verified,https://www.badgeworthparishcouncil.gov.uk,pre-existing,ok,6,,2026-04-26T15:13:23+00:00
badgworth-parish-council,Badgworth Parish Council,verified,https://www.badgworth-pc.gov.uk,pre-existing,ok,3,,2026-04-26T15:13:23+00:00
badley-parish-meeting,Badley Parish Meeting,verified,https://www.greatbromleyparishcouncil.gov.uk/planning/2500578wtpo,web_search,ok,6,,2026-04-26T15:13:23+00:00
bagby-and-balk,Bagby and Balk,url_unreachable,https://www.bagbyandbalk-pc.gov.uk,excel,unreachable,,"ConnectionError: HTTPSConnectionPool(host='www.bagbyandbalk-pc.gov.uk', port=443): Max retries exceeded with url: / (Caused by NameResolutionError(""HTTPSConnection(host='www.bagbyandbalk-pc.gov.uk', port=443): Failed ",2026-04-26T15:13:57+00:00
bagby-and-balk-parish-council,Bagby and Balk Parish Council,url_unreachable,https://www.bagbyandbalk-pc.gov.uk,excel,unreachable,,"ConnectionError: HTTPSConnectionPool(host='www.bagbyandbalk-pc.gov.uk', port=443): Max retries exceeded with url: / (Caused by NameResolutionError(""HTTPSConnection(host='www.bagbyandbalk-pc.gov.uk', port=443): Failed ",2026-04-26T15:13:57+00:00
bagby-parish-council,Bagby Parish Council,verified,https://gestingthorpe-pc.gov.uk/councillors/,web_search,ok,3,,2026-04-26T15:14:00+00:00
baginton-parish-council,Baginton Parish Council,verified,https://budbrookepc.org.uk/author/clerk/,web_search,ok,3,,2026-04-26T15:14:38+00:00
bagnall-parish-council-1,Bagnall Parish Council,url_unreachable,http://bagnallparishcouncil.org.uk/,excel,unreachable,,"ConnectionError: HTTPConnectionPool(host='bagnallparishcouncil.org.uk', port=80): Max retries exceeded with url: / (Caused by NameResolutionError(""HTTPConnection(host='bagnallparishcouncil.org.uk', port=80): Failed to",2026-04-26T15:15:18+00:00
bagthorpe-with-barmer-parish-meeting,Bagthorpe with Barmer Parish Meeting,verified,https://www.syderstonevillageandpc.info/councillors,web_search,ok,4,,2026-04-26T15:15:18+00:00
bagworth-thornton-parish-council,Bagworth & Thornton Parish Council,verified,https://www.bagworthandthornton-pc.gov.uk,excel,ok,6,,2026-04-26T15:22:41+00:00
bainbridge,Bainbridge,verified,https://bainbridgeparishcouncil.gov.uk/,pattern,ok,1,,2026-04-26T15:22:43+00:00
bainbridge-parish-council,Bainbridge Parish Council,verified,https://bainbridgeparishcouncil.gov.uk/,pattern,ok,1,,2026-04-26T15:22:56+00:00
bainton-and-ashton-parish-council,Bainton and Ashton Parish Council,url_unreachable,https://www.baintonandashton-pc.gov.uk,excel,unreachable,,"SSLError: HTTPSConnectionPool(host='www.baintonandashton-pc.gov.uk', port=443): Max retries exceeded with url: / (Caused by SSLError(SSLCertVerificationError(1, ""[SSL: CERTIFICATE_VERIFY_FAILED] certificate ver",2026-04-26T15:23:06+00:00
bamford-with-thornhill-parish-council,Bamford with Thornhill Parish Council,verified,https://www.bamfordwiththornhill-pc.gov.uk,pre-existing,ok,5,,2026-04-26T15:24:10+00:00
bakewell-town-council,Bakewell Town Council,verified,https://www.bakewelltowncouncil.gov.uk,pre-existing,ok,4,,2026-04-26T15:24:10+00:00
bampton-parish-council,Bampton Parish Council,verified,https://www.bamptonoxon-parishcouncil.gov.uk,pre-existing,ok,5,,2026-04-26T15:24:10+00:00
banbury-town-council,Banbury Town Council,verified,https://www.banbury.gov.uk,pre-existing,ok,3,,2026-04-26T15:24:10+00:00
baldersby,Baldersby,verified,https://www.baldersby-pc.gov.uk,pre-existing,ok,6,,2026-04-26T15:24:10+00:00
barbon-parish-council,Barbon Parish Council,verified,https://barbon-pc.gov.uk/,pattern,ok,1,,2026-04-26T15:24:10+00:00
bamburgh-parish-council,Bamburgh Parish Council,verified,https://www.bamburgh.org.uk/,pattern,ok,,,2026-04-26T15:24:10+00:00
balderton-parish-council,Balderton Parish Council,verified,https://www.baldertonparishcouncil.gov.uk/community/balderton-parish-council-20520/home/,pattern,ok,4,,2026-04-26T15:24:10+00:00
banwell-parish-council,Banwell Parish Council,verified,https://www.banwellparishcouncil.gov.uk/,pattern,ok,4,,2026-04-26T15:24:10+00:00
bandleyside-parish-council,Bandleyside Parish Council,verified,https://bandleyside-pc.gov.uk/,pattern,ok,,,2026-04-26T15:24:10+00:00
bardon-mill-parish-council,Bardon Mill Parish Council,verified,https://www.bardonmillparishcouncil.gov.uk,pre-existing,ok,4,,2026-04-26T15:24:17+00:00
balderstone-parish-council,Balderstone Parish Council,verified,https://www.balderstoneparishcouncil.gov.uk/,pattern,ok,3,,2026-04-26T15:24:10+00:00
bardwell-parish-council,Bardwell Parish Council,verified,https://www.bardwell-pc.gov.uk,pre-existing,ok,5,,2026-04-26T15:24:17+00:00
banham-parish-council,Banham Parish Council,verified,https://banhamparishcouncil.gov.uk/,pattern,ok,,,2026-04-26T15:24:10+00:00
balne-parish-council,Balne Parish Council,no_web_presence_found,,,,,,2026-04-26T15:24:10+00:00
barford-st-john-and-barford-st-michael-parish-council,Barford St John and Barford St Michael Parish Council,verified,https://www.barfords-pc.gov.uk,pre-existing,ok,5,,2026-04-26T15:24:20+00:00
bainton-parish-council,Bainton Parish Council,no_web_presence_found,,,,,,2026-04-26T15:24:10+00:00
ballingham-bolstone-and-hentland-group-parish-council,"Ballingham, Bolstone and Hentland Group Parish Council",no_web_presence_found,,,,,,2026-04-26T15:24:10+00:00
bank-newton-parish-meeting,Bank Newton (Parish Meeting),no_web_presence_found,,,,,,2026-04-26T15:24:10+00:00
barford-wramplingham-parish-council,Barford & Wramplingham Parish Council,verified,https://www.barford-pc.gov.uk,pre-existing,ok,4,,2026-04-26T15:24:20+00:00
barham,Barham,verified,https://www.barhamparishcouncil.gov.uk,pre-existing,ok,7,,2026-04-26T15:24:20+00:00
barham-parish-council,Barham Parish Council,verified,https://www.barhamparish.gov.uk,pre-existing,ok,3,,2026-04-26T15:24:20+00:00
barcombe-parish-council-1,Barcombe Parish Council,no_web_presence_found,,,,,,2026-04-26T15:24:16+00:00
balterley-parish-council,Balterley Parish Council,verified,https://www.city-town.uk/civil-parish-balterley-staffordshire.html,web_search,ok,,,2026-04-26T15:24:10+00:00
bardsey-cum-rigton-parish-council,Bardsey cum Rigton Parish Council,no_web_presence_found,,,,,,2026-04-26T15:24:17+00:00
ballidon-and-bradbourne-parish-council,Ballidon And Bradbourne Parish Council,verified,https://www.parishcouncils.uk/parish-council/bradbourne-parish-council/,web_search,ok,,,2026-04-26T15:24:10+00:00
barkston-ash,Barkston Ash,verified,https://www.barkstonashparishcouncil.gov.uk,pre-existing,ok,4,,2026-04-26T15:24:26+00:00
barby-and-onley-parish-council,Barby and Onley Parish Council,verified,https://www.leicestershireandrutlandalc.gov.uk/documents?page=17,web_search,ok,16,,2026-04-26T15:24:10+00:00
barlaston-parish-council,Barlaston Parish Council,verified,https://barlastonparishcouncil.gov.uk/,pre-existing,ok,3,,2026-04-26T15:24:27+00:00
barby-parish-council,Barby Parish Council,no_web_presence_found,,,,,,2026-04-26T15:24:12+00:00
barford-parish-council,Barford Parish Council,verified,https://barford-pc.gov.uk/,pattern,ok,3,,2026-04-26T15:24:17+00:00
barford-sherbourne-wasperton-parish-council,"Barford, Sherbourne & Wasperton Parish Council",no_web_presence_found,,,,,,2026-04-26T15:24:19+00:00
bapchild-parish-council,Bapchild Parish Council,verified,https://www.bapchild.info/parish-council/notice-of-election-of-parish-councillors,web_search,ok,5,,2026-04-26T15:24:10+00:00
barford-st-martin,Barford St Martin,no_web_presence_found,,,,,,2026-04-26T15:24:20+00:00
barford-st-martin-parish-council-1,Barford St. Martin Parish Council,no_web_presence_found,,,,,,2026-04-26T15:24:20+00:00
barholm-stowe-parish-meeting,Barholm & Stowe Parish Meeting,no_web_presence_found,,,,,,2026-04-26T15:24:20+00:00
barford-st-martin-parish-council,Barford St Martin Parish Council,no_web_presence_found,,,,,,2026-04-26T15:24:20+00:00
barlow,Barlow,url_unreachable,https://www.barlowparishcouncil.gov.uk,excel,unreachable,,"SSLError: HTTPSConnectionPool(host='www.barlowparishcouncil.gov.uk', port=443): Max retries exceeded with url: / (Caused by SSLError(SSLCertVerificationError(1, ""[SSL: CERTIFICATE_VERIFY_FAILED] certificate ver",2026-04-26T15:24:29+00:00
barnack-parish-council,Barnack Parish Council,verified,https://www.barnack-pc.gov.uk,pre-existing,ok,9,,2026-04-26T15:24:30+00:00
barnard-castle-town-council,Barnard Castle Town Council,verified,https://www.barnardcastletowncouncil.gov.uk,pre-existing,ok,6,,2026-04-26T15:24:30+00:00
barkway-parish-council,Barkway Parish Council,verified,https://barkwayparishcouncil.gov.uk/,pattern,ok,4,,2026-04-26T15:24:26+00:00
barlborough-parish-council,Barlborough Parish Council,verified,https://www.barlboroughparishcouncil.gov.uk/,pattern,ok,1,,2026-04-26T15:24:27+00:00
barkham-parish-council,Barkham Parish Council,verified,https://barkham.org.uk/,pattern,ok,2,,2026-04-26T15:24:26+00:00
barking-parish-council,Barking Parish Council,verified,https://www.barkingparishcouncil.gov.uk,excel,ok,6,,2026-04-26T15:24:26+00:00
barcheston-willington-parish-council,Barcheston & Willington Parish Council,verified,https://napton-pc.gov.uk/archive-news-nhw/scams-on-the-roads-and-in-supermarkets,web_search,ok,3,,2026-04-26T15:24:15+00:00
barkby-thorpe-parish-council,Barkby Thorpe Parish Council,no_web_presence_found,,,,,,2026-04-26T15:24:25+00:00
barlavington-parish-council,Barlavington Parish Council,no_web_presence_found,,,,,,2026-04-26T15:24:27+00:00
barlby-with-osgodby-parish-council,Barlby with Osgodby Parish Council,no_web_presence_found,,,,,,2026-04-26T15:24:27+00:00
barley-with-wheatley-booth-parish-council,Barley-with-wheatley Booth Parish Council,no_web_presence_found,,,,,,2026-04-26T15:24:28+00:00
barmston-and-fraisthorpe-parish-council,Barmston And Fraisthorpe Parish Council,no_web_presence_found,,,,,,2026-04-26T15:24:29+00:00
barningham-parish-council,Barningham Parish Council,verified,https://www.barningham-pc.gov.uk,pre-existing,ok,5,,2026-04-26T15:24:38+00:00
barnardiston-parish-meeting,Barnardiston Parish Meeting,no_web_presence_found,,,,,,2026-04-26T15:24:30+00:00
barnburgh-and-harlington-parish-council,Barnburgh and Harlington Parish Council,no_web_presence_found,,,,,,2026-04-26T15:24:30+00:00
barlow-parish-council,Barlow Parish Council,no_web_presence_found,,,,,,2026-04-26T15:24:29+00:00
barnsley-parish-meeting,Barnsley Parish Meeting,verified,https://www.barnsley.gov.uk/,pattern,ok,3,,2026-04-26T15:24:39+00:00
barnt-green-parish-council,Barnt Green Parish Council,verified,https://www.barntgreenparishcouncil.gov.uk,pre-existing,ok,7,,2026-04-26T15:24:41+00:00
barnby-dun-with-kirk-sandall-parish-council,Barnby Dun with Kirk Sandall Parish Council,no_web_presence_found,,,,,,2026-04-26T15:24:32+00:00
barnwell-parish-council,Barnwell Parish Council,verified,https://www.barnwellparishcouncil.org.uk,pre-existing,ok,4,,2026-04-26T15:24:41+00:00
barrington-parish-council,Barrington Parish Council,verified,https://barrington-pc.gov.uk,pre-existing,ok,5,,2026-04-26T15:24:41+00:00
barrow-cum-denham-parish-council,Barrow cum Denham Parish Council,verified,https://www.barrowcumdenham-pc.gov.uk,pre-existing,ok,1,,2026-04-26T15:24:41+00:00
barnby-in-the-willows-parish-council,Barnby in the Willows Parish Council,no_web_presence_found,,,,,,2026-04-26T15:24:32+00:00
barnston,Barnston,verified,https://barnston-pc.gov.uk/,pattern,ok,,,2026-04-26T15:24:40+00:00
barmston-parish-council,Barmston Parish Council,verified,https://barmston.org.uk/,pattern,ok,3,,2026-04-26T15:24:29+00:00
barnton-parish-council,Barnton Parish Council,verified,https://barnton-pc.gov.uk/,pattern,ok,5,,2026-04-26T15:24:41+00:00
barrow-parish-council,Barrow Parish Council,verified,https://www.barrowparish.gov.uk,excel,ok,4,,2026-04-26T15:24:41+00:00
barnby-moor-parish-council,Barnby Moor Parish Council,no_web_presence_found,,,,,,2026-04-26T15:24:34+00:00
ballingham-parish-council,Ballingham Parish Council,no_web_presence_found,,,,,,2026-04-26T15:24:10+00:00
barton,Barton,verified,https://barton-pc.gov.uk/,pattern,ok,6,,2026-04-26T15:24:43+00:00
barnham-and-eastergate-parish-council,Barnham and Eastergate Parish Council,no_web_presence_found,,,,,,2026-04-26T15:24:36+00:00
barnham-broom-parish-council,Barnham Broom Parish Council,no_web_presence_found,,,,,,2026-04-26T15:24:36+00:00
barton-parish-council,Barton Parish Council,verified,https://barton-pc.gov.uk/,pattern,ok,6,,2026-04-26T15:24:45+00:00
barton-pooley-bridge-parish-council,Barton & Pooley Bridge Parish Council,verified,https://www.bartonandpooleybridge-pc.gov.uk,pre-existing,ok,1,,2026-04-26T15:24:47+00:00
barnoldswick-parish-council,Barnoldswick Parish Council,no_web_presence_found,,,,,,2026-04-26T15:24:38+00:00
barton-st-david-parish-council,Barton St David Parish Council,verified,https://bartonstdavidparish.gov.uk/,pre-existing,ok,2,,2026-04-26T15:24:48+00:00
barton-stacey-parish-council,Barton Stacey Parish Council,verified,https://www.bartonstaceyparishcouncil.gov.uk,pre-existing,ok,5,,2026-04-26T15:24:48+00:00
barton-seagrave-parish-council,Barton Seagrave Parish Council,url_unreachable,https://www.bartonseagrave-pc.gov.uk,excel,unreachable (404),,,2026-04-26T15:24:47+00:00
barnstaple-town-council,Barnstaple Town Council,no_web_presence_found,,,,,,2026-04-26T15:24:39+00:00
barton-under-needwood-parish-council,Barton under Needwood Parish Council,url_unreachable,http://www.bartonparishcouncil.org.uk/your-council/4589577349,excel,unreachable (521),,,2026-04-26T15:24:49+00:00
barden-parish-meeting,Barden (Parish Meeting),no_web_presence_found,,,,,,2026-04-26T15:24:16+00:00
barsham-with-houghton-st-giles-parish-council,Barsham with Houghton St Giles Parish Council,no_web_presence_found,,,,,,2026-04-26T15:24:41+00:00
barrow-upon-humber-parish-council,Barrow upon Humber Parish Council,no_web_presence_found,,,,,,2026-04-26T15:24:41+00:00
baschurch-parish-council,Baschurch Parish Council,verified,https://www.baschurchpc.org.uk,pre-existing,ok,1,,2026-04-26T15:24:50+00:00
bartestree-parish-council,Bartestree Parish Council,no_web_presence_found,,,,,,2026-04-26T15:24:42+00:00
bartestree-with-lugwardine-group-parish-council,Bartestree with Lugwardine Group Parish Council,no_web_presence_found,,,,,,2026-04-26T15:24:42+00:00
barthomley-parish-council,Barthomley Parish Council,no_web_presence_found,,,,,,2026-04-26T15:24:42+00:00
barwell-parish-council,Barwell Parish Council,verified,https://www.barwell-pc.org.uk,excel,ok,4,,2026-04-26T15:24:50+00:00
batcombe-parish-council,Batcombe Parish Council,verified,http://www.batcombe-parish-council-somerset.org.uk/,pre-existing,ok,3,,2026-04-26T15:24:52+00:00
barton-bendish-parish-council,Barton Bendish Parish Council,no_web_presence_found,,,,,,2026-04-26T15:24:43+00:00
barton-le-clay-parish-council,Barton-le-Clay Parish Council,no_web_presence_found,,,,,,2026-04-26T15:24:44+00:00
barton-le-street-parish-meeting,Barton le Street (Parish Meeting),no_web_presence_found,,,,,,2026-04-26T15:24:45+00:00
barton-turf-and-irstead-parish-council,Barton Turf and Irstead Parish Council,no_web_presence_found,,,,,,2026-04-26T15:24:48+00:00
barton-turf-parish-council,Barton Turf Parish Council,no_web_presence_found,,,,,,2026-04-26T15:24:48+00:00
battisford-parish-council,Battisford Parish Council,url_unreachable,https://www.battisford-pc.gov.uk,excel,unreachable,,"SSLError: HTTPSConnectionPool(host='www.battisford-pc.gov.uk', port=443): Max retries exceeded with url: / (Caused by SSLError(SSLCertVerificationError(1, ""[SSL: CERTIFICATE_VERIFY_FAILED] certificate verify fa",2026-04-26T15:24:57+00:00
barnetby-le-wold-parish-council,Barnetby le Wold Parish Council,no_web_presence_found,,,,,,2026-04-26T15:24:34+00:00
baughurst-parish-council,Baughurst Parish Council,verified,https://www.baughurst-pc.gov.uk,pre-existing,ok,6,,2026-04-26T15:24:58+00:00
barnham-parish-council,Barnham Parish Council,verified,https://www.barnham-pc.gov.uk,excel,ok,2,,2026-04-26T15:24:37+00:00
barton-under-needwood-parish-council-1,Barton-under-needwood Parish Council,no_web_presence_found,,,,,,2026-04-26T15:24:50+00:00
barwick-parish-meeting,Barwick Parish Meeting,no_web_presence_found,,,,,,2026-04-26T15:24:50+00:00
bashall-eaves-parish-council,Bashall Eaves Parish Council,no_web_presence_found,,,,,,2026-04-26T15:24:51+00:00
bawdrip-parish-council,Bawdrip Parish Council,verified,https://www.bawdrip.org.uk/,pre-existing,ok,5,,2026-04-26T15:25:00+00:00
baston-parish-council,Baston Parish Council,no_web_presence_found,,,,,,2026-04-26T15:24:51+00:00
bawtry-town-council,Bawtry Town Council,verified,https://www.bawtrytowncouncil.gov.uk,pre-existing,ok,3,,2026-04-26T15:25:00+00:00
bawdeswell-parish-council,Bawdeswell Parish Council,url_unreachable,https://www.bawdeswell.norfolkparishes.gov.uk,excel,unreachable,,"SSLError: HTTPSConnectionPool(host='www.bawdeswell.norfolkparishes.gov.uk', port=443): Max retries exceeded with url: / (Caused by SSLError(SSLCertVerificationError(1, ""[SSL: CERTIFICATE_VERIFY_FAILED] certific",2026-04-26T15:24:59+00:00
basford-parish-council,Basford Parish Council,no_web_presence_found,,,,,,2026-04-26T15:24:50+00:00
bathampton-parish-council,Bathampton Parish Council,no_web_presence_found,,,,,,2026-04-26T15:24:52+00:00
bayston-hill-parish-council,Bayston Hill Parish Council,verified,https://www.baystonhillparishcouncil.org.uk,pre-existing,ok,4,,2026-04-26T15:25:01+00:00
barley-parish-council,Barley Parish Council,no_web_presence_found,,,,,,2026-04-26T15:24:28+00:00
batchworth-parish-council,Batchworth Parish Council,no_web_presence_found,,,,,,2026-04-26T15:24:52+00:00
baylham-parish-council,Baylham Parish Council,url_unreachable,https://www.baylham-pc.gov.uk,excel,unreachable (403),,,2026-04-26T15:25:01+00:00
beadnell-parish-council,Beadnell Parish Council,verified,https://www.beadnellparishcouncil.gov.uk,pre-existing,ok,6,,2026-04-26T15:25:02+00:00
batherton-parish-council,Batherton Parish Council,no_web_presence_found,,,,,,2026-04-26T15:24:53+00:00
beal,Beal,verified,https://www.bealparishcouncil.gov.uk,pre-existing,ok,5,,2026-04-26T15:25:02+00:00
beal-parish-council,Beal Parish Council,verified,https://www.bealparishcouncil.gov.uk,pre-existing,ok,5,,2026-04-26T15:25:02+00:00
battle-town-council,Battle Town Council,verified,https://www.battletowncouncil.gov.uk,excel,ok,5,,2026-04-26T15:24:57+00:00
bathealton-parish-council,Bathealton Parish Council,no_web_presence_found,,,,,,2026-04-26T15:24:52+00:00
bathford-parish-council,Bathford Parish Council,no_web_presence_found,,,,,,2026-04-26T15:24:54+00:00
bearsted-parish-council,Bearsted Parish Council,verified,https://www.bearstedparishcouncil.gov.uk,pre-existing,ok,8,,2026-04-26T15:25:03+00:00
beadlam,Beadlam,verified,https://www.beadlam.org.uk/,pattern,ok,,,2026-04-26T15:25:01+00:00
battlesden-parish-council,Battlesden Parish Council,no_web_presence_found,,,,,,2026-04-26T15:24:58+00:00
baulking-parish-meeting,Baulking Parish Meeting,no_web_presence_found,,,,,,2026-04-26T15:24:58+00:00
bavington-parish-council,Bavington Parish Council,no_web_presence_found,,,,,,2026-04-26T15:24:59+00:00
beaconsfield-town-council,Beaconsfield Town Council,url_unreachable,https://www.beaconsfieldtowncouncil.gov.uk,excel,unreachable,,"ReadTimeout: HTTPSConnectionPool(host='www.beaconsfieldtowncouncil.gov.uk', port=443): Read timed out. (read timeout=6)",2026-04-26T15:25:01+00:00
bawburgh-parish-council,Bawburgh Parish Council,no_web_presence_found,,,,,,2026-04-26T15:24:59+00:00
bean-parish-council,Bean Parish Council,verified,https://beanparishcouncil.gov.uk/,pattern,ok,1,,2026-04-26T15:25:03+00:00
beck-row-holywell-row-and-kenny-hill-parish-council,"Beck Row, Holywell Row, and Kenny Hill Parish Council",verified,https://www.beckrowparish.gov.uk,pre-existing,ok,1,,2026-04-26T15:25:09+00:00
bayford-parish-council,Bayford Parish Council,no_web_presence_found,,,,,,2026-04-26T15:25:00+00:00
baydon-parish-council,Baydon Parish Council,no_web_presence_found,,,,,,2026-04-26T15:25:00+00:00
bawsey-parish-meeting,Bawsey Parish Meeting,no_web_presence_found,,,,,,2026-04-26T15:25:00+00:00
beachampton-parish-council,Beachampton Parish Council,no_web_presence_found,,,,,,2026-04-26T15:25:01+00:00
beckley-and-stowood-parish-council,Beckley And Stowood Parish Council,verified,https://www.beckley-and-stowood-pc.gov.uk,pre-existing,ok,2,,2026-04-26T15:25:11+00:00
beaford-parish-council,Beaford Parish Council,no_web_presence_found,,,,,,2026-04-26T15:25:02+00:00
bedale,Bedale,verified,https://www.bedale-tc.gov.uk,excel,ok,4,,2026-04-26T15:25:11+00:00
beamsley-parish-meeting,Beamsley (Parish Meeting),no_web_presence_found,,,,,,2026-04-26T15:25:03+00:00
bedfield-parish-council,Bedfield Parish Council,verified,https://www.bedfieldparishcouncil.gov.uk,pre-existing,ok,5,,2026-04-26T15:25:12+00:00
beaudesert-henley-in-arden-parish-council,Beaudesert & Henley in Arden Parish Council,no_web_presence_found,,,,,,2026-04-26T15:25:03+00:00
beckington-parish-council,Beckington Parish Council,verified,http://www.beckingtonparishcouncil.org.uk/,excel,ok,5,,2026-04-26T15:25:10+00:00
bedale-parish-council,Bedale Parish Council,verified,https://www.bedale-tc.gov.uk,excel,ok,4,,2026-04-26T15:25:12+00:00
beaudesert-parish-council,Beaudesert Parish Council,no_web_presence_found,,,,,,2026-04-26T15:25:06+00:00
beausale-haseley-honiley-and-wroxall-parish-council,"Beausale, Haseley, Honiley and Wroxall Parish Council",no_web_presence_found,,,,,,2026-04-26T15:25:07+00:00
beckwithshaw-parish-council,Beckwithshaw Parish Council,verified,https://beckwithshaw.org/,pattern,ok,3,,2026-04-26T15:25:11+00:00
beausale-haseley-honiley-wroxall-parish-council,"Beausale, Haseley, Honiley & Wroxall Parish Council",no_web_presence_found,,,,,,2026-04-26T15:25:08+00:00
beauworth-parish-meeting,Beauworth Parish Meeting,no_web_presence_found,,,,,,2026-04-26T15:25:08+00:00
beaworthy-parish-council,Beaworthy Parish Council,no_web_presence_found,,,,,,2026-04-26T15:25:08+00:00
beccles-parish-council,Beccles Parish Council,no_web_presence_found,,,,,,2026-04-26T15:25:08+00:00
beckbury-parish-council,Beckbury Parish Council,no_web_presence_found,,,,,,2026-04-26T15:25:09+00:00
beeston-with-bittering-parish-council,Beeston with Bittering Parish Council,verified,https://www.beestonwithbittering-pc.gov.uk,pre-existing,ok,3,,2026-04-26T15:25:18+00:00
beetley-parish-council,Beetley Parish Council,verified,https://www.beetleyparish.gov.uk,pre-existing,ok,6,,2026-04-26T15:25:18+00:00
begbroke-parish-council,Begbroke Parish Council,verified,https://www.begbrokepc.org.uk,pre-existing,ok,9,,2026-04-26T15:25:18+00:00
beckham-east-west-parish-council,Beckham (East & West) Parish Council,no_web_presence_found,,,,,,2026-04-26T15:25:09+00:00
beckermet-parish-council,Beckermet Parish Council,no_web_presence_found,,,,,,2026-04-26T15:25:09+00:00
bekesbourne-with-patrixbourne,Bekesbourne with Patrixbourne,verified,https://www.bekesbournewithpatrixbourneparishcouncil.gov.uk,excel,ok,4,,2026-04-26T15:25:19+00:00
beaminster-town-council,Beaminster Town Council,no_web_presence_found,,,,,,2026-04-26T15:25:02+00:00
barnby-parish-council,Barnby Parish Council,url_unreachable,https://www.barnbyparishcouncil.gov.uk/,pattern,unreachable,,"ReadTimeout: HTTPSConnectionPool(host='www.barnbyparishcouncil.gov.uk', port=443): Read timed out. (read timeout=6)",2026-04-26T15:24:34+00:00
bedingfield-parish-council,Bedingfield Parish Council,no_web_presence_found,,,,,,2026-04-26T15:25:12+00:00
beercrocombe-parish-council,Beercrocombe Parish Council,verified,https://beercrocombe.org.uk/,pattern,ok,1,,2026-04-26T15:25:17+00:00
bedingham-parish-meeting,Bedingham Parish Meeting,no_web_presence_found,,,,,,2026-04-26T15:25:13+00:00
bekesbourne-with-patrixbourne-parish-council,Bekesbourne with Patrixbourne Parish Council,verified,https://www.bekesbournewithpatrixbourneparishcouncil.gov.uk,excel,ok,4,,2026-04-26T15:25:20+00:00
bellingham-parish-council,Bellingham Parish Council,verified,https://www.bellinghamparishcouncil.gov.uk,pre-existing,ok,3,,2026-04-26T15:25:23+00:00
bellerby-parish-council,Bellerby Parish Council,verified,https://www.bellerby-pc.gov.uk,excel,ok,2,,2026-04-26T15:25:22+00:00
bedstone-and-bucknell-parish-council,Bedstone and Bucknell Parish Council,no_web_presence_found,,,,,,2026-04-26T15:25:14+00:00
bedstone-parish-council,Bedstone Parish Council,no_web_presence_found,,,,,,2026-04-26T15:25:15+00:00
beech-hill-parish-council,Beech Hill Parish Council,no_web_presence_found,,,,,,2026-04-26T15:25:16+00:00
benefield-parish-council,Benefield Parish Council,url_unreachable,https://www.benefieldparishcouncil.gov.uk,excel,unreachable,,"ConnectionError: HTTPSConnectionPool(host='www.benefieldparishcouncil.gov.uk', port=443): Max retries exceeded with url: / (Caused by NameResolutionError(""HTTPSConnection(host='www.benefieldparishcouncil.gov.uk', port",2026-04-26T15:25:25+00:00
benenden-parish-council,Benenden Parish Council,verified,https://www.benendenparishcouncil.gov.uk,pre-existing,ok,5,,2026-04-26T15:25:25+00:00
bengeo-rural-parish-council,Bengeo Rural Parish Council,verified,https://www.bengeoruralparishcouncil.gov.uk,pre-existing,ok,2,,2026-04-26T15:25:25+00:00
beechingstoke-parish-council,Beechingstoke Parish Council,no_web_presence_found,,,,,,2026-04-26T15:25:17+00:00
beeford-parish-council,Beeford Parish Council,no_web_presence_found,,,,,,2026-04-26T15:25:17+00:00
bellerby,Bellerby,verified,https://www.bellerby-pc.gov.uk,excel,ok,2,,2026-04-26T15:25:22+00:00
benson-parish-council,Benson Parish Council,verified,https://www.bensonpc.org.uk,pre-existing,ok,3,,2026-04-26T15:25:26+00:00
beesby-with-saleby-parish-council,Beesby with Saleby Parish Council,no_web_presence_found,,,,,,2026-04-26T15:25:17+00:00
bentley-parish-council,Bentley Parish Council,verified,https://www.bentleysuffolkparishcouncil.gov.uk,pre-existing,ok,4,,2026-04-26T15:25:26+00:00
bentley-parish-council-1,Bentley Parish Council,verified,https://www.bentleysuffolkparishcouncil.gov.uk,pre-existing,ok,4,,2026-04-26T15:25:26+00:00
belmont-parish-council,Belmont Parish Council,verified,https://belmontparishcouncil.gov.uk/,pattern,ok,1,,2026-04-26T15:25:23+00:00
beeston-st-andrew-parish-meeting,Beeston St Andrew Parish Meeting,no_web_presence_found,,,,,,2026-04-26T15:25:18+00:00
bere-ferrers-parish-council,Bere Ferrers Parish Council,verified,https://www.bereferrersparishcouncil.gov.uk,pre-existing,ok,7,,2026-04-26T15:25:27+00:00
beighton-moulton-st-mary-parish-council,Beighton (Moulton St Mary) Parish Council,no_web_presence_found,,,,,,2026-04-26T15:25:18+00:00
berinsfield-parish-council,Berinsfield Parish Council,verified,https://www.Berinsfield-pc.gov.uk,pre-existing,ok,6,,2026-04-26T15:25:27+00:00
beighton-parish-council,Beighton Parish Council,no_web_presence_found,,,,,,2026-04-26T15:25:18+00:00
belford-parish-council,Belford Parish Council,verified,https://belfordparishcouncil.gov.uk/,pattern,ok,,,2026-04-26T15:25:21+00:00
berkswich-parish-council,Berkswich Parish Council,verified,https://berkswich-pc.gov.uk/,pre-existing,ok,5,,2026-04-26T15:25:28+00:00
berrick-salome-parish-council,Berrick Salome Parish Council,verified,https://www.berricksalome-pc.gov.uk,pre-existing,ok,6,,2026-04-26T15:25:28+00:00
berrington-parish-council,Berrington Parish Council,verified,https://www.berringtonparishcouncil.gov.uk,excel,ok,4,,2026-04-26T15:25:28+00:00
belaugh-parish-meeting,Belaugh Parish Meeting,no_web_presence_found,,,,,,2026-04-26T15:25:21+00:00
berryfields-parish-council,Berryfields Parish Council,verified,https://www.berryfields-pc.gov.uk,pre-existing,ok,2,,2026-04-26T15:25:30+00:00
berrynarbor-parish-council,Berrynarbor Parish Council,verified,https://www.berrynarborparishcouncil.org.uk,pre-existing,ok,5,,2026-04-26T15:25:30+00:00
berkeley-town-council,Berkeley Town Council,verified,https://www.berkeley-tc.gov.uk,excel,ok,3,,2026-04-26T15:25:27+00:00
berwick-parish-council,Berwick Parish Council,verified,https://www.berwickparishcouncil.gov.uk,pre-existing,ok,6,,2026-04-26T15:25:30+00:00
belchamp-st-paul-parish-council,Belchamp St Paul Parish Council,no_web_presence_found,,,,,,2026-04-26T15:25:21+00:00
berden-parish-council,Berden Parish Council,verified,https://berden.org.uk/,pattern,ok,3,,2026-04-26T15:25:27+00:00
berwick-st-john-parish-council,Berwick St John Parish Council,verified,http://www.berwickstjohnparishcouncil.org/,pre-existing,ok,3,,2026-04-26T15:25:31+00:00
beeston-parish-council,Beeston Parish Council,no_web_presence_found,,,,,,2026-04-26T15:25:17+00:00
belmont-rural-parish-council,Belmont Rural Parish Council,no_web_presence_found,,,,,,2026-04-26T15:25:23+00:00
belstead-parish-council,Belstead Parish Council,no_web_presence_found,,,,,,2026-04-26T15:25:23+00:00
belton-with-browston-parish-council,Belton with Browston Parish Council,no_web_presence_found,,,,,,2026-04-26T15:25:24+00:00
besthorpe-parish-council,Besthorpe Parish Council,verified,https://www.besthorpeparishcouncil.gov.uk,pre-existing,ok,6,,2026-04-26T15:25:33+00:00
berrow-parish-council,Berrow Parish Council,verified,https://berrowparishcouncil.gov.uk/,pattern,ok,2,,2026-04-26T15:25:29+00:00
beningbrough-parish-meeting,Beningbrough (Parish Meeting),no_web_presence_found,,,,,,2026-04-26T15:25:26+00:00
betchton-parish-council,Betchton Parish Council,verified,https://www.betchtonpc.org.uk,pre-existing,ok,2,,2026-04-26T15:25:35+00:00
benhall-parish-council,Benhall Parish Council,no_web_presence_found,,,,,,2026-04-26T15:25:25+00:00
bethersden,Bethersden,verified,https://www.bethersden-pc.gov.uk,pre-existing,ok,6,,2026-04-26T15:25:35+00:00
benniworth-parish-council,Benniworth Parish Council,no_web_presence_found,,,,,,2026-04-26T15:25:26+00:00
bentham,Bentham,no_web_presence_found,,,,,,2026-04-26T15:25:26+00:00
bestwood-village-parish-council,Bestwood Village Parish Council,verified,https://www.bestwoodvillageparishcouncil.gov.uk,excel,ok,2,,2026-04-26T15:25:35+00:00
bewerley,Bewerley,verified,https://www.bewerleyparishcouncil.gov.uk,pre-existing,ok,7,,2026-04-26T15:25:35+00:00
bewerley-parish-council,Bewerley Parish Council,verified,https://www.bewerleyparishcouncil.gov.uk,pre-existing,ok,7,,2026-04-26T15:25:35+00:00
bentworth-parish-council,Bentworth Parish Council,no_web_presence_found,,,,,,2026-04-26T15:25:26+00:00
bex-ratchford-oare-parish-council,Bex Ratchford - Oare Parish Council,verified,https://www.oareparishcouncil.gov.uk,pre-existing,ok,1,,2026-04-26T15:25:35+00:00
bere-regis-parish-council,Bere Regis Parish Council,no_web_presence_found,,,,,,2026-04-26T15:25:27+00:00
beyton-parish-council,Beyton Parish Council,url_unreachable,https://www.beyton-pc.gov.uk,excel,unreachable (404),,,2026-04-26T15:25:36+00:00
bicester-town-council,Bicester Town Council,verified,https://www.bicester.gov.uk,pre-existing,ok,3,,2026-04-26T15:25:36+00:00
betley-balterley-and-wrinehill-parish-council,"Betley, Balterley and Wrinehill Parish Council",verified,https://www.betleybalterleywrinehillparishcouncil.gov.uk,excel,ok,3,,2026-04-26T15:25:35+00:00
berkley-parish-council,Berkley Parish Council,no_web_presence_found,,,,,,2026-04-26T15:25:27+00:00
bicker-parish-council,Bicker Parish Council,verified,https://bicker-pc.gov.uk/,pattern,ok,1,,2026-04-26T15:25:36+00:00
betchworth-parish-council,Betchworth Parish Council,verified,https://www.betchworth-pc.gov.uk/,pattern,ok,3,,2026-04-26T15:25:35+00:00
bickleigh-parish-council,Bickleigh Parish Council,verified,https://www.bickleigh.gov.uk,pre-existing,ok,4,,2026-04-26T15:25:38+00:00
berwick-st-james-parish-meeting,Berwick St James Parish Meeting,no_web_presence_found,,,,,,2026-04-26T15:25:30+00:00
berwick-bassett-and-winterbourne-monkton-joint-parish-council,Berwick Bassett and Winterbourne Monkton Joint Parish Council,no_web_presence_found,,,,,,2026-04-26T15:25:30+00:00
berwick-st-james-parish-council,Berwick St. James Parish Council,no_web_presence_found,,,,,,2026-04-26T15:25:30+00:00
bidborough-parish-council,Bidborough Parish Council,verified,https://www.bidboroughpc.org.uk,pre-existing,ok,5,,2026-04-26T15:25:39+00:00
biddenden,Biddenden,verified,https://www.biddenden.gov.uk,pre-existing,ok,2,,2026-04-26T15:25:39+00:00
biddestone-slaughterford-parish-council,Biddestone & Slaughterford Parish Council,verified,https://www.biddestoneslaughterford-pc.gov.uk,pre-existing,ok,5,,2026-04-26T15:25:39+00:00
besthorpe-parish-meeting,Besthorpe Parish Meeting,verified,https://besthorpeparishcouncil.gov.uk/,pattern,ok,5,,2026-04-26T15:25:33+00:00
bicknoller-parish-council,Bicknoller Parish Council,verified,https://www.bicknoller.com,excel,ok,2,,2026-04-26T15:25:39+00:00
biddulph-town-council-1,Biddulph Town Council,verified,https://biddulph.co.uk/,excel,ok,4,,2026-04-26T15:25:39+00:00
berwick-st-john-parish-council-1,Berwick St. John Parish Council,no_web_presence_found,,,,,,2026-04-26T15:25:31+00:00
bewdley-parish-council,Bewdley Parish Council,verified,https://www.bewdley.org.uk/,pattern,ok,,,2026-04-26T15:25:35+00:00
berwick-st-leonard-parish-meeting,Berwick St Leonard Parish Meeting,no_web_presence_found,,,,,,2026-04-26T15:25:32+00:00
berwick-upon-tweed-parish-council,Berwick-upon-Tweed Parish Council,no_web_presence_found,,,,,,2026-04-26T15:25:32+00:00
bickington-parish-council,Bickington Parish Council,verified,https://bickingtonparishcouncil.gov.uk/,pattern,ok,3,,2026-04-26T15:25:38+00:00
besselsleigh-parish-meeting,Besselsleigh Parish Meeting,no_web_presence_found,,,,,,2026-04-26T15:25:32+00:00
betley-parish-council,Betley Parish Council,no_web_presence_found,,,,,,2026-04-26T15:25:35+00:00
bicton-parish-council,Bicton Parish Council,verified,https://www.bictonparishcouncil.gov.uk/community/bicton-parish-council-21066/home/,pattern,ok,5,,2026-04-26T15:25:39+00:00
bewholme-parish-council,Bewholme Parish Council,no_web_presence_found,,,,,,2026-04-26T15:25:35+00:00
bexhill-on-sea-parish-council,Bexhill-on-sea Parish Council,no_web_presence_found,,,,,,2026-04-26T15:25:35+00:00
bickerton-egerton-parish-council,Bickerton & Egerton Parish Council,no_web_presence_found,,,,,,2026-04-26T15:25:36+00:00
bickerton-parish-council,Bickerton Parish Council,no_web_presence_found,,,,,,2026-04-26T15:25:37+00:00
bildeston-parish-council,Bildeston Parish Council,url_unreachable,https://www.bildeston.suffolk.gov.uk,excel,unreachable,,"SSLError: HTTPSConnectionPool(host='www.bildeston.suffolk.gov.uk', port=443): Max retries exceeded with url: / (Caused by SSLError(SSLCertVerificationError(1, ""[SSL: CERTIFICATE_VERIFY_FAILED] certificate verif",2026-04-26T15:25:45+00:00
bickmarsh-parish-council,Bickmarsh Parish Council,no_web_presence_found,,,,,,2026-04-26T15:25:38+00:00
biddlestone-parish-council,Biddlestone Parish Council,no_web_presence_found,,,,,,2026-04-26T15:25:39+00:00
bidford-on-avon-parish-council,Bidford-on-Avon Parish Council,no_web_presence_found,,,,,,2026-04-26T15:25:39+00:00
bidford-on-avon-parish-council-1,Bidford on Avon Parish Council,no_web_presence_found,,,,,,2026-04-26T15:25:40+00:00
billingshurst-parish-council,Billingshurst Parish Council,url_unreachable,https://www.billingshurst.gov.uk,excel,unreachable,,"SSLError: HTTPSConnectionPool(host='www.billingshurst.gov.uk', port=443): Max retries exceeded with url: / (Caused by SSLError(SSLCertVerificationError(1, ""[SSL: CERTIFICATE_VERIFY_FAILED] certificate verify fa",2026-04-26T15:25:48+00:00
bierton-parish-council,Bierton Parish Council,no_web_presence_found,,,,,,2026-04-26T15:25:41+00:00
bilbrough,Bilbrough,verified,https://bilbrough.org.uk/,pattern,ok,5,,2026-04-26T15:25:44+00:00
bilsdale-midcable,Bilsdale Midcable,verified,https://www.bilsdale-pc.gov.uk,pre-existing,ok,7,,2026-04-26T15:25:50+00:00
bilsdale-midcable-parish-council,Bilsdale Midcable Parish Council,verified,https://www.bilsdale-pc.gov.uk,pre-existing,ok,7,,2026-04-26T15:25:50+00:00
bigby-parish-council,Bigby Parish Council,no_web_presence_found,,,,,,2026-04-26T15:25:41+00:00
biggin-by-hulland-parish-meeting,Biggin By Hulland (Parish Meeting),no_web_presence_found,,,,,,2026-04-26T15:25:42+00:00
bilton-in-ainsty-with-bickerton,Bilton in Ainsty with Bickerton,verified,https://www.biltoninainstywithbickerton-pc.gov.uk,pre-existing,ok,5,,2026-04-26T15:25:51+00:00
billesdon-parish-council,Billesdon Parish Council,verified,https://www.billesdonparishcouncil.gov.uk/,pattern,ok,4,,2026-04-26T15:25:46+00:00
binegar-parish-council,Binegar Parish Council,verified,https://www.binegar-pc.org.uk,pre-existing,ok,2,,2026-04-26T15:25:51+00:00
biggin-parish-council,Biggin Parish Council,no_web_presence_found,,,,,,2026-04-26T15:25:42+00:00
bingham-town-council,Bingham Town Council,verified,https://www.bingham-tc.gov.uk,pre-existing,ok,4,,2026-04-26T15:25:52+00:00
bilsington,Bilsington,verified,https://www.bilsington-pc.gov.uk,excel,ok,6,,2026-04-26T15:25:50+00:00
biggin,Biggin,no_web_presence_found,,,,,,2026-04-26T15:25:42+00:00
bielby-parish-council,Bielby Parish Council,no_web_presence_found,,,,,,2026-04-26T15:25:40+00:00
binsted-parish-council,Binsted Parish Council,verified,https://www.binstedparishcouncil.org.uk,pre-existing,ok,7,,2026-04-26T15:25:52+00:00
bignor-parish-council,Bignor Parish Council,no_web_presence_found,,,,,,2026-04-26T15:25:44+00:00
bilbrough-parish-council,Bilbrough Parish Council,verified,https://bilbrough.org.uk/,pattern,ok,5,,2026-04-26T15:25:45+00:00
birchanger,Birchanger,verified,https://www.birchangerpc.org.uk,pre-existing,ok,0,,2026-04-26T15:25:53+00:00
biggleswade-parish-council,Biggleswade Parish Council,no_web_presence_found,,,,,,2026-04-26T15:25:44+00:00
birchington-parish-council,Birchington Parish Council,verified,https://birchington-pc.gov.uk/,pattern,ok,6,,2026-04-26T15:25:53+00:00
bilsington-parish-council,Bilsington Parish Council,verified,https://www.bilsington-pc.gov.uk,excel,ok,6,,2026-04-26T15:25:51+00:00
billericay-parish-council,Billericay Parish Council,no_web_presence_found,,,,,,2026-04-26T15:25:46+00:00
bircham-parish-council,Bircham Parish Council,verified,https://bircham-pc.gov.uk/,pattern,ok,4,,2026-04-26T15:25:53+00:00
birch-parish-council,Birch Parish Council,verified,https://www.birchparishcouncil.gov.uk/,pattern,ok,6,,2026-04-26T15:25:52+00:00
billingley-parish-council,Billingley Parish Council,no_web_presence_found,,,,,,2026-04-26T15:25:48+00:00
billington-parish-council,Billington Parish Council,verified,https://www.billingtonparishcouncil.gov.uk/,pattern,ok,4,,2026-04-26T15:25:49+00:00
bilsby-parish-council,Bilsby Parish Council,no_web_presence_found,,,,,,2026-04-26T15:25:50+00:00
binfield-heath-parish-council,Binfield Heath Parish Council,no_web_presence_found,,,,,,2026-04-26T15:25:51+00:00
bilton-in-ainsty-with-bickerton-parish-council-1,Bilton-in-ainsty with Bickerton Parish Council,no_web_presence_found,,,,,,2026-04-26T15:25:51+00:00
bingley-parish-council,Bingley Parish Council,no_web_presence_found,,,,,,2026-04-26T15:25:52+00:00
binham-parish-council,Binham Parish Council,no_web_presence_found,,,,,,2026-04-26T15:25:52+00:00
binley-woods-parish-council,Binley Woods Parish Council,no_web_presence_found,,,,,,2026-04-26T15:25:52+00:00
billingham-parish-council,Billingham Parish Council,no_web_presence_found,,,,,,2026-04-26T15:25:48+00:00
birling-parish-council,Birling Parish Council,verified,https://www.birlingparishcouncil.gov.uk,excel,ok,4,,2026-04-26T15:26:00+00:00
bishop-monkton,Bishop Monkton,verified,https://www.bishopmonkton-pc.gov.uk,pre-existing,ok,6,,2026-04-26T15:26:02+00:00
bishop-monkton-parish-council,Bishop Monkton Parish Council,verified,https://www.bishopmonkton-pc.gov.uk,pre-existing,ok,6,,2026-04-26T15:26:02+00:00
birdham-parish-council,Birdham Parish Council,verified,https://birdhamparishcouncil.gov.uk/,pattern,ok,4,,2026-04-26T15:25:55+00:00
birdlip-parish-council,Birdlip Parish Council,verified,https://www.birdlippc.org.uk/,pattern,ok,3,,2026-04-26T15:25:55+00:00
bishops-cannings-parish-council,Bishops Cannings Parish Council,verified,https://www.bishopscanningsparishcouncil.gov.uk,pre-existing,ok,2,,2026-04-26T15:26:03+00:00
bishops-castle-town-council,Bishop's Castle Town Council,verified,https://www.bishopscastletowncouncil.gov.uk,pre-existing,ok,5,,2026-04-26T15:26:03+00:00
birdforth-parish-meeting,Birdforth (Parish Meeting),no_web_presence_found,,,,,,2026-04-26T15:25:55+00:00
bishops-cleeve-parish-council,Bishops Cleeve Parish Council,verified,https://www.bishopscleeveparishcouncil.gov.uk,pre-existing,ok,6,,2026-04-26T15:26:04+00:00
bishops-hull-parish-council,Bishops Hull Parish Council,verified,http://www.bishopshullparishcouncil.gov.uk,pre-existing,ok,5,,2026-04-26T15:26:04+00:00
birkin-parish-meeting,Birkin (Parish Meeting),no_web_presence_found,,,,,,2026-04-26T15:25:58+00:00
birstall-parish-council,Birstall Parish Council,verified,https://www.birstallparishcouncil.org.uk/,pattern,ok,7,,2026-04-26T15:26:00+00:00
bishops-stortford-town-council,Bishop's Stortford Town Council,verified,https://www.bishopsstortfordtc.gov.uk,pre-existing,ok,6,,2026-04-26T15:26:07+00:00
bishops-sutton-parish-council,Bishops Sutton Parish Council,url_unreachable,https://www.bishopssuttonparishcouncil.gov.uk,excel,unreachable,,"ConnectionError: HTTPSConnectionPool(host='www.bishopssuttonparishcouncil.gov.uk', port=443): Max retries exceeded with url: / (Caused by NameResolutionError(""HTTPSConnection(host='www.bishopssuttonparishcouncil.gov.u",2026-04-26T15:26:07+00:00
birkby-parish-meeting,Birkby (Parish Meeting),no_web_presence_found,,,,,,2026-04-26T15:25:57+00:00
birtsmorton-parish-council,Birtsmorton Parish Council,verified,https://birtsmortonparishcouncil.gov.uk/,pattern,ok,1,,2026-04-26T15:26:02+00:00
bishops-waltham-parish-council,Bishop's Waltham Parish Council,verified,https://www.bishopswaltham-pc.gov.uk,pre-existing,ok,7,,2026-04-26T15:26:08+00:00
birley-with-upper-hill-parish-council,Birley with Upper Hill Parish Council,no_web_presence_found,,,,,,2026-04-26T15:25:59+00:00
birstwith,Birstwith,no_web_presence_found,,,,,,2026-04-26T15:26:01+00:00
birstwith-parish-council,Birstwith Parish Council,no_web_presence_found,,,,,,2026-04-26T15:26:01+00:00
bishopsteignton,Bishopsteignton,verified,https://www.bishopsteignton-pc.gov.uk,excel,ok,1,,2026-04-26T15:26:09+00:00
birtley-parish-council,Birtley Parish Council,no_web_presence_found,,,,,,2026-04-26T15:26:01+00:00
bishop-norton-parish-council,Bishop Norton Parish Council,no_web_presence_found,,,,,,2026-04-26T15:26:02+00:00
bishopthorpe-parish-council,Bishopthorpe Parish Council,verified,https://bishopthorpe-pc.gov.uk/,pattern,ok,1,,2026-04-26T15:26:10+00:00
bishop-thornton-and-shaw-mills-and-warsill-parish-council,Bishop Thornton and Shaw Mills and Warsill Parish Council,no_web_presence_found,,,,,,2026-04-26T15:26:03+00:00
bisley-with-lypiatt-parish-council,Bisley-with-Lypiatt Parish Council,verified,https://www.bisley-with-lypiatt.gov.uk,pre-existing,ok,10,,2026-04-26T15:26:12+00:00
bishops-itchington-parish-council,Bishops Itchington Parish Council,no_web_presence_found,,,,,,2026-04-26T15:26:04+00:00
bishopstone-parish-council,Bishopstone Parish Council,verified,https://www.bishopstone-pc.gov.uk,excel,ok,4,,2026-04-26T15:26:10+00:00
bishops-caundle-parish-council,Bishop's Caundle Parish Council,no_web_presence_found,,,,,,2026-04-26T15:26:03+00:00
bishops-lydeard-parish-council,Bishop's Lydeard Parish Council,no_web_presence_found,,,,,,2026-04-26T15:26:07+00:00
bishops-tachbrook-parish-council-1,Bishop's Tachbrook Parish Council,no_web_presence_found,,,,,,2026-04-26T15:26:07+00:00
bishops-tawton-parish-council,Bishops Tawton Parish Council,no_web_presence_found,,,,,,2026-04-26T15:26:07+00:00
bishopsbourne-parish-council,Bishopsbourne Parish Council,no_web_presence_found,,,,,,2026-04-26T15:26:08+00:00
bitterley-parish-council,Bitterley Parish Council,verified,https://www.bitterley-pc.gov.uk,excel,ok,2,,2026-04-26T15:26:16+00:00
bishopstoke-parish-council,Bishopstoke Parish Council,no_web_presence_found,,,,,,2026-04-26T15:26:10+00:00
blaby-parish-council,Blaby Parish Council,verified,https://www.blaby.gov.uk/,pattern,ok,1,,2026-04-26T15:26:16+00:00
bisley-parish-council,Bisley Parish Council,verified,https://bisleyparishcouncil.gov.uk/,pattern,ok,5,,2026-04-26T15:26:12+00:00
bishopstrow-parish-meeting,Bishopstrow Parish Meeting,no_web_presence_found,,,,,,2026-04-26T15:26:10+00:00
bishopton-parish-council,Bishopton Parish Council,no_web_presence_found,,,,,,2026-04-26T15:26:11+00:00
blackthorn-parish-council,Blackthorn Parish Council,verified,https://www.blackthornparishcouncil.org.uk,pre-existing,ok,4,,2026-04-26T15:26:20+00:00
billesley-parish-meeting,Billesley Parish Meeting,no_web_presence_found,,,,,,2026-04-26T15:25:47+00:00
bispham-parish-meeting,Bispham Parish Meeting,no_web_presence_found,,,,,,2026-04-26T15:26:12+00:00
bitchfield-bassingthorpe-parish-meeting,Bitchfield & Bassingthorpe Parish Meeting,no_web_presence_found,,,,,,2026-04-26T15:26:13+00:00
blackwell-parish-council,Blackwell Parish Council,verified,https://www.blackwellpc.org.uk,excel,ok,4,,2026-04-26T15:26:21+00:00
bitchfield-and-bassingthorpe-parish-council,Bitchfield and Bassingthorpe Parish Council,no_web_presence_found,,,,,,2026-04-26T15:26:13+00:00
bittadon-parish-meeting,Bittadon Parish Meeting,no_web_presence_found,,,,,,2026-04-26T15:26:13+00:00
blacko-parish-council,Blacko Parish Council,verified,https://www.blackoparishcouncil.gov.uk/index.html,pattern,ok,2,,2026-04-26T15:26:19+00:00
blackrod-parish-council,Blackrod Parish Council,verified,https://blackrod.org.uk/,pattern,ok,,,2026-04-26T15:26:20+00:00
blacktoft-parish-council,Blacktoft Parish Council,verified,https://www.blacktoft.org.uk/,pattern,ok,1,,2026-04-26T15:26:20+00:00
bitteswell-with-bittesby-parish-council,Bitteswell with Bittesby Parish Council,no_web_presence_found,,,,,,2026-04-26T15:26:16+00:00
bledlow-cum-saunderton-parish-council,Bledlow-Cum-Saunderton Parish Council,verified,https://www.bledlowcumsaundertonparishcouncil.gov.uk,pre-existing,ok,9,,2026-04-26T15:26:25+00:00
blean,Blean,verified,https://www.bleanparishcouncil.gov.uk,excel,ok,3,,2026-04-26T15:26:24+00:00
bletchingley-parish-council,Bletchingley Parish Council,url_unreachable,https://www.bletchingley.gov.uk,excel,unreachable,,"ConnectionError: HTTPSConnectionPool(host='www.bletchingley.gov.uk', port=443): Max retries exceeded with url: / (Caused by NameResolutionError(""HTTPSConnection(host='www.bletchingley.gov.uk', port=443): Failed to res",2026-04-26T15:26:26+00:00
black-bourton-parish-council,Black Bourton Parish Council,no_web_presence_found,,,,,,2026-04-26T15:26:17+00:00
blaisdon-parish-council,Blaisdon Parish Council,verified,https://blaisdonpc.org.uk/,pattern,ok,2,,2026-04-26T15:26:22+00:00
black-torrington-parish-council,Black Torrington Parish Council,no_web_presence_found,,,,,,2026-04-26T15:26:17+00:00
blanchland-parish-council,Blanchland Parish Council,verified,https://www.blanchlandparishcouncil.gov.uk/community/blanchland-parish-council-21138/home/,pattern,ok,1,,2026-04-26T15:26:22+00:00
blithfield-parish-council,Blithfield Parish Council,verified,https://blithfieldparishcouncil.gov.uk/,pre-existing,ok,2,,2026-04-26T15:26:27+00:00
blofield-parish-council,Blofield Parish Council,verified,https://www.blofield-pc.gov.uk,pre-existing,ok,6,,2026-04-26T15:26:27+00:00
birchwood-parish-council,Birchwood Parish Council,no_web_presence_found,,,,,,2026-04-26T15:25:54+00:00
blackbird-leys-parish-council,Blackbird Leys Parish Council,no_web_presence_found,,,,,,2026-04-26T15:26:19+00:00
bloxham-parish-council,Bloxham Parish Council,verified,https://www.bloxhamparishcouncil.gov.uk,pre-existing,ok,10,,2026-04-26T15:26:28+00:00
blackdown-parish-council,Blackdown Parish Council,no_web_presence_found,,,,,,2026-04-26T15:26:19+00:00
blackwater-and-hawley-parish-council,Blackwater and Hawley Parish Council,no_web_presence_found,,,,,,2026-04-26T15:26:21+00:00
bluntisham-parish-council,Bluntisham Parish Council,verified,https://www.bluntisham-pc.gov.uk,pre-existing,ok,5,,2026-04-26T15:26:30+00:00
blaxton-parish-council,Blaxton Parish Council,verified,https://blaxtonparishcouncil.gov.uk/,pattern,ok,3,,2026-04-26T15:26:24+00:00
blenheim-parish-meeting,Blenheim Parish Meeting,verified,https://www.blenheim.org.uk/,pattern,ok,,,2026-04-26T15:26:25+00:00
blankney-parish-council,Blankney Parish Council,no_web_presence_found,,,,,,2026-04-26T15:26:22+00:00
blyth-parish-council,Blyth Parish Council,verified,https://www.blythtowncouncil.gov.uk,pre-existing,ok,8,,2026-04-26T15:26:31+00:00
blidworth-parish-council,Blidworth Parish Council,verified,https://blidworthparishcouncil.gov.uk/,pattern,ok,3,,2026-04-26T15:26:27+00:00
bobbington-parish-council,Bobbington Parish Council,verified,https://bobbingtonparish.co.uk/,pre-existing,ok,5,,2026-04-26T15:26:31+00:00
blakenhall-parish-council,Blakenhall Parish Council,no_web_presence_found,,,,,,2026-04-26T15:26:22+00:00
boddington-parish-council,Boddington Parish Council,verified,https://www.boddington-pc.gov.uk,pre-existing,ok,4,,2026-04-26T15:26:31+00:00
blisland-parish-council,Blisland Parish Council,verified,https://www.blislandparishcouncil.gov.uk/,pattern,ok,,,2026-04-26T15:26:27+00:00
bodham-parish-council,Bodham Parish Council,url_unreachable,https://www.bodhamparishcouncil.gov.uk,excel,unreachable,,"ConnectionError: HTTPSConnectionPool(host='www.bodhamparishcouncil.gov.uk', port=443): Max retries exceeded with url: / (Caused by NameResolutionError(""HTTPSConnection(host='www.bodhamparishcouncil.gov.uk', port=443):",2026-04-26T15:26:34+00:00
bodiam-parish-council,Bodiam Parish Council,verified,https://www.bodiamparishcouncil.org.uk,pre-existing,ok,4,,2026-04-26T15:26:34+00:00
bodicote-parish-council,Bodicote Parish Council,verified,https://www.bodicoteparishcouncil.gov.uk,pre-existing,ok,2,,2026-04-26T15:26:34+00:00
blunham-parish-council,Blunham Parish Council,verified,https://blunham-pc.gov.uk/,pattern,ok,5,,2026-04-26T15:26:28+00:00
birdsall-parish-council,Birdsall Parish Council,no_web_presence_found,,,,,,2026-04-26T15:25:56+00:00
blewbury-parish-council,Blewbury Parish Council,no_web_presence_found,,,,,,2026-04-26T15:26:26+00:00
bleasby-parish-council,Bleasby Parish Council,no_web_presence_found,,,,,,2026-04-26T15:26:25+00:00
blonorton-parish-council,Blo'Norton Parish Council,no_web_presence_found,,,,,,2026-04-26T15:26:27+00:00
bodmin-town-council,Bodmin Town Council,verified,https://www.bodmin.gov.uk,excel,ok,6,,2026-04-26T15:26:34+00:00
blore-with-swinscoe-parish-meeting,Blore with Swinscoe (Parish Meeting),no_web_presence_found,,,,,,2026-04-26T15:26:27+00:00
bollington-town-council,Bollington Town Council,verified,https://www.bollington-tc.gov.uk,excel,ok,4,,2026-04-26T15:26:36+00:00
blyborough-parish-council,Blyborough Parish Council,no_web_presence_found,,,,,,2026-04-26T15:26:30+00:00
bletsoe-parish-council,Bletsoe Parish Council,verified,https://bletsoe-pc.gov.uk/,pattern,ok,5,,2026-04-26T15:26:26+00:00
blymhill-and-weston-under-lizard-parish-council,Blymhill and Weston-under-lizard Parish Council,no_web_presence_found,,,,,,2026-04-26T15:26:30+00:00
blymill-and-weston-under-lizard-parish-council,Blymill and Weston under Lizard Parish Council,no_web_presence_found,,,,,,2026-04-26T15:26:31+00:00
blyton-parish-council,Blyton Parish Council,no_web_presence_found,,,,,,2026-04-26T15:26:31+00:00
bolton-parish-council,Bolton Parish Council,verified,https://www.boltonparish.gov.uk,pre-existing,ok,5,,2026-04-26T15:26:40+00:00
boconnoc-parish-meeting,Boconnoc Parish Meeting,no_web_presence_found,,,,,,2026-04-26T15:26:31+00:00
blundeston-parish-council,Blundeston Parish Council,no_web_presence_found,,,,,,2026-04-26T15:26:28+00:00
boningale-parish-council,Boningale Parish Council,verified,https://www.boningaleparish.gov.uk,pre-existing,ok,4,,2026-04-26T15:26:41+00:00
boldre-parish-council,Boldre Parish Council,blocked_by_robots,https://www.boldreparishcouncil.gov.uk/,pattern,robots-disallow,,,2026-04-26T15:26:35+00:00
bomere-heath-and-district-parish-council,Bomere Heath and District Parish Council,verified,https://www.bomereheath-pc.gov.uk,excel,ok,3,,2026-04-26T15:26:40+00:00
bodenham-parish-council,Bodenham Parish Council,verified,https://bodenhamparishcouncil.gov.uk/,pattern,ok,5,,2026-04-26T15:26:31+00:00
bolam-parish-meeting,Bolam Parish Meeting,no_web_presence_found,,,,,,2026-04-26T15:26:34+00:00
borough-green-parish-council,Borough Green Parish Council,verified,https://www.boroughgreen.gov.uk,pre-existing,ok,6,,2026-04-26T15:26:43+00:00
boldron-parish-meeting,Boldron Parish Meeting,no_web_presence_found,,,,,,2026-04-26T15:26:35+00:00
bole-parish-council,Bole Parish Council,no_web_presence_found,,,,,,2026-04-26T15:26:35+00:00
bolingbroke-parish-council,Bolingbroke Parish Council,no_web_presence_found,,,,,,2026-04-26T15:26:36+00:00
boltby-parish-council,Boltby Parish Council,no_web_presence_found,,,,,,2026-04-26T15:26:37+00:00
bolton-le-sands-parish-council,Bolton-le-sands Parish Council,verified,https://bolton-le-sands.org.uk/,pattern,ok,3,,2026-04-26T15:26:39+00:00
bolney-parish-council,Bolney Parish Council,verified,https://bolneyparishcouncil.gov.uk/,pattern,ok,6,,2026-04-26T15:26:36+00:00
bossington-parish-council,Bossington Parish Council,url_unreachable,https://www.bossingtonparish.gov.uk,excel,unreachable,,"ConnectionError: HTTPSConnectionPool(host='www.bossingtonparish.gov.uk', port=443): Max retries exceeded with url: / (Caused by NameResolutionError(""HTTPSConnection(host='www.bossingtonparish.gov.uk', port=443): Faile",2026-04-26T15:26:47+00:00
bosham-parish-council,Bosham Parish Council,verified,https://bosham-pc.gov.uk/,pattern,ok,2,,2026-04-26T15:26:46+00:00
bolton-abbey-parish-council,Bolton Abbey Parish Council,no_web_presence_found,,,,,,2026-04-26T15:26:39+00:00
bolton-abbey,Bolton Abbey,no_web_presence_found,,,,,,2026-04-26T15:26:38+00:00
botus-fleming-parish-council,Botus Fleming Parish Council,verified,https://www.botusfleming.org.uk/council.php,pre-existing,ok,4,,2026-04-26T15:26:48+00:00
bolton-on-swale-parish-meeting,Bolton-on-Swale (Parish Meeting),no_web_presence_found,,,,,,2026-04-26T15:26:40+00:00
boughton-aluph-eastwell,Boughton Aluph & Eastwell,verified,https://www.boughtonalupheastwellparishcouncil.gov.uk,pre-existing,ok,6,,2026-04-26T15:26:49+00:00
bondleigh-parish-meeting,Bondleigh Parish Meeting,no_web_presence_found,,,,,,2026-04-26T15:26:40+00:00
birdsall,Birdsall,no_web_presence_found,,,,,,2026-04-26T15:25:56+00:00
boothby-graffoe-parish-council,Boothby Graffoe Parish Council,no_web_presence_found,,,,,,2026-04-26T15:26:41+00:00
botley-parish-council,Botley Parish Council,verified,https://botley-pc.gov.uk/,pattern,ok,1,,2026-04-26T15:26:47+00:00
boothby-pagnell-parish-meeting,Boothby Pagnell Parish Meeting,no_web_presence_found,,,,,,2026-04-26T15:26:42+00:00
bovey-tracey-town-council,Bovey Tracey Town Council,verified,https://www.boveytracey.gov.uk,pre-existing,ok,7,,2026-04-26T15:26:51+00:00
botusfleming-parish-council,Botusfleming Parish Council,verified,https://www.botusfleming.org.uk/,pattern,ok,5,,2026-04-26T15:26:48+00:00
bourton-parish-council,Bourton Parish Council,verified,https://www.bourtons-cherwell-pc.gov.uk,excel,ok,1,,2026-04-26T15:26:51+00:00
bootle-parish-council,Bootle Parish Council,verified,https://bootleparishcouncil.co.uk/,pattern,ok,3,,2026-04-26T15:26:42+00:00
boughton-parish-council,Boughton Parish Council,verified,https://boughton-pc.gov.uk/,pattern,ok,3,,2026-04-26T15:26:50+00:00
box-parish-council,Box Parish Council,verified,http://www.boxparishcouncil.gov.uk,pre-existing,ok,1,,2026-04-26T15:26:53+00:00
borrowby-parish-council,Borrowby Parish Council,no_web_presence_found,,,,,,2026-04-26T15:26:44+00:00
boxford-parish-council,Boxford Parish Council,url_unreachable,https://www.boxford-pc.gov.uk,excel,unreachable,,"SSLError: HTTPSConnectionPool(host='www.boxford-pc.gov.uk', port=443): Max retries exceeded with url: / (Caused by SSLError(SSLCertVerificationError(1, ""[SSL: CERTIFICATE_VERIFY_FAILED] certificate verify faile",2026-04-26T15:26:53+00:00
borwick-parish-council,Borwick Parish Council,no_web_presence_found,,,,,,2026-04-26T15:26:45+00:00
boscobel-parish-council,Boscobel Parish Council,no_web_presence_found,,,,,,2026-04-26T15:26:46+00:00
bostock-parish-council,Bostock Parish Council,no_web_presence_found,,,,,,2026-04-26T15:26:47+00:00
bosley-parish-council,Bosley Parish Council,no_web_presence_found,,,,,,2026-04-26T15:26:47+00:00
boston-spa-parish-council,Boston Spa Parish Council,no_web_presence_found,,,,,,2026-04-26T15:26:47+00:00
boyton-parish-council,Boyton Parish Council,verified,https://www.hugofox.com/community/boyton-parish-council-7844/home,pre-existing,ok,6,,2026-04-26T15:26:56+00:00
boyton-parish-council-1,Boyton Parish Council,verified,https://www.hugofox.com/community/boyton-parish-council-7844/home,pre-existing,ok,6,,2026-04-26T15:26:56+00:00
brabourne,Brabourne,verified,https://www.brabournepc.org.uk,pre-existing,ok,9,,2026-04-26T15:26:56+00:00
boylestone-parish-council,Boylestone Parish Council,verified,https://www.boylestoneparishcouncil.gov.uk,excel,ok,3,,2026-04-26T15:26:56+00:00
boxgrove-parish-council,Boxgrove Parish Council,verified,https://boxgroveparishcouncil.gov.uk/,pattern,ok,4,,2026-04-26T15:26:54+00:00
bowes-parish-council,Bowes Parish Council,verified,https://www.bowesparishcouncil.gov.uk/community/bowes-parish-council-7943/home/,pattern,ok,4,,2026-04-26T15:26:53+00:00
brackley-town-council,Brackley Town Council,verified,https://www.brackleynorthants-tc.gov.uk,pre-existing,ok,7,,2026-04-26T15:26:58+00:00
bracon-ash-hethel-parish-council,Bracon Ash & Hethel Parish Council,verified,https://www.braconashandhethel-pc.gov.uk,pre-existing,ok,8,,2026-04-26T15:26:58+00:00
boughton-malherbe-parish-council,Boughton Malherbe Parish Council,no_web_presence_found,,,,,,2026-04-26T15:26:49+00:00
boxted-parish-meeting,Boxted Parish Meeting,verified,https://boxted.org.uk/,pattern,ok,3,,2026-04-26T15:26:54+00:00
boxley-parish-council,Boxley Parish Council,verified,https://boxleyparishcouncil.gov.uk/,pattern,ok,4,,2026-04-26T15:26:54+00:00
brackenfield-parish-council,Brackenfield Parish Council,verified,https://www.brackenfieldparishcouncil.org.uk,excel,ok,3,,2026-04-26T15:26:58+00:00
bourton-draycote-parish-council,Bourton & Draycote Parish Council,no_web_presence_found,,,,,,2026-04-26T15:26:50+00:00
booton-parish-meeting,Booton Parish Meeting,no_web_presence_found,,,,,,2026-04-26T15:26:42+00:00
bradfield-combust-with-stanningfield-parish-council,Bradfield Combust with Stanningfield Parish Council,url_unreachable,https://www.bradfieldcombustwithstanningfieldparish.gov.uk,excel,unreachable,,"SSLError: HTTPSConnectionPool(host='www.bradfieldcombustwithstanningfieldparish.gov.uk', port=443): Max retries exceeded with url: / (Caused by SSLError(SSLCertVerificationError(1, ""[SSL: CERTIFICATE_VERIFY_FAI",2026-04-26T15:26:59+00:00
bow-brickhill-parish-council,Bow Brickhill Parish Council,no_web_presence_found,,,,,,2026-04-26T15:26:51+00:00
boroughbridge,Boroughbridge,verified,https://www.boroughbridge.org.uk/,pattern,ok,2,,2026-04-26T15:26:43+00:00
bowerchalke-parish-council,Bowerchalke Parish Council,no_web_presence_found,,,,,,2026-04-26T15:26:52+00:00
bourne-town-council,Bourne Town Council,url_unreachable,https://www.bournetowncouncil.gov.uk,excel,unreachable (403),,,2026-04-26T15:26:50+00:00
bradford-on-avon-town-council,Bradford on Avon Town Council,verified,http://www.bradfordonavontowncouncil.gov.uk,excel,ok,2,,2026-04-26T15:27:00+00:00
bradleys-both-parish-council,Bradleys Both Parish Council,verified,https://www.bradleysboth-pc.gov.uk,pre-existing,ok,6,,2026-04-26T15:27:04+00:00
bradnop-parish-council,Bradnop Parish Council,verified,https://www.bradnopparishcouncil.gov.uk,pre-existing,ok,3,,2026-04-26T15:27:04+00:00
bradwall-parish-council,Bradwall Parish Council,verified,https://www.bradwallparish.gov.uk,pre-existing,ok,4,,2026-04-26T15:27:04+00:00
bow-parish-council,Bow Parish Council,no_web_presence_found,,,,,,2026-04-26T15:26:52+00:00
boxworth-parish-council,Boxworth Parish Council,no_web_presence_found,,,,,,2026-04-26T15:26:55+00:00
bradford-parish-council,Bradford Parish Council,verified,https://www.bradford.gov.uk/,pattern,ok,2,,2026-04-26T15:27:01+00:00
braceborough-wilsthorpe-parish-council,Braceborough & Wilsthorpe Parish Council,no_web_presence_found,,,,,,2026-04-26T15:26:56+00:00
bracebridge-heath-parish-council,Bracebridge Heath Parish Council,no_web_presence_found,,,,,,2026-04-26T15:26:56+00:00
boynton-parish-council,Boynton Parish Council,no_web_presence_found,,,,,,2026-04-26T15:26:56+00:00
bradden-parish-meeting,Bradden Parish Meeting,no_web_presence_found,,,,,,2026-04-26T15:26:58+00:00
bradbury-and-the-isle-parish-council,Bradbury and the Isle Parish Council,no_web_presence_found,,,,,,2026-04-26T15:26:58+00:00
braddock-parish-council,Braddock Parish Council,no_web_presence_found,,,,,,2026-04-26T15:26:59+00:00
bradfield-st-clare-parish-council,Bradfield St Clare Parish Council,no_web_presence_found,,,,,,2026-04-26T15:26:59+00:00
bradfield-st-george-parish-council,Bradfield St George Parish Council,no_web_presence_found,,,,,,2026-04-26T15:27:00+00:00
bradford-on-avon-parish-council,Bradford-on-Avon Parish Council,no_web_presence_found,,,,,,2026-04-26T15:27:00+00:00
brafferton-and-helperby,Brafferton and Helperby,verified,https://www.braffertonhelperby-pc.gov.uk,excel,ok,3,,2026-04-26T15:27:05+00:00
bradwell-on-sea-parish-council,Bradwell on Sea Parish Council,no_web_presence_found,,,,,,2026-04-26T15:27:04+00:00
bradwell-on-sea-parish-council-1,Bradwell-on-sea Parish Council,no_web_presence_found,,,,,,2026-04-26T15:27:04+00:00
bramley-parish-council,Bramley Parish Council,verified,https://www.bramley-pc.gov.uk,pre-existing,ok,6,,2026-04-26T15:27:13+00:00
brafferton-and-helperby-parish-council,Brafferton and Helperby Parish Council,verified,https://www.braffertonhelperby-pc.gov.uk,excel,ok,3,,2026-04-26T15:27:06+00:00
braishfield-parish-council,Braishfield Parish Council,verified,https://www.braishfield.org.uk/,pattern,ok,2,,2026-04-26T15:27:08+00:00
brampton-ash-parish-council,Brampton Ash Parish Council,url_unreachable,https://www.bramptonashparishcouncil.gov.uk,excel,unreachable,,"ConnectionError: HTTPSConnectionPool(host='www.bramptonashparishcouncil.gov.uk', port=443): Max retries exceeded with url: / (Caused by NameResolutionError(""HTTPSConnection(host='www.bramptonashparishcouncil.gov.uk', ",2026-04-26T15:27:16+00:00
brafferton-parish-council,Brafferton Parish Council,no_web_presence_found,,,,,,2026-04-26T15:27:06+00:00
brampton-parish-council,Brampton Parish Council,verified,https://www.brampton-pc.gov.uk,pre-existing,ok,5,,2026-04-26T15:27:16+00:00
brampton-parish-council-1,Brampton Parish Council,verified,https://www.bramptonoxnead-pc.gov.uk,pre-existing,ok,2,,2026-04-26T15:27:16+00:00
bramshaw-parish-council,Bramshaw Parish Council,verified,https://www.bramshaw-pc.gov.uk,pre-existing,ok,4,,2026-04-26T15:27:16+00:00
brafield-on-the-green-parish-council,Brafield-on-the-Green Parish Council,no_web_presence_found,,,,,,2026-04-26T15:27:08+00:00
bramber-parish-council,Bramber Parish Council,verified,https://www.bramber.org.uk/,pattern,ok,3,,2026-04-26T15:27:11+00:00
brailes-winderton-parish-council,Brailes & Winderton Parish Council,no_web_presence_found,,,,,,2026-04-26T15:27:08+00:00
bramfield-parish-council,Bramfield Parish Council,verified,https://www.bramfieldparishcouncil.co.uk,pattern,ok,,,2026-04-26T15:27:12+00:00
braithwell-parish-council,Braithwell Parish Council,no_web_presence_found,,,,,,2026-04-26T15:27:09+00:00
bransgore-parish-council,Bransgore Parish Council,verified,https://www.bransgore-parish.gov.uk,pre-existing,ok,5,,2026-04-26T15:27:19+00:00
braithwell-with-micklebring-parish-council,Braithwell with Micklebring Parish Council,no_web_presence_found,,,,,,2026-04-26T15:27:10+00:00
bradwell-parish-council,Bradwell Parish Council,verified,https://www.bradwell-pc.gov.uk/Home_28746.aspx,pattern,ok,4,,2026-04-26T15:27:05+00:00
bramshott-and-liphook-parish-council,Bramshott and Liphook Parish Council,verified,https://www.bramshottandliphook-pc.gov.uk,excel,ok,4,,2026-04-26T15:27:16+00:00
brantham-parish-council,Brantham Parish Council,verified,https://www.branthamparishcouncil.gov.uk,excel,ok,8,,2026-04-26T15:27:20+00:00
brasted-parish-council,Brasted Parish Council,verified,https://www.brastedparishcouncil.gov.uk,pre-existing,ok,3,,2026-04-26T15:27:20+00:00
bradley-parish-council-1,Bradley Parish Council,url_unreachable,https://www.bradley-pc.gov.uk,excel,unreachable,,"ConnectTimeout: HTTPSConnectionPool(host='www.bradley-pc.gov.uk', port=443): Max retries exceeded with url: / (Caused by ConnectTimeoutError(<HTTPSConnection(host='www.bradley-pc.gov.uk', port=443) at 0x1d094a30910>,",2026-04-26T15:27:02+00:00
branston-town-council,Branston Town Council,verified,http://www.branstonparishcouncil.gov.uk/,excel,ok,4,,2026-04-26T15:27:19+00:00
bratton-parish-council,Bratton Parish Council,verified,https://www.brattonparishcouncil.gov.uk,pre-existing,ok,8,,2026-04-26T15:27:21+00:00
bratton-clovelly-parish-council,Bratton Clovelly Parish Council,verified,https://www.brattonclovelly-pc.gov.uk,excel,ok,4,,2026-04-26T15:27:20+00:00
bramham-cum-oglethorpe-parish-council,Bramham cum Oglethorpe Parish Council,no_web_presence_found,,,,,,2026-04-26T15:27:13+00:00
brampton-abbots-and-foy-group-parish-council,Brampton Abbots and Foy Group Parish Council,no_web_presence_found,,,,,,2026-04-26T15:27:13+00:00
brampton-abbotts-foy-group-parish-council,Brampton Abbotts & Foy Group Parish Council,no_web_presence_found,,,,,,2026-04-26T15:27:15+00:00
bray-parish-council,Bray Parish Council,verified,https://www.brayparishcouncil.gov.uk,pre-existing,ok,6,,2026-04-26T15:27:26+00:00
brampton-bierlow-parish-council,Brampton Bierlow Parish Council,no_web_presence_found,,,,,,2026-04-26T15:27:16+00:00
branxton-parish-council,Branxton Parish Council,verified,https://branxtonparishcouncil.gov.uk/,pattern,ok,,,2026-04-26T15:27:20+00:00
braughing-parish-council,Braughing Parish Council,verified,https://www.braughing.org.uk/,pattern,ok,2,,2026-04-26T15:27:21+00:00
brandiston-parish-meeting,Brandiston Parish Meeting,no_web_presence_found,,,,,,2026-04-26T15:27:18+00:00
brandon-bretford-parish-council,Brandon & Bretford Parish Council,no_web_presence_found,,,,,,2026-04-26T15:27:18+00:00
breage-parish-council,Breage Parish Council,verified,http://breagepc.org.uk/,pre-existing,ok,6,,2026-04-26T15:27:28+00:00
breamore-parish-council,Breamore Parish Council,verified,https://www.breamore.gov.uk,pre-existing,ok,0,,2026-04-26T15:27:28+00:00
brean-parish-council,Brean Parish Council,verified,https://www.breanparishcouncil.org,pre-existing,ok,4,,2026-04-26T15:27:28+00:00
bransdale-parish-meeting,Bransdale (Parish Meeting),no_web_presence_found,,,,,,2026-04-26T15:27:19+00:00
braiseworth-parish-meeting,Braiseworth Parish Meeting,no_web_presence_found,,,,,,2026-04-26T15:27:08+00:00
brede-parish-council,Brede Parish Council,verified,https://www.brede-pc.gov.uk,pre-existing,ok,4,,2026-04-26T15:27:30+00:00
brantingham-parish-council,Brantingham Parish Council,verified,https://www.brantinghamparishcouncil.com/,pattern,ok,2,,2026-04-26T15:27:20+00:00
bratton-fleming-parish-council,Bratton Fleming Parish Council,no_web_presence_found,,,,,,2026-04-26T15:27:21+00:00
braunton-parish-council,Braunton Parish Council,verified,https://braunton.org.uk/,pattern,ok,,,2026-04-26T15:27:23+00:00
bratton-seymour-parish-meeting,Bratton Seymour Parish Meeting,no_web_presence_found,,,,,,2026-04-26T15:27:21+00:00
braunstone-parish-council,Braunstone Parish Council,no_web_presence_found,,,,,,2026-04-26T15:27:23+00:00
brandon-town-council,Brandon Town Council,no_web_presence_found,,,,,,2026-04-26T15:27:19+00:00
bradley-parish-council,Bradley Parish Council,verified,https://bradleyparishcouncil.gov.uk/,pattern,ok,1,,2026-04-26T15:27:02+00:00
breadsall-parish-council,Breadsall Parish Council,verified,https://www.breadsallparishcouncil.gov.uk/,pattern,ok,3,,2026-04-26T15:27:28+00:00
breedon-on-the-hill-parish-council,Breedon on the Hill Parish Council,verified,https://www.breedonparishcouncil.gov.uk,excel,ok,5,,2026-04-26T15:27:33+00:00
brenchley-and-matfield-parish-council,Brenchley and Matfield Parish Council,verified,https://www.brenchleyandmatfield-pc.gov.uk,pre-existing,ok,5,,2026-04-26T15:27:35+00:00
breaston-parish-council,Breaston Parish Council,verified,https://www.breastonparishcouncil.gov.uk/,pattern,ok,5,,2026-04-26T15:27:29+00:00
brayton,Brayton,verified,https://www.braytonparishcouncil.co.uk/,pattern,ok,2,,2026-04-26T15:27:27+00:00
brent-knoll-parish-council,Brent Knoll Parish Council,verified,https://www.brentknollvillage.co.uk,pre-existing,ok,3,,2026-04-26T15:27:35+00:00
brayford-parish-council,Brayford Parish Council,no_web_presence_found,,,,,,2026-04-26T15:27:26+00:00
brereton-and-ravenhill-parish-council,Brereton and Ravenhill Parish Council,verified,https://breretonandravenhill.org.uk/,pre-existing,ok,4,,2026-04-26T15:27:36+00:00
brereton-parish-council,Brereton Parish Council,verified,https://www.breretonparishcouncil.gov.uk,pre-existing,ok,5,,2026-04-26T15:27:36+00:00
braydon-parish-meeting,Braydon Parish Meeting,no_web_presence_found,,,,,,2026-04-26T15:27:26+00:00
bredgar-parish-council,Bredgar Parish Council,verified,https://www.bredgarparishcouncil.gov.uk/community/bredgar-parish-council-12636/home/,pattern,ok,5,,2026-04-26T15:27:31+00:00
bradley-parish-meeting,Bradley Parish Meeting,verified,https://bradleyparishcouncil.gov.uk/,pattern,ok,1,,2026-04-26T15:27:03+00:00
brearton-parish-meeting,Brearton (Parish Meeting),no_web_presence_found,,,,,,2026-04-26T15:27:28+00:00
brewham-parish-council,Brewham Parish Council,verified,https://www.brewham.co.uk,pre-existing,ok,5,,2026-04-26T15:27:37+00:00
breinton-parish-council,Breinton Parish Council,verified,https://breintonparishcouncil.gov.uk/,pattern,ok,8,,2026-04-26T15:27:33+00:00
brayton-parish-council,Brayton Parish Council,verified,https://www.braytonparishcouncil.co.uk/,pattern,ok,2,,2026-04-26T15:27:28+00:00
bretherton-parish-council,Bretherton Parish Council,verified,https://www.bretherton-pc.gov.uk/,pattern,ok,3,,2026-04-26T15:27:36+00:00
bredenbury-parish-council,Bredenbury Parish Council,no_web_presence_found,,,,,,2026-04-26T15:27:31+00:00
bredenbury-and-district-group-parish-council,Bredenbury and District Group Parish Council,no_web_presence_found,,,,,,2026-04-26T15:27:30+00:00
bredicot-parish-council,Bredicot Parish Council,no_web_presence_found,,,,,,2026-04-26T15:27:31+00:00
bridford,Bridford,url_unreachable,https://www.bridfordparishcouncil.gov.uk,excel,unreachable,,"ConnectionError: HTTPSConnectionPool(host='www.bridfordparishcouncil.gov.uk', port=443): Max retries exceeded with url: / (Caused by NameResolutionError(""HTTPSConnection(host='www.bridfordparishcouncil.gov.uk', port=4",2026-04-26T15:27:40+00:00
brewood-with-coven-parish-council,Brewood with Coven Parish Council,verified,https://www.brewoodandcoven-pc.gov.uk/,excel,ok,6,,2026-04-26T15:27:38+00:00
bretton-parish-council,Bretton Parish Council,verified,https://brettonparishcouncil.gov.uk/,pattern,ok,5,,2026-04-26T15:27:36+00:00
bredons-norton-parish-council,Bredon's Norton Parish Council,no_web_presence_found,,,,,,2026-04-26T15:27:32+00:00
bredwardine-parish-council,Bredwardine Parish Council,no_web_presence_found,,,,,,2026-04-26T15:27:32+00:00
bridford-parish-council,Bridford Parish Council,url_unreachable,https://www.bridfordparishcouncil.gov.uk,excel,unreachable,,"ConnectionError: HTTPSConnectionPool(host='www.bridfordparishcouncil.gov.uk', port=443): Max retries exceeded with url: / (Caused by NameResolutionError(""HTTPSConnection(host='www.bridfordparishcouncil.gov.uk', port=4",2026-04-26T15:27:40+00:00
brenzett-parish-council,Brenzett Parish Council,verified,https://brenzettparishcouncil.co.uk/,pattern,ok,2,,2026-04-26T15:27:35+00:00
bridgwater-without-parish-council,Bridgwater Without Parish Council,verified,https://www.bridgwaterwithout-pc.gov.uk,pre-existing,ok,13,,2026-04-26T15:27:43+00:00
bremhill-parish-council,Bremhill Parish Council,no_web_presence_found,,,,,,2026-04-26T15:27:34+00:00
brickendon-liberty-parish-council,Brickendon Liberty Parish Council,verified,https://www.brickendon-liberty.org.uk/,pattern,ok,2,,2026-04-26T15:27:38+00:00
brendon-and-countisbury-parish-council,Brendon and Countisbury Parish Council,no_web_presence_found,,,,,,2026-04-26T15:27:35+00:00
bridgwater-town-council,Bridgwater Town Council,verified,https://www.bridgwater-tc.gov.uk,excel,ok,2,,2026-04-26T15:27:43+00:00
bressingham-parish-council,Bressingham Parish Council,no_web_presence_found,,,,,,2026-04-26T15:27:36+00:00
brent-eleigh-parish-council,Brent Eleigh Parish Council,no_web_presence_found,,,,,,2026-04-26T15:27:35+00:00
bridlington-parish-council,Bridlington Parish Council,verified,https://bridlington.gov.uk/,pattern,ok,2,,2026-04-26T15:27:43+00:00
brightling-parish-council,Brightling Parish Council,url_unreachable,https://www.brightling-pc.gov.uk,excel,unreachable,,"ConnectionError: HTTPSConnectionPool(host='www.brightling-pc.gov.uk', port=443): Max retries exceeded with url: / (Caused by NameResolutionError(""HTTPSConnection(host='www.brightling-pc.gov.uk', port=443): Failed to r",2026-04-26T15:27:45+00:00
brightwell-cum-sotwell-parish-council,Brightwell-cum-Sotwell Parish Council,verified,https://www.brightwellcumsotwell-pc.gov.uk,pre-existing,ok,4,,2026-04-26T15:27:45+00:00
bretforton-parish-council,Bretforton Parish Council,no_web_presence_found,,,,,,2026-04-26T15:27:36+00:00
bridgnorth-town-council,Bridgnorth Town Council,verified,https://www.bridgnorthtowncouncil.gov.uk,excel,ok,7,,2026-04-26T15:27:41+00:00
brightwalton-parish-council,Brightwalton Parish Council,url_unreachable,https://www.brightwalton-pc.gov.uk,excel,unreachable,,"SSLError: HTTPSConnectionPool(host='www.brightwalton-pc.gov.uk', port=443): Max retries exceeded with url: / (Caused by SSLError(SSLCertVerificationError(1, ""[SSL: CERTIFICATE_VERIFY_FAILED] certificate verify ",2026-04-26T15:27:45+00:00
brigstock-parish-council,Brigstock Parish Council,verified,https://www.brigstockparishcouncil.gov.uk,excel,ok,7,,2026-04-26T15:27:45+00:00
brimscombe-and-thrupp-parish-council,Brimscombe and Thrupp Parish Council,verified,https://www.brimscombeandthrupp-pc.gov.uk,pre-existing,ok,8,,2026-04-26T15:27:46+00:00
brewood-and-coven-parish-council,Brewood and Coven Parish Council,no_web_presence_found,,,,,,2026-04-26T15:27:37+00:00
briercliffe-parish-council,Briercliffe Parish Council,verified,https://www.briercliffe-pc.gov.uk/,pattern,ok,3,,2026-04-26T15:27:44+00:00
bridstow-parish-council,Bridstow Parish Council,verified,https://bridstowparishcouncil.gov.uk/,pattern,ok,5,,2026-04-26T15:27:44+00:00
brickhill-parish-council,Brickhill Parish Council,verified,https://brickhillparishcouncil.gov.uk/,pattern,ok,4,,2026-04-26T15:27:39+00:00
brinkburn-and-hesleyhurst-parish-council,Brinkburn and Hesleyhurst Parish Council,verified,https://www.brinkburn-pc.gov.uk,pre-existing,ok,2,,2026-04-26T15:27:48+00:00
brierfield-parish-council,Brierfield Parish Council,verified,https://brierfield.gov.uk/,pattern,ok,3,,2026-04-26T15:27:45+00:00
bricklehampton-parish-council,Bricklehampton Parish Council,no_web_presence_found,,,,,,2026-04-26T15:27:40+00:00
brinkworth-parish-council,Brinkworth Parish Council,verified,https://www.brinkworthparishcouncil.gov.uk,pre-existing,ok,3,,2026-04-26T15:27:49+00:00
brinsley-parish-council,Brinsley Parish Council,verified,https://www.brinsley-pc.gov.uk,pre-existing,ok,5,,2026-04-26T15:27:49+00:00
brinton-and-sharrington-parish-council,Brinton and Sharrington Parish Council,verified,https://www.brintonandsharrington-pc.gov.uk,pre-existing,ok,2,,2026-04-26T15:27:49+00:00
brisley-parish-council,Brisley Parish Council,verified,https://www.brisleyparishcouncil.gov.uk,pre-existing,ok,5,,2026-04-26T15:27:49+00:00
bridgham-parish-council,Bridgham Parish Council,no_web_presence_found,,,,,,2026-04-26T15:27:40+00:00
britford-parish-council,Britford Parish Council,verified,https://www.britfordparishcouncil.gov.uk,pre-existing,ok,5,,2026-04-26T15:27:50+00:00
brindle-parish-council,Brindle Parish Council,verified,https://www.brindle-pc.gov.uk/,pattern,ok,4,,2026-04-26T15:27:46+00:00
bridgemere-parish-council,Bridgemere Parish Council,no_web_presence_found,,,,,,2026-04-26T15:27:40+00:00
bridge-parish-council,Bridge Parish Council,no_web_presence_found,,,,,,2026-04-26T15:27:40+00:00
brill-parish-council,Brill Parish Council,verified,https://www.brillparishcouncil.gov.uk/,pattern,ok,6,,2026-04-26T15:27:45+00:00
brinkburn-parish-council,Brinkburn Parish Council,verified,https://www.brinkburn-pc.gov.uk/community/brinkburn-hesleyhurst-21042/home/,pattern,ok,1,,2026-04-26T15:27:48+00:00
broad-hinton-and-winterbourne-basset-parish-council,Broad Hinton and Winterbourne Basset Parish Council,verified,https://www.bhwbparishcouncil.org.uk,pre-existing,ok,3,,2026-04-26T15:27:50+00:00
brixworth-parish-council,Brixworth Parish Council,verified,https://www.brixworthparishcouncil.gov.uk,excel,ok,7,,2026-04-26T15:27:50+00:00
broadhempston,Broadhempston,verified,https://www.broadhempston-pc.gov.uk,pre-existing,ok,4,,2026-04-26T15:27:51+00:00
bridgtown-parish-council,Bridgtown Parish Council,no_web_presence_found,,,,,,2026-04-26T15:27:42+00:00
brixton-parish-council,Brixton Parish Council,url_unreachable,https://www.brixtonparishcouncil.gov.uk,excel,unreachable,,"SSLError: HTTPSConnectionPool(host='www.brixtonparishcouncil.gov.uk', port=443): Max retries exceeded with url: / (Caused by SSLError(SSLCertVerificationError(1, ""[SSL: CERTIFICATE_VERIFY_FAILED] certificate ve",2026-04-26T15:27:50+00:00
broadway-parish-council,Broadway Parish Council,verified,https://www.broadwaysomerset-pc.gov.uk/,pre-existing,ok,6,,2026-04-26T15:27:51+00:00
brockdish-parish-council,Brockdish Parish Council,url_unreachable,https://www.brockdishandthorpeabbotts.norfolkparishes.gov.uk,excel,unreachable,,"SSLError: HTTPSConnectionPool(host='www.brockdishandthorpeabbotts.norfolkparishes.gov.uk', port=443): Max retries exceeded with url: / (Caused by SSLError(SSLCertVerificationError(1, ""[SSL: CERTIFICATE_VERIFY_F",2026-04-26T15:27:51+00:00
brockenhurst-parish-council,Brockenhurst Parish Council,verified,https://www.brockenhurst.gov.uk,pre-existing,ok,5,,2026-04-26T15:27:51+00:00
broadbridge-heath-parish-council,Broadbridge Heath Parish Council,verified,https://www.bbh-pc.gov.uk,excel,ok,3,,2026-04-26T15:27:50+00:00
bridport-town-council,Bridport Town Council,no_web_presence_found,,,,,,2026-04-26T15:27:43+00:00
brightlingsea-parish-council,Brightlingsea Parish Council,no_web_presence_found,,,,,,2026-04-26T15:27:45+00:00
brimfield-little-hereford-group-parish-council,Brimfield & Little Hereford Group Parish Council,no_web_presence_found,,,,,,2026-04-26T15:27:45+00:00
brockworth-parish-council,Brockworth Parish Council,verified,https://www.brockworth-pc.gov.uk,pre-existing,ok,5,,2026-04-26T15:27:54+00:00
brignall-parish-council,Brignall Parish Council,no_web_presence_found,,,,,,2026-04-26T15:27:45+00:00
brindley-faddiley-parish-council,Brindley & Faddiley Parish Council,no_web_presence_found,,,,,,2026-04-26T15:27:46+00:00
bringhurst-parish-council,Bringhurst Parish Council,no_web_presence_found,,,,,,2026-04-26T15:27:47+00:00
brome-and-oakley-parish-council,Brome and Oakley Parish Council,verified,https://www.bromeandoakleyparishcouncil.gov.uk,pre-existing,ok,5,,2026-04-26T15:27:56+00:00
brington-parish-council,Brington Parish Council,no_web_presence_found,,,,,,2026-04-26T15:27:48+00:00
brinklow-parish-council,Brinklow Parish Council,no_web_presence_found,,,,,,2026-04-26T15:27:48+00:00
brodsworth-parish-council,Brodsworth Parish Council,verified,https://www.brodsworth-pc.gov.uk/,pattern,ok,4,,2026-04-26T15:27:54+00:00
brompton,Brompton,verified,https://www.bromptontowncouncil.gov.uk,pre-existing,ok,5,,2026-04-26T15:27:58+00:00
brokenborough-parish-council,Brokenborough Parish Council,verified,https://www.brokenboroughparishcouncil.org.uk,excel,ok,2,,2026-04-26T15:27:56+00:00
brislington-parish-council,Brislington Parish Council,no_web_presence_found,,,,,,2026-04-26T15:27:49+00:00
brompton-parish-council,Brompton Parish Council,verified,https://www.bromptontowncouncil.gov.uk,pre-existing,ok,5,,2026-04-26T15:27:58+00:00
brompton-ralph-parish-council,Brompton Ralph Parish Council,verified,https://www.hugofox.com/community/brompton-ralph-parish-council-7883/home,pre-existing,ok,7,,2026-04-26T15:27:58+00:00
brompton-regis-parish-council,Brompton Regis Parish Council,verified,https://www.bromptonregis.com,pre-existing,ok,0,,2026-04-26T15:27:58+00:00
britwell-salome-parish-meeting,Britwell Salome Parish Meeting,no_web_presence_found,,,,,,2026-04-26T15:27:50+00:00
broad-clyst-parish-council,Broad Clyst Parish Council,no_web_presence_found,,,,,,2026-04-26T15:27:50+00:00
brooke-parish-council,Brooke Parish Council,verified,https://www.brookeparishcouncil.gov.uk,pre-existing,ok,2,,2026-04-26T15:27:59+00:00
brixton-deverill-parish-council,Brixton Deverill Parish Council,no_web_presence_found,,,,,,2026-04-26T15:27:50+00:00
broadoak-parish-meeting,Broadoak Parish Meeting,no_web_presence_found,,,,,,2026-04-26T15:27:51+00:00
brookthorpe-with-whaddon-parish-council,Brookthorpe-with-Whaddon Parish Council,verified,https://www.brookthorpewithwhaddon-pc.gov.uk,pre-existing,ok,3,,2026-04-26T15:28:00+00:00
brockhall-parish-meeting,Brockhall Parish Meeting,no_web_presence_found,,,,,,2026-04-26T15:27:51+00:00
broomfield-parish-council,Broomfield Parish Council,verified,https://www.broomfieldparish.com,pre-existing,ok,3,,2026-04-26T15:28:01+00:00
broadwas-parish-council,Broadwas Parish Council,no_web_presence_found,,,,,,2026-04-26T15:27:51+00:00
broomhaugh-and-riding-parish-council,Broomhaugh and Riding Parish Council,verified,https://www.ridingmillparish.gov.uk,pre-existing,ok,6,,2026-04-26T15:28:01+00:00
bromfield-parish-council,Bromfield Parish Council,verified,https://www.bromfield-pc.gov.uk/,pattern,ok,1,,2026-04-26T15:27:57+00:00
brotherton,Brotherton,verified,https://www.brothertonparishcouncil.gov.uk,pre-existing,ok,4,,2026-04-26T15:28:01+00:00
brockham-parish-council,Brockham Parish Council,no_web_presence_found,,,,,,2026-04-26T15:27:53+00:00
brockhampton-with-much-fawley-parish-council,Brockhampton with Much Fawley Parish Council,no_web_presence_found,,,,,,2026-04-26T15:27:53+00:00
brough-with-st-giles-parish-council,Brough with St Giles Parish Council,verified,https://www.broughwithstgiles-pc.gov.uk,excel,ok,4,,2026-04-26T15:28:02+00:00
broseley-town-council,Broseley Town Council,verified,https://www.broseley-tc.gov.uk,excel,ok,3,,2026-04-26T15:28:01+00:00
brogborough-parish-council,Brogborough Parish Council,no_web_presence_found,,,,,,2026-04-26T15:27:55+00:00
bromesberrow-parish-council,Bromesberrow Parish Council,no_web_presence_found,,,,,,2026-04-26T15:27:56+00:00
brook,Brook,verified,https://www.brookparishcouncil.gov.uk/community/brook-parish-council-18454/home/,pattern,ok,6,,2026-04-26T15:27:59+00:00
brookland-parish-council,Brookland Parish Council,verified,https://www.brooklandparishcouncil.gov.uk/community/brookland-parish-council-16352/home/,pattern,ok,2,,2026-04-26T15:27:59+00:00
brompton-by-sawdon,Brompton by Sawdon,no_web_presence_found,,,,,,2026-04-26T15:27:58+00:00
brompton-by-sawdon-parish-council,Brompton by Sawdon Parish Council,no_web_presence_found,,,,,,2026-04-26T15:27:58+00:00
bromsberrow-parish-council,Bromsberrow Parish Council,no_web_presence_found,,,,,,2026-04-26T15:27:58+00:00
brown-edge-parish-council,Brown Edge Parish Council,url_unreachable,http://www.brownedgeparishcouncil.org.uk/,excel,unreachable,,"ConnectionError: HTTPConnectionPool(host='www.brownedgeparishcouncil.org.uk', port=80): Max retries exceeded with url: / (Caused by NameResolutionError(""HTTPConnection(host='www.brownedgeparishcouncil.org.uk', port=80",2026-04-26T15:28:07+00:00
broughton-astley-parish-council,Broughton Astley Parish Council,verified,https://www.broughton-astley.gov.uk/,pattern,ok,3,,2026-04-26T15:28:05+00:00
brookenby-parish-council,Brookenby Parish Council,no_web_presence_found,,,,,,2026-04-26T15:27:59+00:00
broomfield-and-kingswood-parish-council,Broomfield and Kingswood Parish Council,no_web_presence_found,,,,,,2026-04-26T15:28:00+00:00
broomhall-parish-council,Broomhall Parish Council,no_web_presence_found,,,,,,2026-04-26T15:28:01+00:00
broughton-gifford-parish-council,Broughton Gifford Parish Council,verified,https://www.bgpc.org.uk,excel,ok,5,,2026-04-26T15:28:06+00:00
brough-sowerby-parish-meeting,Brough Sowerby Parish Meeting,no_web_presence_found,,,,,,2026-04-26T15:28:01+00:00
brown-edge-parish-council-1,Brown Edge Parish Council,url_unreachable,http://www.brownedgeparishcouncil.org.uk/,excel,unreachable,,"ConnectionError: HTTPConnectionPool(host='www.brownedgeparishcouncil.org.uk', port=80): Max retries exceeded with url: / (Caused by NameResolutionError(""HTTPConnection(host='www.brownedgeparishcouncil.org.uk', port=80",2026-04-26T15:28:07+00:00
broughton-parish-council,Broughton Parish Council,verified,https://www.broughton-oxon-pc.gov.uk,excel,ok,6,,2026-04-26T15:28:07+00:00
brundall-parish-council,Brundall Parish Council,url_unreachable,https://www.brundall-pc.gov.uk,excel,unreachable,,"SSLError: HTTPSConnectionPool(host='www.brundall-pc.gov.uk', port=443): Max retries exceeded with url: / (Caused by SSLError(SSLCertVerificationError(1, '[SSL: CERTIFICATE_VERIFY_FAILED] certificate verify fail",2026-04-26T15:28:10+00:00
brushford-parish-council,Brushford Parish Council,verified,https://www.brushfordparishcouncil.org.uk,pre-existing,ok,5,,2026-04-26T15:28:11+00:00
bruton-town-council,Bruton Town Council,verified,https://www.brutontowncouncil.gov.uk,pre-existing,ok,15,,2026-04-26T15:28:11+00:00
brough-with-shatton-parish-meeting,Brough with Shatton (Parish Meeting),no_web_presence_found,,,,,,2026-04-26T15:28:02+00:00
brough-with-st-giles-parish-council-1,Brough with St. Giles Parish Council,no_web_presence_found,,,,,,2026-04-26T15:28:03+00:00
brympton-parish-council,Brympton Parish Council,url_unreachable,https://www.brymptonparishcouncil.co.uk,excel,unreachable (404),,,2026-04-26T15:28:11+00:00
buckden-parish-council,Buckden Parish Council,url_unreachable,https://www.buckden-parish.org.uk,excel,unreachable,,"ConnectionError: HTTPSConnectionPool(host='www.buckden-parish.org.uk', port=443): Max retries exceeded with url: / (Caused by NameResolutionError(""HTTPSConnection(host='www.buckden-parish.org.uk', port=443): Failed to",2026-04-26T15:28:12+00:00
broughton-and-harmer-hill-parish-council,Broughton and Harmer Hill Parish Council,no_web_presence_found,,,,,,2026-04-26T15:28:03+00:00
buckingham-park-parish-council,Buckingham Park Parish Council,verified,https://www.buckinghampark-pc.gov.uk,pre-existing,ok,6,,2026-04-26T15:28:12+00:00
buckingham-town-council,Buckingham Town Council,verified,https://www.buckingham-tc.gov.uk,pre-existing,ok,9,,2026-04-26T15:28:12+00:00
broughton-and-old-dalby-parish-council,Broughton and Old Dalby Parish Council,no_web_presence_found,,,,,,2026-04-26T15:28:04+00:00
broxton-parish-council,Broxton Parish Council,verified,https://www.broxtonparishcouncil.gov.uk/community/broxton-and-district-parish-council-20605/home/,pattern,ok,4,,2026-04-26T15:28:08+00:00
buckland-dinham-parish-council,Buckland Dinham Parish Council,verified,https://bucklanddinham.org/,excel,ok,4,,2026-04-26T15:28:12+00:00
buckland-st-mary-parish-council,Buckland St Mary Parish Council,verified,https://www.bucklandstmarypc.gov.uk,pre-existing,ok,4,,2026-04-26T15:28:14+00:00
buckland-parish-council,Buckland Parish Council,verified,https://www.buckland-pc.gov.uk,excel,ok,4,,2026-04-26T15:28:14+00:00
brundish-parish-council,Brundish Parish Council,verified,https://brundishparishcouncil.gov.uk/,pattern,ok,1,,2026-04-26T15:28:10+00:00
buckhurst-hill-parish-council,Buckhurst Hill Parish Council,verified,https://www.buckhursthillpc.gov.uk,excel,ok,5,,2026-04-26T15:28:12+00:00
broughton-east-parish-council,Broughton East Parish Council,no_web_presence_found,,,,,,2026-04-26T15:28:06+00:00
broughton-nr-skipton-parish-meeting,Broughton nr Skipton (Parish Meeting),no_web_presence_found,,,,,,2026-04-26T15:28:07+00:00
bude-stratton-town-council,Bude Stratton Town Council,verified,https://www.bude-stratton.gov.uk,pre-existing,ok,5,,2026-04-26T15:28:16+00:00
budock-parish-council,Budock Parish Council,verified,http://budockparish.net/,pre-existing,ok,5,,2026-04-26T15:28:16+00:00
buerton-parish-council,Buerton Parish Council,verified,https://www.buertonparishcouncil.gov.uk,excel,ok,4,,2026-04-26T15:28:16+00:00
broxton-and-district-parish-council,Broxton and District Parish Council,no_web_presence_found,,,,,,2026-04-26T15:28:08+00:00
bruern-parish-meeting,Bruern Parish Meeting,no_web_presence_found,,,,,,2026-04-26T15:28:09+00:00
bulford-parish-council,Bulford Parish Council,verified,http://www.bulfordparishcouncil.co.uk,pre-existing,ok,2,,2026-04-26T15:28:18+00:00
bruisyard-parish-council,Bruisyard Parish Council,no_web_presence_found,,,,,,2026-04-26T15:28:10+00:00
bude-stratton-parish-council,Bude-Stratton Parish Council,verified,https://www.bude-stratton.gov.uk/,pattern,ok,4,,2026-04-26T15:28:16+00:00
bulkington-parish-council,Bulkington Parish Council,verified,https://www.bulkingtonparishcouncil.gov.uk,pre-existing,ok,6,,2026-04-26T15:28:19+00:00
bucklesham-parish-council,Bucklesham Parish Council,verified,https://buckleshamparishcouncil.gov.uk/,pattern,ok,1,,2026-04-26T15:28:14+00:00
bulwick-parish-council,Bulwick Parish Council,verified,https://www.bulwickparishcouncil.gov.uk,pre-existing,ok,8,,2026-04-26T15:28:19+00:00
brumstead-parish-council,Brumstead Parish Council,no_web_presence_found,,,,,,2026-04-26T15:28:10+00:00
brushfield-parish-meeting,Brushfield (Parish Meeting),no_web_presence_found,,,,,,2026-04-26T15:28:10+00:00
bunny-parish-council,Bunny Parish Council,verified,https://www.bunnyparishcouncil.gov.uk,pre-existing,ok,6,,2026-04-26T15:28:19+00:00
buntingford-town-council,Buntingford Town Council,verified,https://www.buntingford-tc.gov.uk,pre-existing,ok,6,,2026-04-26T15:28:19+00:00
bunwell-parish-council,Bunwell Parish Council,verified,https://www.bunwell-pc.gov.uk,pre-existing,ok,4,,2026-04-26T15:28:19+00:00
bryher-parish-council,Bryher Parish Council,no_web_presence_found,,,,,,2026-04-26T15:28:11+00:00
bunbury-parish-council,Bunbury Parish Council,verified,https://www.bunbury-pc.gov.uk/,pattern,ok,3,,2026-04-26T15:28:19+00:00
bucknell-parish-council,Bucknell Parish Council,verified,https://www.bucknell.org.uk/,pattern,ok,1,,2026-04-26T15:28:15+00:00
burbage-parish-council,Burbage Parish Council,verified,https://www.burbageparishcouncil.gov.uk,excel,ok,6,,2026-04-26T15:28:19+00:00
bugbrooke-parish-council,Bugbrooke Parish Council,verified,https://bugbrookeparishcouncil.gov.uk/,pattern,ok,3,,2026-04-26T15:28:17+00:00
burford-parish-council,Burford Parish Council,verified,https://www.burfordparishcouncil.gov.uk,excel,ok,2,,2026-04-26T15:28:21+00:00
burgess-hill-town-council,Burgess Hill Town Council,verified,https://www.midsussex.gov.uk,excel,ok,3,,2026-04-26T15:28:21+00:00
burghclere-parish-council,Burghclere Parish Council,verified,https://www.burghclereparish.gov.uk,pre-existing,ok,5,,2026-04-26T15:28:22+00:00
buckland-in-the-moor-parish-meeting,Buckland-in-the-Moor (Parish Meeting),no_web_presence_found,,,,,,2026-04-26T15:28:13+00:00
bulmer,Bulmer,verified,https://bulmer-pc.gov.uk/,pattern,ok,3,,2026-04-26T15:28:19+00:00
buckminster-parish-council,Buckminster Parish Council,no_web_presence_found,,,,,,2026-04-26T15:28:15+00:00
buckden,Buckden,verified,https://buckdenpc.org.uk/,pattern,ok,5,,2026-04-26T15:28:12+00:00
bromeswell-parish-council,Bromeswell Parish Council,no_web_presence_found,,,,,,2026-04-26T15:27:57+00:00
bucknall-parish-council,Bucknall Parish Council,no_web_presence_found,,,,,,2026-04-26T15:28:15+00:00
bugthorpe-and-kirby-underdale-parish-council,Bugthorpe And Kirby Underdale Parish Council,no_web_presence_found,,,,,,2026-04-26T15:28:17+00:00
brocklesby-parish-council,Brocklesby Parish Council,no_web_presence_found,,,,,,2026-04-26T15:27:54+00:00
bulkeley-and-ridley-parish-council,Bulkeley and Ridley Parish Council,no_web_presence_found,,,,,,2026-04-26T15:28:18+00:00
bulkeley-ridley-parish-council,Bulkeley & Ridley Parish Council,no_web_presence_found,,,,,,2026-04-26T15:28:18+00:00
bungay-parish-council,Bungay Parish Council,no_web_presence_found,,,,,,2026-04-26T15:28:19+00:00
bures-hamlet-parish-council,Bures Hamlet Parish Council,no_web_presence_found,,,,,,2026-04-26T15:28:20+00:00
burneside-parish-council,Burneside Parish Council,verified,https://burneside-pc.gov.uk/,pattern,ok,5,,2026-04-26T15:28:28+00:00
burlescombe-parish-council,Burlescombe Parish Council,verified,https://burlescombeparishcouncil.gov.uk/,pattern,ok,1,,2026-04-26T15:28:24+00:00
burgate-parish-council,Burgate Parish Council,no_web_presence_found,,,,,,2026-04-26T15:28:21+00:00
burgh-tuttington-parish-council,Burgh & Tuttington Parish Council,no_web_presence_found,,,,,,2026-04-26T15:28:22+00:00
burnham-on-sea-highbridge-town-council,Burnham on Sea & Highbridge Town Council,verified,https://www.burnham-highbridge-tc.gov.uk,pre-existing,ok,5,,2026-04-26T15:28:31+00:00
burgh-on-bain-parish-council,Burgh on Bain Parish Council,no_web_presence_found,,,,,,2026-04-26T15:28:22+00:00
burghill-parish-council,Burghill Parish Council,verified,https://burghillparishcouncil.gov.uk/,pattern,ok,4,,2026-04-26T15:28:22+00:00
burnham-parish-council,Burnham Parish Council,verified,https://www.burnhamparish.gov.uk,pre-existing,ok,2,,2026-04-26T15:28:33+00:00
burland-and-acton-parish-council,Burland and Acton Parish Council,no_web_presence_found,,,,,,2026-04-26T15:28:24+00:00
burnham-without-parish-council,Burnham Without Parish Council,verified,https://burnhamwithout-parishcouncil.co.uk/default.aspx,pre-existing,ok,1,,2026-04-26T15:28:33+00:00
burniston,Burniston,verified,https://www.burnistonparishcouncil.gov.uk,pre-existing,ok,4,,2026-04-26T15:28:33+00:00
burniston-parish-council,Burniston Parish Council,verified,https://www.burnistonparishcouncil.gov.uk,pre-existing,ok,4,,2026-04-26T15:28:33+00:00
buriton-parish-council,Buriton Parish Council,verified,https://buriton.org.uk/,pattern,ok,,,2026-04-26T15:28:22+00:00
burntwood-town-council,Burntwood Town Council,verified,http://www.burntwood-tc.gov.uk,pre-existing,ok,4,,2026-04-26T15:28:34+00:00
burleston-and-tolpuddle-parish-council,Burleston and Tolpuddle Parish Council,no_web_presence_found,,,,,,2026-04-26T15:28:25+00:00
burrator-grouped-parish-council,Burrator Grouped Parish Council,verified,https://www.burrator.gov.uk,pre-existing,ok,4,,2026-04-26T15:28:34+00:00
burleston-parish-council,Burleston Parish Council,no_web_presence_found,,,,,,2026-04-26T15:28:25+00:00
burmarsh-parish-council,Burmarsh Parish Council,verified,https://www.burmarshparishcouncil.gov.uk/,pattern,ok,2,,2026-04-26T15:28:26+00:00
burrowbridge-parish-council,Burrowbridge Parish Council,verified,https://www.burrowbridgeparishcouncil.org/,pre-existing,ok,1,,2026-04-26T15:28:34+00:00
bursledon-parish-council,Bursledon Parish Council,verified,https://www.bursledon-pc.gov.uk,pre-existing,ok,4,,2026-04-26T15:28:34+00:00
burstall-parish-council,Burstall Parish Council,url_unreachable,https://www.burstall-pc.gov.uk,excel,unreachable,,"SSLError: HTTPSConnectionPool(host='www.burstall-pc.gov.uk', port=443): Max retries exceeded with url: / (Caused by SSLError(SSLCertVerificationError(1, ""[SSL: CERTIFICATE_VERIFY_FAILED] certificate verify fail",2026-04-26T15:28:34+00:00
burrington-parish-council,Burrington Parish Council,verified,https://burrington-pc.gov.uk/,pattern,ok,1,,2026-04-26T15:28:34+00:00
burstow-parish-council,Burstow Parish Council,verified,https://www.burstowparishcouncil.gov.uk,pre-existing,ok,6,,2026-04-26T15:28:36+00:00
burneston-swainby-with-allerthorpe-and-theakston,"Burneston, Swainby with Allerthorpe and Theakston",no_web_presence_found,,,,,,2026-04-26T15:28:28+00:00
burtle-parish-council,Burtle Parish Council,verified,http://www.burtlevillage.net/parish-council/,excel,ok,3,,2026-04-26T15:28:36+00:00
burton-cum-walden,Burton cum Walden,verified,https://www.burtoncumwalden-pc.gov.uk,pre-existing,ok,6,,2026-04-26T15:28:37+00:00
burton-cum-walden-parish-council,Burton cum Walden Parish Council,verified,https://www.burtoncumwalden-pc.gov.uk,pre-existing,ok,6,,2026-04-26T15:28:37+00:00
burneston-swainby-with-allerthorpe-and-theakston-parish-council,"Burneston, Swainby with Allerthorpe and Theakston Parish Council",no_web_presence_found,,,,,,2026-04-26T15:28:29+00:00
burnham-market-parish-council,Burnham Market Parish Council,no_web_presence_found,,,,,,2026-04-26T15:28:29+00:00
burton-joyce-parish-council,Burton Joyce Parish Council,verified,https://www.burtonjoyceparishcouncil.org.uk,pre-existing,ok,3,,2026-04-26T15:28:38+00:00
burton-latimer-town-council,Burton Latimer Town Council,verified,https://www.burtonlatimertown.gov.uk,pre-existing,ok,6,,2026-04-26T15:28:38+00:00
burnham-on-crouch-parish-council-1,Burnham-on-crouch Parish Council,no_web_presence_found,,,,,,2026-04-26T15:28:30+00:00
burnham-on-sea-and-highbridge-parish-council,Burnham-on-sea and Highbridge Parish Council,no_web_presence_found,,,,,,2026-04-26T15:28:30+00:00
burnham-on-sea-town-council,Burnham-on-Sea Town Council,no_web_presence_found,,,,,,2026-04-26T15:28:31+00:00
burnham-overy-parish-council,Burnham Overy Parish Council,no_web_presence_found,,,,,,2026-04-26T15:28:31+00:00
burton-salmon,Burton Salmon,verified,https://www.burtonsalmon-pc.gov.uk,pre-existing,ok,7,,2026-04-26T15:28:40+00:00
burland-parish-council,Burland Parish Council,no_web_presence_found,,,,,,2026-04-26T15:28:24+00:00
burpham-parish-council,Burpham Parish Council,no_web_presence_found,,,,,,2026-04-26T15:28:34+00:00
burnham-thorpe-parish-council,Burnham Thorpe Parish Council,no_web_presence_found,,,,,,2026-04-26T15:28:33+00:00
burrow-with-burrow-parish-council,Burrow-with-burrow Parish Council,no_web_presence_found,,,,,,2026-04-26T15:28:34+00:00
bury-st-edmunds-town-council,Bury St Edmunds Town Council,verified,https://www.burystedmunds-tc.gov.uk,pre-existing,ok,5,,2026-04-26T15:28:43+00:00
burton-parish-council,Burton Parish Council,verified,https://burtonparishcouncil.org.uk/,excel,ok,7,,2026-04-26T15:28:40+00:00
burston-and-shimpling-parish-council,Burston and Shimpling Parish Council,no_web_presence_found,,,,,,2026-04-26T15:28:35+00:00
burn,Burn,no_web_presence_found,,,,,,2026-04-26T15:28:27+00:00
butterton-parish-council,Butterton Parish Council,verified,http://www.buttertonmoorlands.co.uk,pre-existing,ok,2,,2026-04-26T15:28:45+00:00
butterton-parish-council-1,Butterton Parish Council,verified,http://www.buttertonmoorlands.co.uk,pre-existing,ok,2,,2026-04-26T15:28:45+00:00
burwarton-parish-council,Burwarton Parish Council,verified,https://burwarton-pc.gov.uk/,pattern,ok,2,,2026-04-26T15:28:43+00:00
burton-coggles-parish-meeting,Burton Coggles Parish Meeting,no_web_presence_found,,,,,,2026-04-26T15:28:37+00:00
buxted-parish-council,Buxted Parish Council,verified,https://www.buxted-pc.gov.uk,pre-existing,ok,7,,2026-04-26T15:28:46+00:00
burton-hastings-and-stretton-baskerville-parish-council,Burton Hastings and Stretton Baskerville Parish Council,no_web_presence_found,,,,,,2026-04-26T15:28:37+00:00
buxhall-parish-council,Buxhall Parish Council,url_unreachable,https://www.buxhall-pc.gov.uk,excel,unreachable (404),,,2026-04-26T15:28:46+00:00
burnsall-parish-meeting,Burnsall (Parish Meeting),no_web_presence_found,,,,,,2026-04-26T15:28:33+00:00
burton-green-parish-council,Burton Green Parish Council,no_web_presence_found,,,,,,2026-04-26T15:28:37+00:00
burton-leonard,Burton Leonard,no_web_presence_found,,,,,,2026-04-26T15:28:38+00:00
burton-leonard-parish-council,Burton Leonard Parish Council,no_web_presence_found,,,,,,2026-04-26T15:28:39+00:00
bythorn-and-keyston-parish-council,Bythorn and Keyston Parish Council,url_unreachable,https://www.bythorn-keyston-pc.gov.uk,excel,unreachable,,"ConnectionError: HTTPSConnectionPool(host='www.bythorn-keyston-pc.gov.uk', port=443): Max retries exceeded with url: / (Caused by NameResolutionError(""HTTPSConnection(host='www.bythorn-keyston-pc.gov.uk', port=443): F",2026-04-26T15:28:48+00:00
burythorpe-parish-council,Burythorpe Parish Council,verified,https://burythorpe.org.uk/,pattern,ok,2,,2026-04-26T15:28:43+00:00
bywell-parish-council,Bywell Parish Council,url_unreachable,https://www.bywellparish.org.uk,excel,unreachable (404),,,2026-04-26T15:28:48+00:00
burton-on-yore-parish-council,Burton-on-yore Parish Council,no_web_presence_found,,,,,,2026-04-26T15:28:39+00:00
burtonwood-and-westbrook-parish-council,Burtonwood and Westbrook Parish Council,no_web_presence_found,,,,,,2026-04-26T15:28:40+00:00
cadeby-parish-meeting,Cadeby Parish Meeting,verified,https://cadebyparishcouncil.gov.uk/,pattern,ok,3,,2026-04-26T15:28:48+00:00
burwardsley-parish-council,Burwardsley Parish Council,no_web_presence_found,,,,,,2026-04-26T15:28:42+00:00
buscot-parish-council,Buscot Parish Council,no_web_presence_found,,,,,,2026-04-26T15:28:44+00:00
burn-parish-council,Burn Parish Council,no_web_presence_found,,,,,,2026-04-26T15:28:27+00:00
caistor-st-edmund-and-bixley-parish-council,Caistor St Edmund and Bixley Parish Council,verified,https://www.cseandbparishcouncil.gov.uk,pre-existing,ok,4,,2026-04-26T15:28:53+00:00
buttercrambe-with-bossall-parish-meeting,Buttercrambe with Bossall (Parish Meeting),no_web_presence_found,,,,,,2026-04-26T15:28:44+00:00
bygrave-parish-council,Bygrave Parish Council,verified,https://www.bygraveparishcouncil.gov.uk/,pattern,ok,5,,2026-04-26T15:28:47+00:00
buxton-with-lammas-parish-council,Buxton with Lammas Parish Council,no_web_presence_found,,,,,,2026-04-26T15:28:46+00:00
callington-town-council,Callington Town Council,verified,https://www.callington-tc.gov.uk/,pre-existing,ok,8,,2026-04-26T15:28:55+00:00
byland-with-wass-parish-council,Byland with Wass Parish Council,no_web_presence_found,,,,,,2026-04-26T15:28:47+00:00
byland-with-wass-and-oldstead,Byland with Wass and Oldstead,no_web_presence_found,,,,,,2026-04-26T15:28:47+00:00
cainscross-town-council,Cainscross Town Council,verified,https://www.cainscross-pc.gov.uk,excel,ok,4,,2026-04-26T15:28:52+00:00
calne-town-council,Calne Town Council,verified,http://www.calne.gov.uk,pre-existing,ok,7,,2026-04-26T15:28:56+00:00
bylaugh-parish-meeting,Bylaugh Parish Meeting,no_web_presence_found,,,,,,2026-04-26T15:28:47+00:00
calstock-parish-council,Calstock Parish Council,verified,https://www.calstockparishcouncil.gov.uk/,pre-existing,ok,6,,2026-04-26T15:28:56+00:00
byley-parish-council,Byley Parish Council,no_web_presence_found,,,,,,2026-04-26T15:28:47+00:00
caddington-parish-council,Caddington Parish Council,no_web_presence_found,,,,,,2026-04-26T15:28:48+00:00
calver-parish-council,Calver Parish Council,verified,https://www.calverparishcouncil.org.uk,pre-existing,ok,4,,2026-04-26T15:28:57+00:00
calvert-green-parish-council,Calvert Green Parish Council,verified,https://www.calvertgreenparishcouncil.gov.uk,pre-existing,ok,5,,2026-04-26T15:28:57+00:00
calverton-parish-council,Calverton Parish Council,verified,https://www.calvertonparishcouncil.gov.uk,pre-existing,ok,4,,2026-04-26T15:28:57+00:00
cam-parish-council,Cam Parish Council,verified,https://www.camparishcouncil.gov.uk,pre-existing,ok,4,,2026-04-26T15:28:57+00:00
camber-parish-council,Camber Parish Council,url_unreachable,https://www.camberparishcouncil.org.uk,excel,unreachable,,"ConnectionError: HTTPSConnectionPool(host='www.camberparishcouncil.org.uk', port=443): Max retries exceeded with url: / (Caused by NameResolutionError(""HTTPSConnection(host='www.camberparishcouncil.org.uk', port=443):",2026-04-26T15:28:57+00:00
bury-parish-council,Bury Parish Council,verified,https://www.bury.gov.uk/,pattern,ok,2,,2026-04-26T15:28:43+00:00
butterwick-parish-council,Butterwick Parish Council,no_web_presence_found,,,,,,2026-04-26T15:28:45+00:00
camborne-town-council,Camborne Town Council,verified,http://www.camborne-tc.gov.uk,pre-existing,ok,8,,2026-04-26T15:28:58+00:00
caenby-parish-council,Caenby Parish Council,no_web_presence_found,,,,,,2026-04-26T15:28:49+00:00
camelford-town-council,Camelford Town Council,verified,https://www.camelford-tc.gov.uk/,pre-existing,ok,2,,2026-04-26T15:28:58+00:00
campbell-park-parish-council,Campbell Park Parish Council,verified,https://www.campbell-park.gov.uk/,pattern,ok,2,,2026-04-26T15:28:58+00:00
caister-on-sea-parish-council,Caister-on-sea Parish Council,no_web_presence_found,,,,,,2026-04-26T15:28:52+00:00
caistor-parish-council,Caistor Parish Council,no_web_presence_found,,,,,,2026-04-26T15:28:53+00:00
caldbergh-with-east-scrafton-parish-meeting,Caldbergh with East Scrafton (Parish Meeting),no_web_presence_found,,,,,,2026-04-26T15:28:53+00:00
callaly-parish-council,Callaly Parish Council,no_web_presence_found,,,,,,2026-04-26T15:28:55+00:00
callow-and-haywood-group-parish-council,Callow and Haywood Group Parish Council,no_web_presence_found,,,,,,2026-04-26T15:28:55+00:00
callow-haywood-group-parish-council,Callow & Haywood Group Parish Council,no_web_presence_found,,,,,,2026-04-26T15:28:56+00:00
calne-without-parish-council,Calne Without Parish Council,no_web_presence_found,,,,,,2026-04-26T15:28:56+00:00
cannington-parish-council,Cannington Parish Council,verified,https://www.cannington.org.uk/,excel,ok,,,2026-04-26T15:29:04+00:00
calveley-parish-council,Calveley Parish Council,no_web_presence_found,,,,,,2026-04-26T15:28:56+00:00
callow-parish-meeting,Callow (Parish Meeting),no_web_presence_found,,,,,,2026-04-26T15:28:56+00:00
camblesforth-parish-council,Camblesforth Parish Council,no_web_presence_found,,,,,,2026-04-26T15:28:57+00:00
capel-st-mary-parish-council,Capel St Mary Parish Council,url_unreachable,https://www.capelstmaryparishcouncil.gov.uk,excel,unreachable,,"ConnectionError: HTTPSConnectionPool(host='www.capelstmaryparishcouncil.gov.uk', port=443): Max retries exceeded with url: / (Caused by NameResolutionError(""HTTPSConnection(host='www.capelstmaryparishcouncil.gov.uk', ",2026-04-26T15:29:06+00:00
cambourne-parish-council,Cambourne Parish Council,verified,https://www.cambournetowncouncil.gov.uk/,pattern,ok,4,,2026-04-26T15:28:58+00:00
camblesforth,Camblesforth,no_web_presence_found,,,,,,2026-04-26T15:28:57+00:00
capel-le-ferne-parish-council,Capel-le-Ferne Parish Council,verified,https://www.capellefernepc.org.uk,excel,ok,5,,2026-04-26T15:29:06+00:00
carbrooke-parish-council,Carbrooke Parish Council,verified,https://www.carbrooke-pc.gov.uk,pre-existing,ok,4,,2026-04-26T15:29:08+00:00
calton-parish-meeting,Calton (Parish Meeting),no_web_presence_found,,,,,,2026-04-26T15:28:56+00:00
canewdon-parish-council,Canewdon Parish Council,verified,https://www.canewdonparishcouncil.gov.uk/,pattern,ok,3,,2026-04-26T15:29:02+00:00
cardington-parish-council,Cardington Parish Council,url_unreachable,https://www.cardingtonparishcouncilshropshire.gov.uk,excel,unreachable,,"SSLError: HTTPSConnectionPool(host='www.cardingtonparishcouncilshropshire.gov.uk', port=443): Max retries exceeded with url: / (Caused by SSLError(SSLCertVerificationError(1, ""[SSL: CERTIFICATE_VERIFY_FAILED] c",2026-04-26T15:29:10+00:00
campton-and-chicksands-parish-council,Campton and Chicksands Parish Council,no_web_presence_found,,,,,,2026-04-26T15:29:01+00:00
carharrack-parish-council,Carharrack Parish Council,url_unreachable,http://carharracknews.co.uk/,excel,unreachable,,"ConnectionError: HTTPConnectionPool(host='carharracknews.co.uk', port=80): Max retries exceeded with url: / (Caused by NameResolutionError(""HTTPConnection(host='carharracknews.co.uk', port=80): Failed to resolve 'carh",2026-04-26T15:29:10+00:00
carlby-parish-council,Carlby Parish Council,verified,https://www.carlbyparish.gov.uk,pre-existing,ok,3,,2026-04-26T15:29:11+00:00
candovers-parish-council,Candovers Parish Council,no_web_presence_found,,,,,,2026-04-26T15:29:02+00:00
candlesby-with-gunby-parish-council,Candlesby with Gunby Parish Council,no_web_presence_found,,,,,,2026-04-26T15:29:02+00:00
canon-frome-parish-council,Canon Frome Parish Council,no_web_presence_found,,,,,,2026-04-26T15:29:04+00:00
cantley-with-branton-parish-council,Cantley with Branton Parish Council,no_web_presence_found,,,,,,2026-04-26T15:29:05+00:00
canvey-island-parish-council,Canvey Island Parish Council,no_web_presence_found,,,,,,2026-04-26T15:29:05+00:00
capenhurst-and-ledsham-parish-council,Capenhurst and Ledsham Parish Council,no_web_presence_found,,,,,,2026-04-26T15:29:07+00:00
capel-st-mary-parish-council-1,Capel St. Mary Parish Council,no_web_presence_found,,,,,,2026-04-26T15:29:07+00:00
car-colston-parish-meeting,Car Colston Parish Meeting,no_web_presence_found,,,,,,2026-04-26T15:29:07+00:00
carhampton-parish-council,Carhampton Parish Council,verified,https://www.carhamptonpc.org.uk/,excel,ok,5,,2026-04-26T15:29:10+00:00
cann-parish-council,Cann Parish Council,no_web_presence_found,,,,,,2026-04-26T15:29:04+00:00
carlton-miniott,Carlton Miniott,verified,https://www.carltonminiott-pc.gov.uk,excel,ok,4,,2026-04-26T15:29:18+00:00
carleton-parish-council,Carleton Parish Council,no_web_presence_found,,,,,,2026-04-26T15:29:11+00:00
carlton-selby-parish-council,Carlton (Selby) Parish Council,verified,https://www.carltonparishcouncil.gov.uk,pre-existing,ok,6,,2026-04-26T15:29:20+00:00
carleton-rode-parish-council,Carleton Rode Parish Council,no_web_presence_found,,,,,,2026-04-26T15:29:11+00:00
carleton-st-peter-parish-council,Carleton St. Peter Parish Council,no_web_presence_found,,,,,,2026-04-26T15:29:11+00:00
carlyon-parish-council,Carlyon Parish Council,verified,https://www.carlyon-pc.gov.uk,pre-existing,ok,7,,2026-04-26T15:29:20+00:00
carham-parish-council,Carham Parish Council,no_web_presence_found,,,,,,2026-04-26T15:29:10+00:00
carden-parish-council,Carden Parish Council,no_web_presence_found,,,,,,2026-04-26T15:29:08+00:00
carlton-parish-council,Carlton Parish Council,verified,https://carltonparishcouncil.gov.uk/,pattern,ok,5,,2026-04-26T15:29:18+00:00
carleton-st-peter-parish-meeting,Carleton St Peter Parish Meeting,no_web_presence_found,,,,,,2026-04-26T15:29:13+00:00
carsington-and-hopton-parish-council,Carsington And Hopton Parish Council,verified,https://www.carsingtonhopton-pc.gov.uk,pre-existing,ok,6,,2026-04-26T15:29:22+00:00
carterton-town-council,Carterton Town Council,verified,https://www.carterton-tc.gov.uk,pre-existing,ok,4,,2026-04-26T15:29:22+00:00
carthorpe,Carthorpe,verified,https://www.carthorpeparishcouncil.gov.uk,excel,ok,2,,2026-04-26T15:29:22+00:00
carlton-colville-parish-council,Carlton Colville Parish Council,no_web_presence_found,,,,,,2026-04-26T15:29:14+00:00
carlton-hambleton-parish-council,Carlton (Hambleton) Parish Council,no_web_presence_found,,,,,,2026-04-26T15:29:14+00:00
carlton-highdale-parish-meeting,Carlton Highdale (Parish Meeting),no_web_presence_found,,,,,,2026-04-26T15:29:16+00:00
cary-moor-parish-council-grouped-council-to-include-alford-lovington-north-barrow-and-south-barrow,"Cary Moor - Parish Council (Grouped Council to include Alford, Lovington, North Barrow and South Barrow)",verified,https://www.carymoorparish.gov.uk/,pre-existing,ok,5,,2026-04-26T15:29:25+00:00
carlton-husthwaite-parish-meeting,Carlton Husthwaite (Parish Meeting),no_web_presence_found,,,,,,2026-04-26T15:29:16+00:00
carlton-in-lindrick-parish-council,Carlton in Lindrick Parish Council,no_web_presence_found,,,,,,2026-04-26T15:29:16+00:00
carthorpe-parish-council,Carthorpe Parish Council,verified,https://www.carthorpeparishcouncil.gov.uk,excel,ok,2,,2026-04-26T15:29:23+00:00
caldwell-parish-meeting,Caldwell (Parish Meeting),no_web_presence_found,,,,,,2026-04-26T15:28:53+00:00
carlton-scroop-parish-council,Carlton Scroop Parish Council,no_web_presence_found,,,,,,2026-04-26T15:29:18+00:00
castle-carrock-and-geltsdale-parish-council,Castle Carrock and Geltsdale Parish Council,url_unreachable,https://www.castlecarrock-pc.gov.uk,excel,unreachable,,"ConnectionError: HTTPSConnectionPool(host='www.castlecarrock-pc.gov.uk', port=443): Max retries exceeded with url: / (Caused by NameResolutionError(""HTTPSConnection(host='www.castlecarrock-pc.gov.uk', port=443): Faile",2026-04-26T15:29:27+00:00
castle-cary-town-council,Castle Cary Town Council,url_unreachable,https://castle-cary.co.uk/council//,excel,unreachable,,"SSLError: HTTPSConnectionPool(host='castle-cary.co.uk', port=443): Max retries exceeded with url: /council// (Caused by SSLError(SSLError(1, '[SSL] unknown error (_ssl.c:1032)')))",2026-04-26T15:29:27+00:00
castle-combe-parish-council,Castle Combe Parish Council,verified,https://www.castlecombepc.org.uk,pre-existing,ok,5,,2026-04-26T15:29:28+00:00
carlton-town,Carlton Town,no_web_presence_found,,,,,,2026-04-26T15:29:20+00:00
carlton-town-parish-council,Carlton Town Parish Council,no_web_presence_found,,,,,,2026-04-26T15:29:20+00:00
carn-brea-parish-council,Carn Brea Parish Council,no_web_presence_found,,,,,,2026-04-26T15:29:20+00:00
castle-sowerby-parish-council,Castle Sowerby Parish Council,verified,https://www.castlesowerby-pc.gov.uk,pre-existing,ok,3,,2026-04-26T15:29:29+00:00
carnforth-parish-council,Carnforth Parish Council,no_web_presence_found,,,,,,2026-04-26T15:29:20+00:00
carperby-cum-thoresby-parish-council,Carperby cum Thoresby Parish Council,no_web_presence_found,,,,,,2026-04-26T15:29:21+00:00
caston-parish-council,Caston Parish Council,verified,https://www.castonparishcouncil.gov.uk,pre-existing,ok,1,,2026-04-26T15:29:30+00:00
castor-parish-council,Castor Parish Council,verified,https://www.castor-pc.gov.uk,pre-existing,ok,6,,2026-04-26T15:29:30+00:00
carrington-parish-council,Carrington Parish Council,no_web_presence_found,,,,,,2026-04-26T15:29:22+00:00
catcott-parish-council,Catcott Parish Council,url_unreachable,https://catcottparishcouncil.org/,excel,unreachable,,"ConnectionError: HTTPSConnectionPool(host='catcottparishcouncil.org', port=443): Max retries exceeded with url: / (Caused by NameResolutionError(""HTTPSConnection(host='catcottparishcouncil.org', port=443): Failed to r",2026-04-26T15:29:31+00:00
cartmel-fell-parish-council,Cartmel Fell Parish Council,no_web_presence_found,,,,,,2026-04-26T15:29:23+00:00
cary-moor-grouped-council,Cary Moor Grouped Council,no_web_presence_found,,,,,,2026-04-26T15:29:23+00:00
caterham-valley-parish-council,Caterham Valley Parish Council,verified,https://www.caterhamvalleypc.org.uk,pre-existing,ok,3,,2026-04-26T15:29:32+00:00
cassop-cum-quarrington-parish-council-1,Cassop-cum-Quarrington Parish Council,no_web_presence_found,,,,,,2026-04-26T15:29:25+00:00
casterton-parish-council,Casterton Parish Council,no_web_presence_found,,,,,,2026-04-26T15:29:25+00:00
castle-ashby-parish-council,Castle Ashby Parish Council,no_web_presence_found,,,,,,2026-04-26T15:29:25+00:00
castle-bolton-with-east-and-west-bolton-parish-meeting,Castle Bolton with East and West Bolton (Parish Meeting),no_web_presence_found,,,,,,2026-04-26T15:29:26+00:00
catcliffe-parish-council,Catcliffe Parish Council,verified,https://www.catcliffeparishcouncil.gov.uk/community/catcliffe-parish-council-20856/home/,pattern,ok,5,,2026-04-26T15:29:30+00:00
castle-camps-parish-council,Castle Camps Parish Council,no_web_presence_found,,,,,,2026-04-26T15:29:27+00:00
castle-donington-parish-council,Castle Donington Parish Council,no_web_presence_found,,,,,,2026-04-26T15:29:28+00:00
catterick-village,Catterick Village,verified,https://www.catterickparishcouncil.gov.uk,pre-existing,ok,2,,2026-04-26T15:29:37+00:00
catterick-village-parish-council,Catterick Village Parish Council,verified,https://www.catterickparishcouncil.gov.uk,pre-existing,ok,2,,2026-04-26T15:29:37+00:00
castle-frome-parish-council,Castle Frome Parish Council,no_web_presence_found,,,,,,2026-04-26T15:29:29+00:00
castle-rising-parish-council,Castle Rising Parish Council,no_web_presence_found,,,,,,2026-04-26T15:29:29+00:00
castleford-parish-council,Castleford Parish Council,no_web_presence_found,,,,,,2026-04-26T15:29:29+00:00
catworth-parish-council,Catworth Parish Council,verified,https://www.catworthparishcouncil.gov.uk,pre-existing,ok,5,,2026-04-26T15:29:38+00:00
cantley-parish-council,Cantley Parish Council,no_web_presence_found,,,,,,2026-04-26T15:29:05+00:00
catsfield-parish-council,Catsfield Parish Council,verified,https://www.catsfield-pc.gov.uk/,pattern,ok,,,2026-04-26T15:29:34+00:00
castlelevington-parish-council,Castlelevington Parish Council,no_web_presence_found,,,,,,2026-04-26T15:29:30+00:00
caterham-on-the-hill-parish-council,Caterham on the Hill Parish Council,no_web_presence_found,,,,,,2026-04-26T15:29:31+00:00
catterick-parish-council,Catterick Parish Council,verified,https://www.catterickparishcouncil.gov.uk/,pattern,ok,2,,2026-04-26T15:29:36+00:00
cawston-parish-council,Cawston Parish Council,verified,https://www.cawstonnorfolk-pc.gov.uk,pre-existing,ok,5,,2026-04-26T15:29:41+00:00
caterham-on-the-hill-parish-council-1,Caterham-on-the-Hill Parish Council,no_web_presence_found,,,,,,2026-04-26T15:29:32+00:00
catmore-parish-meeting,Catmore Parish Meeting,no_web_presence_found,,,,,,2026-04-26T15:29:32+00:00
caunton-parish-council,Caunton Parish Council,verified,https://www.cauntonparishcouncil.gov.uk/community/caunton-parish-council-20985/home/,pattern,ok,5,,2026-04-26T15:29:38+00:00
cayton,Cayton,verified,https://www.caytonparishcouncil.gov.uk,pre-existing,ok,4,,2026-04-26T15:29:43+00:00
catsfield-village-parish-council,Catsfield Village Parish Council,no_web_presence_found,,,,,,2026-04-26T15:29:34+00:00
cattal-hunsingore-and-walshford,"Cattal, Hunsingore and Walshford",no_web_presence_found,,,,,,2026-04-26T15:29:34+00:00
cattal-hunsingore-and-walshford-parish-council,"Cattal, Hunsingore and Walshford Parish Council",no_web_presence_found,,,,,,2026-04-26T15:29:35+00:00
cadbury-parish-council,Cadbury Parish Council,no_web_presence_found,,,,,,2026-04-26T15:28:48+00:00
chacewater-parish-council,Chacewater Parish Council,verified,http://www.chacewater.net,pre-existing,ok,1,,2026-04-26T15:29:45+00:00
chaddesley-corbett-parish-council,Chaddesley Corbett Parish Council,verified,https://www.chaddesleyparishcouncil.gov.uk/,pre-existing,ok,8,,2026-04-26T15:29:45+00:00
chaddleworth-parish-council,Chaddleworth Parish Council,verified,https://www.ChaddleworthParish.gov.uk,pre-existing,ok,4,,2026-04-26T15:29:45+00:00
chadshunt-parish-meeting,Chadshunt Parish Meeting,verified,https://www.stratford-dc.gov.uk,pre-existing,ok,5,,2026-04-26T15:29:45+00:00
chaffcombe-parish-council,Chaffcombe Parish Council,verified,http://www.chaffcombe.com/?page_id=7885,pre-existing,ok,2,,2026-04-26T15:29:45+00:00
chailey-parish-council,Chailey Parish Council,verified,https://www.chaileyparishcouncil.gov.uk,pre-existing,ok,3,,2026-04-26T15:29:45+00:00
chailey-parish-council-1,Chailey Parish Council,verified,https://www.chaileyparishcouncil.gov.uk,pre-existing,ok,3,,2026-04-26T15:29:45+00:00
chaldon-village-council,Chaldon Village Council,url_unreachable,https://www.chaldonvillagecouncil.org.uk,excel,unreachable (403),,,2026-04-26T15:29:45+00:00
catterlen-parish-council,Catterlen Parish Council,no_web_presence_found,,,,,,2026-04-26T15:29:37+00:00
chalfont-st-peter-parish-council,Chalfont St Peter Parish Council,verified,https://www.chalfontstpeter-pc.gov.uk,pre-existing,ok,11,,2026-04-26T15:29:46+00:00
caynham-parish-council,Caynham Parish Council,verified,https://www.caynhamparishcouncil.gov.uk/community/caynham-parish-council-12542/home/,pattern,ok,3,,2026-04-26T15:29:41+00:00
chalford-parish-council,Chalford Parish Council,verified,https://www.chalford-glos.gov.uk,pre-existing,ok,5,,2026-04-26T15:29:47+00:00
chalfont-st-giles-parish-council,Chalfont St Giles Parish Council,verified,https://www.chalfontstgiles-pc.gov.uk,excel,ok,5,,2026-04-26T15:29:46+00:00
cavendish-parish-council,Cavendish Parish Council,no_web_presence_found,,,,,,2026-04-26T15:29:38+00:00
cavenham-parish-meeting,Cavenham Parish Meeting,no_web_presence_found,,,,,,2026-04-26T15:29:39+00:00
caythorpe-parish-council,Caythorpe Parish Council,verified,https://www.caythorpeparishcouncil.gov.uk/community/caythorpe-parish-council-8096/home/,pattern,ok,4,,2026-04-26T15:29:41+00:00
catton-parish-meeting,Catton (Parish Meeting),verified,https://catton-pc.gov.uk/,pattern,ok,3,,2026-04-26T15:29:38+00:00
challock,Challock,verified,https://challockparishcouncil.gov.uk/,pattern,ok,5,,2026-04-26T15:29:48+00:00
central-milton-keynes-parish-council,Central Milton Keynes Parish Council,no_web_presence_found,,,,,,2026-04-26T15:29:43+00:00
chandlers-ford-parish-council,Chandler's Ford Parish Council,verified,https://www.chandlersford-pc.gov.uk,pre-existing,ok,6,,2026-04-26T15:29:52+00:00
chapel-allerton-parish-council,Chapel Allerton Parish Council,verified,https://chapelallertonparishcouncil.co.uk/,pre-existing,ok,3,,2026-04-26T15:29:52+00:00
central-swindon-north-parish-council,Central Swindon North Parish Council,no_web_presence_found,,,,,,2026-04-26T15:29:43+00:00
catton-parish-council,Catton Parish Council,verified,https://catton-pc.gov.uk/,pattern,ok,3,,2026-04-26T15:29:38+00:00
cerne-parish-council,Cerne Parish Council,no_web_presence_found,,,,,,2026-04-26T15:29:44+00:00
chaceley-parish-council,Chaceley Parish Council,no_web_presence_found,,,,,,2026-04-26T15:29:44+00:00
caverswall-parish-council-1,Caverswall Parish Council,url_unreachable,http://caverswall.org.uk/parish-council/,excel,unreachable (404),,,2026-04-26T15:29:40+00:00
chard-town-council,Chard Town Council,verified,https://www.chard.gov.uk/,pre-existing,ok,3,,2026-04-26T15:29:54+00:00
caverswall-parish-council,Caverswall Parish Council,url_unreachable,http://caverswall.org.uk/parish-council/,excel,unreachable (404),,,2026-04-26T15:29:39+00:00
chalfont-st-peter-parish-council-1,Chalfont St. Peter Parish Council,no_web_presence_found,,,,,,2026-04-26T15:29:46+00:00
challock-parish-council,Challock Parish Council,verified,https://challockparishcouncil.gov.uk/,pattern,ok,5,,2026-04-26T15:29:48+00:00
chapmanslade-parish-council,Chapmanslade Parish Council,verified,https://www.chapmansladeparishcouncil.gov.uk,excel,ok,2,,2026-04-26T15:29:53+00:00
chalton-parish-council,Chalton Parish Council,verified,https://chalton-pc.gov.uk/,pattern,ok,7,,2026-04-26T15:29:50+00:00
charley-parish-council,Charley Parish Council,verified,https://www.charleyparishcouncil.gov.uk,excel,ok,2,,2026-04-26T15:29:55+00:00
charlton-horethorne-parish-council,Charlton Horethorne Parish Council,verified,http://charltonhorethorne.org.uk/,pre-existing,ok,5,,2026-04-26T15:29:57+00:00
chalgrove-parish-council,Chalgrove Parish Council,blocked_by_robots,https://chalgrove-parish.org.uk/,pattern,robots-disallow,,,2026-04-26T15:29:48+00:00
challacombe-parish-meeting,Challacombe Parish Meeting,no_web_presence_found,,,,,,2026-04-26T15:29:48+00:00
charlton-musgrove-parish-council,Charlton Musgrove Parish Council,verified,https://charltonmusgrovepc.org.uk/,pre-existing,ok,3,,2026-04-26T15:30:00+00:00
charlton-on-otmoor-parish-council,Charlton-on-Otmoor Parish Council,verified,https://www.charltononotmoor-pc.gov.uk,pre-existing,ok,4,,2026-04-26T15:30:00+00:00
chalvington-with-ripe-parish-council,Chalvington with Ripe Parish Council,no_web_presence_found,,,,,,2026-04-26T15:29:52+00:00
chapel-ascote-parish-meeting,Chapel Ascote Parish Meeting,no_web_presence_found,,,,,,2026-04-26T15:29:53+00:00
chapel-st-leonards-parish-council,Chapel St. Leonards Parish Council,no_web_presence_found,,,,,,2026-04-26T15:29:53+00:00
charlton-kings-parish-council,Charlton Kings Parish Council,verified,https://charlton-kings.org.uk/,pattern,ok,1,,2026-04-26T15:29:57+00:00
chapel-haddlesey,Chapel Haddlesey,no_web_presence_found,,,,,,2026-04-26T15:29:53+00:00
charlton-parish-council,Charlton Parish Council,verified,https://www.charlton-pc.gov.uk,excel,ok,5,,2026-04-26T15:30:00+00:00
charlton-parish-council-1,Charlton Parish Council,verified,https://www.charltonnorthwilts-pc.gov.uk,excel,ok,4,,2026-04-26T15:30:01+00:00
charing-parish-council,Charing Parish Council,no_web_presence_found,,,,,,2026-04-26T15:29:54+00:00
charing,Charing,no_web_presence_found,,,,,,2026-04-26T15:29:54+00:00
charlinch-parish-council,Charlinch Parish Council,no_web_presence_found,,,,,,2026-04-26T15:29:55+00:00
charndon-parish-council,Charndon Parish Council,verified,https://www.charndon-pc.gov.uk,excel,ok,3,,2026-04-26T15:30:02+00:00
chartham,Chartham,verified,https://www.chartham-pc.gov.uk,pre-existing,ok,4,,2026-04-26T15:30:05+00:00
charlton-adam-parish-council,Charlton Adam Parish Council,no_web_presence_found,,,,,,2026-04-26T15:29:56+00:00
chartridge-parish-council,Chartridge Parish Council,verified,https://www.chartridgeparishcouncil.org.uk,pre-existing,ok,0,,2026-04-26T15:30:05+00:00
charlton-hayes-parish-council,Charlton Hayes Parish Council,no_web_presence_found,,,,,,2026-04-26T15:29:57+00:00
chart-sutton-parish-council,Chart Sutton Parish Council,verified,https://www.chartsutton-pc.gov.uk,excel,ok,3,,2026-04-26T15:30:04+00:00
charlton-marshall-parish-council,Charlton Marshall Parish Council,no_web_presence_found,,,,,,2026-04-26T15:29:57+00:00
charmouth-parish-council,Charmouth Parish Council,verified,https://www.charmouthparishcouncil.gov.uk/,pattern,ok,3,,2026-04-26T15:30:02+00:00
charsfield-parish-council,Charsfield Parish Council,verified,https://charsfieldparishcouncil.gov.uk/,pattern,ok,1,,2026-04-26T15:30:03+00:00
chatteris-town-council,Chatteris Town Council,verified,https://www.chatteristowncouncil.gov.uk,excel,ok,,,2026-04-26T15:30:07+00:00
chattisham-and-hintlesham-parish-council,Chattisham and Hintlesham Parish Council,url_unreachable,https://www.hintleshamandchattisham-pc.gov.uk,excel,unreachable,,"SSLError: HTTPSConnectionPool(host='www.hintleshamandchattisham-pc.gov.uk', port=443): Max retries exceeded with url: / (Caused by SSLError(SSLCertVerificationError(1, ""[SSL: CERTIFICATE_VERIFY_FAILED] certific",2026-04-26T15:30:07+00:00
chapel-and-hill-chorlton-parish-council,Chapel and Hill Chorlton Parish Council,url_unreachable,http://chapelandhillchorltonpc.uk/,excel,unreachable,,"ConnectTimeout: HTTPConnectionPool(host='chapelandhillchorltonpc.uk', port=80): Max retries exceeded with url: / (Caused by ConnectTimeoutError(<HTTPConnection(host='chapelandhillchorltonpc.uk', port=80) at 0x1d09494",2026-04-26T15:29:52+00:00
charlton-st-peter-and-wilsford-joint-parish-council,Charlton St Peter and Wilsford Joint Parish Council,no_web_presence_found,,,,,,2026-04-26T15:30:02+00:00
cheadle-town-council,Cheadle Town Council,verified,https://cheadletowncouncil.org.uk,pre-existing,ok,4,,2026-04-26T15:30:11+00:00
charlton-st-peter-parish-council,Charlton St Peter Parish Council,no_web_presence_found,,,,,,2026-04-26T15:30:02+00:00
chebsey-parish-council,Chebsey Parish Council,url_unreachable,http://www.chebseyparishcouncil.org.uk/,excel,unreachable,,"ConnectionError: HTTPConnectionPool(host='www.chebseyparishcouncil.org.uk', port=80): Max retries exceeded with url: / (Caused by NameResolutionError(""HTTPConnection(host='www.chebseyparishcouncil.org.uk', port=80): F",2026-04-26T15:30:12+00:00
charney-bassett-parish-council,Charney Bassett Parish Council,no_web_presence_found,,,,,,2026-04-26T15:30:03+00:00
chearsley-parish-council,Chearsley Parish Council,verified,https://www.chearsley-pc.gov.uk,excel,ok,5,,2026-04-26T15:30:11+00:00
charnock-richard-parish-council,Charnock Richard Parish Council,no_web_presence_found,,,,,,2026-04-26T15:30:03+00:00
cheddar-parish-council,Cheddar Parish Council,verified,https://cheddarparishcouncil.org/,pre-existing,ok,3,,2026-04-26T15:30:12+00:00
cheddleton-parish-council,Cheddleton Parish Council,verified,https://cheddleton-pc.gov.uk/,pre-existing,ok,3,,2026-04-26T15:30:12+00:00
cheddleton-parish-council-1,Cheddleton Parish Council,verified,https://cheddleton-pc.gov.uk/,pre-existing,ok,3,,2026-04-26T15:30:12+00:00
chawton-parish-council,Chawton Parish Council,verified,https://www.chawtonparishcouncil.gov.uk,excel,ok,4,,2026-04-26T15:30:10+00:00
chedgrave-parish-council,Chedgrave Parish Council,verified,https://www.chedgraveparishcouncil.gov.uk,pre-existing,ok,6,,2026-04-26T15:30:13+00:00
checkley-parish-council,Checkley Parish Council,url_unreachable,https://www.checkley.staffslc.gov.uk,excel,unreachable,,"ConnectionError: HTTPSConnectionPool(host='www.checkley.staffslc.gov.uk', port=443): Max retries exceeded with url: / (Caused by NameResolutionError(""HTTPSConnection(host='www.checkley.staffslc.gov.uk', port=443): Fai",2026-04-26T15:30:12+00:00
chastleton-parish-meeting,Chastleton Parish Meeting,no_web_presence_found,,,,,,2026-04-26T15:30:06+00:00
chelford-parish-council,Chelford Parish Council,url_unreachable,https://www.chelfordparishcouncil.org.uk,excel,unreachable (403),,,2026-04-26T15:30:15+00:00
chelmarsh-parish-council,Chelmarsh Parish Council,verified,https://www.chelmarshparishcouncil.gov.uk,pre-existing,ok,2,,2026-04-26T15:30:15+00:00
chatsworth-parish-meeting,Chatsworth (Parish Meeting),no_web_presence_found,,,,,,2026-04-26T15:30:06+00:00
chelmondiston-parish-council,Chelmondiston Parish Council,verified,https://www.chelmondiston-pc.gov.uk,pre-existing,ok,5,,2026-04-26T15:30:16+00:00
chelmorton-parish-council,Chelmorton Parish Council,verified,https://www.chelmortonparish.org.uk,pre-existing,ok,3,,2026-04-26T15:30:16+00:00
chedzoy-parish-council,Chedzoy Parish Council,verified,http://www.chedzoyparishcouncil.gov.uk/,excel,ok,4,,2026-04-26T15:30:13+00:00
chatton-parish-council,Chatton Parish Council,no_web_presence_found,,,,,,2026-04-26T15:30:08+00:00
cherhill-parish-council,Cherhill Parish Council,verified,https://www.cherhillparish.gov.uk,pre-existing,ok,4,,2026-04-26T15:30:17+00:00
chattisham-parish-council,Chattisham Parish Council,no_web_presence_found,,,,,,2026-04-26T15:30:07+00:00
chalgrave-parish-council,Chalgrave Parish Council,verified,https://chalgrave-pc.gov.uk/,pattern,ok,4,,2026-04-26T15:29:47+00:00
charlwood-parish-council,Charlwood Parish Council,verified,https://www.charlwoodparishcouncil.gov.uk/,pattern,ok,3,,2026-04-26T15:30:02+00:00
cheddon-fitzpaine-parish-council,Cheddon Fitzpaine Parish Council,verified,https://cfpc.co.uk/,excel,ok,5,,2026-04-26T15:30:12+00:00
chelmer-parish-council,Chelmer Parish Council,verified,https://chelmer-pc.gov.uk/,pattern,ok,3,,2026-04-26T15:30:15+00:00
checkley-parish-council-1,Checkley Parish Council,no_web_presence_found,,,,,,2026-04-26T15:30:12+00:00
cheslyn-hay-parish-council,Cheslyn Hay Parish Council,verified,https://cheslynhayparish.gov.uk/,pre-existing,ok,7,,2026-04-26T15:30:21+00:00
chelwood-parish-council,Chelwood Parish Council,verified,https://www.chelwood.org.uk/,pattern,ok,1,,2026-04-26T15:30:16+00:00
chedington-parish-council,Chedington Parish Council,no_web_presence_found,,,,,,2026-04-26T15:30:13+00:00
cawthorne-parish-council,Cawthorne Parish Council,verified,https://www.cawthorne.org.uk/,pattern,ok,2,,2026-04-26T15:29:41+00:00
cheriton-parish-council,Cheriton Parish Council,verified,https://www.cheritonparishcouncil.gov.uk/community/cheriton-parish-council-15038/home/,pattern,ok,2,,2026-04-26T15:30:17+00:00
chestfield,Chestfield,verified,https://www.chestfieldparishcouncil.gov.uk,pre-existing,ok,8,,2026-04-26T15:30:24+00:00
chestfield-parish-council,Chestfield Parish Council,verified,https://www.chestfieldparishcouncil.gov.uk,pre-existing,ok,8,,2026-04-26T15:30:24+00:00
chesham-town-council,Chesham Town Council,verified,https://www.chesham.gov.uk,excel,ok,4,,2026-04-26T15:30:20+00:00
chelsworth-parish-meeting,Chelsworth Parish Meeting,no_web_presence_found,,,,,,2026-04-26T15:30:16+00:00
chevening-parish-council,Chevening Parish Council,verified,https://www.cheveningparishcouncil.gov.uk,pre-existing,ok,6,,2026-04-26T15:30:25+00:00
cheswardine-parish-council,Cheswardine Parish Council,verified,https://www.cheswardineparishcouncil.org.uk,excel,ok,8,,2026-04-26T15:30:24+00:00
chevington-parish-council,Chevington Parish Council,verified,https://www.chevingtonparishcouncil.gov.uk,pre-existing,ok,5,,2026-04-26T15:30:25+00:00
cherington-and-stourton-joint-parish-council,Cherington and Stourton Joint Parish Council,no_web_presence_found,,,,,,2026-04-26T15:30:17+00:00
cheriton-bishop-parish-council,Cheriton Bishop Parish Council,no_web_presence_found,,,,,,2026-04-26T15:30:17+00:00
cherington-and-stourton-parish-council,Cherington and Stourton Parish Council,no_web_presence_found,,,,,,2026-04-26T15:30:17+00:00
charwelton-parish-meeting,Charwelton Parish Meeting,no_web_presence_found,,,,,,2026-04-26T15:30:05+00:00
chesterton-parish-council,Chesterton Parish Council,url_unreachable,https://www.chestertonparishcouncil.org.uk,excel,unreachable,,"ReadTimeout: HTTPSConnectionPool(host='www.chestertonparishcouncil.org.uk', port=443): Read timed out. (read timeout=6)",2026-04-26T15:30:22+00:00
cheverell-magna-parish-council,Cheverell Magna Parish Council,verified,https://www.cheverellmagnaparishcouncil.gov.uk,excel,ok,5,,2026-04-26T15:30:25+00:00
cherry-willingham-parish-council,Cherry Willingham Parish Council,no_web_presence_found,,,,,,2026-04-26T15:30:20+00:00
chiddingfold-parish-council,Chiddingfold Parish Council,verified,https://www.chiddingfold-pc.gov.uk,pre-existing,ok,6,,2026-04-26T15:30:29+00:00
chiddingly-parish-council,Chiddingly Parish Council,verified,https://www.chiddingly.gov.uk,pre-existing,ok,3,,2026-04-26T15:30:29+00:00
chiddingstone-parish-council,Chiddingstone Parish Council,verified,https://www.chiddingstoneparish.gov.uk,pre-existing,ok,6,,2026-04-26T15:30:29+00:00
chester-castle-parish-council,Chester Castle Parish Council,no_web_presence_found,,,,,,2026-04-26T15:30:21+00:00
chesterton-kingston-parish-council,Chesterton Kingston Parish Council,no_web_presence_found,,,,,,2026-04-26T15:30:22+00:00
chesterton-and-kingston-parish-meeting,Chesterton and Kingston Parish Meeting,no_web_presence_found,,,,,,2026-04-26T15:30:22+00:00
cheswick-green-parish-council,Cheswick Green Parish Council,no_web_presence_found,,,,,,2026-04-26T15:30:24+00:00
chigwell-parish-council,Chigwell Parish Council,verified,https://www.chigwellparishcouncil.gov.uk,pre-existing,ok,6,,2026-04-26T15:30:33+00:00
chilbolton-parish-council,Chilbolton Parish Council,verified,https://www.chilboltonparishcouncil.org.uk,pre-existing,ok,3,,2026-04-26T15:30:33+00:00
chew-magna-parish-council,Chew Magna Parish Council,no_web_presence_found,,,,,,2026-04-26T15:30:25+00:00
chilcompton-parish-council,Chilcompton Parish Council,verified,https://www.chilcompton.org/,pre-existing,ok,6,,2026-04-26T15:30:34+00:00
catterall-parish-council,Catterall Parish Council,no_web_presence_found,,,,,,2026-04-26T15:29:35+00:00
chew-stoke-parish-council,Chew Stoke Parish Council,no_web_presence_found,,,,,,2026-04-26T15:30:26+00:00
chilham,Chilham,verified,https://www.chilhamparishcouncil.gov.uk,pre-existing,ok,7,,2026-04-26T15:30:35+00:00
chilham-parish-council,Chilham Parish Council,verified,https://www.chilhamparishcouncil.gov.uk,pre-existing,ok,7,,2026-04-26T15:30:35+00:00
chewton-mendip-parish-council,Chewton Mendip Parish Council,no_web_presence_found,,,,,,2026-04-26T15:30:26+00:00
chichester-parish-council,Chichester Parish Council,no_web_presence_found,,,,,,2026-04-26T15:30:26+00:00
chieveley-parish-council,Chieveley Parish Council,verified,https://chieveleyparishcouncil.gov.uk/,pattern,ok,2,,2026-04-26T15:30:31+00:00
chicklade-parish-meeting,Chicklade Parish Meeting,no_web_presence_found,,,,,,2026-04-26T15:30:28+00:00
chilthorne-domer-parish-council,Chilthorne Domer Parish Council,verified,https://chilthornedomer-pc.gov.uk,pre-existing,ok,3,,2026-04-26T15:30:37+00:00
chickney-parish-council,Chickney Parish Council,no_web_presence_found,,,,,,2026-04-26T15:30:28+00:00
chilton-foliat-parish-council,Chilton Foliat Parish Council,verified,http://www.chiltonfoliat.com,pre-existing,ok,4,,2026-04-26T15:30:38+00:00
chilton-parish-council,Chilton Parish Council,verified,https://www.chiltonpcsuffolk.org.uk,pre-existing,ok,8,,2026-04-26T15:30:38+00:00
chilton-parish-council-1,Chilton Parish Council,verified,https://www.chiltonpcsuffolk.org.uk,pre-existing,ok,8,,2026-04-26T15:30:38+00:00
chilton-trinity-parish-council,Chilton Trinity Parish Council,verified,https://www.chiltontrinity.org/,pre-existing,ok,3,,2026-04-26T15:30:38+00:00
chickney,Chickney,no_web_presence_found,,,,,,2026-04-26T15:30:28+00:00
chilworth-parish-council,Chilworth Parish Council,url_unreachable,https://www.chilworthparishcouncil.gov.uk,excel,unreachable,,"ConnectionError: HTTPSConnectionPool(host='www.chilworthparishcouncil.gov.uk', port=443): Max retries exceeded with url: / (Caused by NameResolutionError(""HTTPSConnection(host='www.chilworthparishcouncil.gov.uk', port",2026-04-26T15:30:38+00:00
chinley-buxworth-brownside-parish-council,"Chinley, Buxworth & Brownside Parish Council",verified,https://www.chinleybuxworthbrownside-pc.gov.uk,pre-existing,ok,7,,2026-04-26T15:30:38+00:00
chidham-and-hambrook-parish-council,Chidham and Hambrook Parish Council,no_web_presence_found,,,,,,2026-04-26T15:30:29+00:00
chippenham-town-council,Chippenham Town Council,verified,http://www.chippenham.gov.uk,pre-existing,ok,9,,2026-04-26T15:30:38+00:00
chippenham-without-parish-council,Chippenham Without Parish Council,verified,https://www.chippenhamwithoutparishcouncil.gov.uk,pre-existing,ok,5,,2026-04-26T15:30:38+00:00
chipping-norton-town-council,Chipping Norton Town Council,verified,https://www.chippingnorton-tc.gov.uk,pre-existing,ok,7,,2026-04-26T15:30:38+00:00
charton-parish-council,Charton Parish Council,no_web_presence_found,,,,,,2026-04-26T15:30:05+00:00
chipping-warden-and-edgcote-parish-council,Chipping Warden and Edgcote Parish Council,verified,https://www.chippingwardenparishcouncil.gov.uk,pre-existing,ok,7,,2026-04-26T15:30:38+00:00
chipstable-parish-council,Chipstable Parish Council,verified,https://www.chipstableparishcouncil.org/,pre-existing,ok,8,,2026-04-26T15:30:38+00:00
chirton-parish-council,Chirton Parish Council,verified,https://www.chirtonandconock-pc.org.uk,pre-existing,ok,7,,2026-04-26T15:30:38+00:00
chineham-parish-council,Chineham Parish Council,url_unreachable,https://www.chineham.gov.uk,excel,unreachable,,"SSLError: HTTPSConnectionPool(host='www.chineham.gov.uk', port=443): Max retries exceeded with url: / (Caused by SSLError(SSLCertVerificationError(1, ""[SSL: CERTIFICATE_VERIFY_FAILED] certificate verify failed:",2026-04-26T15:30:38+00:00
chinnor-parish-council,Chinnor Parish Council,verified,https://www.chinnorparishcouncil.gov.uk,excel,ok,3,,2026-04-26T15:30:38+00:00
chignall-parish-council,Chignall Parish Council,no_web_presence_found,,,,,,2026-04-26T15:30:31+00:00
chisworth-parish-council,Chisworth Parish Council,verified,https://www.chisworthparishcouncil.gov.uk,pre-existing,ok,6,,2026-04-26T15:30:40+00:00
chidlow-parish-council,Chidlow Parish Council,no_web_presence_found,,,,,,2026-04-26T15:30:31+00:00
chiseldon-parish-council,Chiseldon Parish Council,verified,https://www.chiseldon-pc.gov.uk/,pattern,ok,4,,2026-04-26T15:30:38+00:00
chilcomb-parish-meeting,Chilcomb Parish Meeting,no_web_presence_found,,,,,,2026-04-26T15:30:33+00:00
childerley-parish-council,Childerley Parish Council,no_web_presence_found,,,,,,2026-04-26T15:30:34+00:00
chillesford-parish-council,Chillesford Parish Council,no_web_presence_found,,,,,,2026-04-26T15:30:35+00:00
chillingham-parish-council,Chillingham Parish Council,no_web_presence_found,,,,,,2026-04-26T15:30:35+00:00
chillington-parish-meeting,Chillington Parish Meeting,no_web_presence_found,,,,,,2026-04-26T15:30:36+00:00
chilmark-parish-council,Chilmark Parish Council,no_web_presence_found,,,,,,2026-04-26T15:30:36+00:00
chilton-cantelo-parish-meeting,Chilton Cantelo Parish Meeting,no_web_presence_found,,,,,,2026-04-26T15:30:37+00:00
chislet,Chislet,verified,https://chisletparishcouncil.co.uk/,pattern,ok,2,,2026-04-26T15:30:39+00:00
choppington-parish-council,Choppington Parish Council,verified,https://www.capheatonparishcouncil.gov.uk,pre-existing,ok,4,,2026-04-26T15:30:46+00:00
chitterne-parish-council,Chitterne Parish Council,verified,https://www.chitternepc.org.uk,pattern,ok,,,2026-04-26T15:30:40+00:00
cholmondeston-wettenhall-parish-council,Cholmondeston & Wettenhall Parish Council,url_unreachable,https://www.cholmondestonandwettenhall-pc.gov.uk,excel,unreachable (403),,,2026-04-26T15:30:46+00:00
chipping-parish-council,Chipping Parish Council,no_web_presence_found,,,,,,2026-04-26T15:30:38+00:00
chollerton-parish-council,Chollerton Parish Council,verified,https://www.chollerton-pc.gov.uk/community/chollerton-parish-council-21058/home/,pattern,ok,3,,2026-04-26T15:30:44+00:00
chedburgh-parish-council,Chedburgh Parish Council,verified,https://www.chedburgh-pc.gov.uk/,pattern,ok,3,,2026-04-26T15:30:12+00:00
chittlehamholt-satterleigh-and-warkleigh-parish-council,"Chittlehamholt, Satterleigh and Warkleigh Parish Council",no_web_presence_found,,,,,,2026-04-26T15:30:40+00:00
chislet-parish-council,Chislet Parish Council,verified,https://chisletparishcouncil.co.uk/,pattern,ok,2,,2026-04-26T15:30:40+00:00
chorleywood-parish-council,Chorleywood Parish Council,verified,https://www.chorleywood-pc.gov.uk/,pattern,ok,5,,2026-04-26T15:30:47+00:00
cholderton-parish-meeting,Cholderton Parish Meeting,no_web_presence_found,,,,,,2026-04-26T15:30:42+00:00
cholesbury-cum-st-leonards-parish-council,Cholesbury-Cum-St Leonards Parish Council,no_web_presence_found,,,,,,2026-04-26T15:30:43+00:00
chatburn-parish-council,Chatburn Parish Council,no_web_presence_found,,,,,,2026-04-26T15:30:06+00:00
christleton-parish-council,Christleton Parish Council,verified,https://christleton-pc.gov.uk/,pattern,ok,5,,2026-04-26T15:30:51+00:00
christow-parish-council,Christow Parish Council,url_unreachable,https://www.christowparishcouncil.gov.uk,excel,unreachable,,"SSLError: HTTPSConnectionPool(host='www.christowparishcouncil.gov.uk', port=443): Max retries exceeded with url: / (Caused by SSLError(SSLCertVerificationError(1, ""[SSL: CERTIFICATE_VERIFY_FAILED] certificate v",2026-04-26T15:30:52+00:00
chorley-parish-council,Chorley Parish Council,verified,https://chorley-pc.gov.uk/,pattern,ok,4,,2026-04-26T15:30:46+00:00
cholmondeley-chorley-parish-council,Cholmondeley & Chorley Parish Council,no_web_presence_found,,,,,,2026-04-26T15:30:44+00:00
cholmondeley-parish-council,Cholmondeley Parish Council,no_web_presence_found,,,,,,2026-04-26T15:30:45+00:00
christian-malford-parish-council,Christian Malford Parish Council,verified,https://www.christianmalfordparishcouncil.gov.uk,excel,ok,4,,2026-04-26T15:30:51+00:00
chobham-parish-council,Chobham Parish Council,no_web_presence_found,,,,,,2026-04-26T15:30:41+00:00
cholmondeston-parish-council,Cholmondeston Parish Council,no_web_presence_found,,,,,,2026-04-26T15:30:45+00:00
christchurch-parish-council,Christchurch Parish Council,verified,https://christchurch.org.uk/,pattern,ok,1,,2026-04-26T15:30:49+00:00
chorley-wilmslow-west-and-chorley-ward-parish-council,Chorley (wilmslow West and Chorley Ward) Parish Council,no_web_presence_found,,,,,,2026-04-26T15:30:46+00:00
churcham-parish-council,Churcham Parish Council,verified,https://www.churchamparishcouncil.org.uk,pre-existing,ok,9,,2026-04-26T15:30:55+00:00
chorley-wrenbury-ward-parish-council,Chorley (wrenbury Ward) Parish Council,no_web_presence_found,,,,,,2026-04-26T15:30:47+00:00
churchill-and-blakedown-parish-council,Churchill and Blakedown Parish Council,verified,https://churchillandblakedown-pc.gov.uk/,pre-existing,ok,10,,2026-04-26T15:30:56+00:00
churchill-and-sarsden-parish-council,Churchill and Sarsden Parish Council,verified,https://www.churchillandsarsden-pc.gov.uk,pre-existing,ok,4,,2026-04-26T15:30:56+00:00
churchdown-parish-council,Churchdown Parish Council,verified,https://www.churchdown-pc.gov.uk,excel,ok,1,,2026-04-26T15:30:55+00:00
chorlton-parish-council,Chorlton Parish Council,no_web_presence_found,,,,,,2026-04-26T15:30:47+00:00
church-fenton,Church Fenton,verified,https://www.churchfenton-pc.gov.uk,excel,ok,4,,2026-04-26T15:30:53+00:00
chowley-parish-council,Chowley Parish Council,no_web_presence_found,,,,,,2026-04-26T15:30:49+00:00
chute-parish-council,Chute Parish Council,verified,https://www.chuteparishcouncil.gov.uk,pre-existing,ok,8,,2026-04-26T15:30:57+00:00
cinderford-town-council,Cinderford Town Council,verified,https://www.cinderfordtowncouncil.gov.uk,pre-existing,ok,8,,2026-04-26T15:30:57+00:00
church-stretton-town-council,Church Stretton Town Council,verified,https://www.churchstretton-tc.gov.uk,excel,ok,4,,2026-04-26T15:30:55+00:00
city-of-durham-parish-council,City of Durham Parish Council,verified,https://www.cityofdurham-pc.gov.uk,pre-existing,ok,2,,2026-04-26T15:30:58+00:00
claife-parish-council,Claife Parish Council,verified,https://www.claife-pc.gov.uk,pre-existing,ok,2,,2026-04-26T15:30:58+00:00
church-lawton-parish-council,Church Lawton Parish Council,verified,https://www.churchlawton-pc.gov.uk,excel,ok,4,,2026-04-26T15:30:54+00:00
clapham-cum-newby,Clapham-Cum-Newby,url_unreachable,https://www.claphamcumnewby-pc.gov.uk,excel,unreachable,,"ConnectionError: HTTPSConnectionPool(host='www.claphamcumnewby-pc.gov.uk', port=443): Max retries exceeded with url: / (Caused by NameResolutionError(""HTTPSConnection(host='www.claphamcumnewby-pc.gov.uk', port=443): F",2026-04-26T15:30:58+00:00
chute-forest-parish-council,Chute Forest Parish Council,verified,https://www.chuteforest-pc.gov.uk,excel,ok,4,,2026-04-26T15:30:57+00:00
chrishall-parish-council,Chrishall Parish Council,verified,https://www.chrishall-pc.gov.uk/,pattern,ok,5,,2026-04-26T15:30:49+00:00
cirencester-parish-council,Cirencester Parish Council,verified,https://cirencester.gov.uk/,pattern,ok,2,,2026-04-26T15:30:57+00:00
clanfield-parish-council,Clanfield Parish Council,verified,https://www.clanfieldpc.org.uk,excel,ok,4,,2026-04-26T15:30:58+00:00
clarendon-park-parish-council,Clarendon Park Parish Council,verified,https://www.clarendonparkparishcouncil.gov.uk,pre-existing,ok,6,,2026-04-26T15:31:01+00:00
clapham-cum-newby-parish-council,Clapham-Cum-Newby Parish Council,url_unreachable,https://www.claphamcumnewby-pc.gov.uk,excel,unreachable,,"ConnectionError: HTTPSConnectionPool(host='www.claphamcumnewby-pc.gov.uk', port=443): Max retries exceeded with url: / (Caused by NameResolutionError(""HTTPSConnection(host='www.claphamcumnewby-pc.gov.uk', port=443): F",2026-04-26T15:30:58+00:00
church-eaton-parish-council,Church Eaton Parish Council,no_web_presence_found,,,,,,2026-04-26T15:30:53+00:00
clapham-parish-council,Clapham Parish Council,verified,https://clapham-pc.gov.uk/,pattern,ok,1,,2026-04-26T15:30:58+00:00
clavering,Clavering,verified,https://www.claveringparishcouncil.gov.uk,pre-existing,ok,3,,2026-04-26T15:31:02+00:00
church-crookham-parish-council,Church Crookham Parish Council,no_web_presence_found,,,,,,2026-04-26T15:30:53+00:00
clatworthy-parish-council,Clatworthy Parish Council,verified,https://www.clatworthy-parish.uk,excel,ok,2,,2026-04-26T15:31:01+00:00
church-knowle-parish-council,Church Knowle Parish Council,no_web_presence_found,,,,,,2026-04-26T15:30:53+00:00
churton-parish-council,Churton Parish Council,verified,https://churtonparishcouncil.gov.uk/,pattern,ok,2,,2026-04-26T15:30:56+00:00
claxton-parish-council,Claxton Parish Council,verified,https://www.claxton-pc.gov.uk,pre-existing,ok,4,,2026-04-26T15:31:03+00:00
church-minshull-parish-council,Church Minshull Parish Council,no_web_presence_found,,,,,,2026-04-26T15:30:54+00:00
clay-cross-parish-council,Clay Cross Parish Council,verified,https://www.claycross.gov.uk,pre-existing,ok,5,,2026-04-26T15:31:03+00:00
church-preen-parish-council,Church Preen Parish Council,no_web_presence_found,,,,,,2026-04-26T15:30:55+00:00
church-pulverbatch-parish-council,Church Pulverbatch Parish Council,no_web_presence_found,,,,,,2026-04-26T15:30:55+00:00
claydon-and-whitton-parish-council,Claydon and Whitton Parish Council,verified,https://www.claydonandwhitton-pc.gov.uk,pre-existing,ok,6,,2026-04-26T15:31:04+00:00
churt-parish-council,Churt Parish Council,no_web_presence_found,,,,,,2026-04-26T15:30:56+00:00
clavering-parish-council,Clavering Parish Council,verified,https://www.claveringparishcouncil.gov.uk/,pattern,ok,3,,2026-04-26T15:31:02+00:00
chulmleigh-parish-council,Chulmleigh Parish Council,verified,https://chulmleighparishcouncil.gov.uk/,pattern,ok,5,,2026-04-26T15:30:53+00:00
claypole-parish-council,Claypole Parish Council,url_unreachable,https://www.claypole-pc.gov.uk,excel,unreachable,,"ConnectionError: HTTPSConnectionPool(host='www.claypole-pc.gov.uk', port=443): Max retries exceeded with url: / (Caused by NameResolutionError(""HTTPSConnection(host='www.claypole-pc.gov.uk', port=443): Failed to resol",2026-04-26T15:31:06+00:00
childrey-parish-council,Childrey Parish Council,no_web_presence_found,,,,,,2026-04-26T15:30:34+00:00
clapton-on-the-hill-parish-meeting,Clapton-on-the-Hill Parish Meeting,no_web_presence_found,,,,,,2026-04-26T15:31:00+00:00
cleator-moor-town-council,Cleator Moor Town Council,verified,https://www.cleatormoortowncouncil.gov.uk,pre-existing,ok,3,,2026-04-26T15:31:09+00:00
claygate-parish-council,Claygate Parish Council,verified,https://www.claygateparishcouncil.gov.uk/,pattern,ok,5,,2026-04-26T15:31:04+00:00
clare-town-council,Clare Town Council,no_web_presence_found,,,,,,2026-04-26T15:31:00+00:00
claughton-parish-council,Claughton Parish Council,no_web_presence_found,,,,,,2026-04-26T15:31:01+00:00
claverham-parish-council,Claverham Parish Council,no_web_presence_found,,,,,,2026-04-26T15:31:02+00:00
claverley-parish-council,Claverley Parish Council,no_web_presence_found,,,,,,2026-04-26T15:31:02+00:00
claxton-and-sand-hutton-parish-council,Claxton and Sand Hutton Parish Council,no_web_presence_found,,,,,,2026-04-26T15:31:02+00:00
clerk-hartlip-parish-council,Clerk - Hartlip Parish Council,verified,https://www.hartlippc.gov.uk,pre-existing,ok,7,,2026-04-26T15:31:11+00:00
clerk-to-ascott-under-wychood-parish-council,Clerk to Ascott under Wychood Parish Council,verified,https://www.ascottpc.org.uk,pre-existing,ok,4,,2026-04-26T15:31:11+00:00
clawson-hose-and-harby-parish-council,"Clawson, Hose and Harby Parish Council",no_web_presence_found,,,,,,2026-04-26T15:31:02+00:00
churchill-parish-council,Churchill Parish Council,verified,https://churchillpc.org.uk/,pattern,ok,2,,2026-04-26T15:30:56+00:00
clay-coton-parish-meeting,Clay Coton Parish Meeting,no_web_presence_found,,,,,,2026-04-26T15:31:03+00:00
clayworth-parish-council,Clayworth Parish Council,verified,https://www.clayworth-pc.gov.uk/community/clayworth-parish-council-21139/home/,pattern,ok,3,,2026-04-26T15:31:07+00:00
claybrooke-parva-parish-council,Claybrooke Parva Parish Council,no_web_presence_found,,,,,,2026-04-26T15:31:04+00:00
claybrooke-magna-parish-council,Claybrooke Magna Parish Council,no_web_presence_found,,,,,,2026-04-26T15:31:03+00:00
clifford-parish-council,Clifford Parish Council,verified,https://clifford-pc.gov.uk/,pattern,ok,4,,2026-04-26T15:31:13+00:00
clayhanger-parish-council,Clayhanger Parish Council,no_web_presence_found,,,,,,2026-04-26T15:31:05+00:00
clifton-campvillethorpe-constantine-parish-council,Clifton Campville/Thorpe Constantine Parish Council,verified,https://www.cliftoncampvillewiththorpeconstantinepc.info/,pre-existing,ok,5,,2026-04-26T15:31:15+00:00
clayton-le-woods-parish-council,Clayton-le-woods Parish Council,no_web_presence_found,,,,,,2026-04-26T15:31:06+00:00
clayhidon-parish-council,Clayhidon Parish Council,no_web_presence_found,,,,,,2026-04-26T15:31:06+00:00
clevedon-town-council,Clevedon Town Council,verified,https://clevedon.gov.uk/,pattern,ok,4,,2026-04-26T15:31:11+00:00
clenchwarton-parish-council,Clenchwarton Parish Council,verified,https://clenchwartonparishcouncil.gov.uk/,pattern,ok,1,,2026-04-26T15:31:10+00:00
cleeve-prior-parish-council,Cleeve Prior Parish Council,no_web_presence_found,,,,,,2026-04-26T15:31:09+00:00
clee-st-margaret-parish-council-1,Clee St. Margaret Parish Council,no_web_presence_found,,,,,,2026-04-26T15:31:09+00:00
clehonger-parish-council,Clehonger Parish Council,no_web_presence_found,,,,,,2026-04-26T15:31:10+00:00
cleobury-north-parish-council,Cleobury North Parish Council,no_web_presence_found,,,,,,2026-04-26T15:31:11+00:00
cleobury-mortimer-town-council,Cleobury Mortimer Town Council,no_web_presence_found,,,,,,2026-04-26T15:31:11+00:00
cley-next-the-sea-parish-council,Cley next the Sea Parish Council,no_web_presence_found,,,,,,2026-04-26T15:31:11+00:00
closworth-parish-meeting,Closworth Parish Meeting,url_unreachable,https://www.closworthparishmeeting.gov.uk,excel,unreachable,,"ConnectionError: HTTPSConnectionPool(host='www.closworthparishmeeting.gov.uk', port=443): Max retries exceeded with url: / (Caused by NameResolutionError(""HTTPSConnection(host='www.closworthparishmeeting.gov.uk', port",2026-04-26T15:31:21+00:00
clifford-chambers-milcote-parish-council,Clifford Chambers Milcote Parish Council,no_web_presence_found,,,,,,2026-04-26T15:31:13+00:00
cloughton,Cloughton,verified,https://www.cloughton-pc.gov.uk,pre-existing,ok,5,,2026-04-26T15:31:22+00:00
clipston-parish-council,Clipston Parish Council,verified,https://clipstonparishcouncil.gov.uk/,pattern,ok,2,,2026-04-26T15:31:17+00:00
clifton-campville-parish-council,Clifton Campville Parish Council,no_web_presence_found,,,,,,2026-04-26T15:31:14+00:00
clun-town-council-with-chapel-lawn,Clun Town Council with Chapel Lawn,verified,https://www.cluntowncouncil.gov.uk,pre-existing,ok,5,,2026-04-26T15:31:23+00:00
clifton-parish-council,Clifton Parish Council,no_web_presence_found,,,,,,2026-04-26T15:31:15+00:00
clowne-parish-council,Clowne Parish Council,verified,https://www.clowneparishcouncil.gov.uk,excel,ok,3,,2026-04-26T15:31:22+00:00
clifton-upon-dunsmore-parish-council,Clifton upon Dunsmore Parish Council,no_web_presence_found,,,,,,2026-04-26T15:31:15+00:00
climping-parish-council,Climping Parish Council,no_web_presence_found,,,,,,2026-04-26T15:31:16+00:00
clive-parish-council,Clive Parish Council,url_unreachable,https://www.clive-pc.gov.uk,excel,unreachable,,"ReadTimeout: HTTPSConnectionPool(host='www.clive-pc.gov.uk', port=443): Read timed out. (read timeout=6)",2026-04-26T15:31:19+00:00
clutton-parish-council,Clutton Parish Council,verified,https://clutton-pc.gov.uk/,pattern,ok,5,,2026-04-26T15:31:24+00:00
clipston-on-the-wolds-parish-meeting,Clipston on the Wolds Parish Meeting,no_web_presence_found,,,,,,2026-04-26T15:31:16+00:00
clophill-parish-council,Clophill Parish Council,verified,https://clophill-pc.gov.uk/,pattern,ok,6,,2026-04-26T15:31:20+00:00
coddenham-parish-council,Coddenham Parish Council,verified,https://www.coddenham-pc.gov.uk,pre-existing,ok,2,,2026-04-26T15:31:27+00:00
clipstone-parish-council,Clipstone Parish Council,no_web_presence_found,,,,,,2026-04-26T15:31:18+00:00
clitheroe-parish-council,Clitheroe Parish Council,no_web_presence_found,,,,,,2026-04-26T15:31:18+00:00
codford-parish-council,Codford Parish Council,verified,https://www.codfordpc.org.uk,pre-existing,ok,4,,2026-04-26T15:31:27+00:00
clyffe-pypard-and-bushton-parish-council,Clyffe Pypard and Bushton Parish Council,verified,http://www.clyffepypardbushton.org.uk,excel,ok,6,,2026-04-26T15:31:24+00:00
codsall-parish-council,Codsall Parish Council,verified,http://www.codsallparishcouncil.co.uk/,pre-existing,ok,0,,2026-04-26T15:31:29+00:00
cliviger-parish-council,Cliviger Parish Council,no_web_presence_found,,,,,,2026-04-26T15:31:20+00:00
colan-parish-council,Colan Parish Council,verified,https://colanparishcouncil.co.uk/,pre-existing,ok,4,,2026-04-26T15:31:29+00:00
clotton-hoofield-parish-council,Clotton Hoofield Parish Council,no_web_presence_found,,,,,,2026-04-26T15:31:21+00:00
colburn-town,Colburn Town,url_unreachable,https://www.colburn-tc.gov.uk,excel,unreachable (530),,,2026-04-26T15:31:30+00:00
colby-and-banningham-parish-council,Colby and Banningham Parish Council,verified,https://www.colby-banningham-pc.gov.uk,pre-existing,ok,5,,2026-04-26T15:31:31+00:00
cold-ash-parish-council,Cold Ash Parish Council,verified,https://www.coldashparishcouncil.gov.uk,pre-existing,ok,2,,2026-04-26T15:31:31+00:00
cockermouth-town-council,Cockermouth Town Council,verified,https://cockermouth.org.uk/,pattern,ok,,,2026-04-26T15:31:26+00:00
clungunford-parish-council,Clungunford Parish Council,no_web_presence_found,,,,,,2026-04-26T15:31:23+00:00
cold-higham-parish-council,Cold Higham Parish Council,verified,https://www.coldhigham-pc.gov.uk,pre-existing,ok,6,,2026-04-26T15:31:32+00:00
clun-parish-council,Clun Parish Council,no_web_presence_found,,,,,,2026-04-26T15:31:23+00:00
cockfield-parish-council,Cockfield Parish Council,verified,https://www.cockfieldparishcouncil.gov.uk/,pattern,ok,4,,2026-04-26T15:31:26+00:00
coanwood-parish-council,Coanwood Parish Council,no_web_presence_found,,,,,,2026-04-26T15:31:24+00:00
coberley-parish-council,Coberley Parish Council,no_web_presence_found,,,,,,2026-04-26T15:31:25+00:00
coates-parish-council,Coates Parish Council,no_web_presence_found,,,,,,2026-04-26T15:31:25+00:00
coddington-parish-council,Coddington Parish Council,verified,https://www.coddington.org.uk/,pattern,ok,,,2026-04-26T15:31:27+00:00
coleford-parish-council,Coleford Parish Council,verified,https://www.colefordpc.org.uk/council.php,pre-existing,ok,5,,2026-04-26T15:31:35+00:00
coleford-town-council,Coleford Town Council,verified,https://www.colefordpc.org.uk/council.php,pre-existing,ok,5,,2026-04-26T15:31:35+00:00
cliddesden-parish-council,Cliddesden Parish Council,verified,https://www.cliddesdenparishcouncil.gov.uk/community/cliddesden-parish-council-12590/home/,pattern,ok,3,,2026-04-26T15:31:12+00:00
coggeshall-parish-council,Coggeshall Parish Council,verified,https://www.coggeshall-pc.gov.uk/,pattern,ok,5,,2026-04-26T15:31:29+00:00
coddington-and-district-parish-council,Coddington and District Parish Council,no_web_presence_found,,,,,,2026-04-26T15:31:27+00:00
colden-common-parish-council,Colden Common Parish Council,verified,https://www.coldencommon-pc.gov.uk,excel,ok,4,,2026-04-26T15:31:33+00:00
collingbourne-ducis-parish-council,Collingbourne Ducis Parish Council,verified,https://www.collingbourne-ducis-pc.gov.uk,pre-existing,ok,10,,2026-04-26T15:31:37+00:00
coldharbour-parish-council,Coldharbour Parish Council,verified,https://www.coldharbour-pc.gov.uk/,pattern,ok,6,,2026-04-26T15:31:34+00:00
codicote-parish-council,Codicote Parish Council,verified,https://codicote-pc.gov.uk/,pattern,ok,3,,2026-04-26T15:31:27+00:00
colehill-parish-council,Colehill Parish Council,verified,https://colehill.gov.uk/,pattern,ok,5,,2026-04-26T15:31:35+00:00
colne-parish-council,Colne Parish Council,verified,https://www.colneparishcouncil.gov.uk,pre-existing,ok,6,,2026-04-26T15:31:38+00:00
cliffsend-parish-council,Cliffsend Parish Council,url_unreachable,https://www.cliffsend-pc.gov.uk/community/cliffsend-parish-council-15862/home/,pattern,unreachable,,"ReadTimeout: HTTPSConnectionPool(host='www.cliffsend-pc.gov.uk', port=443): Read timed out. (read timeout=6)",2026-04-26T15:31:13+00:00
collingham-parish-council,Collingham Parish Council,verified,https://collingham-pc.gov.uk/,pattern,ok,4,,2026-04-26T15:31:37+00:00
colburn-parish-council,Colburn Parish Council,no_web_presence_found,,,,,,2026-04-26T15:31:29+00:00
coltishall-parish-council,Coltishall Parish Council,verified,https://www.coltishall-pc.gov.uk,pre-existing,ok,2,,2026-04-26T15:31:39+00:00
colton-parish-council,Colton Parish Council,verified,http://www.coltonpc.org.uk/,pre-existing,ok,4,,2026-04-26T15:31:39+00:00
cold-brayfield-parish-council,Cold Brayfield Parish Council,no_web_presence_found,,,,,,2026-04-26T15:31:31+00:00
cold-ashby-parish-council,Cold Ashby Parish Council,no_web_presence_found,,,,,,2026-04-26T15:31:31+00:00
cold-kirby-parish-meeting,Cold Kirby (Parish Meeting),no_web_presence_found,,,,,,2026-04-26T15:31:32+00:00
combe-florey-parish-council,Combe Florey Parish Council,verified,https://www.combefloreyparishcouncil.org/,pre-existing,ok,2,,2026-04-26T15:31:41+00:00
colwich-parish-council,Colwich Parish Council,verified,https://www.colwichparishcouncil.gov.uk/,excel,ok,6,,2026-04-26T15:31:40+00:00
combe-st-nicholas-parish-council,Combe St Nicholas Parish Council,verified,https://combestnicholas.org.uk/,pre-existing,ok,6,,2026-04-26T15:31:41+00:00
cold-newton-parish-council,Cold Newton Parish Council,no_web_presence_found,,,,,,2026-04-26T15:31:32+00:00
combs-parish-council,Combs Parish Council,url_unreachable,https://www.combsparishcouncil.gov.uk,excel,unreachable,,"ConnectionError: HTTPSConnectionPool(host='www.combsparishcouncil.gov.uk', port=443): Max retries exceeded with url: / (Caused by NameResolutionError(""HTTPSConnection(host='www.combsparishcouncil.gov.uk', port=443): F",2026-04-26T15:31:41+00:00
compton-and-shawford-parish-council,Compton and Shawford Parish Council,verified,https://www.comptonshawford-pc.gov.uk,pre-existing,ok,5,,2026-04-26T15:31:41+00:00
compton-bassett-parish-council,Compton Bassett Parish Council,verified,http://www.comptonbassett.com/,pre-existing,ok,1,,2026-04-26T15:31:41+00:00
colwick-parish-council,Colwick Parish Council,verified,https://www.colwickparishcouncil.gov.uk,excel,ok,1,,2026-04-26T15:31:40+00:00
compton-bishop-parish-council,Compton Bishop Parish Council,verified,https://www.comptonbishopparish.org.uk/,pre-existing,ok,3,,2026-04-26T15:31:43+00:00
colwall-parish-council,Colwall Parish Council,verified,https://colwall-pc.gov.uk/,pattern,ok,5,,2026-04-26T15:31:39+00:00
compton-dundon-parish-council,Compton Dundon Parish Council,verified,http://comptondundon-pc.gov.uk/wp/,excel,ok,2,,2026-04-26T15:31:43+00:00
compton-parish-council,Compton Parish Council,verified,https://www.comptonparishcouncil.gov.uk,pre-existing,ok,4,,2026-04-26T15:31:44+00:00
colebatch-parish-council,Colebatch Parish Council,no_web_presence_found,,,,,,2026-04-26T15:31:35+00:00
coleshill-parish-council,Coleshill Parish Council,no_web_presence_found,,,,,,2026-04-26T15:31:35+00:00
colgate-parish-council,Colgate Parish Council,no_web_presence_found,,,,,,2026-04-26T15:31:36+00:00
cold-norton-parish-council,Cold Norton Parish Council,verified,https://www.cold-norton.org.uk/,pattern,ok,2,,2026-04-26T15:31:33+00:00
collington-parish-council,Collington Parish Council,no_web_presence_found,,,,,,2026-04-26T15:31:37+00:00
coney-weston-parish-council,Coney Weston Parish Council,verified,https://www.coneywestonparishcouncil.gov.uk,pre-existing,ok,3,,2026-04-26T15:31:46+00:00
colmworth-parish-council,Colmworth Parish Council,verified,https://colmworth-pc.gov.uk/,pattern,ok,5,,2026-04-26T15:31:38+00:00
colney-heath-parish-council,Colney Heath Parish Council,no_web_presence_found,,,,,,2026-04-26T15:31:38+00:00
congleton-town-council,Congleton Town Council,verified,https://www.congleton-tc.gov.uk,pre-existing,ok,3,,2026-04-26T15:31:47+00:00
collier-street-parish-council,Collier Street Parish Council,url_unreachable,https://www.collierstreetparishcouncil.gov.uk,excel,unreachable,,"ReadTimeout: HTTPConnectionPool(host='www.collierstreetparishcouncil.gov.uk', port=80): Read timed out. (read timeout=6)",2026-04-26T15:31:36+00:00
conington-parish-council,Conington Parish Council,url_unreachable,https://www.coningtonparishcouncil.gov.uk,excel,unreachable,,"ConnectionError: HTTPSConnectionPool(host='www.coningtonparishcouncil.gov.uk', port=443): Max retries exceeded with url: / (Caused by NameResolutionError(""HTTPSConnection(host='www.coningtonparishcouncil.gov.uk', port",2026-04-26T15:31:47+00:00
colney-parish-meeting,Colney Parish Meeting,no_web_presence_found,,,,,,2026-04-26T15:31:38+00:00
colsterworth-and-district-parish-council,Colsterworth and District Parish Council,no_web_presence_found,,,,,,2026-04-26T15:31:39+00:00
congresbury-parish-council,Congresbury Parish Council,verified,https://www.congresbury-pc.gov.uk/,pattern,ok,2,,2026-04-26T15:31:47+00:00
combe-martin-parish-council,Combe Martin Parish Council,no_web_presence_found,,,,,,2026-04-26T15:31:41+00:00
comberbach-parish-council,Comberbach Parish Council,verified,https://comberbach-pc.gov.uk/,pattern,ok,4,,2026-04-26T15:31:41+00:00
compton-beauchamp-parish-meeting,Compton Beauchamp Parish Meeting,no_web_presence_found,,,,,,2026-04-26T15:31:41+00:00
compton-chamberlayne-parish-meeting,Compton Chamberlayne Parish Meeting,no_web_presence_found,,,,,,2026-04-26T15:31:43+00:00
congham-parish-council,Congham Parish Council,verified,https://congham-pc.gov.uk/,pattern,ok,1,,2026-04-26T15:31:47+00:00
consall-parish-council,Consall Parish Council,url_unreachable,http://www.consallparishcouncil.btck.co.uk/,excel,unreachable (403),,,2026-04-26T15:31:52+00:00
compton-pauncefoot-parish-meeting,Compton Pauncefoot Parish Meeting,no_web_presence_found,,,,,,2026-04-26T15:31:44+00:00
constantine-parish-council,Constantine Parish Council,verified,https://constantinecornwall.com/,pre-existing,ok,0,,2026-04-26T15:31:53+00:00
compton-valence-parish-council,Compton Valence Parish Council,no_web_presence_found,,,,,,2026-04-26T15:31:44+00:00
compton-verney-parish-meeting,Compton Verney Parish Meeting,no_web_presence_found,,,,,,2026-04-26T15:31:45+00:00
cookham-parish-council,Cookham Parish Council,verified,https://cookham-pc.gov.uk/,pattern,ok,2,,2026-04-26T15:31:53+00:00
coniston-parish-council,Coniston Parish Council,verified,https://www.conistonparishcouncil.gov.uk/,pattern,ok,3,,2026-04-26T15:31:50+00:00
coneysthorpe-parish-meeting,Coneysthorpe (Parish Meeting),no_web_presence_found,,,,,,2026-04-26T15:31:46+00:00
cononley,Cononley,verified,https://www.cononleypc.org.uk/,pattern,ok,3,,2026-04-26T15:31:50+00:00
conisholme-parish-council,Conisholme Parish Council,no_web_presence_found,,,,,,2026-04-26T15:31:48+00:00
condover-parish-council,Condover Parish Council,verified,https://condoverpc.org.uk/,pattern,ok,2,,2026-04-26T15:31:45+00:00
coppingford-parish-council,Coppingford Parish Council,url_unreachable,https://www.coppingfordpc.org.uk,excel,unreachable,,"ConnectionError: HTTPSConnectionPool(host='www.coppingfordpc.org.uk', port=443): Max retries exceeded with url: / (Caused by NameResolutionError(""HTTPSConnection(host='www.coppingfordpc.org.uk', port=443): Failed to r",2026-04-26T15:31:57+00:00
conisbrough-parks-parish-council,Conisbrough Parks Parish Council,no_web_presence_found,,,,,,2026-04-26T15:31:47+00:00
coniston-and-thirtleby-parish-council,Coniston And Thirtleby Parish Council,no_web_presence_found,,,,,,2026-04-26T15:31:48+00:00
cliffe,Cliffe,no_web_presence_found,,,,,,2026-04-26T15:31:12+00:00
coniston-cold-parish-council,Coniston Cold Parish Council,no_web_presence_found,,,,,,2026-04-26T15:31:49+00:00
conistone-with-kilnsey-parish-meeting,Conistone with Kilnsey (Parish Meeting),no_web_presence_found,,,,,,2026-04-26T15:31:50+00:00
constable-burton-and-finghall,Constable Burton and Finghall,verified,https://www.constableburtonfinghall-pc.gov.uk,excel,ok,8,,2026-04-26T15:31:52+00:00
conderton-parish-council,Conderton Parish Council,no_web_presence_found,,,,,,2026-04-26T15:31:45+00:00
corfe-parish-council,Corfe Parish Council,verified,https://www.corfevillagesomerset.org.uk/,pre-existing,ok,6,,2026-04-26T15:32:01+00:00
corby-town-council,Corby Town Council,verified,https://www.corbytowncouncil.gov.uk,excel,ok,5,,2026-04-26T15:31:59+00:00
constable-burton-parish-council,Constable Burton Parish Council,no_web_presence_found,,,,,,2026-04-26T15:31:52+00:00
cornwood-parish-council,Cornwood Parish Council,verified,https://www.cornwoodparishcouncil.gov.uk,pre-existing,ok,5,,2026-04-26T15:32:01+00:00
cornworthy-parish-council,Cornworthy Parish Council,verified,https://www.cornworthyparishcouncil.gov.uk,pre-existing,ok,5,,2026-04-26T15:32:01+00:00
corpusty-with-saxthorpe-parish-council,Corpusty with Saxthorpe Parish Council,verified,https://www.corpustyandsaxthorpe-pc.gov.uk,pre-existing,ok,4,,2026-04-26T15:32:01+00:00
cookley-parish-council,Cookley Parish Council,no_web_presence_found,,,,,,2026-04-26T15:31:53+00:00
corsham-town-council,Corsham Town Council,verified,http://www.corsham.gov.uk,pre-existing,ok,4,,2026-04-26T15:32:02+00:00
coombe-bissett-and-homington-parish-council,Coombe Bissett and Homington Parish Council,no_web_presence_found,,,,,,2026-04-26T15:31:53+00:00
corbridge-parish-council,Corbridge Parish Council,verified,https://corbridge-pc.gov.uk/,pattern,ok,2,,2026-04-26T15:31:58+00:00
coombes-parish-council,Coombes Parish Council,no_web_presence_found,,,,,,2026-04-26T15:31:54+00:00
coombe-bissett-parish-council,Coombe Bissett Parish Council,no_web_presence_found,,,,,,2026-04-26T15:31:54+00:00
cople-parish-council,Cople Parish Council,verified,https://cople-pc.gov.uk/,pattern,ok,6,,2026-04-26T15:31:56+00:00
copdock-and-washbrook-parish-council,Copdock and Washbrook Parish Council,no_web_presence_found,,,,,,2026-04-26T15:31:55+00:00
copythorne-parish-council,Copythorne Parish Council,verified,https://www.copythorne-pc.gov.uk/,pattern,ok,6,,2026-04-26T15:31:57+00:00
cornwell-parish-meeting,Cornwell Parish Meeting,verified,https://cornwell.org.uk/,pattern,ok,,,2026-04-26T15:32:01+00:00
cotgrave-town-council,Cotgrave Town Council,verified,https://www.cotgrave-tc.gov.uk,pre-existing,ok,12,,2026-04-26T15:32:06+00:00
coppenhall-parish-council,Coppenhall Parish Council,no_web_presence_found,,,,,,2026-04-26T15:31:56+00:00
cosgrove-parish-council,Cosgrove Parish Council,verified,https://www.cosgroveparishcouncil.gov.uk,excel,ok,3,,2026-04-26T15:32:03+00:00
copt-hewick-parish-council,Copt Hewick Parish Council,no_web_presence_found,,,,,,2026-04-26T15:31:57+00:00
cottered-parish-council,Cottered Parish Council,verified,https://www.cotteredpc.org.uk,pre-existing,ok,3,,2026-04-26T15:32:06+00:00
corby-glen-parish-council,Corby Glen Parish Council,no_web_presence_found,,,,,,2026-04-26T15:31:58+00:00
corfe-mullen-parish-council,Corfe Mullen Parish Council,no_web_presence_found,,,,,,2026-04-26T15:32:00+00:00
costessey-town-council,Costessey Town Council,verified,https://www.costessey.org.uk/,pattern,ok,5,,2026-04-26T15:32:03+00:00
cornbury-and-wychwood-parish-meeting,Cornbury and Wychwood Parish Meeting,no_web_presence_found,,,,,,2026-04-26T15:32:01+00:00
corsley-parish-council,Corsley Parish Council,no_web_presence_found,,,,,,2026-04-26T15:32:02+00:00
cottenham-parish-council,Cottenham Parish Council,verified,https://www.cottenham-pc.gov.uk/,pattern,ok,4,,2026-04-26T15:32:06+00:00
cotton-parish-council-2,Cotton Parish Council,verified,https://www.cotton-pc.gov.uk,pre-existing,ok,4,,2026-04-26T15:32:11+00:00
corsenside-parish-council,Corsenside Parish Council,no_web_presence_found,,,,,,2026-04-26T15:32:01+00:00
cosford-parish-council,Cosford Parish Council,no_web_presence_found,,,,,,2026-04-26T15:32:03+00:00
coulston-parish-council,Coulston Parish Council,url_unreachable,https://www.coulstonparishcouncil.gov.uk,excel,unreachable,,"SSLError: HTTPSConnectionPool(host='www.coulstonparishcouncil.gov.uk', port=443): Max retries exceeded with url: / (Caused by SSLError(SSLCertVerificationError(1, ""[SSL: CERTIFICATE_VERIFY_FAILED] certificate v",2026-04-26T15:32:11+00:00
cotcliffe-parish-council,Cotcliffe Parish Council,no_web_presence_found,,,,,,2026-04-26T15:32:04+00:00
cossall-parish-council,Cossall Parish Council,verified,https://www.cossallparishcouncil.co.uk/,pattern,ok,3,,2026-04-26T15:32:03+00:00
cottingham-parish-council,Cottingham Parish Council,verified,https://cottingham-pc.gov.uk/,pattern,ok,3,,2026-04-26T15:32:09+00:00
cotes-parish-council,Cotes Parish Council,no_web_presence_found,,,,,,2026-04-26T15:32:05+00:00
cotham-parish-meeting,Cotham Parish Meeting,no_web_presence_found,,,,,,2026-04-26T15:32:06+00:00
coton-parish-council,Coton Parish Council,no_web_presence_found,,,,,,2026-04-26T15:32:06+00:00
cotterstock-parish-meeting,Cotterstock Parish Meeting,no_web_presence_found,,,,,,2026-04-26T15:32:06+00:00
cox-green-parish-council,Cox Green Parish Council,verified,https://www.coxgreen.gov.uk,pre-existing,ok,6,,2026-04-26T15:32:15+00:00
cowling,Cowling,verified,https://www.cowlingparishcouncil.org.uk,excel,ok,3,,2026-04-26T15:32:15+00:00
cottesmore-parish-council,Cottesmore Parish Council,no_web_presence_found,,,,,,2026-04-26T15:32:08+00:00
covingham-parish-council,Covingham Parish Council,verified,https://covingham-pc.gov.uk/,pattern,ok,5,,2026-04-26T15:32:14+00:00
cottisford-parish-meeting,Cottisford Parish Meeting,no_web_presence_found,,,,,,2026-04-26T15:32:09+00:00
cotton-end-parish-council,Cotton End Parish Council,no_web_presence_found,,,,,,2026-04-26T15:32:10+00:00
cotton-parish-council-1,Cotton Parish Council,no_web_presence_found,,,,,,2026-04-26T15:32:11+00:00
council-name,Council Name,no_web_presence_found,,,,,,2026-04-26T15:32:12+00:00
cramlington-parish-council,Cramlington Parish Council,verified,https://www.cramlingtontowncouncil.gov.uk,pre-existing,ok,4,,2026-04-26T15:32:21+00:00
cranage-parish-council,Cranage Parish Council,verified,https://www.cranageparishcouncil.gov.uk,pre-existing,ok,3,,2026-04-26T15:32:21+00:00
counthorpe-and-creeton-parish-council,Counthorpe and Creeton Parish Council,no_web_presence_found,,,,,,2026-04-26T15:32:12+00:00
courteenhall-parish-meeting,Courteenhall Parish Meeting,no_web_presence_found,,,,,,2026-04-26T15:32:13+00:00
cowden-parish-council,Cowden Parish Council,no_web_presence_found,,,,,,2026-04-26T15:32:14+00:00
coverham-with-agglethorpe-parish-meeting,Coverham with Agglethorpe (Parish Meeting),no_web_presence_found,,,,,,2026-04-26T15:32:14+00:00
cranham-parish-council,Cranham Parish Council,verified,https://www.cranhamparishcouncil.gov.uk,pre-existing,ok,5,,2026-04-26T15:32:23+00:00
cranleigh-parish-council,Cranleigh Parish Council,verified,https://www.cranleigh-pc.gov.uk,pre-existing,ok,4,,2026-04-26T15:32:23+00:00
cranfield-parish-council,Cranfield Parish Council,verified,https://cranfield-pc.gov.uk/,pattern,ok,5,,2026-04-26T15:32:22+00:00
crantock-parish-council,Crantock Parish Council,verified,http://www.parish-council.com/crantock/,pre-existing,ok,6,,2026-04-26T15:32:24+00:00
coxley-parish-council,Coxley Parish Council,no_web_presence_found,,,,,,2026-04-26T15:32:15+00:00
crakehall-parish-council,Crakehall Parish Council,verified,https://www.crakehall.org.uk/,pattern,ok,1,,2026-04-26T15:32:19+00:00
coughton-parish-council,Coughton Parish Council,url_unreachable,https://www.coughtonparishcouncil.gov.uk/community/coughton-parish-council-16235/home/,pattern,unreachable,,"ConnectionError: HTTPSConnectionPool(host='www.coughtonparishcouncil.gov.uk', port=443): Read timed out.",2026-04-26T15:32:11+00:00
coxwold-parish-council,Coxwold Parish Council,no_web_presence_found,,,,,,2026-04-26T15:32:16+00:00
crayke,Crayke,verified,https://www.craykeparishcouncil.gov.uk,pre-existing,ok,5,,2026-04-26T15:32:25+00:00
creaton-parish-council,Creaton Parish Council,url_unreachable,https://www.creaton-pc.gov.uk,excel,unreachable,,"ConnectionError: HTTPSConnectionPool(host='www.creaton-pc.gov.uk', port=443): Max retries exceeded with url: / (Caused by NameResolutionError(""HTTPSConnection(host='www.creaton-pc.gov.uk', port=443): Failed to resolve",2026-04-26T15:32:25+00:00
crackenthorpe-parish-meeting,Crackenthorpe Parish Meeting,no_web_presence_found,,,,,,2026-04-26T15:32:17+00:00
cranbrook-and-sissinghurst-parish-council,Cranbrook and Sissinghurst Parish Council,verified,https://www.cs-pc.gov.uk,excel,ok,3,,2026-04-26T15:32:21+00:00
cracoe-parish-meeting,Cracoe (Parish Meeting),no_web_presence_found,,,,,,2026-04-26T15:32:17+00:00
creeting-st-mary-parish-council,Creeting St Mary Parish Council,url_unreachable,https://www.creetingstmary-pc.gov.uk,excel,unreachable,,"SSLError: HTTPSConnectionPool(host='www.creetingstmary-pc.gov.uk', port=443): Max retries exceeded with url: / (Caused by SSLError(SSLCertVerificationError(1, ""[SSL: CERTIFICATE_VERIFY_FAILED] certificate verif",2026-04-26T15:32:26+00:00
credenhill-parish-council,Credenhill Parish Council,verified,https://credenhill-pc.gov.uk/,pattern,ok,5,,2026-04-26T15:32:26+00:00
creeting-st-peter-parish-council,Creeting St Peter Parish Council,url_unreachable,https://www.creetingstpeter-pc.gov.uk,excel,unreachable,,"SSLError: HTTPSConnectionPool(host='www.creetingstpeter-pc.gov.uk', port=443): Max retries exceeded with url: / (Caused by SSLError(SSLCertVerificationError(1, ""[SSL: CERTIFICATE_VERIFY_FAILED] certificate veri",2026-04-26T15:32:27+00:00
crawley-parish-council,Crawley Parish Council,verified,https://crawley.gov.uk/,pattern,ok,1,,2026-04-26T15:32:25+00:00
crediton-parish-council,Crediton Parish Council,verified,https://www.crediton.gov.uk/,pattern,ok,4,,2026-04-26T15:32:26+00:00
cranford-parish-council,Cranford Parish Council,verified,https://cranfordparishcouncil.gov.uk/,pattern,ok,2,,2026-04-26T15:32:23+00:00
crakehall-with-langthorne-parish-council,Crakehall with Langthorne Parish Council,no_web_presence_found,,,,,,2026-04-26T15:32:20+00:00
cradley-parish-council,Cradley Parish Council,no_web_presence_found,,,,,,2026-04-26T15:32:19+00:00
crewe-town-council,Crewe Town Council,verified,https://www.crewetowncouncil.gov.uk,pre-existing,ok,7,,2026-04-26T15:32:29+00:00
crewkerne-town-council,Crewkerne Town Council,verified,https://www.crewkerne-tc.gov.uk/,pre-existing,ok,7,,2026-04-26T15:32:29+00:00
cransley-parish-council,Cransley Parish Council,verified,https://cransley.org.uk/,pattern,ok,1,,2026-04-26T15:32:23+00:00
cranbrook-sissinghurst-parish-council,Cranbrook & Sissinghurst Parish Council,no_web_presence_found,,,,,,2026-04-26T15:32:21+00:00
crick-parish-council,Crick Parish Council,verified,https://www.crickparishcouncil.gov.uk,excel,ok,3,,2026-04-26T15:32:29+00:00
corton-parish-council,Corton Parish Council,url_unreachable,https://cortonparishcouncil.gov.uk/,pattern,unreachable,,"ConnectTimeout: HTTPSConnectionPool(host='cortonparishcouncil.gov.uk', port=443): Max retries exceeded with url: / (Caused by ConnectTimeoutError(<HTTPSConnection(host='cortonparishcouncil.gov.uk', port=443) at 0x1d0",2026-04-26T15:32:02+00:00
cringleford-parish-council,Cringleford Parish Council,verified,https://www.cringlefordpc.org.uk,pre-existing,ok,4,,2026-04-26T15:32:31+00:00
crockenhill-parish-council,Crockenhill Parish Council,verified,https://www.crockenhillpc.org.uk,pre-existing,ok,9,,2026-04-26T15:32:31+00:00
coppull-parish-council,Coppull Parish Council,no_web_presence_found,,,,,,2026-04-26T15:31:57+00:00
crimplesham-parish-council,Crimplesham Parish Council,verified,https://www.crimplesham-pc.gov.uk/,pattern,ok,4,,2026-04-26T15:32:31+00:00
cranwich-parish-meeting,Cranwich Parish Meeting,no_web_presence_found,,,,,,2026-04-26T15:32:24+00:00
cricklade-town-council,Cricklade Town Council,verified,https://www.crickladetowncouncil.gov.uk,excel,ok,5,,2026-04-26T15:32:30+00:00
cromer-town-council,Cromer Town Council,verified,https://www.cromer-tc.gov.uk,pre-existing,ok,9,,2026-04-26T15:32:33+00:00
cromford-parish-council,Cromford Parish Council,verified,https://www.cromfordparishcouncil.org.uk,pre-existing,ok,1,,2026-04-26T15:32:33+00:00
crathorne-parish-meeting,Crathorne (Parish Meeting),no_web_presence_found,,,,,,2026-04-26T15:32:24+00:00
craven-arms-town-council,Craven Arms Town Council,no_web_presence_found,,,,,,2026-04-26T15:32:25+00:00
crofton-parish-council,Crofton Parish Council,verified,https://crofton-pc.gov.uk/,pattern,ok,3,,2026-04-26T15:32:33+00:00
cresswell-parish-council,Cresswell Parish Council,verified,https://www.cresswellparishcouncil.gov.uk/community/cresswell-parish-council-21167/home/,pattern,ok,3,,2026-04-26T15:32:28+00:00
cowley-parish-council,Cowley Parish Council,verified,https://www.cowleypc.org.uk/,pattern,ok,3,,2026-04-26T15:32:15+00:00
creech-st-michael-parish-council-1,Creech St. Michael Parish Council,no_web_presence_found,,,,,,2026-04-26T15:32:26+00:00
crondall-parish-council,Crondall Parish Council,verified,https://www.crondall-pc.gov.uk/,pattern,ok,6,,2026-04-26T15:32:34+00:00
creeting-st-mary-parish-council-1,Creeting St. Mary Parish Council,no_web_presence_found,,,,,,2026-04-26T15:32:27+00:00
cressage-parish-council,Cressage Parish Council,no_web_presence_found,,,,,,2026-04-26T15:32:27+00:00
crewe-green-parish-council,Crewe Green Parish Council,no_web_presence_found,,,,,,2026-04-26T15:32:29+00:00
cricket-st-thomas-parish-meeting,Cricket St Thomas Parish Meeting,no_web_presence_found,,,,,,2026-04-26T15:32:30+00:00
croft-on-tees,Croft-on-Tees,no_web_presence_found,,,,,,2026-04-26T15:32:31+00:00
crosby-ravensworth-parish-council,Crosby Ravensworth Parish Council,verified,https://www.crosbyravensworthparish.org.uk,pre-existing,ok,2,,2026-04-26T15:32:40+00:00
croscombe-parish-council,Croscombe Parish Council,verified,https://www.croscombeparishcouncil.co.uk/,pre-existing,ok,5,,2026-04-26T15:32:40+00:00
cressing-parish-council,Cressing Parish Council,verified,https://www.cressing-pc.gov.uk/,pattern,ok,2,,2026-04-26T15:32:28+00:00
crosscanonby-parish-council,Crosscanonby Parish Council,verified,https://www.crosscanonby-pc.gov.uk,pre-existing,ok,4,,2026-04-26T15:32:40+00:00
cronton-parish-council,Cronton Parish Council,verified,https://crontonparishcouncil.gov.uk/,pattern,ok,9,,2026-04-26T15:32:34+00:00
croft-on-tees-parish-council,Croft-on-Tees Parish Council,no_web_presence_found,,,,,,2026-04-26T15:32:32+00:00
cropton-parish-council,Cropton Parish Council,verified,https://www.cropton.org.uk/,pattern,ok,3,,2026-04-26T15:32:36+00:00
croughton-parish-council,Croughton Parish Council,verified,https://www.croughtonparishcouncil.gov.uk,pre-existing,ok,5,,2026-04-26T15:32:41+00:00
crowan-parish-council,Crowan Parish Council,verified,https://www.crowan-pc.gov.uk/,pre-existing,ok,6,,2026-04-26T15:32:41+00:00
crowborough-town-council,Crowborough Town Council,verified,https://www.crowboroughtowncouncil.gov.uk,pre-existing,ok,6,,2026-04-26T15:32:41+00:00
crowcombe-parish-council,Crowcombe Parish Council,verified,https://www.crowcombe.org.uk/parish-council,pre-existing,ok,4,,2026-04-26T15:32:41+00:00
croft-parish-council,Croft Parish Council,verified,https://croftparishcouncil.gov.uk/,pattern,ok,6,,2026-04-26T15:32:33+00:00
creswell-parish-council,Creswell Parish Council,verified,https://www.creswell-pc.gov.uk/,pattern,ok,2,,2026-04-26T15:32:29+00:00
crowhurst-parish-council,Crowhurst Parish Council,url_unreachable,https://www.crowhurstparishcouncil.gov.uk,excel,unreachable,,"ConnectionError: HTTPSConnectionPool(host='www.crowhurstparishcouncil.gov.uk', port=443): Max retries exceeded with url: / (Caused by NameResolutionError(""HTTPSConnection(host='www.crowhurstparishcouncil.gov.uk', port",2026-04-26T15:32:43+00:00
cromwell-parish-meeting,Cromwell Parish Meeting,no_web_presence_found,,,,,,2026-04-26T15:32:33+00:00
croome-dabitot-parish-council,Croome D'Abitot Parish Council,no_web_presence_found,,,,,,2026-04-26T15:32:34+00:00
croxden-parish-council,Croxden Parish Council,verified,https://croxdenparishcouncil.co.uk/,pre-existing,ok,9,,2026-04-26T15:32:44+00:00
crookham-village-parish-council,Crookham Village Parish Council,no_web_presence_found,,,,,,2026-04-26T15:32:34+00:00
cropton-and-cawthorne-parish-council,Cropton and Cawthorne Parish Council,no_web_presence_found,,,,,,2026-04-26T15:32:35+00:00
croxton-parish-council,Croxton Parish Council,url_unreachable,https://www.croxtonpc.norfolkparishes.gov.uk,excel,unreachable,,"SSLError: HTTPSConnectionPool(host='www.croxtonpc.norfolkparishes.gov.uk', port=443): Max retries exceeded with url: / (Caused by SSLError(SSLCertVerificationError(1, ""[SSL: CERTIFICATE_VERIFY_FAILED] certifica",2026-04-26T15:32:44+00:00
crudwell-parish-council,Crudwell Parish Council,verified,https://www.crudwell-pc.gov.uk,pre-existing,ok,5,,2026-04-26T15:32:44+00:00
cropton-and-cawthorne,Cropton and Cawthorne,no_web_presence_found,,,,,,2026-04-26T15:32:35+00:00
cross-roads-parish-council,Cross Roads Parish Council,verified,https://cross-roadsparishcouncil.gov.uk/,pattern,ok,2,,2026-04-26T15:32:40+00:00
cubert-parish-council,Cubert Parish Council,verified,http://www.parish-council.com/CubertParishCouncil/,pre-existing,ok,5,,2026-04-26T15:32:45+00:00
crook-parish-council,Crook Parish Council,no_web_presence_found,,,,,,2026-04-26T15:32:34+00:00
crowton-parish-council,Crowton Parish Council,verified,https://crowton-pc.gov.uk/,pattern,ok,4,,2026-04-26T15:32:43+00:00
cropwell-bishop-parish-council,Cropwell Bishop Parish Council,no_web_presence_found,,,,,,2026-04-26T15:32:36+00:00
cuckfield-parish-council,Cuckfield Parish Council,verified,https://www.cuckfield.gov.uk,excel,ok,5,,2026-04-26T15:32:45+00:00
cuddesdon-and-denton-parish-council,Cuddesdon and Denton Parish Council,verified,https://www.cuddesdondenton-pc.gov.uk,pre-existing,ok,5,,2026-04-26T15:32:46+00:00
croydon-parish-council,Croydon Parish Council,verified,https://www.croydon.gov.uk/,pattern,ok,2,,2026-04-26T15:32:44+00:00
crosby-garrett-parish-meeting,Crosby Garrett Parish Meeting,no_web_presence_found,,,,,,2026-04-26T15:32:38+00:00
crosthwaite-and-lyth-parish-council,Crosthwaite and Lyth Parish Council,no_web_presence_found,,,,,,2026-04-26T15:32:40+00:00
crostwick-parish-meeting,Crostwick Parish Meeting,no_web_presence_found,,,,,,2026-04-26T15:32:41+00:00
crowell-parish-meeting,Crowell Parish Meeting,no_web_presence_found,,,,,,2026-04-26T15:32:41+00:00
culgaith-parish-council,Culgaith Parish Council,verified,https://www.culgaith-pc.gov.uk,pre-existing,ok,4,,2026-04-26T15:32:50+00:00
culham-parish-council,Culham Parish Council,verified,https://www.culham-pc.gov.uk,pre-existing,ok,6,,2026-04-26T15:32:50+00:00
cubbington-parish-council,Cubbington Parish Council,verified,https://cubbingtonparishcouncil.gov.uk/,pattern,ok,2,,2026-04-26T15:32:45+00:00
cucklington-parish-meeting,Cucklington Parish Meeting,verified,https://cucklington.org.uk/,pattern,ok,,,2026-04-26T15:32:46+00:00
crowle-parish-council,Crowle Parish Council,no_web_presence_found,,,,,,2026-04-26T15:32:43+00:00
cummersdale-parish-council,Cummersdale Parish Council,verified,https://www.cummersdaleparishcouncil.gov.uk,pre-existing,ok,5,,2026-04-26T15:32:52+00:00
cumwhitton-parish-council,Cumwhitton Parish Council,verified,https://www.cumwhittonpc.org.uk,pre-existing,ok,5,,2026-04-26T15:32:52+00:00
croxley-green-parish-council,Croxley Green Parish Council,no_web_presence_found,,,,,,2026-04-26T15:32:44+00:00
culmington-parish-council,Culmington Parish Council,verified,https://www.culmington-pc.gov.uk,excel,ok,3,,2026-04-26T15:32:50+00:00
curbar-parish-council,Curbar Parish Council,verified,https://www.curbarparishcouncil.gov.uk,pre-existing,ok,6,,2026-04-26T15:32:53+00:00
curborough-elmhurst-chorley-and-farewell-parish-council,"Curborough, Elmhurst, Chorley and Farewell Parish Council",blocked_by_robots,https://cefcpc.chessck.co.uk/,excel,robots-disallow,,,2026-04-26T15:32:53+00:00
curdridge-parish-council,Curdridge Parish Council,verified,https://www.curdridgeparishcouncil.gov.uk,pre-existing,ok,8,,2026-04-26T15:32:53+00:00
curry-mallet-parish-council,Curry Mallet Parish Council,verified,https://currymallet-pc.gov.uk/,pre-existing,ok,5,,2026-04-26T15:32:53+00:00
crundale-parish-meeting,Crundale - Parish Meeting,no_web_presence_found,,,,,,2026-04-26T15:32:44+00:00
cury-parish-council,Cury Parish Council,verified,https://www.hugofox.com/community/cury-parish-council-7800/home,pre-existing,ok,2,,2026-04-26T15:32:53+00:00
cutcombe-parish-council,Cutcombe Parish Council,verified,https://www.wheddoncross.org.uk/,pre-existing,ok,2,,2026-04-26T15:32:53+00:00
dacre-parish-council,Dacre Parish Council,verified,https://www.dacreparishcouncil.org.uk,pre-existing,ok,6,,2026-04-26T15:32:53+00:00
dadlington-and-sutton-cheney-parish-council,Dadlington and Sutton Cheney Parish Council,verified,https://www.dadlingtonsuttoncheney-pc.gov.uk,excel,ok,4,,2026-04-26T15:32:53+00:00
curry-rivel-parish-council,Curry Rivel Parish Council,url_unreachable,https://www.curryrivel.org.uk/,excel,unreachable,,"SSLError: HTTPSConnectionPool(host='www.curryrivel.org.uk', port=443): Max retries exceeded with url: / (Caused by SSLError(SSLCertVerificationError(1, ""[SSL: CERTIFICATE_VERIFY_FAILED] certificate verify faile",2026-04-26T15:32:53+00:00
cuddington-weaver-and-cuddington-ward-parish-council,Cuddington (weaver and Cuddington Ward) Parish Council,no_web_presence_found,,,,,,2026-04-26T15:32:46+00:00
cuddington-malpas-ward-parish-council,Cuddington (Malpas Ward) Parish Council,no_web_presence_found,,,,,,2026-04-26T15:32:46+00:00
cudworth-parish-meeting,Cudworth Parish Meeting,no_web_presence_found,,,,,,2026-04-26T15:32:47+00:00
culworth-parish-council,Culworth Parish Council,verified,https://www.culworthparishcouncil.gov.uk/community/culworth-parish-council-18681/home/,pattern,ok,4,,2026-04-26T15:32:50+00:00
crosby-parish-council,Crosby Parish Council,no_web_presence_found,,,,,,2026-04-26T15:32:39+00:00
cuerdale-parish-council,Cuerdale Parish Council,no_web_presence_found,,,,,,2026-04-26T15:32:50+00:00
culford-west-stow-wordwell-parish-council,"Culford, West Stow & Wordwell Parish Council",no_web_presence_found,,,,,,2026-04-26T15:32:50+00:00
cumberworth-parish-council,Cumberworth Parish Council,no_web_presence_found,,,,,,2026-04-26T15:32:50+00:00
cundall-with-leckby-and-norton-le-clay,Cundall with Leckby and Norton le Clay,no_web_presence_found,,,,,,2026-04-26T15:32:52+00:00
danby-group,Danby Group,verified,https://www.danbygroup-pc.gov.uk,pre-existing,ok,5,,2026-04-26T15:33:01+00:00
danby-group-parish-council,Danby Group Parish Council,verified,https://www.danbygroup-pc.gov.uk,pre-existing,ok,5,,2026-04-26T15:33:01+00:00
cundall-with-leckby-parish-council,Cundall with Leckby Parish Council,no_web_presence_found,,,,,,2026-04-26T15:32:53+00:00
danby-wiske-with-lazenby,Danby Wiske with Lazenby,verified,https://www.danbywiskewithlazenbyparishcouncil.gov.uk,pre-existing,ok,7,,2026-04-26T15:33:02+00:00
danby-wiske-with-lazenby-parish-council,Danby Wiske with Lazenby Parish Council,verified,https://www.danbywiskewithlazenbyparishcouncil.gov.uk,pre-existing,ok,7,,2026-04-26T15:33:02+00:00
dalby-cum-skewsby-parish-meeting,Dalby-cum-Skewsby (Parish Meeting),no_web_presence_found,,,,,,2026-04-26T15:32:55+00:00
darley-dale-town-council,Darley Dale Town Council,verified,https://www.darleydale.gov.uk,pre-existing,ok,4,,2026-04-26T15:33:04+00:00
dadlington-sutton-cheney-parish-council,Dadlington & Sutton Cheney Parish Council,no_web_presence_found,,,,,,2026-04-26T15:32:55+00:00
dale-abbey-parish-council,Dale Abbey Parish Council,no_web_presence_found,,,,,,2026-04-26T15:32:56+00:00
dalby-parish-council,Dalby Parish Council,no_web_presence_found,,,,,,2026-04-26T15:32:56+00:00
dalham-parish-council,Dalham Parish Council,verified,https://www.dalhamparishcouncil.gov.uk,excel,ok,1,,2026-04-26T15:32:57+00:00
dartington-parish-council,Dartington Parish Council,verified,https://www.dartington-pc.gov.uk,pre-existing,ok,7,,2026-04-26T15:33:06+00:00
dartmoor-forest-parish,Dartmoor Forest Parish,verified,https://www.dartmoorforestparishcouncil.gov.uk,pre-existing,ok,3,,2026-04-26T15:33:06+00:00
dartmoor-forest-parish-parish-council,Dartmoor Forest Parish Parish Council,verified,https://www.dartmoorforestparishcouncil.gov.uk,pre-existing,ok,3,,2026-04-26T15:33:06+00:00
dalton-parish-council,Dalton Parish Council,verified,https://www.daltonpc.org.uk/community/dalton-parish-council-15305/home/,pattern,ok,4,,2026-04-26T15:32:59+00:00
dalton-on-tees-parish-council,Dalton-on-Tees Parish Council,no_web_presence_found,,,,,,2026-04-26T15:32:58+00:00
cublington-parish-council,Cublington Parish Council,no_web_presence_found,,,,,,2026-04-26T15:32:45+00:00
datchworth-parish-council,Datchworth Parish Council,url_unreachable,https://www.datchworth-pc.org.uk,excel,unreachable,,"ConnectionError: HTTPSConnectionPool(host='www.datchworth-pc.org.uk', port=443): Max retries exceeded with url: / (Caused by NameResolutionError(""HTTPSConnection(host='www.datchworth-pc.org.uk', port=443): Failed to r",2026-04-26T15:33:08+00:00
dalton-richmondshire-parish-meeting,Dalton (Richmondshire) (Parish Meeting),no_web_presence_found,,,,,,2026-04-26T15:32:59+00:00
dartmouth-town-council,Dartmouth Town Council,verified,https://www.dartmouthtowncouncil.gov.uk,excel,ok,4,,2026-04-26T15:33:06+00:00
damerham-parish-council,Damerham Parish Council,no_web_presence_found,,,,,,2026-04-26T15:32:59+00:00
davidstow-parish-council,Davidstow Parish Council,verified,https://www.davidstowparishcouncil.org.uk,pre-existing,ok,5,,2026-04-26T15:33:09+00:00
darnhall-parish-council,Darnhall Parish Council,verified,https://darnhall-pc.gov.uk/,pattern,ok,2,,2026-04-26T15:33:05+00:00
deal-town-council,Deal Town Council,verified,https://www.deal.gov.uk,pre-existing,ok,7,,2026-04-26T15:33:09+00:00
dalton,Dalton,verified,https://www.daltonpc.org.uk/community/dalton-parish-council-15305/home/,pattern,ok,4,,2026-04-26T15:32:57+00:00
danby-parish-council,Danby Parish Council,no_web_presence_found,,,,,,2026-04-26T15:33:01+00:00
darlington-parish-council,Darlington Parish Council,verified,https://www.darlington.gov.uk/,pattern,ok,4,,2026-04-26T15:33:04+00:00
dauntsey-parish-council,Dauntsey Parish Council,verified,https://dauntseyparishcouncil.gov.uk/,pattern,ok,2,,2026-04-26T15:33:08+00:00
darenth-parish-council,Darenth Parish Council,verified,https://www.darenthparishcouncil.gov.uk/community/darenth-parish-council-15365/home/,pattern,ok,7,,2026-04-26T15:33:02+00:00
debden,Debden,verified,https://www.debden-pc.gov.uk,excel,ok,2,,2026-04-26T15:33:10+00:00
darlton-parish-council,Darlton Parish Council,no_web_presence_found,,,,,,2026-04-26T15:33:04+00:00
darmsden-parish-meeting,Darmsden Parish Meeting,no_web_presence_found,,,,,,2026-04-26T15:33:05+00:00
deeping-gate-parish-council,Deeping Gate Parish Council,verified,https://www.deepinggate-pc.gov.uk,pre-existing,ok,7,,2026-04-26T15:33:14+00:00
debden-parish-council,Debden Parish Council,verified,https://www.debden-pc.gov.uk/,pattern,ok,2,,2026-04-26T15:33:10+00:00
defford-parish-council,Defford Parish Council,verified,https://defford-besfordparishcouncil.co.uk/,pre-existing,ok,4,,2026-04-26T15:33:16+00:00
darwen-parish-council,Darwen Parish Council,no_web_presence_found,,,,,,2026-04-26T15:33:07+00:00
delabole-parish-council,Delabole Parish Council,verified,https://www.delaboleparishcouncil.gov.uk,pre-existing,ok,3,,2026-04-26T15:33:17+00:00
davenham-parish-council,Davenham Parish Council,no_web_presence_found,,,,,,2026-04-26T15:33:08+00:00
croston-parish-council,Croston Parish Council,no_web_presence_found,,,,,,2026-04-26T15:32:40+00:00
daventry-parish-council,Daventry Parish Council,no_web_presence_found,,,,,,2026-04-26T15:33:08+00:00
davy-parish-council,Davy Parish Council,no_web_presence_found,,,,,,2026-04-26T15:33:09+00:00
cuby-parish-meeting,Cuby Parish Meeting,no_web_presence_found,,,,,,2026-04-26T15:32:45+00:00
denham-parish-council-1,Denham Parish Council,verified,https://www.denhamparishcouncil.gov.uk,pre-existing,ok,2,,2026-04-26T15:33:18+00:00
denmead-parish-council,Denmead Parish Council,url_unreachable,https://www.denmeadparishcouncil.org.uk,excel,unreachable,,"ConnectionError: HTTPSConnectionPool(host='www.denmeadparishcouncil.org.uk', port=443): Max retries exceeded with url: / (Caused by NameResolutionError(""HTTPSConnection(host='www.denmeadparishcouncil.org.uk', port=443",2026-04-26T15:33:18+00:00
denny-lodge-parish-council,Denny Lodge Parish Council,verified,https://www.dennylodgeparishcouncil.gov.uk,pre-existing,ok,7,,2026-04-26T15:33:18+00:00
dean-and-shelton-parish-council,Dean and Shelton Parish Council,no_web_presence_found,,,,,,2026-04-26T15:33:09+00:00
denstone-parish-council,Denstone Parish Council,verified,https://denstonevillage.org.uk/,pre-existing,ok,4,,2026-04-26T15:33:18+00:00
debenham-parish-council,Debenham Parish Council,verified,https://debenhamparishcouncil.gov.uk/,pattern,ok,3,,2026-04-26T15:33:12+00:00
deanshanger-parish-council,Deanshanger Parish Council,verified,https://www.deanshanger-pc.gov.uk/,pattern,ok,6,,2026-04-26T15:33:09+00:00
deene-parish-council,Deene Parish Council,no_web_presence_found,,,,,,2026-04-26T15:33:13+00:00
deenethorpe-parish-council,Deenethorpe Parish Council,no_web_presence_found,,,,,,2026-04-26T15:33:13+00:00
deeping-st-nicholas-parish-council,Deeping St Nicholas Parish Council,no_web_presence_found,,,,,,2026-04-26T15:33:14+00:00
datchet-parish-council,Datchet Parish Council,verified,https://www.datchetparishcouncil.gov.uk/Home__1332.aspx,pattern,ok,5,,2026-04-26T15:33:07+00:00
deopham-hackford-parish-council,Deopham & Hackford Parish Council,verified,https://www.deophamandhackford-pc.gov.uk,pre-existing,ok,2,,2026-04-26T15:33:24+00:00
delamere-and-oakmere-parish-council,Delamere and Oakmere Parish Council,no_web_presence_found,,,,,,2026-04-26T15:33:17+00:00
delamere-oakmere-parish-council,Delamere & Oakmere Parish Council,no_web_presence_found,,,,,,2026-04-26T15:33:17+00:00
derry-hill-and-studley-parish-council,Derry Hill and Studley Parish Council,verified,https://derryhillandstudley-pc.gov.uk/,pre-existing,ok,3,,2026-04-26T15:33:26+00:00
dent-parish-council,Dent Parish Council,verified,https://dent.org.uk/,pattern,ok,,,2026-04-26T15:33:18+00:00
desborough-town-council,Desborough Town Council,verified,https://www.desboroughtowncouncil.gov.uk,pre-existing,ok,9,,2026-04-26T15:33:26+00:00
denton-parish-council,Denton Parish Council,verified,https://www.dentonparishcouncil.gov.uk/,pattern,ok,3,,2026-04-26T15:33:18+00:00
denchworth-parish-meeting,Denchworth Parish Meeting,no_web_presence_found,,,,,,2026-04-26T15:33:17+00:00
deviock-parish-council,Deviock Parish Council,verified,http://www.deviockparish.org.uk,pre-existing,ok,6,,2026-04-26T15:33:26+00:00
devizes-town-council,Devizes Town Council,verified,https://www.devizes-tc.gov.uk,pre-existing,ok,2,,2026-04-26T15:33:26+00:00
denston-parish-meeting,Denston Parish Meeting,no_web_presence_found,,,,,,2026-04-26T15:33:18+00:00
desford-parish-council,Desford Parish Council,verified,https://www.desford-pc.gov.uk,excel,ok,3,,2026-04-26T15:33:26+00:00
dersingham-parish-council,Dersingham Parish Council,verified,https://dersingham-pc.gov.uk/,pattern,ok,3,,2026-04-26T15:33:26+00:00
didcot-town-council,Didcot Town Council,verified,https://www.didcot.gov.uk,pre-existing,ok,6,,2026-04-26T15:33:28+00:00
dengie-parish-council,Dengie Parish Council,no_web_presence_found,,,,,,2026-04-26T15:33:18+00:00
denton-parish-council-1,Denton Parish Council,no_web_presence_found,,,,,,2026-04-26T15:33:20+00:00
digswell-parish-council,Digswell Parish Council,url_unreachable,https://www.digswell-pc.org.uk,excel,unreachable,,"ConnectionError: HTTPSConnectionPool(host='www.digswell-pc.org.uk', port=443): Max retries exceeded with url: / (Caused by NameResolutionError(""HTTPSConnection(host='www.digswell-pc.org.uk', port=443): Failed to resol",2026-04-26T15:33:29+00:00
denton-with-wootton-parish-council,Denton-with-Wootton Parish Council,no_web_presence_found,,,,,,2026-04-26T15:33:22+00:00
dilhorne-parish-council,Dilhorne Parish Council,url_unreachable,http://www.dilhorneparishcouncil.co.uk/,excel,unreachable,,"ConnectionError: HTTPConnectionPool(host='www.dilhorneparishcouncil.co.uk', port=80): Max retries exceeded with url: / (Caused by NameResolutionError(""HTTPConnection(host='www.dilhorneparishcouncil.co.uk', port=80): F",2026-04-26T15:33:31+00:00
denver-parish-council,Denver Parish Council,verified,https://www.denverparishcouncil.gov.uk/,pattern,ok,2,,2026-04-26T15:33:22+00:00
dilton-marsh-parish-council,Dilton Marsh Parish Council,url_unreachable,https://www.office.diltonmarshparishcouncil.gov.uk,excel,unreachable,,"ConnectionError: HTTPSConnectionPool(host='www.office.diltonmarshparishcouncil.gov.uk', port=443): Max retries exceeded with url: / (Caused by NameResolutionError(""HTTPSConnection(host='www.office.diltonmarshparishcou",2026-04-26T15:33:31+00:00
deopham-parish-council,Deopham Parish Council,no_web_presence_found,,,,,,2026-04-26T15:33:24+00:00
dewlish-parish-council,Dewlish Parish Council,verified,https://www.dewlishparishcouncil.gov.uk/community/dewlish-parish-council-7999/home/,pattern,ok,4,,2026-04-26T15:33:26+00:00
dilhorne-parish-council-1,Dilhorne Parish Council,url_unreachable,http://www.dilhorneparishcouncil.co.uk/,excel,unreachable,,"ConnectionError: HTTPConnectionPool(host='www.dilhorneparishcouncil.co.uk', port=80): Max retries exceeded with url: / (Caused by NameResolutionError(""HTTPConnection(host='www.dilhorneparishcouncil.co.uk', port=80): F",2026-04-26T15:33:31+00:00
deuxhill-parish-council,Deuxhill Parish Council,no_web_presence_found,,,,,,2026-04-26T15:33:26+00:00
dinton-parish-council,Dinton Parish Council,verified,http://www.dintonparishcouncil.org,pre-existing,ok,6,,2026-04-26T15:33:35+00:00
dishforth,Dishforth,verified,https://www.dishforth-pc.gov.uk,pre-existing,ok,4,,2026-04-26T15:33:35+00:00
dishforth-parish-council,Dishforth Parish Council,verified,https://www.dishforth-pc.gov.uk,pre-existing,ok,4,,2026-04-26T15:33:35+00:00
disley-parish-council,Disley Parish Council,verified,https://www.disleyparishcouncil.org.uk,pre-existing,ok,9,,2026-04-26T15:33:35+00:00
diss-town-council,Diss Town Council,verified,https://www.diss.gov.uk,pre-existing,ok,3,,2026-04-26T15:33:35+00:00
denham-parish-council,Denham Parish Council,verified,https://www.denhamparishcouncil.gov.uk,excel,ok,2,,2026-04-26T15:33:18+00:00
ditcheat-parish-council,Ditcheat Parish Council,verified,https://ditcheatparishcouncil.org.uk/,pre-existing,ok,6,,2026-04-26T15:33:36+00:00
ditchingham-parish-council,Ditchingham Parish Council,verified,https://www.ditchingham-pc.gov.uk,pre-existing,ok,2,,2026-04-26T15:33:36+00:00
ditchling-parish-council,Ditchling Parish Council,verified,https://www.ditchling-pc.gov.uk,pre-existing,ok,3,,2026-04-26T15:33:36+00:00
ditchling-parish-council-1,Ditchling Parish Council,verified,https://www.ditchling-pc.gov.uk,pre-existing,ok,3,,2026-04-26T15:33:36+00:00
denwick-parish-council,Denwick Parish Council,no_web_presence_found,,,,,,2026-04-26T15:33:23+00:00
diddlebury-parish-council,Diddlebury Parish Council,verified,https://www.diddlebury-pc.gov.uk/community/diddlebury-parish-council-21068/home/,pattern,ok,9,,2026-04-26T15:33:28+00:00
dinedor-parish-council,Dinedor Parish Council,verified,https://dinedorparishcouncil.gov.uk/,pattern,ok,4,,2026-04-26T15:33:33+00:00
dickens-heath-parish-council,Dickens Heath Parish Council,no_web_presence_found,,,,,,2026-04-26T15:33:28+00:00
dickleburgh-and-rushall-parish-council,Dickleburgh and Rushall Parish Council,no_web_presence_found,,,,,,2026-04-26T15:33:28+00:00
crowfield-parish-council,Crowfield Parish Council,no_web_presence_found,,,,,,2026-04-26T15:32:41+00:00
doddington-district-parish-council,Doddington & District Parish Council,verified,https://www.doddingtondistrictparish.gov.uk,pre-existing,ok,2,,2026-04-26T15:33:37+00:00
doddington-parish-council,Doddington Parish Council,verified,https://www.doddingtonparishcouncil.gov.uk,pre-existing,ok,5,,2026-04-26T15:33:37+00:00
doddiscombsleigh,Doddiscombsleigh,verified,https://www.doddiscombsleighparishcouncil.gov.uk,pre-existing,ok,7,,2026-04-26T15:33:37+00:00
dodford-parish-meeting,Dodford Parish Meeting,url_unreachable,https://www.dodfordparishmeeting.gov.uk,excel,unreachable,,"ConnectionError: HTTPSConnectionPool(host='www.dodfordparishmeeting.gov.uk', port=443): Max retries exceeded with url: / (Caused by NameResolutionError(""HTTPSConnection(host='www.dodfordparishmeeting.gov.uk', port=443",2026-04-26T15:33:37+00:00
didlington-parish-meeting,Didlington Parish Meeting,no_web_presence_found,,,,,,2026-04-26T15:33:28+00:00
deighton-parish-meeting,Deighton (Parish Meeting),no_web_presence_found,,,,,,2026-04-26T15:33:16+00:00
ditton-parish-council,Ditton Parish Council,verified,https://www.dittonparishcouncil.gov.uk,excel,ok,8,,2026-04-26T15:33:36+00:00
dilham-parish-council,Dilham Parish Council,no_web_presence_found,,,,,,2026-04-26T15:33:29+00:00
donhead-st-mary-parish-council,Donhead St Mary Parish Council,verified,http://www.donheadstmary-pc.gov.uk/,pre-existing,ok,2,,2026-04-26T15:33:38+00:00
dingley-parish-council,Dingley Parish Council,verified,https://www.dingley-pc.gov.uk/,pattern,ok,3,,2026-04-26T15:33:34+00:00
dereham-town-council,Dereham Town Council,no_web_presence_found,,,,,,2026-04-26T15:33:26+00:00
donyatt-parish-council,Donyatt Parish Council,verified,http://www.donyattparishcouncil.org.uk/,pre-existing,ok,0,,2026-04-26T15:33:39+00:00
donhead-st-andrew-parish-council,Donhead St Andrew Parish Council,verified,https://www.donheadstandrew-pc.gov.uk/,excel,ok,3,,2026-04-26T15:33:37+00:00
dinckley-parish-council,Dinckley Parish Council,no_web_presence_found,,,,,,2026-04-26T15:33:31+00:00
dogmersfield-parish-council,Dogmersfield Parish Council,verified,https://dogmersfield-pc.gov.uk/,pattern,ok,3,,2026-04-26T15:33:37+00:00
dinnington-parish-meeting,Dinnington Parish Meeting,no_web_presence_found,,,,,,2026-04-26T15:33:34+00:00
dorney-parish-council,Dorney Parish Council,verified,https://www.dorneyparishcouncil.gov.uk,pre-existing,ok,6,,2026-04-26T15:33:43+00:00
donnington-parish-meeting,Donnington Parish Meeting,verified,https://donningtonparishcouncil.gov.uk/,pattern,ok,1,,2026-04-26T15:33:38+00:00
dobwalls-and-trewidland-parish-council,Dobwalls and Trewidland Parish Council,no_web_presence_found,,,,,,2026-04-26T15:33:36+00:00
dodcott-cum-wilkesley-parish-council,Dodcott-cum-Wilkesley Parish Council,no_web_presence_found,,,,,,2026-04-26T15:33:37+00:00
doulting-parish-council,Doulting Parish Council,verified,https://www.doultingparish.org/,pre-existing,ok,1,,2026-04-26T15:33:46+00:00
dover-town-council,Dover Town Council,verified,https://www.dovertowncouncil.gov.uk,pre-existing,ok,5,,2026-04-26T15:33:46+00:00
dodcott-cum-wilkesley-parish-council-1,Dodcott cum Wilkesley Parish Council,no_web_presence_found,,,,,,2026-04-26T15:33:37+00:00
doddington-and-district-parish-council,Doddington and District Parish Council,no_web_presence_found,,,,,,2026-04-26T15:33:37+00:00
dowlish-wake-parish-council,Dowlish Wake Parish Council,verified,https://www.dowlishwake.com/parish-council,pre-existing,ok,0,,2026-04-26T15:33:46+00:00
dormansland-parish-council,Dormansland Parish Council,verified,https://www.dormansland.org.uk/,pattern,ok,2,,2026-04-26T15:33:40+00:00
doddington-and-whisby-parish-council,Doddington and Whisby Parish Council,no_web_presence_found,,,,,,2026-04-26T15:33:37+00:00
donhead-st-andrew-parish-council-1,Donhead St. Andrew Parish Council,no_web_presence_found,,,,,,2026-04-26T15:33:38+00:00
downholland-parish-council,Downholland Parish Council,verified,https://www.downhollandparish.gov.uk,pre-existing,ok,4,,2026-04-26T15:33:47+00:00
dordon-parish-council,Dordon Parish Council,verified,https://www.dordonparishcouncil.gov.uk/,pattern,ok,2,,2026-04-26T15:33:40+00:00
dedham-parish-council,Dedham Parish Council,url_unreachable,https://dedhamparishcouncil.co.uk/,pattern,unreachable,,"ReadTimeout: HTTPSConnectionPool(host='dedhamparishcouncil.co.uk', port=443): Read timed out. (read timeout=6)",2026-04-26T15:33:13+00:00
downton-parish-council,Downton Parish Council,verified,https://www.downtonparishcouncil.gov.uk,pre-existing,ok,5,,2026-04-26T15:33:47+00:00
doxey-parish-council,Doxey Parish Council,verified,http://www.doxeyparishcouncil.gov.uk/,pre-existing,ok,3,,2026-04-26T15:33:47+00:00
draughton,Draughton,verified,https://www.draughton-pc.gov.uk,pre-existing,ok,4,,2026-04-26T15:33:47+00:00
drax,Drax,verified,https://www.draxparishcouncil.gov.uk,pre-existing,ok,4,,2026-04-26T15:33:47+00:00
donington-parish-council,Donington Parish Council,no_web_presence_found,,,,,,2026-04-26T15:33:38+00:00
draycott-in-the-moors-parish-council,Draycott in the Moors Parish Council,blocked_by_robots,http://draycottinmoorspc.wordpress.com/,excel,robots-disallow,,,2026-04-26T15:33:48+00:00
dodleston-parish-council,Dodleston Parish Council,verified,https://www.dodlestonparishcouncil.gov.uk/,pattern,ok,4,,2026-04-26T15:33:37+00:00
drayton-bassett-parish-council,Drayton Bassett Parish Council,verified,https://www.draytonbassett-pc.gov.uk/,pre-existing,ok,3,,2026-04-26T15:33:49+00:00
drayton-parish-council,Drayton Parish Council,verified,https://draytonsomerset.co.uk/drayton-parish-council/,pre-existing,ok,8,,2026-04-26T15:33:49+00:00
drayton-parish-council-1,Drayton Parish Council,verified,https://draytonsomerset.co.uk/drayton-parish-council/,pre-existing,ok,8,,2026-04-26T15:33:49+00:00
drayton-parslow-parish-council,Drayton Parslow Parish Council,verified,https://www.draytonparslowparishcouncil.gov.uk,pre-existing,ok,3,,2026-04-26T15:33:49+00:00
dorchester-town-council,Dorchester Town Council,no_web_presence_found,,,,,,2026-04-26T15:33:39+00:00
drewsteignton-parish,Drewsteignton Parish,url_unreachable,https://www.drewsteignton-pc.gov.uk,excel,unreachable,,"ConnectionError: HTTPSConnectionPool(host='www.drewsteignton-pc.gov.uk', port=443): Max retries exceeded with url: / (Caused by NameResolutionError(""HTTPSConnection(host='www.drewsteignton-pc.gov.uk', port=443): Faile",2026-04-26T15:33:49+00:00
down-ampney-parish-council,Down Ampney Parish Council,verified,https://www.downampney-pc.gov.uk,excel,ok,7,,2026-04-26T15:33:46+00:00
dorstone-parish-council,Dorstone Parish Council,verified,https://dorstone-pc.gov.uk/,pattern,ok,2,,2026-04-26T15:33:44+00:00
drinkstone-parish-council,Drinkstone Parish Council,verified,https://www.drinkstoneparishcouncil.gov.uk,pre-existing,ok,3,,2026-04-26T15:33:50+00:00
doveridge-parish-council,Doveridge Parish Council,verified,https://www.doveridgeparishcouncil.gov.uk,excel,ok,5,,2026-04-26T15:33:46+00:00
dronfield-town-council,Dronfield Town Council,verified,https://www.dronfield.gov.uk,excel,ok,4,,2026-04-26T15:33:50+00:00
dormington-and-mordiford-group-parish-council,Dormington and Mordiford Group Parish Council,no_web_presence_found,,,,,,2026-04-26T15:33:42+00:00
drewsteignton-parish-parish-council,Drewsteignton Parish Parish Council,url_unreachable,https://www.drewsteignton-pc.gov.uk,excel,unreachable,,"ConnectionError: HTTPSConnectionPool(host='www.drewsteignton-pc.gov.uk', port=443): Max retries exceeded with url: / (Caused by NameResolutionError(""HTTPSConnection(host='www.drewsteignton-pc.gov.uk', port=443): Faile",2026-04-26T15:33:49+00:00
dorrington-parish-council,Dorrington Parish Council,no_web_presence_found,,,,,,2026-04-26T15:33:43+00:00
doverdale-parish-council,Doverdale Parish Council,no_web_presence_found,,,,,,2026-04-26T15:33:46+00:00
downend-parish-council,Downend Parish Council,no_web_presence_found,,,,,,2026-04-26T15:33:46+00:00
dorton-parish-council-meeting,Dorton Parish Council (meeting),no_web_presence_found,,,,,,2026-04-26T15:33:46+00:00
draycott-parish-council,Draycott Parish Council,verified,https://www.draycott-pc.gov.uk/,pattern,ok,5,,2026-04-26T15:33:48+00:00
downholme-parish-council,Downholme Parish Council,no_web_presence_found,,,,,,2026-04-26T15:33:47+00:00
draycott-and-church-wilne-parish-council,Draycott and Church Wilne Parish Council,no_web_presence_found,,,,,,2026-04-26T15:33:47+00:00
downham-parish-council,Downham Parish Council,no_web_presence_found,,,,,,2026-04-26T15:33:46+00:00
drayton-st-leonard-parish-council,Drayton St Leonard Parish Council,no_web_presence_found,,,,,,2026-04-26T15:33:49+00:00
driffield-and-harnhill-parish-council,Driffield and Harnhill Parish Council,no_web_presence_found,,,,,,2026-04-26T15:33:49+00:00
dronfield-woodhouse-parish-council,Dronfield Woodhouse Parish Council,no_web_presence_found,,,,,,2026-04-26T15:33:50+00:00
drontough-parish-council,Drontough Parish Council,no_web_presence_found,,,,,,2026-04-26T15:33:51+00:00
dronwick-parish-council,Dronwick Parish Council,no_web_presence_found,,,,,,2026-04-26T15:33:51+00:00
dropsworth-parish-council,Dropsworth Parish Council,no_web_presence_found,,,,,,2026-04-26T15:33:52+00:00
droslingworth-parish-council,Droslingworth Parish Council,no_web_presence_found,,,,,,2026-04-26T15:33:53+00:00
drybrook-parish-council,Drybrook Parish Council,verified,https://www.drybrookparishcouncil.gov.uk,pre-existing,ok,6,,2026-04-26T15:34:02+00:00
drossenden-parish-council,Drossenden Parish Council,no_web_presence_found,,,,,,2026-04-26T15:33:55+00:00
drossford-parish-council,Drossford Parish Council,no_web_presence_found,,,,,,2026-04-26T15:33:55+00:00
duddo-parish-council,Duddo Parish Council,verified,https://www.duddoparishcouncil.gov.uk,pre-existing,ok,3,,2026-04-26T15:34:04+00:00
drothwell-parish-council,Drothwell Parish Council,no_web_presence_found,,,,,,2026-04-26T15:33:55+00:00
duddon-parish-council,Duddon Parish Council,verified,https://www.duddonparishcouncil.org.uk,pre-existing,ok,6,,2026-04-26T15:34:04+00:00
dufton-parish-council,Dufton Parish Council,verified,https://www.duftonparishcouncil.gov.uk,pre-existing,ok,1,,2026-04-26T15:34:04+00:00
duloe-parish-council,Duloe Parish Council,verified,https://www.duloeparishcouncil.org.uk,pre-existing,ok,5,,2026-04-26T15:34:04+00:00
dulverton-town-council,Dulverton Town Council,verified,http://www.dulvertontowncouncil.co.uk/,pre-existing,ok,0,,2026-04-26T15:34:04+00:00
dumbleton-parish-council,Dumbleton Parish Council,verified,https://www.dumbleton-parish-council.org.uk,pre-existing,ok,9,,2026-04-26T15:34:04+00:00
dummer-parish-council,Dummer Parish Council,verified,https://www.dummerparishcouncil.gov.uk,pre-existing,ok,5,,2026-04-26T15:34:04+00:00
dunchideock,Dunchideock,url_unreachable,https://www.dunchideock-pc.gov.uk,excel,unreachable,,"ConnectionError: HTTPSConnectionPool(host='www.dunchideock-pc.gov.uk', port=443): Max retries exceeded with url: / (Caused by NameResolutionError(""HTTPSConnection(host='www.dunchideock-pc.gov.uk', port=443): Failed to",2026-04-26T15:34:04+00:00
ducklington-parish-council,Ducklington Parish Council,verified,https://www.ducklingtonparishcouncil.gov.uk,excel,ok,6,,2026-04-26T15:34:04+00:00
drossham-parish-council,Drossham Parish Council,no_web_presence_found,,,,,,2026-04-26T15:33:55+00:00
droviust-parish-council,Droviust Parish Council,no_web_presence_found,,,,,,2026-04-26T15:33:56+00:00
droviusthing-parish-council,Droviusthing Parish Council,no_web_presence_found,,,,,,2026-04-26T15:33:57+00:00
dundraw-parish-council,Dundraw Parish Council,url_unreachable,https://www.dundrawpc.org.uk,excel,unreachable,,"SSLError: HTTPSConnectionPool(host='www.dundrawpc.org.uk', port=443): Max retries exceeded with url: / (Caused by SSLError(SSLCertVerificationError(1, ""[SSL: CERTIFICATE_VERIFY_FAILED] certificate verify failed",2026-04-26T15:34:05+00:00
droviustho-parish-council,Droviustho Parish Council,no_web_presence_found,,,,,,2026-04-26T15:33:57+00:00
droviustond-parish-council,Droviustond Parish Council,no_web_presence_found,,,,,,2026-04-26T15:33:58+00:00
dunchideock-parish-council,Dunchideock Parish Council,url_unreachable,https://www.dunchideock-pc.gov.uk,excel,unreachable,,"ConnectionError: HTTPSConnectionPool(host='www.dunchideock-pc.gov.uk', port=443): Max retries exceeded with url: / (Caused by NameResolutionError(""HTTPSConnection(host='www.dunchideock-pc.gov.uk', port=443): Failed to",2026-04-26T15:34:04+00:00
droviustondell-parish-council,Droviustondell Parish Council,no_web_presence_found,,,,,,2026-04-26T15:33:59+00:00
duns-tew-parish-council,Duns Tew Parish Council,verified,https://www.dunstewparishcouncil.gov.uk,pre-existing,ok,8,,2026-04-26T15:34:08+00:00
dunsfold-parish-council,Dunsfold Parish Council,verified,https://www.dunsfoldparishcouncil.gov.uk,pre-existing,ok,4,,2026-04-26T15:34:08+00:00
droviustonford-parish-council,Droviustonford Parish Council,no_web_presence_found,,,,,,2026-04-26T15:33:59+00:00
downley-parish-council,Downley Parish Council,verified,https://www.downleyparishcouncil.gov.uk/,pattern,ok,4,,2026-04-26T15:33:47+00:00
droviustonhall-parish-council,Droviustonhall Parish Council,no_web_presence_found,,,,,,2026-04-26T15:34:00+00:00
dunster-parish-council,Dunster Parish Council,verified,https://dunsterparishcouncil.org.uk/,pre-existing,ok,4,,2026-04-26T15:34:09+00:00
dunston-with-coppenhall-parish-council,Dunston with Coppenhall Parish Council,url_unreachable,http://www.dunstonpc.co.uk/,excel,unreachable,,"ConnectionError: HTTPConnectionPool(host='www.dunstonpc.co.uk', port=80): Max retries exceeded with url: / (Caused by NameResolutionError(""HTTPConnection(host='www.dunstonpc.co.uk', port=80): Failed to resolve 'www.du",2026-04-26T15:34:09+00:00
droviustonham-parish-council,Droviustonham Parish Council,no_web_presence_found,,,,,,2026-04-26T15:34:00+00:00
dunchurch-parish-council,Dunchurch Parish Council,verified,https://dunchurchparishcouncil.gov.uk/,pattern,ok,2,,2026-04-26T15:34:04+00:00
droviusworth-parish-council,Droviusworth Parish Council,no_web_presence_found,,,,,,2026-04-26T15:34:01+00:00
durleigh-parish-council,Durleigh Parish Council,verified,https://durleighparishcouncil.gov.uk/,pre-existing,ok,4,,2026-04-26T15:34:10+00:00
duckington-parish-council,Duckington Parish Council,no_web_presence_found,,,,,,2026-04-26T15:34:02+00:00
durrington-town-council,Durrington Town Council,verified,https://www.durringtontowncouncil.gov.uk,pre-existing,ok,3,,2026-04-26T15:34:12+00:00
dursley-town-council,Dursley Town Council,verified,https://www.dursleytowncouncil.gov.uk,pre-existing,ok,8,,2026-04-26T15:34:12+00:00
durston-parish-meeting,Durston Parish Meeting,url_unreachable,https://www.durstonparish.gov.uk,excel,unreachable,,"ConnectionError: HTTPSConnectionPool(host='www.durstonparish.gov.uk', port=443): Max retries exceeded with url: / (Caused by NameResolutionError(""HTTPSConnection(host='www.durstonparish.gov.uk', port=443): Failed to r",2026-04-26T15:34:12+00:00
duddon-and-burton-parish-council,Duddon and Burton Parish Council,no_web_presence_found,,,,,,2026-04-26T15:34:04+00:00
duston-parish-council,Duston Parish Council,verified,https://www.duston-pc.gov.uk,pre-existing,ok,9,,2026-04-26T15:34:13+00:00
dunkirk-parish-council,Dunkirk Parish Council,verified,https://www.dunkirkpc.gov.uk/,pattern,ok,10,,2026-04-26T15:34:07+00:00
dunham-on-the-hill-and-hapsford-parish-council,Dunham on the Hill and Hapsford Parish Council,no_web_presence_found,,,,,,2026-04-26T15:34:06+00:00
dunstable-parish-council,Dunstable Parish Council,verified,https://www.dunstable.gov.uk/,pattern,ok,2,,2026-04-26T15:34:09+00:00
dunham-on-the-hill-and-hapsford-parish-council-1,Dunham-on-the-hill and Hapsford Parish Council,no_web_presence_found,,,,,,2026-04-26T15:34:06+00:00
dunham-on-trent-parish-council,Dunham-on-trent Parish Council,no_web_presence_found,,,,,,2026-04-26T15:34:06+00:00
distington-parish-council,Distington Parish Council,no_web_presence_found,,,,,,2026-04-26T15:33:35+00:00
dunnockshaw-parish-council,Dunnockshaw Parish Council,no_web_presence_found,,,,,,2026-04-26T15:34:07+00:00
dunsforths-parish-meeting,Dunsforths (Parish Meeting),no_web_presence_found,,,,,,2026-04-26T15:34:08+00:00
earls-barton-parish-council,Earls Barton Parish Council,verified,https://www.earlsbarton.gov.uk,pre-existing,ok,5,,2026-04-26T15:34:17+00:00
dunsford,Dunsford,no_web_presence_found,,,,,,2026-04-26T15:34:08+00:00
dunton-with-shereford-parish-meeting,Dunton with Shereford Parish Meeting,no_web_presence_found,,,,,,2026-04-26T15:34:10+00:00
earsham-parish-council,Earsham Parish Council,verified,https://www.earsham-pc.gov.uk,pre-existing,ok,5,,2026-04-26T15:34:19+00:00
durnford-parish-council,Durnford Parish Council,no_web_presence_found,,,,,,2026-04-26T15:34:10+00:00
dunwich-parish-council,Dunwich Parish Council,no_web_presence_found,,,,,,2026-04-26T15:34:10+00:00
durweston-parish-council,Durweston Parish Council,no_web_presence_found,,,,,,2026-04-26T15:34:12+00:00
eakring-parish-council,Eakring Parish Council,verified,https://www.eakringparishcouncil.gov.uk/,pattern,ok,2,,2026-04-26T15:34:15+00:00
easingwold,Easingwold,verified,https://www.easingwold.gov.uk,excel,ok,3,,2026-04-26T15:34:19+00:00
easenhall-parish-council,Easenhall Parish Council,verified,https://easenhall.org.uk/,pattern,ok,,,2026-04-26T15:34:19+00:00
eardisley-group-parish-council,Eardisley Group Parish Council,no_web_presence_found,,,,,,2026-04-26T15:34:16+00:00
east-bedlington-parish-council,East Bedlington Parish Council,verified,https://www.eastbedlingtonparishcouncil.gov.uk,pre-existing,ok,5,,2026-04-26T15:34:25+00:00
earl-soham-parish-council,Earl Soham Parish Council,no_web_presence_found,,,,,,2026-04-26T15:34:16+00:00
east-boldre-parish-council,East Boldre Parish Council,verified,https://www.eastboldre-pc.gov.uk,pre-existing,ok,2,,2026-04-26T15:34:25+00:00
earl-stonham-parish-council,Earl Stonham Parish Council,no_web_presence_found,,,,,,2026-04-26T15:34:16+00:00
east-carleton-ketteringham-parish-council,East Carleton & Ketteringham Parish Council,verified,https://www.eastcarletonandketteringham-pc.gov.uk,pre-existing,ok,15,,2026-04-26T15:34:25+00:00
earle-parish-council,Earle Parish Council,no_web_presence_found,,,,,,2026-04-26T15:34:16+00:00
easingwold-parish-council,Easingwold Parish Council,verified,https://www.easingwold.gov.uk,excel,ok,3,,2026-04-26T15:34:20+00:00
east-brent-parish-council,East Brent Parish Council,url_unreachable,https://www.eastbrentparishcouncil.co.uk/,excel,unreachable (404),,,2026-04-26T15:34:25+00:00
east-chevington-parish-council,East Chevington Parish Council,verified,https://www.eastchevingtonparishcouncil.gov.uk,pre-existing,ok,4,,2026-04-26T15:34:26+00:00
duxford-parish-council,Duxford Parish Council,verified,https://duxfordparishcouncil.gov.uk/,pattern,ok,4,,2026-04-26T15:34:14+00:00
east-chiltington-parish-council-1,East Chiltington Parish Council,verified,https://www.eastchiltingtonparish.gov.uk,pre-existing,ok,4,,2026-04-26T15:34:26+00:00
east-chinnock-parish-council,East Chinnock Parish Council,verified,http://eastchinnock.net/Home/ParishCouncil/,pre-existing,ok,1,,2026-04-26T15:34:26+00:00
earls-colne-parish-council,Earls Colne Parish Council,no_web_presence_found,,,,,,2026-04-26T15:34:17+00:00
earnley-parish-council,Earnley Parish Council,no_web_presence_found,,,,,,2026-04-26T15:34:18+00:00
dymchurch-parish-council,Dymchurch Parish Council,verified,https://www.dymchurchparishcouncil.gov.uk/community/dymchurch-parish-council-15425/home/,pattern,ok,5,,2026-04-26T15:34:15+00:00
east-and-west-layton-and-carkin-parish-meeting,East and West Layton and Carkin (Parish Meeting),no_web_presence_found,,,,,,2026-04-26T15:34:22+00:00
east-anstey-parish-council,East Anstey Parish Council,no_web_presence_found,,,,,,2026-04-26T15:34:22+00:00
east-dean-friston-parish-council,East Dean & Friston Parish Council,verified,https://www.eastdeanfriston-pc.gov.uk,excel,ok,4,,2026-04-26T15:34:31+00:00
dunton-parish-council,Dunton Parish Council,verified,https://dunton-pc.gov.uk/,pattern,ok,5,,2026-04-26T15:34:09+00:00
east-bergholt-parish-council,East Bergholt Parish Council,no_web_presence_found,,,,,,2026-04-26T15:34:25+00:00
east-farndon-parish-council,East Farndon Parish Council,url_unreachable,https://www.eastfarndon-pc.gov.uk,excel,unreachable,,"SSLError: HTTPSConnectionPool(host='www.eastfarndon-pc.gov.uk', port=443): Max retries exceeded with url: / (Caused by SSLError(SSLCertVerificationError(1, '[SSL: CERTIFICATE_VERIFY_FAILED] certificate verify f",2026-04-26T15:34:33+00:00
east-carleton-parish-council,East Carleton Parish Council,no_web_presence_found,,,,,,2026-04-26T15:34:25+00:00
east-carlton-parish-council,East Carlton Parish Council,no_web_presence_found,,,,,,2026-04-26T15:34:25+00:00
east-challow-parish-council,East Challow Parish Council,no_web_presence_found,,,,,,2026-04-26T15:34:26+00:00
east-chiltington-parish-council,East Chiltington Parish Council,no_web_presence_found,,,,,,2026-04-26T15:34:26+00:00
east-clandon-parish-council,East Clandon Parish Council,no_web_presence_found,,,,,,2026-04-26T15:34:26+00:00
east-haddon-parish-council,East Haddon Parish Council,verified,https://www.easthaddonparishcouncil.gov.uk,pre-existing,ok,4,,2026-04-26T15:34:36+00:00
east-claydon-parish-council,East Claydon Parish Council,no_web_presence_found,,,,,,2026-04-26T15:34:27+00:00
east-grinstead-town-council,East Grinstead Town Council,verified,https://www.midsussex.gov.uk,excel,ok,3,,2026-04-26T15:34:35+00:00
east-codford-parish-council,East Codford Parish Council,no_web_presence_found,,,,,,2026-04-26T15:34:27+00:00
east-cowton,East Cowton,no_web_presence_found,,,,,,2026-04-26T15:34:28+00:00
east-hendred-parish-council,East Hendred Parish Council,verified,https://www.easthendred-pc.gov.uk,pre-existing,ok,8,,2026-04-26T15:34:37+00:00
duncton-parish-council,Duncton Parish Council,no_web_presence_found,,,,,,2026-04-26T15:34:04+00:00
east-ilsley-parish-council,East Ilsley Parish Council,verified,https://www.eastilsley-pc.gov.uk,pre-existing,ok,6,,2026-04-26T15:34:38+00:00
east-huntspill-parish-council,East Huntspill Parish Council,url_unreachable,http://www.easthuntspillparishcouncil.org/,excel,unreachable (404),,,2026-04-26T15:34:37+00:00
east-kennett-parish-meeting,East Kennett Parish Meeting,url_unreachable,https://www.eastkennettparishmeeting.gov.uk,excel,unreachable,,"ConnectionError: HTTPSConnectionPool(host='www.eastkennettparishmeeting.gov.uk', port=443): Max retries exceeded with url: / (Caused by NameResolutionError(""HTTPSConnection(host='www.eastkennettparishmeeting.gov.uk', ",2026-04-26T15:34:38+00:00
east-cowton-parish-council,East Cowton Parish Council,no_web_presence_found,,,,,,2026-04-26T15:34:31+00:00
east-drayton-parish-council,East Drayton Parish Council,no_web_presence_found,,,,,,2026-04-26T15:34:32+00:00
east-ayton,East Ayton,url_unreachable,https://www.eastaytonparishcouncil.gov.uk,excel,unreachable,,"ConnectTimeout: HTTPSConnectionPool(host='www.eastaytonparishcouncil.gov.uk', port=443): Max retries exceeded with url: / (Caused by ConnectTimeoutError(<HTTPSConnection(host='www.eastaytonparishcouncil.gov.uk', port",2026-04-26T15:34:23+00:00
east-garston-parish-council,East Garston Parish Council,no_web_presence_found,,,,,,2026-04-26T15:34:34+00:00
east-ferry-parish-council,East Ferry Parish Council,no_web_presence_found,,,,,,2026-04-26T15:34:34+00:00
east-garton-parish-council,East Garton Parish Council,no_web_presence_found,,,,,,2026-04-26T15:34:34+00:00
east-goscote-parish-council,East Goscote Parish Council,no_web_presence_found,,,,,,2026-04-26T15:34:34+00:00
east-ayton-parish-council,East Ayton Parish Council,url_unreachable,https://www.eastaytonparishcouncil.gov.uk,excel,unreachable,,"ConnectTimeout: HTTPSConnectionPool(host='www.eastaytonparishcouncil.gov.uk', port=443): Max retries exceeded with url: / (Caused by ConnectTimeoutError(<HTTPSConnection(host='www.eastaytonparishcouncil.gov.uk', port",2026-04-26T15:34:24+00:00
east-guldeford-parish-meeting,East Guldeford Parish Meeting,no_web_presence_found,,,,,,2026-04-26T15:34:35+00:00
east-hagbourne-parish-council,East Hagbourne Parish Council,no_web_presence_found,,,,,,2026-04-26T15:34:36+00:00
east-hanningfield-parish-council,East Hanningfield Parish Council,no_web_presence_found,,,,,,2026-04-26T15:34:36+00:00
east-preston-parish-council,East Preston Parish Council,url_unreachable,https://www.eastpreston-pc.gov.uk,excel,unreachable,,"ConnectionError: ('Connection aborted.', ConnectionResetError(10054, 'An existing connection was forcibly closed by the remote host', None, 10054, None))",2026-04-26T15:34:44+00:00
east-harlsey-parish-council,East Harlsey Parish Council,no_web_presence_found,,,,,,2026-04-26T15:34:36+00:00
east-harlsey,East Harlsey,no_web_presence_found,,,,,,2026-04-26T15:34:36+00:00
east-keal-parish-council,East Keal Parish Council,no_web_presence_found,,,,,,2026-04-26T15:34:38+00:00
east-leake-parish-council,East Leake Parish Council,verified,https://east-leake.gov.uk/,pattern,ok,7,,2026-04-26T15:34:43+00:00
east-kirkby-parish-council,East Kirkby Parish Council,no_web_presence_found,,,,,,2026-04-26T15:34:38+00:00
east-tuddenham-parish-council,East Tuddenham Parish Council,verified,https://www.easttuddenham-pc.gov.uk,pre-existing,ok,6,,2026-04-26T15:34:48+00:00
east-sutton-parish-council,East Sutton Parish Council,verified,https://www.eastsuttonpc.org.uk,excel,ok,5,,2026-04-26T15:34:45+00:00
east-knoyle-parish-council,East Knoyle Parish Council,no_web_presence_found,,,,,,2026-04-26T15:34:40+00:00
east-langton-parish-council,East Langton Parish Council,no_web_presence_found,,,,,,2026-04-26T15:34:41+00:00
east-layton-parish-council,East Layton Parish Council,no_web_presence_found,,,,,,2026-04-26T15:34:41+00:00
east-malling-and-larkfield-parish-council,East Malling and Larkfield Parish Council,no_web_presence_found,,,,,,2026-04-26T15:34:43+00:00
east-woodhay-parish-council,East Woodhay Parish Council,verified,https://www.eastwoodhay-pc.gov.uk,excel,ok,3,,2026-04-26T15:34:51+00:00
easterton-parish-council,Easterton Parish Council,verified,https://www.easterton-pc.gov.uk,pre-existing,ok,7,,2026-04-26T15:34:52+00:00
east-meon-parish-council,East Meon Parish Council,no_web_presence_found,,,,,,2026-04-26T15:34:43+00:00
east-norton-parish-council,East Norton Parish Council,no_web_presence_found,,,,,,2026-04-26T15:34:43+00:00
dutton-parish-council,Dutton Parish Council,verified,https://duttonparishcouncil.co.uk/,pattern,ok,4,,2026-04-26T15:34:13+00:00
east-portlemouth-parish-council,East Portlemouth Parish Council,no_web_presence_found,,,,,,2026-04-26T15:34:44+00:00
eastfield-parish-council,Eastfield Parish Council,verified,https://www.eastfield-tc.gov.uk,excel,ok,4,,2026-04-26T15:34:52+00:00
east-quantoxhead-parish-meeting,East Quantoxhead Parish Meeting,no_web_presence_found,,,,,,2026-04-26T15:34:45+00:00
east-ravendale-parish-council,East Ravendale Parish Council,no_web_presence_found,,,,,,2026-04-26T15:34:45+00:00
east-rudham-parish-council,East Rudham Parish Council,no_web_presence_found,,,,,,2026-04-26T15:34:45+00:00
easton-parish-council,Easton Parish Council,verified,https://www.eastonparishcouncil.gov.uk,pre-existing,ok,2,,2026-04-26T15:34:54+00:00
east-stoke-parish-council,East Stoke Parish Council,no_web_presence_found,,,,,,2026-04-26T15:34:45+00:00
east-tanfield-parish-council,East Tanfield Parish Council,no_web_presence_found,,,,,,2026-04-26T15:34:47+00:00
east-tisted-parish-council,East Tisted Parish Council,no_web_presence_found,,,,,,2026-04-26T15:34:47+00:00
eastwood-town-council,Eastwood Town Council,verified,https://www.eastwood-tc.gov.uk,pre-existing,ok,8,,2026-04-26T15:34:56+00:00
east-walton-parish-meeting,East Walton Parish Meeting,no_web_presence_found,,,,,,2026-04-26T15:34:48+00:00
east-winch-parish-council,East Winch Parish Council,no_web_presence_found,,,,,,2026-04-26T15:34:48+00:00
eastfield,Eastfield,verified,https://www.eastfield-tc.gov.uk,excel,ok,4,,2026-04-26T15:34:52+00:00
east-witton,East Witton,no_web_presence_found,,,,,,2026-04-26T15:34:49+00:00
easton-royal-parish-council,Easton Royal Parish Council,verified,https://www.eastonroyalpc.org.uk,excel,ok,3,,2026-04-26T15:34:54+00:00
east-witton-parish-council,East Witton Parish Council,no_web_presence_found,,,,,,2026-04-26T15:34:50+00:00
eaton-socon-parish-council,Eaton Socon Parish Council,url_unreachable,https://www.eatonsoconparishcouncil.gov.uk,excel,unreachable,,"ConnectionError: HTTPSConnectionPool(host='www.eatonsoconparishcouncil.gov.uk', port=443): Max retries exceeded with url: / (Caused by NameResolutionError(""HTTPSConnection(host='www.eatonsoconparishcouncil.gov.uk', po",2026-04-26T15:34:58+00:00
eastcotts-parish-council,Eastcotts Parish Council,no_web_presence_found,,,,,,2026-04-26T15:34:52+00:00
easthope-parish-council,Easthope Parish Council,no_web_presence_found,,,,,,2026-04-26T15:34:53+00:00
ebberston-with-yedingham-and-bickley,Ebberston with Yedingham and Bickley,verified,https://www.ebberstonparishcouncil.gov.uk,pre-existing,ok,6,,2026-04-26T15:35:03+00:00
ebberston-with-yedingham-and-bickley-parish-council,Ebberston with Yedingham and Bickley Parish Council,verified,https://www.ebberstonparishcouncil.gov.uk,pre-existing,ok,6,,2026-04-26T15:35:03+00:00
eastling-parish-council,Eastling Parish Council,no_web_presence_found,,,,,,2026-04-26T15:34:53+00:00
eastnor-parish-council,Eastnor Parish Council,no_web_presence_found,,,,,,2026-04-26T15:34:54+00:00
easton-grey-parish-meeting,Easton Grey Parish Meeting,no_web_presence_found,,,,,,2026-04-26T15:34:54+00:00
ecchinswell-sydmonton-and-bishops-green-parish-council,"Ecchinswell, Sydmonton and Bishops Green Parish Council",url_unreachable,https://www.esbgpc.org.uk,excel,unreachable,,"ConnectionError: HTTPSConnectionPool(host='www.esbgpc.org.uk', port=443): Max retries exceeded with url: / (Caused by NameResolutionError(""HTTPSConnection(host='www.esbgpc.org.uk', port=443): Failed to resolve 'www.es",2026-04-26T15:35:03+00:00
eccleshall-parish-council,Eccleshall Parish Council,verified,https://eccleshallparishcouncil.gov.uk/,pre-existing,ok,7,,2026-04-26T15:35:03+00:00
eastville-parish-council,Eastville Parish Council,no_web_presence_found,,,,,,2026-04-26T15:34:55+00:00
eckington-parish-council,Eckington Parish Council,verified,https://eckington-worcs-pc.gov.uk/,pre-existing,ok,7,,2026-04-26T15:35:04+00:00
edenbridge-town-council,Edenbridge Town Council,verified,https://www.edenbridgetowncouncil.gov.uk,pre-existing,ok,14,,2026-04-26T15:35:04+00:00
eastleigh-town-council,Eastleigh Town Council,no_web_presence_found,,,,,,2026-04-26T15:34:53+00:00
eaton-alsop-newton-grange-parish-council,Eaton & Alsop & Newton Grange Parish Council,no_web_presence_found,,,,,,2026-04-26T15:34:57+00:00
eaton-and-eccleston-parish-council,Eaton and Eccleston Parish Council,no_web_presence_found,,,,,,2026-04-26T15:34:57+00:00
eaton-bishop-parish-council,Eaton Bishop Parish Council,no_web_presence_found,,,,,,2026-04-26T15:34:57+00:00
eastwick-parish-council,Eastwick Parish Council,no_web_presence_found,,,,,,2026-04-26T15:34:56+00:00
edgefield-parish-council,Edgefield Parish Council,verified,https://www.edgefield-pc.gov.uk,pre-existing,ok,4,,2026-04-26T15:35:06+00:00
edgeworth-parish-meeting,Edgeworth Parish Meeting,verified,https://www.elkstoneparish.gov.uk,pre-existing,ok,5,,2026-04-26T15:35:06+00:00
edingale-parish-council,Edingale Parish Council,verified,https://www.edingale-pc.co.uk/,pre-existing,ok,5,,2026-04-26T15:35:06+00:00
eathorpe-parish-council,Eathorpe Parish Council,no_web_presence_found,,,,,,2026-04-26T15:34:56+00:00
edington-parish-council-1,Edington Parish Council,url_unreachable,https://edingtonparishcouncil.org/,excel,unreachable,,"ConnectionError: HTTPSConnectionPool(host='edingtonparishcouncil.org', port=443): Max retries exceeded with url: / (Caused by NameResolutionError(""HTTPSConnection(host='edingtonparishcouncil.org', port=443): Failed to",2026-04-26T15:35:06+00:00
eaton-bray-parish-council,Eaton Bray Parish Council,no_web_presence_found,,,,,,2026-04-26T15:34:58+00:00
eavestone-parish-council,Eavestone Parish Council,no_web_presence_found,,,,,,2026-04-26T15:34:58+00:00
edgcott-parish-council,Edgcott Parish Council,verified,https://www.edgcott-pc.gov.uk,excel,ok,4,,2026-04-26T15:35:06+00:00
edington-parish-council,Edington Parish Council,url_unreachable,https://edingtonparishcouncil.org/,excel,unreachable,,"ConnectionError: HTTPSConnectionPool(host='edingtonparishcouncil.org', port=443): Max retries exceeded with url: / (Caused by NameResolutionError(""HTTPSConnection(host='edingtonparishcouncil.org', port=443): Failed to",2026-04-26T15:35:06+00:00
ebberston-and-yedingham-parish-council,Ebberston and Yedingham Parish Council,no_web_presence_found,,,,,,2026-04-26T15:35:01+00:00
edwinstowe-parish-council,Edwinstowe Parish Council,verified,https://edwinstowe-pc.gov.uk/,pattern,ok,4,,2026-04-26T15:35:09+00:00
ebbesborne-wake-parish-council,Ebbesborne Wake Parish Council,no_web_presence_found,,,,,,2026-04-26T15:35:03+00:00
ebbesbourne-wake-parish-council,Ebbesbourne Wake Parish Council,no_web_presence_found,,,,,,2026-04-26T15:35:03+00:00
ebernoe-parish-council,Ebernoe Parish Council,no_web_presence_found,,,,,,2026-04-26T15:35:03+00:00
eggborough,Eggborough,verified,https://www.eggboroughparish.org.uk,pre-existing,ok,6,,2026-04-26T15:35:12+00:00
edenham-grimsthorpe-elsthorpe-scottlethorpe-parish-council,"Edenham, Grimsthorpe, Elsthorpe & Scottlethorpe Parish Council",no_web_presence_found,,,,,,2026-04-26T15:35:04+00:00
edensor-parish-meeting,Edensor (Parish Meeting),no_web_presence_found,,,,,,2026-04-26T15:35:04+00:00
edlington-town-council,Edlington Town Council,no_web_presence_found,,,,,,2026-04-26T15:35:06+00:00
edenthorpe-parish-council,Edenthorpe Parish Council,no_web_presence_found,,,,,,2026-04-26T15:35:06+00:00
egloshayle-parish-council,Egloshayle Parish Council,verified,https://www.egloshayleparish.org.uk/,pre-existing,ok,2,,2026-04-26T15:35:15+00:00
edmondsham-parish-council,Edmondsham Parish Council,no_web_presence_found,,,,,,2026-04-26T15:35:07+00:00
edstone-parish-meeting,Edstone (Parish Meeting),no_web_presence_found,,,,,,2026-04-26T15:35:07+00:00
egglescliffe-parish-council,Egglescliffe Parish Council,verified,https://egglescliffe.org.uk/,pattern,ok,1,,2026-04-26T15:35:13+00:00
edwardstone-parish-council,Edwardstone Parish Council,no_web_presence_found,,,,,,2026-04-26T15:35:09+00:00
egerton-parish-council,Egerton Parish Council,verified,https://www.egertonparishcouncil.gov.uk/community/egerton-parish-council-13575/home/,pattern,ok,5,,2026-04-26T15:35:12+00:00
elford-parish-council,Elford Parish Council,verified,https://elfordparishcouncil.gov.uk/,pre-existing,ok,4,,2026-04-26T15:35:19+00:00
edworth-parish-council,Edworth Parish Council,no_web_presence_found,,,,,,2026-04-26T15:35:10+00:00
edgbaston-parish-council,Edgbaston Parish Council,no_web_presence_found,,,,,,2026-04-26T15:35:06+00:00
eggington-parish-council,Eggington Parish Council,verified,https://eggington-pc.gov.uk/,pattern,ok,5,,2026-04-26T15:35:12+00:00
ellastone-parish-council,Ellastone Parish Council,verified,http://www.ellastone.org/parish-council/,pre-existing,ok,9,,2026-04-26T15:35:21+00:00
egerton,Egerton,verified,https://www.egertonparishcouncil.gov.uk/community/egerton-parish-council-13575/home/,pattern,ok,5,,2026-04-26T15:35:12+00:00
egglestone-abbey-parish-council,Egglestone Abbey Parish Council,no_web_presence_found,,,,,,2026-04-26T15:35:13+00:00
effingham-parish-council,Effingham Parish Council,verified,https://www.effinghamparishcouncil.gov.uk/,pattern,ok,5,,2026-04-26T15:35:11+00:00
eggleton-parish-council,Eggleton Parish Council,no_web_presence_found,,,,,,2026-04-26T15:35:15+00:00
eldmire-with-crakehill-parish-meeting,Eldmire with Crakehill (Parish Meeting),no_web_presence_found,,,,,,2026-04-26T15:35:17+00:00
ellesmere-town-council,Ellesmere Town Council,verified,https://www.ellesmere-tc.gov.uk,pre-existing,ok,15,,2026-04-26T15:35:26+00:00
ellingham-harbridge-ibsley-parish-council,"Ellingham, Harbridge & Ibsley Parish Council",verified,https://www.ellinghamharbridgeibsley-pc.gov.uk,pre-existing,ok,6,,2026-04-26T15:35:26+00:00
egmanton-parish-meeting,Egmanton Parish Meeting,no_web_presence_found,,,,,,2026-04-26T15:35:15+00:00
egremont-town-council,Egremont Town Council,no_web_presence_found,,,,,,2026-04-26T15:35:16+00:00
ellington-and-linton-parish-council,Ellington and Linton Parish Council,verified,https://www.ellingtonlinton-pc.gov.uk,pre-existing,ok,4,,2026-04-26T15:35:26+00:00
ellington-parish-council,Ellington Parish Council,verified,https://www.ellingtonparishcouncil.gov.uk,pre-existing,ok,16,,2026-04-26T15:35:26+00:00
ellisfield-parish-council,Ellisfield Parish Council,url_unreachable,https://www.ellisfieldpc.org.uk,excel,unreachable,,"ConnectionError: HTTPSConnectionPool(host='www.ellisfieldpc.org.uk', port=443): Max retries exceeded with url: / (Caused by NameResolutionError(""HTTPSConnection(host='www.ellisfieldpc.org.uk', port=443): Failed to res",2026-04-26T15:35:26+00:00
elm-parish-council,Elm Parish Council,verified,https://www.elm-pc.org.uk,pre-existing,ok,1,,2026-04-26T15:35:26+00:00
eldon-parish-council,Eldon Parish Council,verified,https://eldonparishcouncil.gov.uk/,pattern,ok,3,,2026-04-26T15:35:17+00:00
elham-parish-council,Elham Parish Council,no_web_presence_found,,,,,,2026-04-26T15:35:19+00:00
elmley-castle-parish-council,Elmley Castle Parish Council,verified,https://elmleycastleparishcouncil.gov.uk/,pre-existing,ok,4,,2026-04-26T15:35:28+00:00
eaton-parish-council,Eaton Parish Council,verified,https://www.eatonpc.org.uk/,pattern,ok,3,,2026-04-26T15:34:58+00:00
eling-parish-council,Eling Parish Council,no_web_presence_found,,,,,,2026-04-26T15:35:19+00:00
ellesmere-rural-parish-council,Ellesmere Rural Parish Council,verified,https://www.ellesmererural-pc.gov.uk,excel,ok,5,,2026-04-26T15:35:24+00:00
elmstone-hardwicke-parish-council,Elmstone Hardwicke Parish Council,verified,https://www.elmstone-hardwicke-parish-council.org.uk,pre-existing,ok,11,,2026-04-26T15:35:29+00:00
elkstone-parish-council,Elkstone Parish Council,no_web_presence_found,,,,,,2026-04-26T15:35:20+00:00
elmton-with-creswell-parish-council,Elmton with Creswell Parish Council,verified,https://www.elmtonwithcreswell-pc.gov.uk,pre-existing,ok,4,,2026-04-26T15:35:29+00:00
eastham-parish-council,Eastham Parish Council,no_web_presence_found,,,,,,2026-04-26T15:34:53+00:00
elsenham,Elsenham,verified,https://www.elsenham-pc.gov.uk,pre-existing,ok,8,,2026-04-26T15:35:30+00:00
ellenhall-parish-meeting,Ellenhall Parish Meeting,no_web_presence_found,,,,,,2026-04-26T15:35:22+00:00
elmswell-parish-council,Elmswell Parish Council,verified,https://elmswell-pc.gov.uk/,pattern,ok,2,,2026-04-26T15:35:29+00:00
ellerton-abbey-parish-council,Ellerton Abbey Parish Council,no_web_presence_found,,,,,,2026-04-26T15:35:22+00:00
ellerton-on-swale-parish-council,Ellerton-on-Swale Parish Council,no_web_presence_found,,,,,,2026-04-26T15:35:22+00:00
ellel-parish-council,Ellel Parish Council,verified,https://ellelparishcouncil.gov.uk/,pattern,ok,1,,2026-04-26T15:35:21+00:00
elmesthorpe-parish-council,Elmesthorpe Parish Council,verified,https://elmesthorpeparishcouncil.gov.uk/,pattern,ok,2,,2026-04-26T15:35:27+00:00
ellingham-parish-council,Ellingham Parish Council,verified,https://ellinghamparishcouncil.gov.uk/,pattern,ok,,,2026-04-26T15:35:26+00:00
elsworth-parish-council,Elsworth Parish Council,url_unreachable,https://www.elsworthparishcouncil.org.uk,excel,unreachable,,"ConnectionError: HTTPSConnectionPool(host='www.elsworthparishcouncil.org.uk', port=443): Max retries exceeded with url: / (Caused by NameResolutionError(""HTTPSConnection(host='www.elsworthparishcouncil.org.uk', port=4",2026-04-26T15:35:34+00:00
ellingstring-parish-council,Ellingstring Parish Council,no_web_presence_found,,,,,,2026-04-26T15:35:26+00:00
elmdon-duddenhoe-end-and-wenden-lofts-parish-council,"Elmdon, Duddenhoe End and Wenden Lofts Parish Council",no_web_presence_found,,,,,,2026-04-26T15:35:26+00:00
elsfield-parish-meeting,Elsfield Parish Meeting,verified,https://fiori-musicali.com/,pattern,ok,1,,2026-04-26T15:35:30+00:00
elveden-parish-council,Elveden Parish Council,verified,https://www.elvedenparishcouncil.gov.uk,pre-existing,ok,5,,2026-04-26T15:35:35+00:00
eleigh-parish-council,Eleigh Parish Council,url_unreachable,https://www.monkseleighparishcouncil.gov.uk,excel,unreachable,,"ConnectTimeout: HTTPSConnectionPool(host='www.monkseleighparishcouncil.gov.uk', port=443): Max retries exceeded with url: / (Caused by ConnectTimeoutError(<HTTPSConnection(host='www.monkseleighparishcouncil.gov.uk', ",2026-04-26T15:35:18+00:00
eltisley-parish-council,Eltisley Parish Council,verified,https://eltisley-pc.gov.uk/,pattern,ok,2,,2026-04-26T15:35:34+00:00
elmore-parish-council,Elmore Parish Council,no_web_presence_found,,,,,,2026-04-26T15:35:28+00:00
elmsted-parish-council,Elmsted Parish Council,verified,https://www.elmstedparishcouncil.gov.uk/community/elmsted-parish-council-18402/home/,pattern,ok,6,,2026-04-26T15:35:28+00:00
elsing-parish-council,Elsing Parish Council,no_web_presence_found,,,,,,2026-04-26T15:35:31+00:00
emborough-parish-meeting,Emborough Parish Meeting,url_unreachable,https://www.emboroughparishmeeting.gov.uk,excel,unreachable,,"ConnectionError: HTTPSConnectionPool(host='www.emboroughparishmeeting.gov.uk', port=443): Max retries exceeded with url: / (Caused by NameResolutionError(""HTTPSConnection(host='www.emboroughparishmeeting.gov.uk', port",2026-04-26T15:35:40+00:00
embsay-with-eastby,Embsay-with-Eastby,verified,https://www.embsaywitheastby-pc.gov.uk,pre-existing,ok,4,,2026-04-26T15:35:40+00:00
elslack-parish-meeting,Elslack (Parish Meeting),no_web_presence_found,,,,,,2026-04-26T15:35:31+00:00
elwick-parish-council,Elwick Parish Council,verified,https://www.elwickparishcouncil.gov.uk/,pattern,ok,6,,2026-04-26T15:35:36+00:00
elsted-and-treyford-parish-council,Elsted and Treyford Parish Council,no_web_presence_found,,,,,,2026-04-26T15:35:31+00:00
elstead-parish-council,Elstead Parish Council,no_web_presence_found,,,,,,2026-04-26T15:35:31+00:00
elstronwick-parish-council,Elstronwick Parish Council,no_web_presence_found,,,,,,2026-04-26T15:35:33+00:00
ely-parish-council,Ely Parish Council,verified,https://ely.org.uk/,pattern,ok,1,,2026-04-26T15:35:38+00:00
endon-and-stanley-parish-council,Endon and Stanley Parish Council,verified,https://www.endonwithstanley-pc.gov.uk,pre-existing,ok,4,,2026-04-26T15:35:43+00:00
endon-with-stanley-parish-council,Endon with Stanley Parish Council,verified,https://www.endonwithstanleyparishcouncil.co.uk,pre-existing,ok,4,,2026-04-26T15:35:43+00:00
enford-parish-council,Enford Parish Council,verified,https://www.enfordparishcouncil.gov.uk,pre-existing,ok,7,,2026-04-26T15:35:43+00:00
englefield-parish-council,Englefield Parish Council,verified,https://www.englefieldparishcouncil.gov.uk,pre-existing,ok,0,,2026-04-26T15:35:43+00:00
eccleston-parish-council,Eccleston Parish Council,verified,https://ecclestonparishcouncil.gov.uk/,pattern,ok,4,,2026-04-26T15:35:03+00:00
enham-alamein-parish-council,Enham Alamein Parish Council,url_unreachable,https://www.enhampc.org.uk,excel,unreachable,,"ConnectionError: HTTPSConnectionPool(host='www.enhampc.org.uk', port=443): Max retries exceeded with url: / (Caused by NameResolutionError(""HTTPSConnection(host='www.enhampc.org.uk', port=443): Failed to resolve 'www.",2026-04-26T15:35:43+00:00
enmore-parish-council,Enmore Parish Council,url_unreachable,https://www.enmoreparishcouncil.org/,excel,unreachable,,"ConnectionError: HTTPSConnectionPool(host='www.enmoreparishcouncil.org', port=443): Max retries exceeded with url: / (Caused by NameResolutionError(""HTTPSConnection(host='www.enmoreparishcouncil.org', port=443): Faile",2026-04-26T15:35:43+00:00
enstone-parish-council,Enstone Parish Council,verified,https://www.enstone-pc.gov.uk,pre-existing,ok,7,,2026-04-26T15:35:44+00:00
embleton-parish-council,Embleton Parish Council,verified,https://embletonparishcouncil.gov.uk/,pattern,ok,2,,2026-04-26T15:35:40+00:00
epping-upland-parish-council,Epping Upland Parish Council,url_unreachable,https://www.eppinguplands-pc.gov.uk,excel,unreachable,,"ConnectionError: HTTPSConnectionPool(host='www.eppinguplands-pc.gov.uk', port=443): Max retries exceeded with url: / (Caused by NameResolutionError(""HTTPSConnection(host='www.eppinguplands-pc.gov.uk', port=443): Faile",2026-04-26T15:35:44+00:00
elvetham-heath-parish-council,Elvetham Heath Parish Council,no_web_presence_found,,,,,,2026-04-26T15:35:35+00:00
elton-on-the-hill-parish-meeting,Elton-on-the-Hill Parish Meeting,no_web_presence_found,,,,,,2026-04-26T15:35:35+00:00
elmsett-parish-council,Elmsett Parish Council,url_unreachable,https://www.elmsett-pc.gov.uk,excel,unreachable,,"ConnectTimeout: HTTPSConnectionPool(host='www.elmsett-pc.gov.uk', port=443): Max retries exceeded with url: / (Caused by ConnectTimeoutError(<HTTPSConnection(host='www.elmsett-pc.gov.uk', port=443) at 0x1d094ad3c50>,",2026-04-26T15:35:28+00:00
erlestoke-parish-council,Erlestoke Parish Council,verified,https://www.erlestokeparishcouncil.gov.uk,pre-existing,ok,6,,2026-04-26T15:35:45+00:00
elstow-parish-council,Elstow Parish Council,verified,https://elstowparishcouncil.gov.uk/,pattern,ok,5,,2026-04-26T15:35:33+00:00
eppleby-parish-council,Eppleby Parish Council,verified,https://eppleby-pc.gov.uk/,pattern,ok,4,,2026-04-26T15:35:44+00:00
elworthy-parish-meeting,Elworthy Parish Meeting,no_web_presence_found,,,,,,2026-04-26T15:35:37+00:00
emneth-parish-council,Emneth Parish Council,verified,https://emnethparishcouncil.gov.uk/,pattern,ok,4,,2026-04-26T15:35:40+00:00
emersons-green-parish-council,Emersons Green Parish Council,no_web_presence_found,,,,,,2026-04-26T15:35:40+00:00
escrick,Escrick,verified,https://www.escrickparishcouncil.gov.uk,pre-existing,ok,4,,2026-04-26T15:35:49+00:00
emscote-parish-council,Emscote Parish Council,no_web_presence_found,,,,,,2026-04-26T15:35:41+00:00
elton-parish-council,Elton Parish Council,verified,https://eltonparishcouncil.gov.uk/,pattern,ok,2,,2026-04-26T15:35:35+00:00
empshott-parish-meeting,Empshott Parish Meeting,no_web_presence_found,,,,,,2026-04-26T15:35:41+00:00
enderby-parish-council,Enderby Parish Council,no_web_presence_found,,,,,,2026-04-26T15:35:42+00:00
english-bicknor-parish-council,English Bicknor Parish Council,no_web_presence_found,,,,,,2026-04-26T15:35:43+00:00
epwell-parish-council,Epwell Parish Council,no_web_presence_found,,,,,,2026-04-26T15:35:44+00:00
essington-parish-council,Essington Parish Council,url_unreachable,http://www.essingtonparishcouncil.gov.uk/Core/Essington-Pc/Pages/Default.aspx,excel,unreachable (429),,,2026-04-26T15:35:52+00:00
erpingham-parish-council,Erpingham Parish Council,no_web_presence_found,,,,,,2026-04-26T15:35:45+00:00
erpingham-with-calthorpe-parish-council,Erpingham with Calthorpe Parish Council,no_web_presence_found,,,,,,2026-04-26T15:35:45+00:00
etton-parish-council,Etton Parish Council,verified,https://www.etton-pc.gov.uk,pre-existing,ok,5,,2026-04-26T15:35:54+00:00
elsdon-parish-council,Elsdon Parish Council,verified,https://www.elsdonpc.org.uk/,pattern,ok,1,,2026-04-26T15:35:29+00:00
erwarton-parish-meeting,Erwarton Parish Meeting,no_web_presence_found,,,,,,2026-04-26T15:35:46+00:00
epping-town-council,Epping Town Council,no_web_presence_found,,,,,,2026-04-26T15:35:44+00:00
eryholme-parish-council,Eryholme Parish Council,no_web_presence_found,,,,,,2026-04-26T15:35:47+00:00
eryholme,Eryholme,no_web_presence_found,,,,,,2026-04-26T15:35:46+00:00
essendon-parish-council,Essendon Parish Council,verified,https://www.essendonparishcouncil.gov.uk/,pattern,ok,5,,2026-04-26T15:35:50+00:00
eversley-parish-council,Eversley Parish Council,verified,https://eversley-pc.gov.uk/,pattern,ok,1,,2026-04-26T15:35:56+00:00
ewelme-parish-council,Ewelme Parish Council,verified,https://www.ewelmeparishcouncil.gov.uk,pre-existing,ok,5,,2026-04-26T15:35:58+00:00
eshton-parish-meeting,Eshton (Parish Meeting),no_web_presence_found,,,,,,2026-04-26T15:35:50+00:00
ewhurst-parish-council,Ewhurst Parish Council,verified,https://www.ewhurstparishcouncil.gov.uk,pre-existing,ok,6,,2026-04-26T15:35:59+00:00
ewhurst-with-ellens-green-parish-council,Ewhurst with Ellens Green Parish Council,verified,https://www.ewhurstellensgreen-pc.gov.uk,pre-existing,ok,4,,2026-04-26T15:35:59+00:00
eskdaleside-cum-ugglebarnby-parish-council,Eskdaleside-cum-Ugglebarnby Parish Council,no_web_presence_found,,,,,,2026-04-26T15:35:50+00:00
ettington-parish-council,Ettington Parish Council,verified,https://ettingtonparishcouncil.gov.uk/,pattern,ok,3,,2026-04-26T15:35:54+00:00
exford-parish-council,Exford Parish Council,verified,http://exfordparishcouncil.org/,pre-existing,ok,1,,2026-04-26T15:35:59+00:00
etchingham-parish-council,Etchingham Parish Council,verified,https://etchinghamparishcouncil.gov.uk/,pattern,ok,7,,2026-04-26T15:35:53+00:00
exminster-parish-council,Exminster Parish Council,verified,https://www.exminsterparishcouncil.gov.uk,excel,ok,2,,2026-04-26T15:36:00+00:00
exmoor-parish-council,Exmoor Parish Council,verified,https://www.simonsbath-exmoorparishcouncil.org/,pre-existing,ok,3,,2026-04-26T15:36:01+00:00
ewart-parish-council,Ewart Parish Council,verified,https://ewart.org.uk/,pattern,ok,,,2026-04-26T15:35:57+00:00
exning-parish-council,Exning Parish Council,verified,https://www.exning-pc.gov.uk,pre-existing,ok,3,,2026-04-26T15:36:01+00:00
etchilhampton-parish-council,Etchilhampton Parish Council,no_web_presence_found,,,,,,2026-04-26T15:35:52+00:00
enborne-parish-council,Enborne Parish Council,no_web_presence_found,,,,,,2026-04-26T15:35:41+00:00
eton-town-council,Eton Town Council,no_web_presence_found,,,,,,2026-04-26T15:35:53+00:00
everton-parish-council,Everton Parish Council,verified,https://everton-pc.gov.uk/,pattern,ok,6,,2026-04-26T15:35:57+00:00
eye-town-council,Eye Town Council,verified,https://www.eyetowncouncil.gov.uk,pre-existing,ok,4,,2026-04-26T15:36:03+00:00
evershot-parish-council,Evershot Parish Council,no_web_presence_found,,,,,,2026-04-26T15:35:55+00:00
eynsford-parish-council,Eynsford Parish Council,verified,https://www.eynsfordparishcouncil.org.uk,pre-existing,ok,7,,2026-04-26T15:36:05+00:00
eynsham-parish-council,Eynsham Parish Council,verified,https://www.eynsham-pc.gov.uk,pre-existing,ok,7,,2026-04-26T15:36:05+00:00
eythorne-parish-council,Eythorne Parish Council,verified,https://www.eythorneparishcouncil.gov.uk,pre-existing,ok,6,,2026-04-26T15:36:05+00:00
eversholt-parish-council,Eversholt Parish Council,verified,https://www.eversholtparishcouncil.gov.uk/,pattern,ok,5,,2026-04-26T15:35:55+00:00
exmouth-parish-council,Exmouth Parish Council,verified,https://exmouth.gov.uk/,pattern,ok,4,,2026-04-26T15:36:01+00:00
fairburn,Fairburn,verified,https://www.fairburn-pc.gov.uk,pre-existing,ok,3,,2026-04-26T15:36:05+00:00
eriswell-parish-council,Eriswell Parish Council,url_unreachable,https://www.eriswellparishcouncil.gov.uk,excel,unreachable,,"ConnectTimeout: HTTPSConnectionPool(host='www.eriswellparishcouncil.gov.uk', port=443): Max retries exceeded with url: / (Caused by ConnectTimeoutError(<HTTPSConnection(host='www.eriswellparishcouncil.gov.uk', port=4",2026-04-26T15:35:44+00:00
ewerby-and-evedon-parish-council,Ewerby and Evedon Parish Council,no_web_presence_found,,,,,,2026-04-26T15:35:58+00:00
eydon-parish-council,Eydon Parish Council,verified,https://eydon.org.uk/,pattern,ok,,,2026-04-26T15:36:02+00:00
fairlight-parish-council,Fairlight Parish Council,verified,https://www.fairlightparishcouncil.gov.uk,pre-existing,ok,9,,2026-04-26T15:36:08+00:00
fakenham-town-council,Fakenham Town Council,verified,https://www.fakenhamtowncouncil.gov.uk,pre-existing,ok,5,,2026-04-26T15:36:08+00:00
exbury-lepe-parish-council,Exbury & Lepe Parish Council,no_web_presence_found,,,,,,2026-04-26T15:35:59+00:00
ewyas-harold-group-parish-council,Ewyas Harold Group Parish Council,no_web_presence_found,,,,,,2026-04-26T15:35:59+00:00
exhall-parish-council,Exhall Parish Council,no_web_presence_found,,,,,,2026-04-26T15:35:59+00:00
falmouth-town-council,Falmouth Town Council,verified,https://www.falmouthtowncouncil.co.uk/,pre-existing,ok,3,,2026-04-26T15:36:08+00:00
fairfield-parish-council,Fairfield Parish Council,verified,https://www.fairfieldparishcouncil.gov.uk/,pattern,ok,3,,2026-04-26T15:36:05+00:00
exton-and-horn-parish-council,Exton and Horn Parish Council,no_web_presence_found,,,,,,2026-04-26T15:36:01+00:00
faringdon-town-council,Faringdon Town Council,verified,https://www.faringdontowncouncil.gov.uk,pre-existing,ok,9,,2026-04-26T15:36:10+00:00
eyke-parish-council,Eyke Parish Council,verified,https://eyke-pc.gov.uk/,pattern,ok,5,,2026-04-26T15:36:03+00:00
farleigh-parish-council,Farleigh Parish Council,verified,https://www.monktonfarleigh-pc.gov.uk,pre-existing,ok,6,,2026-04-26T15:36:11+00:00
eye-and-dunsden-parish-council,Eye And Dunsden Parish Council,no_web_presence_found,,,,,,2026-04-26T15:36:02+00:00
fairfields-parish-council,Fairfields Parish Council,verified,https://www.fairfields-pc.gov.uk/,pattern,ok,4,,2026-04-26T15:36:06+00:00
farley-parish-council,Farley Parish Council,verified,http://farleyparishcouncil.co.uk/,excel,ok,1,,2026-04-26T15:36:11+00:00
eye-parish-council,Eye Parish Council,no_web_presence_found,,,,,,2026-04-26T15:36:03+00:00
faceby-parish-meeting,Faceby (Parish Meeting),no_web_presence_found,,,,,,2026-04-26T15:36:05+00:00
farley-parish-council-1,Farley Parish Council,verified,http://farleyparishcouncil.co.uk/,excel,ok,1,,2026-04-26T15:36:11+00:00
farewell-and-chorley-parish-council,Farewell and Chorley Parish Council,url_unreachable,http://cefcpc.btck.co.uk/,excel,unreachable,,"ConnectionError: HTTPConnectionPool(host='cefcpc.btck.co.uk', port=80): Read timed out.",2026-04-26T15:36:10+00:00
fairford-parish-council,Fairford Parish Council,no_web_presence_found,,,,,,2026-04-26T15:36:08+00:00
farnham,Farnham,verified,https://www.farnham-pc.gov.uk,pre-existing,ok,3,,2026-04-26T15:36:17+00:00
faldingworth-parish-council,Faldingworth Parish Council,no_web_presence_found,,,,,,2026-04-26T15:36:08+00:00
farington-parish-council,Farington Parish Council,verified,https://farington-pc.gov.uk/,pattern,ok,4,,2026-04-26T15:36:10+00:00
farnhill,Farnhill,verified,https://www.farnhillparishcouncil.gov.uk,pre-existing,ok,4,,2026-04-26T15:36:17+00:00
falkenham-parish-council,Falkenham Parish Council,no_web_presence_found,,,,,,2026-04-26T15:36:08+00:00
falmer-parish-council-1,Falmer Parish Council,no_web_presence_found,,,,,,2026-04-26T15:36:08+00:00
falstone-parish-council,Falstone Parish Council,no_web_presence_found,,,,,,2026-04-26T15:36:08+00:00
farringdon-parish-council,Farringdon Parish Council,verified,https://www.farringdon-pc.gov.uk,pre-existing,ok,13,,2026-04-26T15:36:18+00:00
farthinghoe-parish-council,Farthinghoe Parish Council,verified,https://www.farthinghoeparishcouncil.gov.uk,pre-existing,ok,3,,2026-04-26T15:36:18+00:00
esh-parish-council,Esh Parish Council,verified,https://www.eshparishcouncil.co.uk/,pattern,ok,3,,2026-04-26T15:35:49+00:00
farmington-parish-meeting,Farmington Parish Meeting,no_web_presence_found,,,,,,2026-04-26T15:36:12+00:00
fawfieldhead-parish-council-1,Fawfieldhead Parish Council,verified,https://www.fawfieldheadparishcouncil.gov.uk/,pre-existing,ok,5,,2026-04-26T15:36:21+00:00
farningham-parish-council,Farningham Parish Council,verified,https://farninghamparishcouncil.gov.uk/,pattern,ok,3,,2026-04-26T15:36:17+00:00
farlington-parish-meeting,Farlington (Parish Meeting),no_web_presence_found,,,,,,2026-04-26T15:36:11+00:00
fadmoor-parish-meeting,Fadmoor (Parish Meeting),no_web_presence_found,,,,,,2026-04-26T15:36:05+00:00
fazeley-town-council,Fazeley Town Council,url_unreachable,http://fazeleytowncouncil.org.uk/,excel,unreachable,,"ConnectionError: HTTPConnectionPool(host='fazeleytowncouncil.org.uk', port=80): Max retries exceeded with url: / (Caused by NameResolutionError(""HTTPConnection(host='fazeleytowncouncil.org.uk', port=80): Failed to res",2026-04-26T15:36:22+00:00
farnsfield-parish-council,Farnsfield Parish Council,verified,https://www.farnsfield-pc.gov.uk/community/farnsfield-parish-council-13018/home/,pattern,ok,3,,2026-04-26T15:36:17+00:00
featherstone-and-brinsford-parish-council,Featherstone and Brinsford Parish Council,verified,http://www.featherstoneandbrinsfordparishcouncil.gov.uk/,pre-existing,ok,4,,2026-04-26T15:36:22+00:00
farndon-parish-council,Farndon Parish Council,verified,https://farndonparishcouncil.gov.uk/,pattern,ok,1,,2026-04-26T15:36:16+00:00
farndale-east-and-west-parish-council,Farndale East and West Parish Council,no_web_presence_found,,,,,,2026-04-26T15:36:14+00:00
farnham-parish-meeting,Farnham (Parish Meeting),verified,https://farnham-pc.gov.uk/,pattern,ok,2,,2026-04-26T15:36:17+00:00
farndale-west-parish-council,Farndale West Parish Council,no_web_presence_found,,,,,,2026-04-26T15:36:15+00:00
felliscliffe,Felliscliffe,url_unreachable,https://www.felliscliffepc.org.uk,excel,unreachable,,"SSLError: HTTPSConnectionPool(host='www.felliscliffepc.org.uk', port=443): Max retries exceeded with url: / (Caused by SSLError(SSLCertVerificationError(1, ""[SSL: CERTIFICATE_VERIFY_FAILED] certificate verify f",2026-04-26T15:36:23+00:00
farnborough-parish-council,Farnborough Parish Council,verified,https://farnborough-pc.gov.uk/,pattern,ok,5,,2026-04-26T15:36:13+00:00
felixstowe-parish-council,Felixstowe Parish Council,verified,https://felixstowe.gov.uk/,pattern,ok,,,2026-04-26T15:36:23+00:00
farnham-parish-council,Farnham Parish Council,verified,https://farnham-pc.gov.uk/,pattern,ok,2,,2026-04-26T15:36:17+00:00
felsted,Felsted,verified,https://www.felsted-pc.gov.uk,pre-existing,ok,4,,2026-04-26T15:36:26+00:00
faversham-town-council,Faversham Town Council,url_unreachable,https://www.favershamtowncouncil.gov.uk,excel,unreachable,,"ConnectionError: HTTPSConnectionPool(host='favershamtowncouncil.gov.uk', port=443): Read timed out.",2026-04-26T15:36:18+00:00
farnley-parish-council,Farnley Parish Council,no_web_presence_found,,,,,,2026-04-26T15:36:17+00:00
euston-parish-meeting,Euston Parish Meeting,no_web_presence_found,,,,,,2026-04-26T15:35:54+00:00
fawkham-parish-council,Fawkham Parish Council,verified,https://fawkhamparishcouncil.gov.uk/,pattern,ok,4,,2026-04-26T15:36:21+00:00
felpham-parish-council,Felpham Parish Council,verified,https://felphampc.gov.uk/,pattern,ok,4,,2026-04-26T15:36:25+00:00
fawdington-parish-meeting,Fawdington (Parish Meeting),no_web_presence_found,,,,,,2026-04-26T15:36:20+00:00
fenstanton-parish-council,Fenstanton Parish Council,url_unreachable,https://www.fenstanton-pc.gov.uk,excel,unreachable,,"ConnectionError: HTTPSConnectionPool(host='www.fenstanton-pc.gov.uk', port=443): Max retries exceeded with url: / (Caused by NameResolutionError(""HTTPSConnection(host='www.fenstanton-pc.gov.uk', port=443): Failed to r",2026-04-26T15:36:29+00:00
felmingham-parish-council,Felmingham Parish Council,verified,https://felminghampc.org.uk/,pattern,ok,2,,2026-04-26T15:36:24+00:00
feock-parish-council,Feock Parish Council,verified,https://www.feockpc.com/,pre-existing,ok,4,,2026-04-26T15:36:30+00:00
fawler-parish-meeting,Fawler Parish Meeting,no_web_presence_found,,,,,,2026-04-26T15:36:21+00:00
fawsley-parish-meeting,Fawsley Parish Meeting,no_web_presence_found,,,,,,2026-04-26T15:36:21+00:00
fearby-parish-council,Fearby Parish Council,no_web_presence_found,,,,,,2026-04-26T15:36:22+00:00
feckenham-parish-council,Feckenham Parish Council,no_web_presence_found,,,,,,2026-04-26T15:36:22+00:00
felbrigg-parish-council,Felbrigg Parish Council,verified,https://felbriggparishcouncil.gov.uk/,pattern,ok,1,,2026-04-26T15:36:23+00:00
euxton-parish-council,Euxton Parish Council,no_web_presence_found,,,,,,2026-04-26T15:35:55+00:00
fiddington-parish-council,Fiddington Parish Council,verified,https://www.fiddington-pc.org.uk/the-council/,pre-existing,ok,2,,2026-04-26T15:36:32+00:00
fibbing-parish-council,Fibbing Parish Council,url_unreachable,https://www.fibbing-parish.org.uk,excel,unreachable,,"ConnectionError: HTTPSConnectionPool(host='www.fibbing-parish.org.uk', port=443): Max retries exceeded with url: / (Caused by NameResolutionError(""HTTPSConnection(host='www.fibbing-parish.org.uk', port=443): Failed to",2026-04-26T15:36:32+00:00
felmersham-parish-council,Felmersham Parish Council,no_web_presence_found,,,,,,2026-04-26T15:36:24+00:00
fernhurst-parish-council,Fernhurst Parish Council,verified,https://fernhurst-pc.gov.uk/,pattern,ok,1,,2026-04-26T15:36:30+00:00
fen-ditton-parish-council,Fen Ditton Parish Council,no_web_presence_found,,,,,,2026-04-26T15:36:27+00:00
fen-drayton-parish-council,Fen Drayton Parish Council,no_web_presence_found,,,,,,2026-04-26T15:36:27+00:00
fencott-and-murcott-parish-council,Fencott and Murcott Parish Council,no_web_presence_found,,,,,,2026-04-26T15:36:28+00:00
fenny-compton-parish-council,Fenny Compton Parish Council,no_web_presence_found,,,,,,2026-04-26T15:36:29+00:00
ferndown-town-town-council,Ferndown Town Town Council,no_web_presence_found,,,,,,2026-04-26T15:36:30+00:00
fenton-parish-meeting,Fenton Parish Meeting,no_web_presence_found,,,,,,2026-04-26T15:36:29+00:00
fernham-parish-meeting,Fernham Parish Meeting,no_web_presence_found,,,,,,2026-04-26T15:36:30+00:00
findon-parish-council,Findon Parish Council,url_unreachable,https://www.findonparishcouncil.gov.uk,excel,unreachable,,"ConnectionError: ('Connection aborted.', ConnectionResetError(10054, 'An existing connection was forcibly closed by the remote host', None, 10054, None))",2026-04-26T15:36:39+00:00
finedon-town-council,Finedon Town Council,verified,https://www.finedontowncouncil.gov.uk,pre-existing,ok,5,,2026-04-26T15:36:40+00:00
fernwood-parish-council,Fernwood Parish Council,no_web_presence_found,,,,,,2026-04-26T15:36:31+00:00
ferrensby-parish-meeting,Ferrensby (Parish Meeting),no_web_presence_found,,,,,,2026-04-26T15:36:31+00:00
finstall-parish-council,Finstall Parish Council,verified,https://www.finstallparishcouncil.gov.uk,pre-existing,ok,6,,2026-04-26T15:36:41+00:00
feltwell-parish-council,Feltwell Parish Council,verified,https://feltwellparishcouncil.gov.uk/,pattern,ok,3,,2026-04-26T15:36:26+00:00
fifehead-magdalen-parish-council,Fifehead Magdalen Parish Council,no_web_presence_found,,,,,,2026-04-26T15:36:32+00:00
fifehead-neville-parish-council,Fifehead Neville Parish Council,no_web_presence_found,,,,,,2026-04-26T15:36:32+00:00
firsdown-parish-council,Firsdown Parish Council,verified,https://www.firsdown-pc.gov.uk,pre-existing,ok,6,,2026-04-26T15:36:41+00:00
fillongley-parish-council,Fillongley Parish Council,verified,https://fillongleyparishcouncil.gov.uk/,pattern,ok,1,,2026-04-26T15:36:38+00:00
finchampstead-parish-council,Finchampstead Parish Council,verified,https://www.finchampstead-pc.gov.uk/,pattern,ok,10,,2026-04-26T15:36:39+00:00
filey,Filey,no_web_presence_found,,,,,,2026-04-26T15:36:36+00:00
filey-parish-council,Filey Parish Council,no_web_presence_found,,,,,,2026-04-26T15:36:36+00:00
firle-parish-council,Firle Parish Council,verified,https://firleparishcouncil.gov.uk/,pattern,ok,3,,2026-04-26T15:36:41+00:00
fivehead-parish-council,Fivehead Parish Council,verified,https://fivehead-village.org.uk/,pre-existing,ok,9,,2026-04-26T15:36:45+00:00
fladbury-parish-council,Fladbury Parish Council,verified,https://www.fladburyvillage.co.uk/parish-council/,pre-existing,ok,7,,2026-04-26T15:36:45+00:00
flagg-parish-council,Flagg Parish Council,verified,https://www.flagg-pc.gov.uk,pre-existing,ok,4,,2026-04-26T15:36:45+00:00
filby-parish-council,Filby Parish Council,no_web_presence_found,,,,,,2026-04-26T15:36:33+00:00
filkins-and-broughton-poggs-parish-council,Filkins and Broughton Poggs Parish Council,no_web_presence_found,,,,,,2026-04-26T15:36:38+00:00
finningley-parish-council,Finningley Parish Council,verified,https://www.finningley-pc.gov.uk/,pattern,ok,3,,2026-04-26T15:36:40+00:00
flaxton,Flaxton,verified,https://www.flaxtonpc.org.uk,pre-existing,ok,6,,2026-04-26T15:36:48+00:00
finstock-parish-council,Finstock Parish Council,verified,https://finstockparishcouncil.gov.uk/,pattern,ok,3,,2026-04-26T15:36:41+00:00
fincham-parish-council,Fincham Parish Council,no_web_presence_found,,,,,,2026-04-26T15:36:39+00:00
firby-parish-meeting,Firby (Parish Meeting),no_web_presence_found,,,,,,2026-04-26T15:36:41+00:00
flempton-cum-hengrave-parish-council,Flempton cum Hengrave Parish Council,verified,https://www.flemptoncumhengraveparish.gov.uk,pre-existing,ok,3,,2026-04-26T15:36:50+00:00
fisherwick-parish-council,Fisherwick Parish Council,no_web_presence_found,,,,,,2026-04-26T15:36:41+00:00
fleckney-parish-council,Fleckney Parish Council,verified,https://www.fleckney-pc.gov.uk/community/fleckney-parish-council-12925/home/,pattern,ok,2,,2026-04-26T15:36:48+00:00
fishlake-parish-council,Fishlake Parish Council,no_web_presence_found,,,,,,2026-04-26T15:36:42+00:00
fletching-parish-council,Fletching Parish Council,verified,https://www.fletching-pc.gov.uk,excel,ok,8,,2026-04-26T15:36:50+00:00
fishtoft-parish-council,Fishtoft Parish Council,no_web_presence_found,,,,,,2026-04-26T15:36:44+00:00
fiskerton-parish-council,Fiskerton Parish Council,no_web_presence_found,,,,,,2026-04-26T15:36:45+00:00
flasby-with-winterburn-parish-meeting,Flasby with Winterburn (Parish Meeting),no_web_presence_found,,,,,,2026-04-26T15:36:45+00:00
flawborough-parish-meeting,Flawborough Parish Meeting,no_web_presence_found,,,,,,2026-04-26T15:36:45+00:00
figheldean-parish-council,Figheldean Parish Council,url_unreachable,https://www.figheldeanparishcouncil.gov.uk,excel,unreachable,,"ReadTimeout: HTTPSConnectionPool(host='www.figheldeanparishcouncil.gov.uk', port=443): Read timed out. (read timeout=6)",2026-04-26T15:36:33+00:00
flore-parish-council,Flore Parish Council,verified,https://www.flore-pc.gov.uk,pre-existing,ok,4,,2026-04-26T15:36:55+00:00
fleggburgh-parish-council,Fleggburgh Parish Council,verified,https://www.fleggburghparishcouncil.co.uk/,pattern,ok,2,,2026-04-26T15:36:48+00:00
flax-bourton-parish-council,Flax Bourton Parish Council,no_web_presence_found,,,,,,2026-04-26T15:36:47+00:00
flintham-parish-council,Flintham Parish Council,verified,https://www.flintham-pc.gov.uk/,pattern,ok,6,,2026-04-26T15:36:51+00:00
folkestone-town-council,Folkestone Town Council,verified,https://www.folkestone-tc.gov.uk,pre-existing,ok,4,,2026-04-26T15:36:58+00:00
folkton,Folkton,verified,https://www.folktonparishcouncil.gov.uk,pre-existing,ok,5,,2026-04-26T15:36:58+00:00
fleetwood-parish-council,Fleetwood Parish Council,no_web_presence_found,,,,,,2026-04-26T15:36:48+00:00
finningham-parish-council,Finningham Parish Council,url_unreachable,https://www.finninghamparishcouncil.gov.uk,excel,unreachable,,"ReadTimeout: HTTPSConnectionPool(host='www.finninghamparishcouncil.gov.uk', port=443): Read timed out. (read timeout=6)",2026-04-26T15:36:40+00:00
flempton-parish-council,Flempton Parish Council,no_web_presence_found,,,,,,2026-04-26T15:36:50+00:00
flitch-green,Flitch Green,no_web_presence_found,,,,,,2026-04-26T15:36:52+00:00
flyford-flavell-parish-council,Flyford Flavell Parish Council,verified,https://www.theflyfords.co.uk/,excel,ok,3,,2026-04-26T15:36:56+00:00
flordon-parish-council,Flordon Parish Council,verified,https://www.flordonparishcouncil.gov.uk/,pattern,ok,4,,2026-04-26T15:36:54+00:00
felton-parish-council,Felton Parish Council,no_web_presence_found,,,,,,2026-04-26T15:36:26+00:00
fordingbridge-town-council,Fordingbridge Town Council,verified,https://www.fordingbridge.gov.uk,pre-existing,ok,10,,2026-04-26T15:37:01+00:00
flitcham-with-appleton-parish-council,Flitcham with Appleton Parish Council,no_web_presence_found,,,,,,2026-04-26T15:36:53+00:00
forest-row-parish-council,Forest Row Parish Council,verified,https://www.forestrow.gov.uk,pre-existing,ok,2,,2026-04-26T15:37:02+00:00
ford-parish-council,Ford Parish Council,url_unreachable,https://www.fordwestsussex-pc.gov.uk,excel,unreachable,,"ConnectionError: ('Connection aborted.', ConnectionResetError(10054, 'An existing connection was forcibly closed by the remote host', None, 10054, None))",2026-04-26T15:37:01+00:00
forncett-parish-council,Forncett Parish Council,verified,https://www.forncettparish.gov.uk,pre-existing,ok,2,,2026-04-26T15:37:02+00:00
fornham-all-saints-parish-council,Fornham All Saints Parish Council,verified,https://www.fornhamallsaintsparish.gov.uk,pre-existing,ok,2,,2026-04-26T15:37:02+00:00
flitton-and-greenfield-parish-council,Flitton and Greenfield Parish Council,no_web_presence_found,,,,,,2026-04-26T15:36:53+00:00
flixton-bungay-wainford-ward-parish-council,Flixton (Bungay & Wainford Ward) Parish Council,no_web_presence_found,,,,,,2026-04-26T15:36:54+00:00
forsbrook-parish-council,Forsbrook Parish Council,url_unreachable,http://www.forsbrookparishcouncil.org.uk/,excel,unreachable,,"ConnectionError: HTTPConnectionPool(host='www.forsbrookparishcouncil.org.uk', port=80): Max retries exceeded with url: / (Caused by NameResolutionError(""HTTPConnection(host='www.forsbrookparishcouncil.org.uk', port=80",2026-04-26T15:37:03+00:00
flitwick-parish-council,Flitwick Parish Council,no_web_presence_found,,,,,,2026-04-26T15:36:54+00:00
forthampton-parish-council,Forthampton Parish Council,url_unreachable,https://www.forthamptonparishcouncil.org.uk,excel,unreachable,,"SSLError: HTTPSConnectionPool(host='www.forthamptonparishcouncil.org.uk', port=443): Max retries exceeded with url: / (Caused by SSLError(SSLEOFError(8, '[SSL: UNEXPECTED_EOF_WHILE_READING] EOF occurred in viol",2026-04-26T15:37:04+00:00
fordwich-town-council,Fordwich (Town Council),verified,https://www.fordwichtowncouncil.gov.uk,excel,ok,5,,2026-04-26T15:37:01+00:00
forton-parish-council,Forton Parish Council,verified,https://www.fortonstaffs-pc.gov.uk/community/forton-parish-council-7974/home/,excel,ok,4,,2026-04-26T15:37:04+00:00
forsbrook-parish-council-1,Forsbrook Parish Council,url_unreachable,http://www.forsbrookparishcouncil.org.uk/,excel,unreachable,,"ConnectionError: HTTPConnectionPool(host='www.forsbrookparishcouncil.org.uk', port=80): Max retries exceeded with url: / (Caused by NameResolutionError(""HTTPConnection(host='www.forsbrookparishcouncil.org.uk', port=80",2026-04-26T15:37:03+00:00
foleshill-parish-council,Foleshill Parish Council,no_web_presence_found,,,,,,2026-04-26T15:36:56+00:00
formby-parish-council,Formby Parish Council,verified,https://www.formby-pc.gov.uk/,pattern,ok,5,,2026-04-26T15:37:02+00:00
flowton-parish-meeting,Flowton Parish Meeting,no_web_presence_found,,,,,,2026-04-26T15:36:55+00:00
fittleworth-parish-council,Fittleworth Parish Council,no_web_presence_found,,,,,,2026-04-26T15:36:45+00:00
follifoot-and-plompton-parish-council,Follifoot and Plompton Parish Council,no_web_presence_found,,,,,,2026-04-26T15:36:58+00:00
foulden-parish-council,Foulden Parish Council,verified,https://www.fouldenparishcouncil.gov.uk,pre-existing,ok,2,,2026-04-26T15:37:07+00:00
follifoot-parish-council,Follifoot Parish Council,no_web_presence_found,,,,,,2026-04-26T15:36:58+00:00
fonthill-bishop-parish-meeting,Fonthill Bishop Parish Meeting,no_web_presence_found,,,,,,2026-04-26T15:36:59+00:00
fonthill-gifford-parish-council,Fonthill Gifford Parish Council,no_web_presence_found,,,,,,2026-04-26T15:36:59+00:00
fovant-parish-council,Fovant Parish Council,verified,https://www.fovantparishcouncil.gov.uk,pre-existing,ok,6,,2026-04-26T15:37:08+00:00
fowey-town-council,Fowey Town Council,verified,https://www.foweytowncouncil.gov.uk/,pre-existing,ok,3,,2026-04-26T15:37:08+00:00
foulridge-parish-council,Foulridge Parish Council,verified,https://foulridge-pc.gov.uk/,pattern,ok,3,,2026-04-26T15:37:07+00:00
forcett-parish-meeting,Forcett (Parish Meeting),no_web_presence_found,,,,,,2026-04-26T15:37:00+00:00
foolow-parish-meeting,Foolow (Parish Meeting),no_web_presence_found,,,,,,2026-04-26T15:37:00+00:00
felsham-parish-council,Felsham Parish Council,url_unreachable,https://www.felshamparishcouncil.gov.uk/,pattern,unreachable,,"ConnectTimeout: HTTPSConnectionPool(host='www.felshamparishcouncil.gov.uk', port=443): Max retries exceeded with url: / (Caused by ConnectTimeoutError(<HTTPSConnection(host='www.felshamparishcouncil.gov.uk', port=443",2026-04-26T15:36:26+00:00
fornham-st-genevieve-parish-council,Fornham St. Genevieve Parish Council,no_web_presence_found,,,,,,2026-04-26T15:37:02+00:00
fosdyke-parish-council,Fosdyke Parish Council,verified,https://fosdyke.org.uk/,pattern,ok,1,,2026-04-26T15:37:05+00:00
fornham-st-martin-cum-st-genevieve-parish-council,Fornham St Martin cum St Genevieve Parish Council,verified,https://www.fsmsg-pc.gov.uk,excel,ok,4,,2026-04-26T15:37:02+00:00
fowlmere-parish-council,Fowlmere Parish Council,verified,https://fowlmereparishcouncil.gov.uk/,pattern,ok,2,,2026-04-26T15:37:08+00:00
fradley-and-streethay-parish-council,Fradley and Streethay Parish Council,url_unreachable,http://www.fradleystreethay.co.uk/,excel,unreachable,,"ConnectionError: HTTPConnectionPool(host='www.fradleystreethay.co.uk', port=80): Max retries exceeded with url: / (Caused by NameResolutionError(""HTTPConnection(host='www.fradleystreethay.co.uk', port=80): Failed to r",2026-04-26T15:37:12+00:00
framfield-parish-council,Framfield Parish Council,verified,https://www.framfieldcouncil.org.uk,pre-existing,ok,0,,2026-04-26T15:37:12+00:00
framingham-earl-parish-council,Framingham Earl Parish Council,verified,https://www.framinghamearlparishcouncil.gov.uk,pre-existing,ok,4,,2026-04-26T15:37:12+00:00
fownhope-parish-council,Fownhope Parish Council,verified,https://fownhopeparishcouncil.gov.uk/,pattern,ok,5,,2026-04-26T15:37:09+00:00
foulsham-parish-council,Foulsham Parish Council,verified,https://foulsham-pc.gov.uk/,pattern,ok,3,,2026-04-26T15:37:07+00:00
foston-on-the-wolds-parish-council,Foston On The Wolds Parish Council,no_web_presence_found,,,,,,2026-04-26T15:37:06+00:00
framsden-parish-council,Framsden Parish Council,verified,https://www.framsdenparishcouncil.gov.uk,pre-existing,ok,3,,2026-04-26T15:37:15+00:00
foxton-parish-council,Foxton Parish Council,verified,https://www.foxton-pc.gov.uk/,pattern,ok,2,,2026-04-26T15:37:11+00:00
foston-with-thornton-le-clay-parish-council,Foston with Thornton le Clay Parish Council,no_web_presence_found,,,,,,2026-04-26T15:37:06+00:00
foston-with-thornton-le-clay,Foston with Thornton le Clay,no_web_presence_found,,,,,,2026-04-26T15:37:06+00:00
fotherby-parish-council,Fotherby Parish Council,no_web_presence_found,,,,,,2026-04-26T15:37:07+00:00
frant-parish-council,Frant Parish Council,url_unreachable,https://www.frant-pc.org.uk,excel,unreachable,,"ConnectionError: HTTPSConnectionPool(host='www.frant-pc.org.uk', port=443): Max retries exceeded with url: / (Caused by NameResolutionError(""HTTPSConnection(host='www.frant-pc.org.uk', port=443): Failed to resolve 'ww",2026-04-26T15:37:16+00:00
fotheringhay-parish-council,Fotheringhay Parish Council,no_web_presence_found,,,,,,2026-04-26T15:37:07+00:00
fountains-earth-parish-council,Fountains Earth Parish Council,no_web_presence_found,,,,,,2026-04-26T15:37:08+00:00
freeland-parish-council,Freeland Parish Council,verified,https://www.freelandparishcouncil.gov.uk,pre-existing,ok,5,,2026-04-26T15:37:17+00:00
freethorpe-parish-council,Freethorpe Parish Council,verified,https://www.freethorpe-pc.gov.uk,pre-existing,ok,0,,2026-04-26T15:37:17+00:00
freckenham-parish-council,Freckenham Parish Council,url_unreachable,https://www.freckenham-pc.gov.uk,excel,unreachable,,"SSLError: HTTPSConnectionPool(host='www.freckenham-pc.gov.uk', port=443): Max retries exceeded with url: / (Caused by SSLError(SSLCertVerificationError(1, ""[SSL: CERTIFICATE_VERIFY_FAILED] certificate verify fa",2026-04-26T15:37:16+00:00
fremington-parish-council,Fremington Parish Council,verified,https://www.fremingtonparishcouncil.gov.uk,excel,ok,5,,2026-04-26T15:37:17+00:00
foxhall-parish-council,Foxhall Parish Council,no_web_presence_found,,,,,,2026-04-26T15:37:10+00:00
fretherne-with-saul-parish-council,Fretherne-with-Saul Parish Council,verified,https://www.frethernewithsaul-pc.gov.uk,pre-existing,ok,4,,2026-04-26T15:37:19+00:00
frettenham-parish-council,Frettenham Parish Council,verified,https://www.frettenham-pc.gov.uk,pre-existing,ok,5,,2026-04-26T15:37:19+00:00
foxholes-parish-council,Foxholes Parish Council,no_web_presence_found,,,,,,2026-04-26T15:37:10+00:00
foxholes-with-butterwick,Foxholes with Butterwick,no_web_presence_found,,,,,,2026-04-26T15:37:11+00:00
framingham-pigot-parish-meeting,Framingham Pigot Parish Meeting,no_web_presence_found,,,,,,2026-04-26T15:37:12+00:00
fradswell-parish-council,Fradswell Parish Council,no_web_presence_found,,,,,,2026-04-26T15:37:12+00:00
fressingfield-parish-council,Fressingfield Parish Council,verified,https://www.fressingfield-pc.gov.uk,excel,ok,3,,2026-04-26T15:37:18+00:00
framlingham-parish-council,Framlingham Parish Council,no_web_presence_found,,,,,,2026-04-26T15:37:13+00:00
freeby-parish-council,Freeby Parish Council,verified,https://www.freebypc.org.uk/,pattern,ok,2,,2026-04-26T15:37:16+00:00
frankley-parish-council,Frankley Parish Council,verified,https://frankleyparishcouncil.gov.uk/,pattern,ok,4,,2026-04-26T15:37:15+00:00
frittenden-parish-council,Frittenden Parish Council,verified,https://www.frittenden-pc.gov.uk,pre-existing,ok,8,,2026-04-26T15:37:22+00:00
frampton-cotterell-parish-council,Frampton Cotterell Parish Council,no_web_presence_found,,,,,,2026-04-26T15:37:14+00:00
framwellgate-moor-parish-council,Framwellgate Moor Parish Council,no_web_presence_found,,,,,,2026-04-26T15:37:15+00:00
frocester-parish-council,Frocester Parish Council,verified,https://www.frocesterpc.org.uk,pre-existing,ok,5,,2026-04-26T15:37:23+00:00
freckleton-parish-council,Freckleton Parish Council,no_web_presence_found,,,,,,2026-04-26T15:37:16+00:00
frisby-parish-council,Frisby Parish Council,verified,https://www.frisby-pc.gov.uk/,pattern,ok,3,,2026-04-26T15:37:21+00:00
foston-parish-council,Foston Parish Council,verified,https://fostonparishcouncil.gov.uk/,pattern,ok,1,,2026-04-26T15:37:06+00:00
freiston-parish-council,Freiston Parish Council,no_web_presence_found,,,,,,2026-04-26T15:37:17+00:00
frodsham-town-council,Frodsham Town Council,verified,https://frodsham.gov.uk/,pattern,ok,7,,2026-04-26T15:37:25+00:00
frankton-parish-council,Frankton Parish Council,verified,https://www.franktonparishcouncil.gov.uk/community/frankton-parish-council-21203/home/,pattern,ok,,,2026-04-26T15:37:16+00:00
fritwell-parish-council,Fritwell Parish Council,verified,https://fritwell.org.uk/,pattern,ok,4,,2026-04-26T15:37:23+00:00
friesthorpe-parish-council,Friesthorpe Parish Council,no_web_presence_found,,,,,,2026-04-26T15:37:19+00:00
froxfield-parish-council,Froxfield Parish Council,verified,https://www.froxfieldparishcouncil.gov.uk,pre-existing,ok,6,,2026-04-26T15:37:28+00:00
froyle-parish-council,Froyle Parish Council,verified,https://www.froyleparishcouncil.org.uk,pre-existing,ok,5,,2026-04-26T15:37:28+00:00
frilford-parish-meeting,Frilford Parish Meeting,no_web_presence_found,,,,,,2026-04-26T15:37:19+00:00
fradley-parish-council,Fradley Parish Council,verified,https://www.fradleyparishcouncil.gov.uk/,pattern,ok,3,,2026-04-26T15:37:12+00:00
fulbeck-parish-council,Fulbeck Parish Council,verified,https://www.fulbeck-pc.org.uk,pre-existing,ok,6,,2026-04-26T15:37:29+00:00
frome-town-council,Frome Town Council,verified,https://www.frometowncouncil.gov.uk,excel,ok,1,,2026-04-26T15:37:27+00:00
fringford-parish-council,Fringford Parish Council,no_web_presence_found,,,,,,2026-04-26T15:37:20+00:00
fulford-parish-council,Fulford Parish Council,verified,https://fulfordparishcouncil.gov.uk/,pre-existing,ok,2,,2026-04-26T15:37:29+00:00
frinsted-parish-council,Frinsted Parish Council,no_web_presence_found,,,,,,2026-04-26T15:37:21+00:00
frithelstock-parish-council,Frithelstock Parish Council,no_web_presence_found,,,,,,2026-04-26T15:37:22+00:00
fritton-and-st-olaves-parish-council,Fritton and St. Olaves Parish Council,no_web_presence_found,,,,,,2026-04-26T15:37:22+00:00
frithville-and-westville-parish-council,Frithville and Westville Parish Council,no_web_presence_found,,,,,,2026-04-26T15:37:22+00:00
friskney-parish-council,Friskney Parish Council,no_web_presence_found,,,,,,2026-04-26T15:37:22+00:00
fulbourn-parish-council,Fulbourn Parish Council,verified,https://fulbournparishcouncil.gov.uk/,pattern,ok,,,2026-04-26T15:37:29+00:00
frodesley-parish-council,Frodesley Parish Council,no_web_presence_found,,,,,,2026-04-26T15:37:23+00:00
fyfield-parish-council,Fyfield Parish Council,verified,https://www.fyfieldparishcouncil.gov.uk,pre-existing,ok,5,,2026-04-26T15:37:33+00:00
fylingdales,Fylingdales,verified,https://www.fylingdalespc.org.uk,pre-existing,ok,0,,2026-04-26T15:37:33+00:00
funtington-parish-council,Funtington Parish Council,verified,https://funtington-pc.gov.uk/,pattern,ok,2,,2026-04-26T15:37:31+00:00
frogmore-sherford-parish-council,Frogmore & Sherford Parish Council,no_web_presence_found,,,,,,2026-04-26T15:37:26+00:00
frolesworth-parish-council,Frolesworth Parish Council,no_web_presence_found,,,,,,2026-04-26T15:37:27+00:00
garboldisham-parish-council,Garboldisham Parish Council,verified,https://www.garboldishamparishcouncil.gov.uk,pre-existing,ok,6,,2026-04-26T15:37:36+00:00
frome-vauchurch-parish-council,Frome Vauchurch Parish Council,no_web_presence_found,,,,,,2026-04-26T15:37:27+00:00
fulstow-parish-council,Fulstow Parish Council,verified,https://fulstowparishcouncil.gov.uk/,pattern,ok,1,,2026-04-26T15:37:31+00:00
frostenden-parish-council,Frostenden Parish Council,no_web_presence_found,,,,,,2026-04-26T15:37:27+00:00
garsdale-parish-council,Garsdale Parish Council,verified,https://www.garsdaleparishcouncil.gov.uk,pre-existing,ok,4,,2026-04-26T15:37:36+00:00
garsington-parish-council,Garsington Parish Council,verified,https://www.garsingtonparishcouncil.gov.uk,pre-existing,ok,5,,2026-04-26T15:37:36+00:00
fryston,Fryston,no_web_presence_found,,,,,,2026-04-26T15:37:28+00:00
fryton-parish-council,Fryton Parish Council,no_web_presence_found,,,,,,2026-04-26T15:37:28+00:00
fulletby-parish-council,Fulletby Parish Council,no_web_presence_found,,,,,,2026-04-26T15:37:29+00:00
fulmer-parish-council,Fulmer Parish Council,no_web_presence_found,,,,,,2026-04-26T15:37:30+00:00
fulmodeston-parish-council,Fulmodeston Parish Council,no_web_presence_found,,,,,,2026-04-26T15:37:31+00:00
gaddesby-parish-council,Gaddesby Parish Council,verified,https://www.gaddesbyparishcouncil.gov.uk/,pattern,ok,2,,2026-04-26T15:37:33+00:00
fulnetby-parish-council,Fulnetby Parish Council,no_web_presence_found,,,,,,2026-04-26T15:37:31+00:00
gate-helmsley-and-upper-helmsley,Gate Helmsley and Upper Helmsley,verified,https://www.helmsleygu-pc.gov.uk,pre-existing,ok,4,,2026-04-26T15:37:40+00:00
fyfield-and-tubney-parish-council,Fyfield and Tubney Parish Council,no_web_presence_found,,,,,,2026-04-26T15:37:33+00:00
froggatt-parish-meeting,Froggatt (Parish Meeting),no_web_presence_found,,,,,,2026-04-26T15:37:25+00:00
gargrave,Gargrave,verified,https://www.gargrave.org.uk/,pattern,ok,,,2026-04-26T15:37:36+00:00
gainsborough-parish-council,Gainsborough Parish Council,no_web_presence_found,,,,,,2026-04-26T15:37:35+00:00
gawcott-with-lenborough-parish-council,Gawcott-with-Lenborough Parish Council,verified,https://www.gawcottwithlenborough-pc.gov.uk,pre-existing,ok,6,,2026-04-26T15:37:45+00:00
gawsworth-parish-council,Gawsworth Parish Council,verified,https://www.gawsworthpc.org.uk,pre-existing,ok,2,,2026-04-26T15:37:45+00:00
garford-parish-meeting,Garford Parish Meeting,no_web_presence_found,,,,,,2026-04-26T15:37:36+00:00
garthorpe-parish-council,Garthorpe Parish Council,no_web_presence_found,,,,,,2026-04-26T15:37:37+00:00
garriston-parish-council,Garriston Parish Council,no_web_presence_found,,,,,,2026-04-26T15:37:36+00:00
garstang-parish-council,Garstang Parish Council,no_web_presence_found,,,,,,2026-04-26T15:37:36+00:00
garton-on-the-wolds-parish-council,Garton On The Wolds Parish Council,no_web_presence_found,,,,,,2026-04-26T15:37:38+00:00
gatenby-parish-meeting,Gatenby (Parish Meeting),verified,https://gatenby.org.uk/,pattern,ok,,,2026-04-26T15:37:42+00:00
gainford-parish-council,Gainford Parish Council,no_web_presence_found,,,,,,2026-04-26T15:37:34+00:00
garton-parish-council,Garton Parish Council,no_web_presence_found,,,,,,2026-04-26T15:37:38+00:00
garvestone-reymerston-and-thuxton-parish-council,"Garvestone, Reymerston and Thuxton Parish Council",no_web_presence_found,,,,,,2026-04-26T15:37:39+00:00
gate-burton-parish-council,Gate Burton Parish Council,no_web_presence_found,,,,,,2026-04-26T15:37:40+00:00
geldeston-parish-council,Geldeston Parish Council,verified,https://www.geldestonparishcouncil.gov.uk,pre-existing,ok,6,,2026-04-26T15:37:49+00:00
georgeham-parish-council,Georgeham Parish Council,verified,https://www.georgehamparishcouncil.gov.uk,pre-existing,ok,5,,2026-04-26T15:37:49+00:00
germansweek-parish,Germansweek Parish,verified,https://www.germansweek-pc.gov.uk,pre-existing,ok,5,,2026-04-26T15:37:49+00:00
germansweek-parish-parish-council,Germansweek Parish Parish Council,verified,https://www.germansweek-pc.gov.uk,pre-existing,ok,5,,2026-04-26T15:37:49+00:00
germoe-parish-council,Germoe Parish Council,url_unreachable,https://www.germoeparishcouncil.org.uk/,excel,unreachable,,"ConnectionError: HTTPSConnectionPool(host='www.germoeparishcouncil.org.uk', port=443): Max retries exceeded with url: / (Caused by NameResolutionError(""HTTPSConnection(host='www.germoeparishcouncil.org.uk', port=443):",2026-04-26T15:37:49+00:00
gateley-parish-meeting,Gateley Parish Meeting,no_web_presence_found,,,,,,2026-04-26T15:37:42+00:00
geddington-parish-council,Geddington Parish Council,verified,https://geddington.net/,pattern,ok,2,,2026-04-26T15:37:47+00:00
gilcrux-parish-council,Gilcrux Parish Council,verified,https://www.gilcruxparishcouncil.gov.uk,pre-existing,ok,6,,2026-04-26T15:37:52+00:00
gaydon-parish-council,Gaydon Parish Council,verified,https://gaydonparishcouncil.gov.uk/,pattern,ok,4,,2026-04-26T15:37:45+00:00
gautby-parish-council,Gautby Parish Council,no_web_presence_found,,,,,,2026-04-26T15:37:44+00:00
fulbrook-parish-meeting,Fulbrook Parish Meeting,verified,https://fulbrookparishcouncil.gov.uk/,pattern,ok,3,,2026-04-26T15:37:29+00:00
gedney-parish-council,Gedney Parish Council,verified,https://gedney-pc.gov.uk/,pattern,ok,4,,2026-04-26T15:37:48+00:00
gayles-parish-meeting,Gayles (Parish Meeting),no_web_presence_found,,,,,,2026-04-26T15:37:45+00:00
gayton-le-marsh-parish-council,Gayton le Marsh Parish Council,no_web_presence_found,,,,,,2026-04-26T15:37:46+00:00
gayton-le-wold-parish-council,Gayton le Wold Parish Council,no_web_presence_found,,,,,,2026-04-26T15:37:46+00:00
gerrards-cross-town-council,Gerrards Cross Town Council,verified,https://www.gerrardscross.gov.uk,excel,ok,3,,2026-04-26T15:37:51+00:00
gedding-parish-meeting,Gedding Parish Meeting,no_web_presence_found,,,,,,2026-04-26T15:37:47+00:00
gillingham-parish-council,Gillingham Parish Council,verified,https://gillingham.org.uk/,pattern,ok,,,2026-04-26T15:37:52+00:00
gissing-parish-council,Gissing Parish Council,url_unreachable,https://www.gissingparishcuncil.gov.uk,excel,unreachable,,"ConnectionError: HTTPSConnectionPool(host='www.gissingparishcuncil.gov.uk', port=443): Max retries exceeded with url: / (Caused by NameResolutionError(""HTTPSConnection(host='www.gissingparishcuncil.gov.uk', port=443):",2026-04-26T15:37:57+00:00
glaisdale,Glaisdale,verified,https://www.glaisdalepc.org.uk,pre-existing,ok,7,,2026-04-26T15:37:57+00:00
glaisdale-parish-council,Glaisdale Parish Council,verified,https://www.glaisdalepc.org.uk,pre-existing,ok,7,,2026-04-26T15:37:57+00:00
gedgrave-parish-council,Gedgrave Parish Council,no_web_presence_found,,,,,,2026-04-26T15:37:48+00:00
gedney-hill-parish-council,Gedney Hill Parish Council,no_web_presence_found,,,,,,2026-04-26T15:37:48+00:00
gilmorton-parish-council,Gilmorton Parish Council,verified,https://www.gilmortonparishcouncil.gov.uk/,pattern,ok,2,,2026-04-26T15:37:53+00:00
gerrans-parish-council,Gerrans Parish Council,no_web_presence_found,,,,,,2026-04-26T15:37:49+00:00
glazeley-and-middleton-scriven-parish-council,Glazeley and Middleton Scriven Parish Council,verified,https://www.billingsley-pc.gov.uk,pre-existing,ok,4,,2026-04-26T15:37:58+00:00
gillingham-town-council,Gillingham Town Council,verified,https://gillingham.org.uk/,pattern,ok,,,2026-04-26T15:37:53+00:00
gisburn-parish-council,Gisburn Parish Council,verified,https://gisburn.org.uk/,pattern,ok,,,2026-04-26T15:37:55+00:00
glemsford-parish-council,Glemsford Parish Council,verified,https://www.glemsford-pc.gov.uk,pre-existing,ok,6,,2026-04-26T15:38:00+00:00
glastonbury-town-council,Glastonbury Town Council,verified,https://glastonbury.gov.uk/,excel,ok,2,,2026-04-26T15:37:58+00:00
glapwell-parish-council,Glapwell Parish Council,verified,https://www.glapwell-pc.gov.uk,excel,ok,4,,2026-04-26T15:37:57+00:00
gayton-parish-council,Gayton Parish Council,verified,https://gaytonparishcouncil.gov.uk/,pattern,ok,3,,2026-04-26T15:37:46+00:00
glinton-parish-council,Glinton Parish Council,verified,https://www.glinton-pc.gov.uk,pre-existing,ok,7,,2026-04-26T15:38:01+00:00
gillamoor-parish-meeting,Gillamoor (Parish Meeting),no_web_presence_found,,,,,,2026-04-26T15:37:52+00:00
glusburn-and-cross-hills-parish-council,Glusburn and Cross Hills Parish Council,verified,https://www.glusburnandcrosshills-pc.gov.uk,pre-existing,ok,3,,2026-04-26T15:38:01+00:00
glanton-parish-council,Glanton Parish Council,verified,https://www.glanton-pc.gov.uk/community/glanton-21165/home/,pattern,ok,1,,2026-04-26T15:37:57+00:00
glynde-and-beddingham-parish-council-1,Glynde and Beddingham Parish Council,verified,https://www.glyndebeddingham-pc.gov.uk,pre-existing,ok,1,,2026-04-26T15:38:01+00:00
gateforth-parish-council,Gateforth Parish Council,no_web_presence_found,,,,,,2026-04-26T15:37:40+00:00
gnosall-parish-council,Gnosall Parish Council,url_unreachable,http://www.gnosallparishcouncil.org.uk/,excel,unreachable (404),,,2026-04-26T15:38:01+00:00
girsby-parish-meeting,Girsby (Parish Meeting),no_web_presence_found,,,,,,2026-04-26T15:37:53+00:00
girton-parish-council,Girton Parish Council,verified,https://www.girton-pc.gov.uk/,pattern,ok,5,,2026-04-26T15:37:54+00:00
goathurst-parish-council,Goathurst Parish Council,verified,https://www.goathurstparish.org.uk/,pre-existing,ok,0,,2026-04-26T15:38:03+00:00
gisburn-forest-parish-council,Gisburn Forest Parish Council,no_web_presence_found,,,,,,2026-04-26T15:37:55+00:00
goathland,Goathland,verified,https://goathlandparishcouncil.gov.uk/,pattern,ok,2,,2026-04-26T15:38:02+00:00
glassonby-parish-council,Glassonby Parish Council,no_web_presence_found,,,,,,2026-04-26T15:37:58+00:00
glazeley-parish-council,Glazeley Parish Council,no_web_presence_found,,,,,,2026-04-26T15:37:58+00:00
garway-parish-council,Garway Parish Council,verified,https://garwayparishcouncil.gov.uk/,pattern,ok,4,,2026-04-26T15:37:40+00:00
gleadthorpe-parish-council,Gleadthorpe Parish Council,no_web_presence_found,,,,,,2026-04-26T15:38:00+00:00
glen-parva-parish-council,Glen Parva Parish Council,no_web_presence_found,,,,,,2026-04-26T15:38:00+00:00
godalming-town-council,Godalming Town Council,verified,https://www.godalming.org.uk/,pattern,ok,,,2026-04-26T15:38:03+00:00
glenfields-parish-council,Glenfields Parish Council,no_web_presence_found,,,,,,2026-04-26T15:38:00+00:00
glooston-parish-council,Glooston Parish Council,no_web_presence_found,,,,,,2026-04-26T15:38:01+00:00
glympton-parish-meeting,Glympton Parish Meeting,no_web_presence_found,,,,,,2026-04-26T15:38:01+00:00
glentworth-parish-council,Glentworth Parish Council,no_web_presence_found,,,,,,2026-04-26T15:38:00+00:00
gooderstone-parish-council,Gooderstone Parish Council,verified,https://www.gooderstone-pc.gov.uk,pre-existing,ok,2,,2026-04-26T15:38:10+00:00
goodnestone-parish-council,Goodnestone Parish Council,verified,https://www.goodnestone-pc.gov.uk,pre-existing,ok,6,,2026-04-26T15:38:10+00:00
goadby-parish-council,Goadby Parish Council,no_web_presence_found,,,,,,2026-04-26T15:38:02+00:00
goathill-parish-council,Goathill Parish Council,no_web_presence_found,,,,,,2026-04-26T15:38:02+00:00
godstone-parish-council,Godstone Parish Council,verified,https://www.godstone-pc.gov.uk,excel,ok,1,,2026-04-26T15:38:09+00:00
godington-parish-meeting,Godington Parish Meeting,no_web_presence_found,,,,,,2026-04-26T15:38:04+00:00
goostrey-parish-council,Goostrey Parish Council,verified,https://www.goostreyparishcouncil.gov.uk,pre-existing,ok,10,,2026-04-26T15:38:13+00:00
godmersham-parish-council,Godmersham Parish Council,verified,https://www.godmersham.org.uk/,pattern,ok,5,,2026-04-26T15:38:07+00:00
goring-on-thames-parish-council,Goring-on-Thames Parish Council,verified,https://www.goringparishcouncil.gov.uk,pre-existing,ok,5,,2026-04-26T15:38:13+00:00
gislingham-parish-council,Gislingham Parish Council,verified,https://www.gislinghamparishcouncil.gov.uk,excel,ok,5,,2026-04-26T15:37:56+00:00
godmanstone-parish-council,Godmanstone Parish Council,no_web_presence_found,,,,,,2026-04-26T15:38:07+00:00
gosbeck-parish-council,Gosbeck Parish Council,verified,https://www.gosbeckparishcouncil.gov.uk,pre-existing,ok,3,,2026-04-26T15:38:16+00:00
goldsborough-and-flaxby-parish-council,Goldsborough and Flaxby Parish Council,no_web_presence_found,,,,,,2026-04-26T15:38:09+00:00
goldshaw-booth-parish-council,Goldshaw Booth Parish Council,no_web_presence_found,,,,,,2026-04-26T15:38:10+00:00
goldsborough-parish-council,Goldsborough Parish Council,no_web_presence_found,,,,,,2026-04-26T15:38:09+00:00
goodrich-and-welsh-bicknor-group-parish-council,Goodrich and Welsh Bicknor Group Parish Council,no_web_presence_found,,,,,,2026-04-26T15:38:10+00:00
goudhurst-parish-council,Goudhurst Parish Council,verified,https://www.goudhurst-pc.gov.uk,pre-existing,ok,6,,2026-04-26T15:38:20+00:00
grade-ruan-parish-council,Grade Ruan Parish Council,verified,https://www.grpc.org.uk/,pre-existing,ok,0,,2026-04-26T15:38:20+00:00
gonalston-parish-meeting,Gonalston Parish Meeting,no_web_presence_found,,,,,,2026-04-26T15:38:10+00:00
goole-parish-council,Goole Parish Council,no_web_presence_found,,,,,,2026-04-26T15:38:11+00:00
grafham-parish-council,Grafham Parish Council,url_unreachable,https://www.grafhamparishcouncil.gov.uk,excel,unreachable,,"ConnectionError: HTTPSConnectionPool(host='www.grafhamparishcouncil.gov.uk', port=443): Max retries exceeded with url: / (Caused by NameResolutionError(""HTTPSConnection(host='www.grafhamparishcouncil.gov.uk', port=443",2026-04-26T15:38:20+00:00
goosey-parish-meeting,Goosey Parish Meeting,no_web_presence_found,,,,,,2026-04-26T15:38:11+00:00
goldhanger-parish-council,Goldhanger Parish Council,verified,https://goldhanger.org.uk/,pattern,ok,,,2026-04-26T15:38:09+00:00
goosnargh-parish-council,Goosnargh Parish Council,no_web_presence_found,,,,,,2026-04-26T15:38:12+00:00
graffham-parish-council,Graffham Parish Council,verified,https://graffham-pc.gov.uk/,pattern,ok,1,,2026-04-26T15:38:20+00:00
gorefield-parish-council,Gorefield Parish Council,no_web_presence_found,,,,,,2026-04-26T15:38:13+00:00
grampound-with-creed-parish-council,Grampound with Creed Parish Council,verified,https://www.grampound.org.uk/,pre-existing,ok,5,,2026-04-26T15:38:22+00:00
gorsley-kilcot-parish-council,Gorsley & Kilcot Parish Council,no_web_presence_found,,,,,,2026-04-26T15:38:13+00:00
gorton-parish-council,Gorton Parish Council,no_web_presence_found,,,,,,2026-04-26T15:38:14+00:00
gotherington-parish-council,Gotherington Parish Council,verified,https://www.gotheringtonparishcouncil.org.uk,excel,ok,1,,2026-04-26T15:38:19+00:00
gosberton-parish-council,Gosberton Parish Council,no_web_presence_found,,,,,,2026-04-26T15:38:16+00:00
gosforth-parish-council,Gosforth Parish Council,verified,https://gosforthpc.org.uk/,pattern,ok,7,,2026-04-26T15:38:18+00:00
gotham-parish-council,Gotham Parish Council,no_web_presence_found,,,,,,2026-04-26T15:38:19+00:00
grandborough-parish-council,Grandborough Parish Council,verified,https://grandboroughparishcouncil.gov.uk/,pattern,ok,1,,2026-04-26T15:38:22+00:00
grade-ruan-parish-council-1,Grade-Ruan Parish Council,no_web_presence_found,,,,,,2026-04-26T15:38:20+00:00
gisleham-parish-council,Gisleham Parish Council,no_web_presence_found,,,,,,2026-04-26T15:37:55+00:00
grafton-and-radcot-parish-meeting,Grafton and Radcot Parish Meeting,no_web_presence_found,,,,,,2026-04-26T15:38:20+00:00
grafton-flyford-parish-council,Grafton Flyford Parish Council,no_web_presence_found,,,,,,2026-04-26T15:38:21+00:00
grassington,Grassington,verified,https://www.grassingtonparishcouncil.gov.uk,pre-existing,ok,17,,2026-04-26T15:38:30+00:00
grassington-parish-council,Grassington Parish Council,verified,https://www.grassingtonparishcouncil.gov.uk,pre-existing,ok,17,,2026-04-26T15:38:30+00:00
grassmoor-hasland-and-winsick-parish-council,"Grassmoor, Hasland and Winsick Parish Council",verified,https://www.grassmoorhw-pc.gov.uk,pre-existing,ok,7,,2026-04-26T15:38:30+00:00
grainthorpe-parish-council,Grainthorpe Parish Council,no_web_presence_found,,,,,,2026-04-26T15:38:21+00:00
grafton-underwood-parish-council,Grafton Underwood Parish Council,no_web_presence_found,,,,,,2026-04-26T15:38:21+00:00
grafton-parish-council,Grafton Parish Council,no_web_presence_found,,,,,,2026-04-26T15:38:21+00:00
granborough-parish-council,Granborough Parish Council,no_web_presence_found,,,,,,2026-04-26T15:38:22+00:00
gravesend-parish-council,Gravesend Parish Council,url_unreachable,https://www.gravesendpc.org.uk,excel,unreachable,,"ConnectionError: HTTPSConnectionPool(host='www.gravesendpc.org.uk', port=443): Max retries exceeded with url: / (Caused by NameResolutionError(""HTTPSConnection(host='www.gravesendpc.org.uk', port=443): Failed to resol",2026-04-26T15:38:31+00:00
grayshott-parish-council,Grayshott Parish Council,verified,https://www.grayshott-pc.gov.uk,pre-existing,ok,7,,2026-04-26T15:38:31+00:00
grayswood-and-haslemere-parish-council,Grayswood and Haslemere Parish Council,url_unreachable,https://www.grayswood-haslemere.gov.uk,excel,unreachable,,"ConnectionError: HTTPSConnectionPool(host='www.grayswood-haslemere.gov.uk', port=443): Max retries exceeded with url: / (Caused by NameResolutionError(""HTTPSConnection(host='www.grayswood-haslemere.gov.uk', port=443):",2026-04-26T15:38:31+00:00
greasley-parish-council,Greasley Parish Council,verified,https://www.greasleyparishcouncil.gov.uk,pre-existing,ok,5,,2026-04-26T15:38:31+00:00
grantchester-parish-council,Grantchester Parish Council,verified,https://grantchester.org.uk/,pattern,ok,5,,2026-04-26T15:38:28+00:00
grange-de-lings-parish-council,Grange de Lings Parish Council,no_web_presence_found,,,,,,2026-04-26T15:38:24+00:00
grange-moor-parish-council,Grange Moor Parish Council,no_web_presence_found,,,,,,2026-04-26T15:38:25+00:00
grange-over-sands-town-council,Grange over Sands Town Council,no_web_presence_found,,,,,,2026-04-26T15:38:26+00:00
grange-over-sands-parish-council,Grange-over-sands Parish Council,no_web_presence_found,,,,,,2026-04-26T15:38:26+00:00
grappenhall-and-thelwall-parish-council,Grappenhall and Thelwall Parish Council,no_web_presence_found,,,,,,2026-04-26T15:38:29+00:00
grasby-parish-council,Grasby Parish Council,no_web_presence_found,,,,,,2026-04-26T15:38:29+00:00
grantham-town-council,Grantham Town Council,no_web_presence_found,,,,,,2026-04-26T15:38:28+00:00
grassthorpe-parish-meeting,Grassthorpe Parish Meeting,no_web_presence_found,,,,,,2026-04-26T15:38:30+00:00
grantley-parish-council,Grantley Parish Council,no_web_presence_found,,,,,,2026-04-26T15:38:29+00:00
godmanchester-parish-council,Godmanchester Parish Council,no_web_presence_found,,,,,,2026-04-26T15:38:06+00:00
gratton-parish-meeting,Gratton (Parish Meeting),no_web_presence_found,,,,,,2026-04-26T15:38:30+00:00
great-bedwyn-parish-council,Great Bedwyn Parish Council,verified,http://www.greatbedwyn-pc.gov.uk,pre-existing,ok,6,,2026-04-26T15:38:40+00:00
graveney-with-goodnestone-parish-council,Graveney with Goodnestone Parish Council,no_web_presence_found,,,,,,2026-04-26T15:38:31+00:00
great-barton-parish-council,Great Barton Parish Council,url_unreachable,https://www.greatbarton-pc.gov.uk,excel,unreachable,,"SSLError: HTTPSConnectionPool(host='www.greatbarton-pc.gov.uk', port=443): Max retries exceeded with url: / (Caused by SSLError(SSLCertVerificationError(1, ""[SSL: CERTIFICATE_VERIFY_FAILED] certificate verify f",2026-04-26T15:38:39+00:00
grayingham-parish-council,Grayingham Parish Council,no_web_presence_found,,,,,,2026-04-26T15:38:31+00:00
great-blakenham-parish-council,Great Blakenham Parish Council,url_unreachable,https://www.greatblakenhamparishcouncil.gov.uk,excel,unreachable,,"SSLError: HTTPSConnectionPool(host='www.greatblakenhamparishcouncil.gov.uk', port=443): Max retries exceeded with url: / (Caused by SSLError(SSLCertVerificationError(1, ""[SSL: CERTIFICATE_VERIFY_FAILED] certifi",2026-04-26T15:38:40+00:00
great-abington-parish-council,Great Abington Parish Council,no_web_presence_found,,,,,,2026-04-26T15:38:31+00:00
great-bricett-parish-council,Great Bricett Parish Council,url_unreachable,https://www.greatbricett-pc.gov.uk,excel,unreachable,,"SSLError: HTTPSConnectionPool(host='www.greatbricett-pc.gov.uk', port=443): Max retries exceeded with url: / (Caused by SSLError(SSLCertVerificationError(1, ""[SSL: CERTIFICATE_VERIFY_FAILED] certificate verify ",2026-04-26T15:38:40+00:00
great-and-little-chishill-parish-council,Great and Little Chishill Parish Council,no_web_presence_found,,,,,,2026-04-26T15:38:33+00:00
great-altcar-parish-council,Great Altcar Parish Council,no_web_presence_found,,,,,,2026-04-26T15:38:33+00:00
great-ayton,Great Ayton,verified,https://great-ayton.org.uk/,pattern,ok,4,,2026-04-26T15:38:38+00:00
great-and-little-kimble-cum-marsh-parish-council,Great and Little Kimble cum Marsh Parish Council,no_web_presence_found,,,,,,2026-04-26T15:38:34+00:00
great-brickhill-parish-council,Great Brickhill Parish Council,verified,https://www.greatbrickhillparishcouncil.gov.uk,excel,ok,5,,2026-04-26T15:38:41+00:00
great-canfield,Great Canfield,verified,https://www.greatcanfieldparishcouncil.gov.uk,pre-existing,ok,0,,2026-04-26T15:38:44+00:00
great-canfield-parish-council,Great Canfield Parish Council,verified,https://www.greatcanfieldparishcouncil.gov.uk,pre-existing,ok,0,,2026-04-26T15:38:44+00:00
great-ashby-parish-council,Great Ashby Parish Council,no_web_presence_found,,,,,,2026-04-26T15:38:35+00:00
great-and-little-preston-parish-council,Great and Little Preston Parish Council,no_web_presence_found,,,,,,2026-04-26T15:38:35+00:00
great-ayton-parish-council,Great Ayton Parish Council,verified,https://great-ayton.org.uk/,pattern,ok,4,,2026-04-26T15:38:38+00:00
great-ashfield-parish-council,Great Ashfield Parish Council,no_web_presence_found,,,,,,2026-04-26T15:38:38+00:00
great-barford-parish-council,Great Barford Parish Council,no_web_presence_found,,,,,,2026-04-26T15:38:39+00:00
great-boughton-parish-council,Great Boughton Parish Council,no_web_presence_found,,,,,,2026-04-26T15:38:40+00:00
great-bealings-parish-council,Great Bealings Parish Council,no_web_presence_found,,,,,,2026-04-26T15:38:40+00:00
great-bowden-parish-council,Great Bowden Parish Council,no_web_presence_found,,,,,,2026-04-26T15:38:40+00:00
great-braxted-parish-council,Great Braxted Parish Council,no_web_presence_found,,,,,,2026-04-26T15:38:40+00:00
great-bradley-parish-council,Great Bradley Parish Council,no_web_presence_found,,,,,,2026-04-26T15:38:40+00:00
great-budworth-parish-council,Great Budworth Parish Council,no_web_presence_found,,,,,,2026-04-26T15:38:43+00:00
great-dunmow,Great Dunmow,verified,https://www.greatdunmow-tc.gov.uk,pre-existing,ok,1,,2026-04-26T15:38:52+00:00
great-dunmow-parish-council,Great Dunmow Parish Council,verified,https://www.greatdunmow-tc.gov.uk,pre-existing,ok,1,,2026-04-26T15:38:52+00:00
great-burdon-parish-council,Great Burdon Parish Council,no_web_presence_found,,,,,,2026-04-26T15:38:43+00:00
great-burstead-and-south-green-parish-council,Great Burstead and South Green Parish Council,no_web_presence_found,,,,,,2026-04-26T15:38:43+00:00
great-busby-parish-meeting,Great Busby (Parish Meeting),no_web_presence_found,,,,,,2026-04-26T15:38:43+00:00
great-elm-parish-council,Great Elm Parish Council,verified,http://greatelm.org/,pre-existing,ok,4,,2026-04-26T15:38:53+00:00
godney-parish-council,Godney Parish Council,no_web_presence_found,,,,,,2026-04-26T15:38:08+00:00
great-carlton-parish-council,Great Carlton Parish Council,no_web_presence_found,,,,,,2026-04-26T15:38:44+00:00
great-chesterford,Great Chesterford,no_web_presence_found,,,,,,2026-04-26T15:38:45+00:00
great-chesterford-parish-council,Great Chesterford Parish Council,no_web_presence_found,,,,,,2026-04-26T15:38:45+00:00
great-clifton-parish-council,Great Clifton Parish Council,no_web_presence_found,,,,,,2026-04-26T15:38:46+00:00
great-gonerby-parish-council,Great Gonerby Parish Council,verified,https://www.greatgonerbyparish.gov.uk,pre-existing,ok,0,,2026-04-26T15:38:55+00:00
great-coates-parish-council,Great Coates Parish Council,no_web_presence_found,,,,,,2026-04-26T15:38:46+00:00
great-comberton-parish-council,Great Comberton Parish Council,no_web_presence_found,,,,,,2026-04-26T15:38:48+00:00
great-denham-parish-council,Great Denham Parish Council,no_web_presence_found,,,,,,2026-04-26T15:38:49+00:00
great-hinton-parish-council,Great Hinton Parish Council,verified,https://www.greathintonparishcouncil.gov.uk,pre-existing,ok,6,,2026-04-26T15:38:58+00:00
great-hockham-parish-council,Great Hockham Parish Council,verified,https://www.hockhamparish.gov.uk,pre-existing,ok,0,,2026-04-26T15:38:58+00:00
great-horwood-parish-council,Great Horwood Parish Council,verified,https://www.greathorwoodpc.org.uk,pre-existing,ok,0,,2026-04-26T15:38:58+00:00
great-cornard-parish-council,Great Cornard Parish Council,no_web_presence_found,,,,,,2026-04-26T15:38:49+00:00
great-dawley-parish-council,Great Dawley Parish Council,no_web_presence_found,,,,,,2026-04-26T15:38:49+00:00
great-driffield-parish-council,Great Driffield Parish Council,no_web_presence_found,,,,,,2026-04-26T15:38:50+00:00
great-doddington-parish-council,Great Doddington Parish Council,no_web_presence_found,,,,,,2026-04-26T15:38:50+00:00
great-melton-parish-council,Great Melton Parish Council,url_unreachable,https://www.greatmeltonparish.gov.uk,excel,unreachable,,"ConnectionError: HTTPSConnectionPool(host='www.greatmeltonparish.gov.uk', port=443): Max retries exceeded with url: / (Caused by NameResolutionError(""HTTPSConnection(host='www.greatmeltonparish.gov.uk', port=443): Fai",2026-04-26T15:38:59+00:00
great-milton-parish-council,Great Milton Parish Council,verified,https://www.greatmilton-pc.gov.uk,pre-existing,ok,5,,2026-04-26T15:38:59+00:00
great-easton-and-tilty-parish-council,Great Easton and Tilty Parish Council,no_web_presence_found,,,,,,2026-04-26T15:38:52+00:00
great-easton-and-tilty,Great Easton and Tilty,no_web_presence_found,,,,,,2026-04-26T15:38:52+00:00
great-mongeham-parish-council,Great Mongeham Parish Council,verified,https://www.great-mongeham-pc.gov.uk,pre-existing,ok,5,,2026-04-26T15:39:01+00:00
great-eccleston-parish-council,Great Eccleston Parish Council,no_web_presence_found,,,,,,2026-04-26T15:38:53+00:00
great-munden-parish-council,Great Munden Parish Council,verified,https://www.greatmundenpc.org.uk,pre-existing,ok,6,,2026-04-26T15:39:02+00:00
great-eversden-parish-council,Great Eversden Parish Council,no_web_presence_found,,,,,,2026-04-26T15:38:53+00:00
great-faringdon-parish-council,Great Faringdon Parish Council,no_web_presence_found,,,,,,2026-04-26T15:38:53+00:00
great-gidding-parish-council,Great Gidding Parish Council,no_web_presence_found,,,,,,2026-04-26T15:38:53+00:00
great-ouseburn,Great Ouseburn,verified,https://www.greatouseburn-pc.gov.uk,pre-existing,ok,3,,2026-04-26T15:39:02+00:00
great-raveley-parish-council,Great Raveley Parish Council,url_unreachable,https://www.greatraveleypc.gov.uk,excel,unreachable,,"ConnectionError: HTTPSConnectionPool(host='www.greatraveleypc.gov.uk', port=443): Max retries exceeded with url: / (Caused by NameResolutionError(""HTTPSConnection(host='www.greatraveleypc.gov.uk', port=443): Failed to",2026-04-26T15:39:02+00:00
great-marlow-parish-council,Great Marlow Parish Council,verified,https://www.greatmarlowparishcouncil.gov.uk,excel,ok,4,,2026-04-26T15:38:58+00:00
great-glemham-parish-council,Great Glemham Parish Council,no_web_presence_found,,,,,,2026-04-26T15:38:54+00:00
great-shefford-parish-council,Great Shefford Parish Council,verified,https://www.greatsheffordparish.gov.uk,pre-existing,ok,2,,2026-04-26T15:39:03+00:00
great-glen-parish-council,Great Glen Parish Council,no_web_presence_found,,,,,,2026-04-26T15:38:54+00:00
great-oldbury-parish-council,Great Oldbury Parish Council,verified,https://www.greatoldbury-pc.gov.uk,excel,ok,4,,2026-04-26T15:39:02+00:00
great-hale-parish-council,Great Hale Parish Council,no_web_presence_found,,,,,,2026-04-26T15:38:55+00:00
great-harrowden-parish-council,Great Harrowden Parish Council,no_web_presence_found,,,,,,2026-04-26T15:38:56+00:00
great-ness-and-little-ness-parish-council,Great Ness and Little Ness Parish Council,verified,https://www.greatnesslittleness-pc.gov.uk,excel,ok,5,,2026-04-26T15:39:02+00:00
great-staughton-parish-council,Great Staughton Parish Council,url_unreachable,https://www.greatstaughton-pc.gov.uk,excel,unreachable,,"ConnectionError: HTTPSConnectionPool(host='www.greatstaughton-pc.gov.uk', port=443): Max retries exceeded with url: / (Caused by NameResolutionError(""HTTPSConnection(host='www.greatstaughton-pc.gov.uk', port=443): Fai",2026-04-26T15:39:05+00:00
great-haseley-parish-council,Great Haseley Parish Council,no_web_presence_found,,,,,,2026-04-26T15:38:57+00:00
great-kelk-parish-council,Great Kelk Parish Council,no_web_presence_found,,,,,,2026-04-26T15:38:58+00:00
great-houghton-parish-council,Great Houghton Parish Council,no_web_presence_found,,,,,,2026-04-26T15:38:58+00:00
great-missenden-parish-council,Great Missenden Parish Council,no_web_presence_found,,,,,,2026-04-26T15:38:59+00:00
great-massingham-parish-council,Great Massingham Parish Council,no_web_presence_found,,,,,,2026-04-26T15:38:59+00:00
great-moulton-parish-council,Great Moulton Parish Council,no_web_presence_found,,,,,,2026-04-26T15:39:01+00:00
great-mitton-parish-council,Great Mitton Parish Council,no_web_presence_found,,,,,,2026-04-26T15:39:01+00:00
great-notley-parish-council,Great Notley Parish Council,no_web_presence_found,,,,,,2026-04-26T15:39:02+00:00
great-salkeld-parish-council,Great Salkeld Parish Council,no_web_presence_found,,,,,,2026-04-26T15:39:02+00:00
great-sankey-parish-council,Great Sankey Parish Council,no_web_presence_found,,,,,,2026-04-26T15:39:02+00:00
great-shelford-parish-council,Great Shelford Parish Council,no_web_presence_found,,,,,,2026-04-26T15:39:03+00:00
great-snoring-parish-council,Great Snoring Parish Council,no_web_presence_found,,,,,,2026-04-26T15:39:03+00:00
great-witchingham-parish-council,Great Witchingham Parish Council,verified,https://www.greatwitchinghamparishcouncil.gov.uk,pre-existing,ok,2,,2026-04-26T15:39:12+00:00
great-smeaton-parish-council,Great Smeaton Parish Council,no_web_presence_found,,,,,,2026-04-26T15:39:03+00:00
great-somerford-parish-council,Great Somerford Parish Council,no_web_presence_found,,,,,,2026-04-26T15:39:04+00:00
great-stainton-parish-council,Great Stainton Parish Council,no_web_presence_found,,,,,,2026-04-26T15:39:05+00:00
greatham-parish-council,Greatham Parish Council,url_unreachable,https://www.greathampc.org.uk,excel,unreachable,,"ConnectionError: HTTPSConnectionPool(host='www.greathampc.org.uk', port=443): Max retries exceeded with url: / (Caused by NameResolutionError(""HTTPSConnection(host='www.greathampc.org.uk', port=443): Failed to resolve",2026-04-26T15:39:14+00:00
greatworth-and-halse-parish-council,Greatworth and Halse Parish Council,verified,https://www.greatworthparishcouncil.gov.uk,pre-existing,ok,4,,2026-04-26T15:39:14+00:00
green-hammerton,Green Hammerton,verified,https://www.greenhammerton-pc.gov.uk,pre-existing,ok,2,,2026-04-26T15:39:14+00:00
green-hammerton-parish-council,Green Hammerton Parish Council,verified,https://www.greenhammerton-pc.gov.uk,pre-existing,ok,2,,2026-04-26T15:39:14+00:00
great-warford-parish-council,Great Warford Parish Council,verified,https://www.greatwarfordpc.org.uk,excel,ok,2,,2026-04-26T15:39:11+00:00
great-strickland-parish-council,Great Strickland Parish Council,no_web_presence_found,,,,,,2026-04-26T15:39:06+00:00
great-steeping-parish-council,Great Steeping Parish Council,no_web_presence_found,,,,,,2026-04-26T15:39:05+00:00
great-tew-parish-meeting,Great Tew Parish Meeting,no_web_presence_found,,,,,,2026-04-26T15:39:07+00:00
great-timble-parish-council,Great Timble Parish Council,no_web_presence_found,,,,,,2026-04-26T15:39:08+00:00
great-torrington-parish-council,Great Torrington Parish Council,no_web_presence_found,,,,,,2026-04-26T15:39:08+00:00
great-totham-parish-council,Great Totham Parish Council,no_web_presence_found,,,,,,2026-04-26T15:39:09+00:00
grendon-parish-council,Grendon Parish Council,verified,https://www.grendonparishcouncil.gov.uk,excel,ok,4,,2026-04-26T15:39:17+00:00
great-wakering-parish-council,Great Wakering Parish Council,no_web_presence_found,,,,,,2026-04-26T15:39:10+00:00
gressenhall-parish-council,Gressenhall Parish Council,verified,https://www.gressenhall-pc.norfolkparishes.gov.uk,pre-existing,ok,5,,2026-04-26T15:39:20+00:00
gresham-parish-council,Gresham Parish Council,url_unreachable,https://www.greshampc.norfolkparishes.gov.uk,excel,unreachable,,"SSLError: HTTPSConnectionPool(host='www.greshampc.norfolkparishes.gov.uk', port=443): Max retries exceeded with url: / (Caused by SSLError(SSLCertVerificationError(1, ""[SSL: CERTIFICATE_VERIFY_FAILED] certifica",2026-04-26T15:39:19+00:00
greetham-parish-council,Greetham Parish Council,verified,https://greethamparishcouncil.gov.uk/,pattern,ok,8,,2026-04-26T15:39:15+00:00
grewelthorpe,Grewelthorpe,verified,https://www.grewelthorpe-pc.org.uk,pre-existing,ok,2,,2026-04-26T15:39:20+00:00
grewelthorpe-parish-council,Grewelthorpe Parish Council,verified,https://www.grewelthorpe-pc.org.uk,pre-existing,ok,2,,2026-04-26T15:39:20+00:00
great-waldingfield-parish-council,Great Waldingfield Parish Council,no_web_presence_found,,,,,,2026-04-26T15:39:10+00:00
great-whelnetham-parish-council,Great Whelnetham Parish Council,no_web_presence_found,,,,,,2026-04-26T15:39:12+00:00
great-wilbraham-parish-council,Great Wilbraham Parish Council,no_web_presence_found,,,,,,2026-04-26T15:39:12+00:00
great-wishford-parish-council,Great Wishford Parish Council,no_web_presence_found,,,,,,2026-04-26T15:39:12+00:00
great-witley-parish-council,Great Witley Parish Council,no_web_presence_found,,,,,,2026-04-26T15:39:12+00:00
great-wratting-parish-council,Great Wratting Parish Council,no_web_presence_found,,,,,,2026-04-26T15:39:13+00:00
great-wyrley-parish-council,Great Wyrley Parish Council,no_web_presence_found,,,,,,2026-04-26T15:39:13+00:00
grimstead-parish-council,Grimstead Parish Council,verified,https://www.grimstead-pc.gov.uk,pre-existing,ok,5,,2026-04-26T15:39:22+00:00
greenhead-parish-council,Greenhead Parish Council,verified,https://www.greenhead-pc.gov.uk/community/greenhead-parish-council-21025/home/,pattern,ok,3,,2026-04-26T15:39:14+00:00
greenhalgh-with-thistleton-parish-council,Greenhalgh-with-thistleton Parish Council,no_web_presence_found,,,,,,2026-04-26T15:39:14+00:00
greete-parish-council,Greete Parish Council,no_web_presence_found,,,,,,2026-04-26T15:39:15+00:00
grimley-parish-council,Grimley Parish Council,verified,https://grimley-pc.gov.uk/,pattern,ok,2,,2026-04-26T15:39:21+00:00
grindon-parish-council,Grindon Parish Council,url_unreachable,https://www.grindonparishcouncil.gov.uk,excel,unreachable,,"ConnectionError: HTTPSConnectionPool(host='www.grindonparishcouncil.gov.uk', port=443): Max retries exceeded with url: / (Caused by NameResolutionError(""HTTPSConnection(host='www.grindonparishcouncil.gov.uk', port=443",2026-04-26T15:39:24+00:00
greetwell-parish-council,Greetwell Parish Council,no_web_presence_found,,,,,,2026-04-26T15:39:16+00:00
greinton-parish-meeting,Greinton Parish Meeting,no_web_presence_found,,,,,,2026-04-26T15:39:17+00:00
gretton-parish-council,Gretton Parish Council,verified,https://grettonparishcouncil.gov.uk/,pattern,ok,2,,2026-04-26T15:39:20+00:00
gressingham-parish-council,Gressingham Parish Council,verified,https://www.gressinghampc.org.uk/,pattern,ok,6,,2026-04-26T15:39:20+00:00
grendon-underwood-parish-council,Grendon Underwood Parish Council,no_web_presence_found,,,,,,2026-04-26T15:39:18+00:00
grinton-parish-council,Grinton Parish Council,verified,https://grinton-pc.gov.uk/,pattern,ok,2,,2026-04-26T15:39:26+00:00
grimston-parish-council,Grimston Parish Council,verified,https://www.grimston-pc.gov.uk/,pattern,ok,1,,2026-04-26T15:39:22+00:00
groby-parish-council,Groby Parish Council,verified,https://www.grobyparishcouncil.gov.uk,pre-existing,ok,6,,2026-04-26T15:39:29+00:00
grittleton-parish-council,Grittleton Parish Council,url_unreachable,https://www.grittletonparishcouncil.gov.uk,excel,unreachable,,"ConnectionError: HTTPSConnectionPool(host='www.grittletonparishcouncil.gov.uk', port=443): Max retries exceeded with url: / (Caused by NameResolutionError(""HTTPSConnection(host='www.grittletonparishcouncil.gov.uk', po",2026-04-26T15:39:29+00:00
groombridge-parish-council,Groombridge Parish Council,url_unreachable,https://www.groombridgepc.org.uk,excel,unreachable,,"ConnectionError: HTTPSConnectionPool(host='www.groombridgepc.org.uk', port=443): Max retries exceeded with url: / (Caused by NameResolutionError(""HTTPSConnection(host='www.groombridgepc.org.uk', port=443): Failed to r",2026-04-26T15:39:29+00:00
greystead-parish-council,Greystead Parish Council,no_web_presence_found,,,,,,2026-04-26T15:39:20+00:00
greystoke-parish-council,Greystoke Parish Council,no_web_presence_found,,,,,,2026-04-26T15:39:20+00:00
grinton-and-ellerton-abbey-parish-council,Grinton and Ellerton Abbey Parish Council,verified,https://www.grinton-pc.gov.uk,excel,ok,2,,2026-04-26T15:39:26+00:00
greywell-parish-council,Greywell Parish Council,no_web_presence_found,,,,,,2026-04-26T15:39:21+00:00
griff-and-coton-parish-council,Griff and Coton Parish Council,no_web_presence_found,,,,,,2026-04-26T15:39:21+00:00
grimoldby-parish-council,Grimoldby Parish Council,no_web_presence_found,,,,,,2026-04-26T15:39:22+00:00
guildford-town-council,Guildford Town Council,verified,https://www.guildford.gov.uk,pre-existing,ok,1,,2026-04-26T15:39:30+00:00
guilsborough-parish-council,Guilsborough Parish Council,verified,https://www.guilsborough-pc.gov.uk,pre-existing,ok,6,,2026-04-26T15:39:30+00:00
grimsargh-parish-council,Grimsargh Parish Council,no_web_presence_found,,,,,,2026-04-26T15:39:22+00:00
guist-parish-council,Guist Parish Council,verified,https://www.guistparishcouncil.gov.uk,pre-existing,ok,2,,2026-04-26T15:39:31+00:00
gulworthy-parish,Gulworthy Parish,verified,https://www.gulworthyparishcouncil.gov.uk,pre-existing,ok,5,,2026-04-26T15:39:31+00:00
grinton-and-ellerton-abbey,Grinton and Ellerton Abbey,verified,https://www.grinton-pc.gov.uk,excel,ok,2,,2026-04-26T15:39:26+00:00
grimstone-parish-council,Grimstone Parish Council,no_web_presence_found,,,,,,2026-04-26T15:39:22+00:00
grindleton-parish-council,Grindleton Parish Council,no_web_presence_found,,,,,,2026-04-26T15:39:23+00:00
grindon-and-thorpe-thewles-parish-council,Grindon and Thorpe Thewles Parish Council,no_web_presence_found,,,,,,2026-04-26T15:39:23+00:00
guston-parish-council,Guston Parish Council,verified,https://www.guston-pc.gov.uk,pre-existing,ok,5,,2026-04-26T15:39:32+00:00
gweek-parish-council,Gweek Parish Council,url_unreachable,https://www.gweekinfo.co.uk/parish-council-1,excel,unreachable,,"ConnectionError: HTTPSConnectionPool(host='www.gweekinfo.co.uk', port=443): Max retries exceeded with url: /parish-council-1 (Caused by NameResolutionError(""HTTPSConnection(host='www.gweekinfo.co.uk', port=443): Faile",2026-04-26T15:39:32+00:00
gwennap-parish-council,Gwennap Parish Council,verified,https://www.gwennap-pc.gov.uk,pre-existing,ok,5,,2026-04-26T15:39:32+00:00
grindon-parish-council-1,Grindon Parish Council,no_web_presence_found,,,,,,2026-04-26T15:39:24+00:00
gringley-on-the-hill-parish-council,Gringley on the Hill Parish Council,no_web_presence_found,,,,,,2026-04-26T15:39:26+00:00
guarlford-parish-council,Guarlford Parish Council,verified,https://guarlford.org.uk/,pattern,ok,,,2026-04-26T15:39:30+00:00
gristhorpe-parish-council,Gristhorpe Parish Council,no_web_presence_found,,,,,,2026-04-26T15:39:27+00:00
groton-parish-council,Groton Parish Council,no_web_presence_found,,,,,,2026-04-26T15:39:29+00:00
grundisburgh-parish-council,Grundisburgh Parish Council,no_web_presence_found,,,,,,2026-04-26T15:39:29+00:00
hackleton-parish-council,Hackleton Parish Council,verified,https://www.hackletonparishcouncil.gov.uk,pre-existing,ok,4,,2026-04-26T15:39:38+00:00
hackness-and-harwood-dale-group,Hackness and Harwood Dale Group,verified,https://www.hacknessgroup-pc.gov.uk,pre-existing,ok,5,,2026-04-26T15:39:38+00:00
hackness-and-harwood-dale-group-parish-council,Hackness and Harwood Dale Group Parish Council,verified,https://www.hacknessgroup-pc.gov.uk,pre-existing,ok,5,,2026-04-26T15:39:38+00:00
grosmont,Grosmont,no_web_presence_found,,,,,,2026-04-26T15:39:29+00:00
haconby-stainfield-parish-council,Haconby & Stainfield Parish Council,url_unreachable,https://www.haconbyandstainfield-pc.gov.uk,excel,unreachable,,"ConnectionError: HTTPSConnectionPool(host='www.haconbyandstainfield-pc.gov.uk', port=443): Max retries exceeded with url: / (Caused by NameResolutionError(""HTTPSConnection(host='www.haconbyandstainfield-pc.gov.uk', po",2026-04-26T15:39:39+00:00
haddenham-parish-council,Haddenham Parish Council,verified,https://www.haddenham-bucks-pc.gov.uk,pre-existing,ok,2,,2026-04-26T15:39:39+00:00
haddiscoe-parish-council,Haddiscoe Parish Council,verified,https://www.haddiscoeparish.org.uk,pre-existing,ok,1,,2026-04-26T15:39:39+00:00
haddon-parish-council,Haddon Parish Council,url_unreachable,https://www.haddonparishcouncil.gov.uk,excel,unreachable,,"ConnectionError: HTTPSConnectionPool(host='www.haddonparishcouncil.gov.uk', port=443): Max retries exceeded with url: / (Caused by NameResolutionError(""HTTPSConnection(host='www.haddonparishcouncil.gov.uk', port=443):",2026-04-26T15:39:39+00:00
hadleigh-town-council,Hadleigh Town Council,verified,https://www.hadleightowncouncil.gov.uk,pre-existing,ok,4,,2026-04-26T15:39:39+00:00
guilden-morden-parish-council,Guilden Morden Parish Council,no_web_presence_found,,,,,,2026-04-26T15:39:30+00:00
hadlow-parish-council,Hadlow Parish Council,url_unreachable,https://www.hadlowpc.org.uk,excel,unreachable,,"ConnectionError: HTTPSConnectionPool(host='www.hadlowpc.org.uk', port=443): Max retries exceeded with url: / (Caused by NameResolutionError(""HTTPSConnection(host='www.hadlowpc.org.uk', port=443): Failed to resolve 'ww",2026-04-26T15:39:39+00:00
hadnall-parish-council,Hadnall Parish Council,verified,https://www.hadnallparishcouncil.gov.uk,pre-existing,ok,1,,2026-04-26T15:39:39+00:00
grove-parish-council,Grove Parish Council,no_web_presence_found,,,,,,2026-04-26T15:39:29+00:00
guilden-sutton-parish-council,Guilden Sutton Parish Council,no_web_presence_found,,,,,,2026-04-26T15:39:30+00:00
guisborough-parish-council,Guisborough Parish Council,no_web_presence_found,,,,,,2026-04-26T15:39:30+00:00
hagley-parish-council,Hagley Parish Council,verified,https://www.hagleyparishcouncil.gov.uk,pre-existing,ok,5,,2026-04-26T15:39:40+00:00
gumley-parish-council,Gumley Parish Council,no_web_presence_found,,,,,,2026-04-26T15:39:31+00:00
gunby-and-stainby-parish-council,Gunby and Stainby Parish Council,no_web_presence_found,,,,,,2026-04-26T15:39:32+00:00
gunnels-wood-parish-council,Gunnels Wood Parish Council,no_web_presence_found,,,,,,2026-04-26T15:39:32+00:00
gwinear-gwithian-parish-council-1,Gwinear-Gwithian Parish Council,no_web_presence_found,,,,,,2026-04-26T15:39:33+00:00
hailsham-town-council,Hailsham Town Council,verified,https://www.hailsham-tc.gov.uk,pre-existing,ok,3,,2026-04-26T15:39:42+00:00
hainford-parish-council,Hainford Parish Council,url_unreachable,https://www.hainfordparishcouncil.gov.uk,excel,unreachable,,"ConnectionError: HTTPSConnectionPool(host='www.hainfordparishcouncil.gov.uk', port=443): Max retries exceeded with url: / (Caused by NameResolutionError(""HTTPSConnection(host='www.hainfordparishcouncil.gov.uk', port=4",2026-04-26T15:39:42+00:00
gwinear-gwithian-parish-council,Gwinear Gwithian Parish Council,verified,https://ggpc.org.uk/,excel,ok,4,,2026-04-26T15:39:32+00:00
habergham-eaves-parish-council,Habergham Eaves Parish Council,no_web_presence_found,,,,,,2026-04-26T15:39:35+00:00
habton,Habton,no_web_presence_found,,,,,,2026-04-26T15:39:36+00:00
gunthorpe-parish-council,Gunthorpe Parish Council,verified,https://gunthorpeparishcouncil.gov.uk/community/gunthorpe-parish-council-20828/home/,pattern,ok,4,,2026-04-26T15:39:32+00:00
hadstock,Hadstock,verified,https://www.hadstock.org.uk/,pattern,ok,3,,2026-04-26T15:39:39+00:00
hackforth-parish-council,Hackforth Parish Council,no_web_presence_found,,,,,,2026-04-26T15:39:38+00:00
hailey-parish-council,Hailey Parish Council,verified,https://haileyparishcouncil.gov.uk/,pattern,ok,6,,2026-04-26T15:39:41+00:00
hackthorn-parish-council,Hackthorn Parish Council,no_web_presence_found,,,,,,2026-04-26T15:39:38+00:00
hadley-leegomery-parish-council,Hadley & Leegomery Parish Council,no_web_presence_found,,,,,,2026-04-26T15:39:39+00:00
hale-parish-council,Hale Parish Council,verified,https://www.haleparishcouncil.gov.uk/,pattern,ok,1,,2026-04-26T15:39:44+00:00
halse-parish-council,Halse Parish Council,verified,https://halse.parish.uk/parish-council/,pre-existing,ok,2,,2026-04-26T15:39:49+00:00
hadzor-parish-council,Hadzor Parish Council,no_web_presence_found,,,,,,2026-04-26T15:39:40+00:00
halebank-parish-council,Halebank Parish Council,verified,https://www.halebankparishcouncil.gov.uk/,pattern,ok,2,,2026-04-26T15:39:45+00:00
hadstock-parish-council,Hadstock Parish Council,verified,https://www.hadstock.org.uk/,pattern,ok,3,,2026-04-26T15:39:39+00:00
haile-parish-council,Haile Parish Council,no_web_presence_found,,,,,,2026-04-26T15:39:41+00:00
halberton-parish-council,Halberton Parish Council,verified,https://halbertonparishcouncil.gov.uk/,pattern,ok,5,,2026-04-26T15:39:44+00:00
hainton-parish-council,Hainton Parish Council,no_web_presence_found,,,,,,2026-04-26T15:39:42+00:00
haltwhistle-parish-council,Haltwhistle Parish Council,verified,https://www.bardonmillparishcouncil.gov.uk,pre-existing,ok,4,,2026-04-26T15:39:51+00:00
hallaton-parish-council,Hallaton Parish Council,verified,https://www.hallaton-pc.gov.uk/,pattern,ok,5,,2026-04-26T15:39:47+00:00
halstead-parish-council,Halstead Parish Council,verified,https://halsteadparishcouncil.gov.uk/,pattern,ok,3,,2026-04-26T15:39:49+00:00
ham-and-stone-parish-council,Ham and Stone Parish Council,verified,https://www.hamandstoneparishcouncil.org.uk,pre-existing,ok,6,,2026-04-26T15:39:55+00:00
hall-green-parish-council,Hall Green Parish Council,no_web_presence_found,,,,,,2026-04-26T15:39:47+00:00
hamble-le-rice-parish-council,Hamble-le-Rice Parish Council,url_unreachable,https://www.hamblepc.org.uk,excel,unreachable,,"ConnectionError: HTTPSConnectionPool(host='www.hamblepc.org.uk', port=443): Max retries exceeded with url: / (Caused by NameResolutionError(""HTTPSConnection(host='www.hamblepc.org.uk', port=443): Failed to resolve 'ww",2026-04-26T15:39:56+00:00
halstock-parish-council,Halstock Parish Council,no_web_presence_found,,,,,,2026-04-26T15:39:49+00:00
hambledon-parish-council,Hambledon Parish Council,verified,https://www.hambledon-pc.gov.uk,pre-existing,ok,8,,2026-04-26T15:39:58+00:00
haltham-parish-council,Haltham Parish Council,no_web_presence_found,,,,,,2026-04-26T15:39:50+00:00
halton-east-parish-meeting,Halton East (Parish Meeting),no_web_presence_found,,,,,,2026-04-26T15:39:50+00:00
halloughton-parish-meeting,Halloughton Parish Meeting,no_web_presence_found,,,,,,2026-04-26T15:39:48+00:00
hambridge-westport-parish-council,Hambridge & Westport Parish Council,verified,https://hambridgeandwestport-pc.gov.uk/,pre-existing,ok,5,,2026-04-26T15:39:59+00:00
halton-gill-parish-meeting,Halton Gill (Parish Meeting),no_web_presence_found,,,,,,2026-04-26T15:39:51+00:00
hamfallow-parish-council,Hamfallow Parish Council,verified,https://www.hamfallow-pc.gov.uk,pre-existing,ok,1,,2026-04-26T15:40:00+00:00
halton-holegate-parish-council,Halton Holegate Parish Council,no_web_presence_found,,,,,,2026-04-26T15:39:51+00:00
hammerwich-parish-council,Hammerwich Parish Council,verified,https://hammerwich-pc.gov.uk/,pre-existing,ok,4,,2026-04-26T15:40:00+00:00
halewood-parish-council,Halewood Parish Council,no_web_presence_found,,,,,,2026-04-26T15:39:47+00:00
halwill-parish-council,Halwill Parish Council,verified,https://halwillparishcouncil.gov.uk/,pattern,ok,1,,2026-04-26T15:39:55+00:00
halwell-moreleigh-parish-council,Halwell & Moreleigh Parish Council,no_web_presence_found,,,,,,2026-04-26T15:39:51+00:00
hampsthwaite,Hampsthwaite,verified,https://www.hampsthwaite-pc.org.uk,pre-existing,ok,1,,2026-04-26T15:40:01+00:00
hampsthwaite-parish-council,Hampsthwaite Parish Council,verified,https://www.hampsthwaite-pc.org.uk,pre-existing,ok,1,,2026-04-26T15:40:01+00:00
halesworth-parish-council,Halesworth Parish Council,no_web_presence_found,,,,,,2026-04-26T15:39:46+00:00
hambleton,Hambleton,verified,https://www.hambleton-pc.gov.uk,excel,ok,5,,2026-04-26T15:39:58+00:00
hampton-hargate-and-vale-parish-council,Hampton Hargate and Vale Parish Council,verified,https://www.hampton-pc.gov.uk,pre-existing,ok,6,,2026-04-26T15:40:01+00:00
hambleden-parish-council,Hambleden Parish Council,verified,https://www.hambleden.org.uk/,pattern,ok,,,2026-04-26T15:39:56+00:00
hambleton-parish-council,Hambleton Parish Council,verified,https://www.hambleton-pc.gov.uk/,pattern,ok,5,,2026-04-26T15:39:59+00:00
hamsey-parish-council,Hamsey Parish Council,verified,https://www.hamseyparish.gov.uk,pre-existing,ok,7,,2026-04-26T15:40:05+00:00
hambridge-and-westport-parish-council,Hambridge and Westport Parish Council,no_web_presence_found,,,,,,2026-04-26T15:39:59+00:00
hamerton-and-steeple-gidding-parish-council,Hamerton and Steeple Gidding Parish Council,no_web_presence_found,,,,,,2026-04-26T15:39:59+00:00
handforth-town-council,Handforth Town Council,verified,https://www.handforthtowncouncil.gov.uk,pre-existing,ok,5,,2026-04-26T15:40:09+00:00
hanbury-parish-council,Hanbury Parish Council,url_unreachable,http://www.hanburyparishcouncil.btck.co.uk/,excel,unreachable (403),,,2026-04-26T15:40:08+00:00
hamilton-lea-parish-council,Hamilton Lea Parish Council,no_web_presence_found,,,,,,2026-04-26T15:40:00+00:00
hammoon-parish-council,Hammoon Parish Council,no_web_presence_found,,,,,,2026-04-26T15:40:00+00:00
h-parish-council,H Parish Council,no_web_presence_found,,,,,,2026-04-26T15:39:35+00:00
hampstead-parish-council,Hampstead Parish Council,no_web_presence_found,,,,,,2026-04-26T15:40:00+00:00
hampstead-marshall-parish-council,Hampstead Marshall Parish Council,no_web_presence_found,,,,,,2026-04-26T15:40:00+00:00
hannington-parish-council,Hannington Parish Council,url_unreachable,https://www.hannington-pc.gov.uk,excel,unreachable,,"ConnectionError: HTTPSConnectionPool(host='www.hannington-pc.gov.uk', port=443): Max retries exceeded with url: / (Caused by NameResolutionError(""HTTPSConnection(host='www.hannington-pc.gov.uk', port=443): Failed to r",2026-04-26T15:40:10+00:00
hampton-charles-parish-meeting,Hampton Charles Parish Meeting,no_web_presence_found,,,,,,2026-04-26T15:40:01+00:00
hampton-in-arden-parish-council,Hampton in Arden Parish Council,no_web_presence_found,,,,,,2026-04-26T15:40:01+00:00
hampton-gay-and-poyle-parish-meeting,Hampton Gay and Poyle Parish Meeting,no_web_presence_found,,,,,,2026-04-26T15:40:01+00:00
hampton-lovett-parish-council,Hampton Lovett Parish Council,no_web_presence_found,,,,,,2026-04-26T15:40:02+00:00
harbledown-and-rough-common,Harbledown and Rough Common,verified,https://www.harbledown-pc.gov.uk,pre-existing,ok,5,,2026-04-26T15:40:11+00:00
harbledown-and-rough-common-parish-council,Harbledown and Rough Common Parish Council,verified,https://www.harbledown-pc.gov.uk,pre-existing,ok,5,,2026-04-26T15:40:11+00:00
hamstead-marshall-parish-council,Hamstead Marshall Parish Council,no_web_presence_found,,,,,,2026-04-26T15:40:05+00:00
hankelow-parish-council,Hankelow Parish Council,verified,https://hankelow.org.uk/,pattern,ok,1,,2026-04-26T15:40:09+00:00
happisburgh-parish-council,Happisburgh Parish Council,verified,https://happisburgh-pc.gov.uk/,pattern,ok,4,,2026-04-26T15:40:10+00:00
hanley-parish-council,Hanley Parish Council,verified,https://hanleyparishcouncil.gov.uk/,pattern,ok,,,2026-04-26T15:40:10+00:00
hardwick-parish-council,Hardwick Parish Council,verified,https://www.hardwick-pc.gov.uk,pre-existing,ok,5,,2026-04-26T15:40:16+00:00
handsworth-parish-council,Handsworth Parish Council,verified,https://handsworth.org.uk/,pattern,ok,1,,2026-04-26T15:40:09+00:00
ham-parish-council,Ham Parish Council,no_web_presence_found,,,,,,2026-04-26T15:39:55+00:00
haighton-parish-council,Haighton Parish Council,no_web_presence_found,,,,,,2026-04-26T15:39:41+00:00
haresfield-parish-council,Haresfield Parish Council,verified,https://www.haresfieldparishcouncil.gov.uk,pre-existing,ok,4,,2026-04-26T15:40:17+00:00
handley-and-district-parish-council,Handley and District Parish Council,no_web_presence_found,,,,,,2026-04-26T15:40:09+00:00
harescombe-parish-council,Harescombe Parish Council,verified,https://www.harescombe-pc.gov.uk,excel,ok,5,,2026-04-26T15:40:16+00:00
hankerton-parish-council,Hankerton Parish Council,verified,https://www.hankerton-pc.gov.uk,excel,ok,3,,2026-04-26T15:40:10+00:00
hargrave-parish-council,Hargrave Parish Council,verified,https://www.hargraveparishcouncil.gov.uk,pre-existing,ok,6,,2026-04-26T15:40:19+00:00
hanworth-parish-council,Hanworth Parish Council,no_web_presence_found,,,,,,2026-04-26T15:40:10+00:00
harlaston-parish-council,Harlaston Parish Council,verified,http://www.harlaston.org.uk/harlaston-parish-council,pre-existing,ok,0,,2026-04-26T15:40:19+00:00
hanwell-parish-council,Hanwell Parish Council,no_web_presence_found,,,,,,2026-04-26T15:40:10+00:00
harby-parish-council,Harby Parish Council,verified,https://harbyparishcouncil.gov.uk/,pattern,ok,2,,2026-04-26T15:40:14+00:00
harling-parish-council,Harling Parish Council,verified,https://www.harlingparish.gov.uk,pre-existing,ok,3,,2026-04-26T15:40:20+00:00
hapton-parish-council,Hapton Parish Council,no_web_presence_found,,,,,,2026-04-26T15:40:10+00:00
harborough-magna-parish-council,Harborough Magna Parish Council,no_web_presence_found,,,,,,2026-04-26T15:40:11+00:00
halsall-parish-council,Halsall Parish Council,no_web_presence_found,,,,,,2026-04-26T15:39:48+00:00
harewood-parish-council,Harewood Parish Council,verified,https://harewoodparishcouncil.gov.uk/,pattern,ok,5,,2026-04-26T15:40:17+00:00
hardington-foxcote-parish-council,Hardington & Foxcote Parish Council,no_web_presence_found,,,,,,2026-04-26T15:40:15+00:00
hardwick-with-tusmore-parish-meeting,Hardwick with Tusmore Parish Meeting,no_web_presence_found,,,,,,2026-04-26T15:40:16+00:00
harpenden-parish-council,Harpenden Parish Council,verified,https://harpenden.gov.uk/,pattern,ok,4,,2026-04-26T15:40:23+00:00
harpole-parish-council,Harpole Parish Council,verified,https://www.harpole-pc.gov.uk,pre-existing,ok,6,,2026-04-26T15:40:25+00:00
harpsden-parish-council,Harpsden Parish Council,verified,https://www.harpsdenparishcouncil.org.uk,pre-existing,ok,5,,2026-04-26T15:40:25+00:00
harmby,Harmby,blocked_by_robots,https://harmbypc.org.uk/,pattern,robots-disallow,,,2026-04-26T15:40:20+00:00
hardwick-with-yelford-parish-meeting,Hardwick with Yelford Parish Meeting,no_web_presence_found,,,,,,2026-04-26T15:40:16+00:00
harbottle-parish-council,Harbottle Parish Council,no_web_presence_found,,,,,,2026-04-26T15:40:14+00:00
harlington-parish-council,Harlington Parish Council,verified,https://harlington-pc.gov.uk/,pattern,ok,6,,2026-04-26T15:40:20+00:00
harrogate-town,Harrogate Town,verified,https://www.harrogatetowncouncil.gov.uk,pre-existing,ok,2,,2026-04-26T15:40:27+00:00
hargrave-and-huxley-parish-council,Hargrave and Huxley Parish Council,no_web_presence_found,,,,,,2026-04-26T15:40:18+00:00
harkstead-parish-council,Harkstead Parish Council,no_web_presence_found,,,,,,2026-04-26T15:40:19+00:00
harleston-parish-meeting,Harleston Parish Meeting,no_web_presence_found,,,,,,2026-04-26T15:40:19+00:00
harley-and-sheinton-parish-council,Harley and Sheinton Parish Council,no_web_presence_found,,,,,,2026-04-26T15:40:19+00:00
harrietsham-parish-council,Harrietsham Parish Council,verified,https://www.harrietshamparishcouncil.gov.uk,excel,ok,6,,2026-04-26T15:40:25+00:00
hart-parish-council,Hart Parish Council,verified,https://www.hart.gov.uk:443/,pattern,ok,1,,2026-04-26T15:40:27+00:00
harmston-parish-council,Harmston Parish Council,no_web_presence_found,,,,,,2026-04-26T15:40:20+00:00
harting-parish-council,Harting Parish Council,verified,https://harting-pc.gov.uk/,pattern,ok,5,,2026-04-26T15:40:29+00:00
hartington-upper-quarter-parish-council,Hartington Upper Quarter Parish Council,verified,https://www.hartingtonuq-pc.gov.uk,pre-existing,ok,2,,2026-04-26T15:40:31+00:00
handley-parish-council,Handley Parish Council,no_web_presence_found,,,,,,2026-04-26T15:40:09+00:00
harome,Harome,no_web_presence_found,,,,,,2026-04-26T15:40:21+00:00
hartley-parish-council,Hartley Parish Council,verified,https://www.hartleyparishcouncil.gov.uk,pre-existing,ok,6,,2026-04-26T15:40:31+00:00
harford-parish-meeting,Harford Parish Meeting,no_web_presence_found,,,,,,2026-04-26T15:40:18+00:00
harpenden-town-parish-council,Harpenden Town Parish Council,no_web_presence_found,,,,,,2026-04-26T15:40:24+00:00
harpswell-parish-council,Harpswell Parish Council,no_web_presence_found,,,,,,2026-04-26T15:40:25+00:00
hartburn-parish-council,Hartburn Parish Council,verified,https://hartburnparishcouncil.gov.uk/,pattern,ok,1,,2026-04-26T15:40:28+00:00
harpham-parish-council,Harpham Parish Council,no_web_presence_found,,,,,,2026-04-26T15:40:25+00:00
harrington-parish-council,Harrington Parish Council,no_web_presence_found,,,,,,2026-04-26T15:40:25+00:00
hartlebury-parish-council,Hartlebury Parish Council,verified,https://hartlebury-pc.gov.uk/,pattern,ok,3,,2026-04-26T15:40:31+00:00
harston-parish-council,Harston Parish Council,verified,https://harstonparishcouncil.gov.uk/,pattern,ok,3,,2026-04-26T15:40:27+00:00
harringworth-parish-council,Harringworth Parish Council,no_web_presence_found,,,,,,2026-04-26T15:40:27+00:00
harvington-parish-council,Harvington Parish Council,verified,https://www.harvington-pc.gov.uk/,pre-existing,ok,7,,2026-04-26T15:40:36+00:00
harwell-parish-council,Harwell Parish Council,verified,https://www.harwellparish.gov.uk,pre-existing,ok,4,,2026-04-26T15:40:36+00:00
haigh-parish-council,Haigh Parish Council,no_web_presence_found,,,,,,2026-04-26T15:39:40+00:00
hartford-parish-council,Hartford Parish Council,verified,https://hartfordparishcouncil.org.uk/,pattern,ok,2,,2026-04-26T15:40:29+00:00
hartlip-parish-council,Hartlip Parish Council,verified,https://www.hartlippc.gov.uk/community/hartlip-parish-council-16707/home/,pattern,ok,4,,2026-04-26T15:40:34+00:00
haselbury-plucknett-parish-council,Haselbury Plucknett Parish Council,verified,https://haselburyplucknettparish.gov.uk,pre-existing,ok,1,,2026-04-26T15:40:38+00:00
haselbech-parish-meeting,Haselbech Parish Meeting,url_unreachable,https://www.northantsparishes.org.uk,excel,unreachable (404),,,2026-04-26T15:40:38+00:00
hartington-middle-quarter-parish-council,Hartington Middle Quarter Parish Council,no_web_presence_found,,,,,,2026-04-26T15:40:29+00:00
hartwith-cum-winsley,Hartwith cum Winsley,verified,https://www.hartwithcumwinsley-pc.gov.uk,excel,ok,4,,2026-04-26T15:40:35+00:00
hartley-wintney-parish-council,Hartley Wintney Parish Council,no_web_presence_found,,,,,,2026-04-26T15:40:31+00:00
hartwell-parish-council,Hartwell Parish Council,verified,https://hartwellparishcouncil.gov.uk/,pattern,ok,1,,2026-04-26T15:40:35+00:00
hartlington-parish-meeting,Hartlington (Parish Meeting),no_web_presence_found,,,,,,2026-04-26T15:40:32+00:00
hartshill-parish-council,Hartshill Parish Council,verified,https://www.hartshill-pc.gov.uk/community/hartshill-parish-council-20896/home/,pattern,ok,1,,2026-04-26T15:40:35+00:00
hassocks-parish-council,Hassocks Parish Council,verified,https://www.midsussex.gov.uk,excel,ok,3,,2026-04-26T15:40:41+00:00
harton-parish-meeting,Harton (Parish Meeting),no_web_presence_found,,,,,,2026-04-26T15:40:34+00:00
hasketon-parish-council,Hasketon Parish Council,verified,https://hasketonparishcouncil.gov.uk/,pattern,ok,1,,2026-04-26T15:40:39+00:00
hatch-beauchamp-parish-council,Hatch Beauchamp Parish Council,verified,https://www.hatchbeauchamp.com/,pre-existing,ok,2,,2026-04-26T15:40:44+00:00
hartshead-parish-council,Hartshead Parish Council,no_web_presence_found,,,,,,2026-04-26T15:40:35+00:00
hartoft-parish-meeting,Hartoft (Parish Meeting),no_web_presence_found,,,,,,2026-04-26T15:40:34+00:00
hatfield-broad-oak,Hatfield Broad Oak,verified,https://www.hatfieldbroadoakpc.gov.uk,pre-existing,ok,6,,2026-04-26T15:40:44+00:00
hatfield-broad-oak-parish-council,Hatfield Broad Oak Parish Council,verified,https://www.hatfieldbroadoakpc.gov.uk,pre-existing,ok,6,,2026-04-26T15:40:44+00:00
harwood-dale-parish-council,Harwood Dale Parish Council,no_web_presence_found,,,,,,2026-04-26T15:40:36+00:00
haslingfield-parish-council,Haslingfield Parish Council,verified,https://haslingfieldparishcouncil.gov.uk/,pattern,ok,4,,2026-04-26T15:40:39+00:00
hartfield-parish-council,Hartfield Parish Council,url_unreachable,https://www.hartfield-pc.gov.uk,excel,unreachable,,"ConnectTimeout: HTTPSConnectionPool(host='www.hartfield-pc.gov.uk', port=443): Max retries exceeded with url: / (Caused by ConnectTimeoutError(<HTTPSConnection(host='www.hartfield-pc.gov.uk', port=443) at 0x1d0948896",2026-04-26T15:40:28+00:00
haslington-parish-council,Haslington Parish Council,verified,https://haslingtonparishcouncil.gov.uk/,pattern,ok,5,,2026-04-26T15:40:40+00:00
haseley-parish-council,Haseley Parish Council,no_web_presence_found,,,,,,2026-04-26T15:40:38+00:00
hastingleigh-parish-council,Hastingleigh Parish Council,verified,https://www.hastingleighparishcouncil.gov.uk/community/hastingleigh-parish-council-17938/home/,pattern,ok,5,,2026-04-26T15:40:43+00:00
hathersage-parish-council,Hathersage Parish Council,verified,https://www.hathersageparishcouncil.gov.uk,pre-existing,ok,9,,2026-04-26T15:40:50+00:00
hassall-parish-council,Hassall Parish Council,no_web_presence_found,,,,,,2026-04-26T15:40:41+00:00
hatherton-walgherton-parish-council,Hatherton & Walgherton Parish Council,verified,https://www.handwpc.org.uk,pre-existing,ok,2,,2026-04-26T15:40:50+00:00
hatton-parish-council,Hatton Parish Council,verified,https://hatton-pc.gov.uk/,pattern,ok,1,,2026-04-26T15:40:50+00:00
hassop-parish-meeting,Hassop (Parish Meeting),no_web_presence_found,,,,,,2026-04-26T15:40:42+00:00
hastingleigh,Hastingleigh,verified,https://www.hastingleighparishcouncil.gov.uk/community/hastingleigh-parish-council-17938/home/,pattern,ok,5,,2026-04-26T15:40:42+00:00
haughton-parish-council,Haughton Parish Council,verified,https://haughtonparishcouncil.gov.uk/,pre-existing,ok,9,,2026-04-26T15:40:52+00:00
haughton-parish-meeting,Haughton Parish Meeting,verified,https://haughtonparishcouncil.gov.uk/,pre-existing,ok,9,,2026-04-26T15:40:52+00:00
hatcliffe-parish-council,Hatcliffe Parish Council,no_web_presence_found,,,,,,2026-04-26T15:40:44+00:00
hatchford-parish-council,Hatchford Parish Council,no_web_presence_found,,,,,,2026-04-26T15:40:44+00:00
hatfield-peverel-parish-council,Hatfield Peverel Parish Council,no_web_presence_found,,,,,,2026-04-26T15:40:45+00:00
hatford-parish-meeting,Hatford Parish Meeting,no_web_presence_found,,,,,,2026-04-26T15:40:46+00:00
haverhill-town-council,Haverhill Town Council,verified,https://www.haverhill-tc.gov.uk,pre-existing,ok,6,,2026-04-26T15:40:55+00:00
hatherleigh-town-council,Hatherleigh Town Council,no_web_presence_found,,,,,,2026-04-26T15:40:47+00:00
hauxley-parish-council,Hauxley Parish Council,verified,https://hauxley-pc.gov.uk/,pattern,ok,1,,2026-04-26T15:40:53+00:00
hartland-parish-council,Hartland Parish Council,no_web_presence_found,,,,,,2026-04-26T15:40:31+00:00
haslemere-town-council,Haslemere Town Council,no_web_presence_found,,,,,,2026-04-26T15:40:39+00:00
hathern-parish-council,Hathern Parish Council,verified,https://www.hathernparishcouncil.gov.uk/,pattern,ok,3,,2026-04-26T15:40:48+00:00
hatfield-heath-parish-council,Hatfield Heath Parish Council,no_web_presence_found,,,,,,2026-04-26T15:40:44+00:00
hatherton-parish-council,Hatherton Parish Council,no_web_presence_found,,,,,,2026-04-26T15:40:50+00:00
hawkhurst-and-sandhurst-parish-council,Hawkhurst and Sandhurst Parish Council,url_unreachable,https://www.hawkshurstandsandhurstpc.org.uk,excel,unreachable,,"ConnectionError: HTTPSConnectionPool(host='www.hawkshurstandsandhurstpc.org.uk', port=443): Max retries exceeded with url: / (Caused by NameResolutionError(""HTTPSConnection(host='www.hawkshurstandsandhurstpc.org.uk', ",2026-04-26T15:40:59+00:00
haugham-parish-council,Haugham Parish Council,no_web_presence_found,,,,,,2026-04-26T15:40:51+00:00
haunton-parish-council,Haunton Parish Council,no_web_presence_found,,,,,,2026-04-26T15:40:52+00:00
haughmond-parish-council,Haughmond Parish Council,no_web_presence_found,,,,,,2026-04-26T15:40:52+00:00
hawkley-parish-council,Hawkley Parish Council,url_unreachable,https://www.hawkleyparishcouncil.org.uk,excel,unreachable,,"ConnectionError: HTTPSConnectionPool(host='www.hawkleyparishcouncil.org.uk', port=443): Max retries exceeded with url: / (Caused by NameResolutionError(""HTTPSConnection(host='www.hawkleyparishcouncil.org.uk', port=443",2026-04-26T15:41:01+00:00
hauxton-parish-council,Hauxton Parish Council,no_web_presence_found,,,,,,2026-04-26T15:40:53+00:00
haverah-park-with-beckwithshaw,Haverah Park with Beckwithshaw,no_web_presence_found,,,,,,2026-04-26T15:40:54+00:00
hawkinge-town-council,Hawkinge Town Council,verified,https://www.Hawkinge-tc.gov.uk,excel,ok,5,,2026-04-26T15:41:01+00:00
hawkhurst-parish-council,Hawkhurst Parish Council,verified,https://hawkhurst-pc.gov.uk/,pattern,ok,3,,2026-04-26T15:40:59+00:00
hartest-parish-council,Hartest Parish Council,no_web_presence_found,,,,,,2026-04-26T15:40:28+00:00
haveringland-parish-meeting,Haveringland Parish Meeting,no_web_presence_found,,,,,,2026-04-26T15:40:55+00:00
hawstead-parish-council,Hawstead Parish Council,verified,https://www.hawstead-pc.gov.uk,pre-existing,ok,5,,2026-04-26T15:41:04+00:00
haydon-bridge-parish-council,Haydon Bridge Parish Council,verified,https://www.haydon-bridge.co.uk,pre-existing,ok,4,,2026-04-26T15:41:04+00:00
haversham-cum-little-linford-parish-council,Haversham-cum-Little Linford Parish Council,no_web_presence_found,,,,,,2026-04-26T15:40:56+00:00
hawes-and-high-abbotside-parish-council,Hawes and High Abbotside Parish Council,no_web_presence_found,,,,,,2026-04-26T15:40:57+00:00
hayfield-parish-council,Hayfield Parish Council,verified,https://www.hayfield-pc.gov.uk,pre-existing,ok,6,,2026-04-26T15:41:06+00:00
hayle-town-council,Hayle Town Council,verified,https://www.hayletowncouncil.net/,pre-existing,ok,10,,2026-04-26T15:41:06+00:00
haverthwaite-parish-council,Haverthwaite Parish Council,no_web_presence_found,,,,,,2026-04-26T15:40:56+00:00
hawes-and-high-abbotside,Hawes and High Abbotside,no_web_presence_found,,,,,,2026-04-26T15:40:57+00:00
hayton-parish-council,Hayton Parish Council,url_unreachable,https://www.hayton-pc.gov.uk,excel,unreachable,,"ConnectionError: HTTPSConnectionPool(host='www.hayton-pc.gov.uk', port=443): Max retries exceeded with url: / (Caused by NameResolutionError(""HTTPSConnection(host='www.hayton-pc.gov.uk', port=443): Failed to resolve '",2026-04-26T15:41:06+00:00
hawkedon-parish-council,Hawkedon Parish Council,no_web_presence_found,,,,,,2026-04-26T15:40:59+00:00
hawkwell-parish-council,Hawkwell Parish Council,verified,https://hawkwellparishcouncil.gov.uk/,pattern,ok,9,,2026-04-26T15:41:03+00:00
harwood-parish-council,Harwood Parish Council,no_web_presence_found,,,,,,2026-04-26T15:40:38+00:00
hawkswick-parish-meeting,Hawkswick (Parish Meeting),no_web_presence_found,,,,,,2026-04-26T15:41:01+00:00
hawksworth-parish-meeting,Hawksworth Parish Meeting,no_web_presence_found,,,,,,2026-04-26T15:41:02+00:00
hawnby,Hawnby,verified,https://www.hawnbyparishcouncil.co.uk/,pattern,ok,,,2026-04-26T15:41:03+00:00
hawksted-parish-council,Hawksted Parish Council,no_web_presence_found,,,,,,2026-04-26T15:41:01+00:00
haywards-heath-town-council,Haywards Heath Town Council,verified,https://www.midsussex.gov.uk,excel,ok,3,,2026-04-26T15:41:06+00:00
hazlemere-parish-council,Hazlemere Parish Council,verified,https://www.hazlemereparishcouncil.gov.uk,excel,ok,4,,2026-04-26T15:41:10+00:00
heacham-parish-council,Heacham Parish Council,verified,https://heacham-pc.gov.uk/,pattern,ok,2,,2026-04-26T15:41:12+00:00
healaugh-and-catterton,Healaugh and Catterton,verified,https://www.healaughandcatterton-pc.gov.uk,pre-existing,ok,4,,2026-04-26T15:41:13+00:00
healaugh-and-catterton-parish-council,Healaugh and Catterton Parish Council,verified,https://www.healaughandcatterton-pc.gov.uk,pre-existing,ok,4,,2026-04-26T15:41:13+00:00
haworth-and-stanbury-parish-council,Haworth and Stanbury Parish Council,no_web_presence_found,,,,,,2026-04-26T15:41:04+00:00
haydon-wick-parish-council,Haydon Wick Parish Council,no_web_presence_found,,,,,,2026-04-26T15:41:05+00:00
haydon-parish-council,Haydon Parish Council,no_web_presence_found,,,,,,2026-04-26T15:41:04+00:00
hawnby-parish-council,Hawnby Parish Council,verified,https://www.hawnbyparishcouncil.co.uk/,pattern,ok,,,2026-04-26T15:41:04+00:00
hazelbadge-parish-meeting,Hazelbadge (Parish Meeting),no_web_presence_found,,,,,,2026-04-26T15:41:06+00:00
heath-hayes-and-wimblebury-parish-council,Heath Hayes and Wimblebury Parish Council,verified,https://www.hhandw-pc.gov.uk/,pre-existing,ok,11,,2026-04-26T15:41:15+00:00
heath-holmewood-parish-council,Heath & Holmewood Parish Council,verified,https://www.heathandholmewood-pc.gov.uk,pre-existing,ok,9,,2026-04-26T15:41:15+00:00
hazelbury-bryan-parish-council,Hazelbury Bryan Parish Council,no_web_presence_found,,,,,,2026-04-26T15:41:06+00:00
heather-parish-council,Heather Parish Council,url_unreachable,https://www.heatherparishcouncil.gov.uk,excel,unreachable,,"ConnectionError: HTTPSConnectionPool(host='www.heatherparishcouncil.gov.uk', port=443): Max retries exceeded with url: / (Caused by NameResolutionError(""HTTPSConnection(host='www.heatherparishcouncil.gov.uk', port=443",2026-04-26T15:41:16+00:00
hatfield-town-council,Hatfield Town Council,no_web_presence_found,,,,,,2026-04-26T15:40:45+00:00
heathfield-waldron-parish-council,Heathfield & Waldron Parish Council,verified,https://www.hwpc.org.uk,pre-existing,ok,3,,2026-04-26T15:41:16+00:00
hazeleigh-parish-council,Hazeleigh Parish Council,no_web_presence_found,,,,,,2026-04-26T15:41:08+00:00
headley-parish-council,Headley Parish Council,verified,https://headley-pc.gov.uk/,pattern,ok,6,,2026-04-26T15:41:13+00:00
hazlerigg-parish-council,Hazlerigg Parish Council,verified,https://www.hazleriggparishcouncil.gov.uk/community/hazlerigg-parish-council-21072/home/,pattern,ok,2,,2026-04-26T15:41:11+00:00
healing-parish-council,Healing Parish Council,verified,https://healingparishcouncil.gov.uk/,pattern,ok,2,,2026-04-26T15:41:13+00:00
hebden,Hebden,verified,https://www.hebdenparishcouncil.gov.uk,pre-existing,ok,5,,2026-04-26T15:41:20+00:00
hazlewood-with-storiths-parish-meeting,Hazlewood with Storiths (Parish Meeting),no_web_presence_found,,,,,,2026-04-26T15:41:11+00:00
headington-parish-council,Headington Parish Council,no_web_presence_found,,,,,,2026-04-26T15:41:12+00:00
headland-parish-council,Headland Parish Council,no_web_presence_found,,,,,,2026-04-26T15:41:12+00:00
heanton-punchardon-parish-council,Heanton Punchardon Parish Council,no_web_presence_found,,,,,,2026-04-26T15:41:14+00:00
heapham-parish-council,Heapham Parish Council,no_web_presence_found,,,,,,2026-04-26T15:41:15+00:00
heddington-parish-council,Heddington Parish Council,verified,https://www.heddington-pc.gov.uk,pre-existing,ok,4,,2026-04-26T15:41:24+00:00
heath-and-reach-parish-council,Heath And Reach Parish Council,no_web_presence_found,,,,,,2026-04-26T15:41:15+00:00
heddon-on-the-wall-parish-council-1,Heddon-on-the-Wall Parish Council,verified,https://www.heddonparish.gov.uk,pre-existing,ok,3,,2026-04-26T15:41:24+00:00
hedge-end-town-council,Hedge End Town Council,verified,https://www.hedgeend-tc.gov.uk,pre-existing,ok,0,,2026-04-26T15:41:24+00:00
heathylee-parish-council-1,Heathylee Parish Council,no_web_presence_found,,,,,,2026-04-26T15:41:16+00:00
heathfield-parish-council,Heathfield Parish Council,no_web_presence_found,,,,,,2026-04-26T15:41:16+00:00
hedley-on-the-hill-parish-council,Hedley-on-the-Hill Parish Council,verified,https://www.hedleyparish.org.uk,pre-existing,ok,2,,2026-04-26T15:41:26+00:00
headcorn-parish-council,Headcorn Parish Council,no_web_presence_found,,,,,,2026-04-26T15:41:12+00:00
hednesford-town-council,Hednesford Town Council,verified,http://www.hednesford-tc.gov.uk/,pre-existing,ok,4,,2026-04-26T15:41:26+00:00
heaton-parish-council,Heaton Parish Council,no_web_presence_found,,,,,,2026-04-26T15:41:17+00:00
heaton-parish-council-1,Heaton Parish Council,no_web_presence_found,,,,,,2026-04-26T15:41:17+00:00
heavitree-parish-council,Heavitree Parish Council,no_web_presence_found,,,,,,2026-04-26T15:41:18+00:00
heck,Heck,no_web_presence_found,,,,,,2026-04-26T15:41:21+00:00
heck-parish-council,Heck Parish Council,no_web_presence_found,,,,,,2026-04-26T15:41:22+00:00
hawes-parish-council,Hawes Parish Council,no_web_presence_found,,,,,,2026-04-26T15:40:58+00:00
heckingham-parish-council,Heckingham Parish Council,no_web_presence_found,,,,,,2026-04-26T15:41:22+00:00
heckmondwike-parish-council,Heckmondwike Parish Council,no_web_presence_found,,,,,,2026-04-26T15:41:23+00:00
hebron-parish-council,Hebron Parish Council,no_web_presence_found,,,,,,2026-04-26T15:41:20+00:00
heddon-on-the-wall-parish-council,Heddon On The Wall Parish Council,no_web_presence_found,,,,,,2026-04-26T15:41:24+00:00
heighington-parish-council,Heighington Parish Council,verified,https://heighington.parish.lincolnshire.gov.uk/,pattern,ok,2,,2026-04-26T15:41:32+00:00
hedgeley-parish-council,Hedgeley Parish Council,no_web_presence_found,,,,,,2026-04-26T15:41:24+00:00
hedgerley-parish-council,Hedgerley Parish Council,verified,https://www.hedgerleyparishcouncil.gov.uk/community/hedgerley-parish-council-12796/home/,pattern,ok,4,,2026-04-26T15:41:25+00:00
hedworth-parish-council,Hedworth Parish Council,no_web_presence_found,,,,,,2026-04-26T15:41:27+00:00
hellesdon-parish-council,Hellesdon Parish Council,verified,https://www.hellesdon-pc.gov.uk,pre-existing,ok,4,,2026-04-26T15:41:36+00:00
hedley-parish-council,Hedley Parish Council,no_web_presence_found,,,,,,2026-04-26T15:41:26+00:00
heed-and-ledge-parish-council,Heed And Ledge Parish Council,no_web_presence_found,,,,,,2026-04-26T15:41:27+00:00
hellingly-parish-council,Hellingly Parish Council,verified,https://www.hellingly-pc.org.uk,pre-existing,ok,7,,2026-04-26T15:41:36+00:00
heedsford-parish-council,Heedsford Parish Council,no_web_presence_found,,,,,,2026-04-26T15:41:27+00:00
helmdon-parish-council,Helmdon Parish Council,verified,https://www.helmdonparishcouncil.gov.uk,pre-existing,ok,5,,2026-04-26T15:41:36+00:00
helmingham-parish-council,Helmingham Parish Council,url_unreachable,https://www.helminghamparishcouncil.gov.uk,excel,unreachable,,"SSLError: HTTPSConnectionPool(host='www.helminghamparishcouncil.gov.uk', port=443): Max retries exceeded with url: / (Caused by SSLError(SSLCertVerificationError(1, ""[SSL: CERTIFICATE_VERIFY_FAILED] certificate",2026-04-26T15:41:36+00:00
helmsley,Helmsley,verified,https://www.helmsleytowncouncil.gov.uk,excel,ok,2,,2026-04-26T15:41:37+00:00
hegal-parish-council,Hegal Parish Council,no_web_presence_found,,,,,,2026-04-26T15:41:30+00:00
hegarty-parish-council,Hegarty Parish Council,no_web_presence_found,,,,,,2026-04-26T15:41:30+00:00
hellaby-parish-council,Hellaby Parish Council,verified,https://www.hellabyparishcouncil.gov.uk/,pattern,ok,3,,2026-04-26T15:41:35+00:00
helhoughton-parish-council,Helhoughton Parish Council,verified,https://helhoughtonparishcouncil.gov.uk/,pattern,ok,3,,2026-04-26T15:41:34+00:00
hemel-hempstead-town-council,Hemel Hempstead Town Council,url_unreachable,https://www.hemel.gov.uk,excel,unreachable,,"ConnectionError: HTTPSConnectionPool(host='www.hemel.gov.uk', port=443): Max retries exceeded with url: / (Caused by NameResolutionError(""HTTPSConnection(host='www.hemel.gov.uk', port=443): Failed to resolve 'www.heme",2026-04-26T15:41:40+00:00
hegley-parish-council,Hegley Parish Council,no_web_presence_found,,,,,,2026-04-26T15:41:31+00:00
hegon-parish-council,Hegon Parish Council,no_web_presence_found,,,,,,2026-04-26T15:41:31+00:00
hemingford-abbots-parish-council,Hemingford Abbots Parish Council,url_unreachable,https://www.hemingford-abbots-pc.gov.uk,excel,unreachable,,"ConnectionError: HTTPSConnectionPool(host='www.hemingford-abbots-pc.gov.uk', port=443): Max retries exceeded with url: / (Caused by NameResolutionError(""HTTPSConnection(host='www.hemingford-abbots-pc.gov.uk', port=443",2026-04-26T15:41:41+00:00
hemingford-grey-parish-council,Hemingford Grey Parish Council,url_unreachable,https://www.hemingford-grey-pc.gov.uk,excel,unreachable,,"ConnectionError: HTTPSConnectionPool(host='www.hemingford-grey-pc.gov.uk', port=443): Max retries exceeded with url: / (Caused by NameResolutionError(""HTTPSConnection(host='www.hemingford-grey-pc.gov.uk', port=443): F",2026-04-26T15:41:41+00:00
helsington-parish-council,Helsington Parish Council,verified,https://helsington-pc.gov.uk/,pattern,ok,1,,2026-04-26T15:41:39+00:00
hedon-parish-council,Hedon Parish Council,verified,https://www.hedon.gov.uk/,pattern,ok,4,,2026-04-26T15:41:26+00:00
hemingstone-parish-council,Hemingstone Parish Council,url_unreachable,https://www.hemingstone-pc.gov.uk,excel,unreachable (403),,,2026-04-26T15:41:41+00:00
heightington-parish-council,Heightington Parish Council,no_web_presence_found,,,,,,2026-04-26T15:41:32+00:00
heightway-parish-council,Heightway Parish Council,no_web_presence_found,,,,,,2026-04-26T15:41:33+00:00
helston-town-council,Helston Town Council,verified,https://www.helston-tc.gov.uk/,excel,ok,5,,2026-04-26T15:41:39+00:00
helbeck-parish-meeting,Helbeck Parish Meeting,no_web_presence_found,,,,,,2026-04-26T15:41:34+00:00
hellidon-parish-meeting,Hellidon Parish Meeting,no_web_presence_found,,,,,,2026-04-26T15:41:36+00:00
hellifield,Hellifield,no_web_presence_found,,,,,,2026-04-26T15:41:36+00:00
hellington-parish-council,Hellington Parish Council,no_web_presence_found,,,,,,2026-04-26T15:41:36+00:00
hempstead-parish-council,Hempstead Parish Council,verified,https://hempstead-pc.gov.uk/,pattern,ok,3,,2026-04-26T15:41:42+00:00
henfield-parish-council,Henfield Parish Council,verified,https://www.henfield.gov.uk,pre-existing,ok,0,,2026-04-26T15:41:46+00:00
henham,Henham,verified,https://www.henham-pc.gov.uk,pre-existing,ok,5,,2026-04-26T15:41:46+00:00
henham-parish-council,Henham Parish Council,verified,https://www.henham-pc.gov.uk,pre-existing,ok,5,,2026-04-26T15:41:46+00:00
helpston-parish-council,Helpston Parish Council,verified,https://www.helpston-pc.gov.uk,excel,ok,2,,2026-04-26T15:41:39+00:00
helsby-parish-council,Helsby Parish Council,verified,https://www.helsbyparishcouncil.gov.uk/,pattern,ok,4,,2026-04-26T15:41:39+00:00
hempton-parish-council,Hempton Parish Council,verified,https://hempton-pc.gov.uk/,pattern,ok,1,,2026-04-26T15:41:42+00:00
henley-parish-council,Henley Parish Council,url_unreachable,https://www.henley-pc.gov.uk,excel,unreachable (403),,,2026-04-26T15:41:48+00:00
hempstead,Hempstead,verified,https://hempstead-pc.gov.uk/,pattern,ok,3,,2026-04-26T15:41:41+00:00
heath-parish-council,Heath Parish Council,no_web_presence_found,,,,,,2026-04-26T15:41:15+00:00
hemingby-parish-council,Hemingby Parish Council,no_web_presence_found,,,,,,2026-04-26T15:41:40+00:00
hemingbrough,Hemingbrough,no_web_presence_found,,,,,,2026-04-26T15:41:40+00:00
henley-in-arden-parish-council,Henley in Arden Parish Council,verified,https://www.henley-in-arden-pc.gov.uk/,pattern,ok,5,,2026-04-26T15:41:46+00:00
hemyock-parish-council,Hemyock Parish Council,verified,https://hemyock.org/,pattern,ok,,,2026-04-26T15:41:45+00:00
henstridge-parish-council,Henstridge Parish Council,verified,https://henstridge-pc.gov.uk,pre-existing,ok,3,,2026-04-26T15:41:50+00:00
hepple-parish-council,Hepple Parish Council,verified,https://www.heppleparishcouncil.gov.uk,pre-existing,ok,2,,2026-04-26T15:41:50+00:00
hemley-parish-council,Hemley Parish Council,no_web_presence_found,,,,,,2026-04-26T15:41:41+00:00
hepworth-parish-council,Hepworth Parish Council,verified,https://www.hepworth-pc.gov.uk,pre-existing,ok,2,,2026-04-26T15:41:50+00:00
hensall,Hensall,url_unreachable,https://www.hensallparishcouncil.gov.uk,excel,unreachable,,"SSLError: HTTPSConnectionPool(host='www.hensallparishcouncil.gov.uk', port=443): Max retries exceeded with url: / (Caused by SSLError(SSLEOFError(8, '[SSL: UNEXPECTED_EOF_WHILE_READING] EOF occurred in violatio",2026-04-26T15:41:49+00:00
herriard-parish-council,Herriard Parish Council,url_unreachable,https://www.herriardpc.org.uk,excel,unreachable,,"ConnectionError: HTTPSConnectionPool(host='www.herriardpc.org.uk', port=443): Max retries exceeded with url: / (Caused by NameResolutionError(""HTTPSConnection(host='www.herriardpc.org.uk', port=443): Failed to resolve",2026-04-26T15:41:50+00:00
hemington-parish-council,Hemington Parish Council,no_web_presence_found,,,,,,2026-04-26T15:41:41+00:00
hersden,Hersden,verified,https://www.hersden-pc.gov.uk,pre-existing,ok,4,,2026-04-26T15:41:50+00:00
hersden-parish-council,Hersden Parish Council,verified,https://www.hersden-pc.gov.uk,pre-existing,ok,4,,2026-04-26T15:41:50+00:00
herstmonceux-parish-council,Herstmonceux Parish Council,verified,https://www.herstmonceuxparish.org.uk,pre-existing,ok,7,,2026-04-26T15:41:50+00:00
hempnall-parish-council,Hempnall Parish Council,no_web_presence_found,,,,,,2026-04-26T15:41:41+00:00
hertford-town-council,Hertford Town Council,url_unreachable,https://www.hertfordtowncouncil.org.uk,excel,unreachable,,"ConnectionError: HTTPSConnectionPool(host='www.hertfordtowncouncil.org.uk', port=443): Max retries exceeded with url: / (Caused by NameResolutionError(""HTTPSConnection(host='www.hertfordtowncouncil.org.uk', port=443):",2026-04-26T15:41:51+00:00
hertingfordbury-parish-council,Hertingfordbury Parish Council,url_unreachable,https://www.hertingfordbury-pc.org.uk,excel,unreachable,,"ConnectionError: HTTPSConnectionPool(host='www.hertingfordbury-pc.org.uk', port=443): Max retries exceeded with url: / (Caused by NameResolutionError(""HTTPSConnection(host='www.hertingfordbury-pc.org.uk', port=443): F",2026-04-26T15:41:51+00:00
henshaw-parish-council,Henshaw Parish Council,url_unreachable,https://www.henshawparishcouncil.gov.uk,excel,unreachable (404),,,2026-04-26T15:41:50+00:00
hemsby-parish-council,Hemsby Parish Council,no_web_presence_found,,,,,,2026-04-26T15:41:43+00:00
hensall-parish-council,Hensall Parish Council,url_unreachable,https://www.hensallparishcouncil.gov.uk,excel,unreachable,,"SSLError: HTTPSConnectionPool(host='www.hensallparishcouncil.gov.uk', port=443): Max retries exceeded with url: / (Caused by SSLError(SSLEOFError(8, '[SSL: UNEXPECTED_EOF_WHILE_READING] EOF occurred in violatio",2026-04-26T15:41:50+00:00
hennock-parish-council,Hennock Parish Council,verified,https://www.hennockparishcouncil.gov.uk,excel,ok,5,,2026-04-26T15:41:49+00:00
henbury-parish-council,Henbury Parish Council,no_web_presence_found,,,,,,2026-04-26T15:41:45+00:00
henderskelfe-parish-meeting,Henderskelfe (Parish Meeting),no_web_presence_found,,,,,,2026-04-26T15:41:45+00:00
henlow-parish-council,Henlow Parish Council,verified,https://henlow-pc.gov.uk/,pattern,ok,5,,2026-04-26T15:41:48+00:00
hethersett-parish-council,Hethersett Parish Council,verified,https://www.hethersettparishcouncil.gov.uk,pre-existing,ok,7,,2026-04-26T15:41:55+00:00
henley-in-arden-parish-council-1,Henley-in-Arden Parish Council,no_web_presence_found,,,,,,2026-04-26T15:41:46+00:00
hesket-parish-council,Hesket Parish Council,verified,https://hesket.org.uk/,pattern,ok,3,,2026-04-26T15:41:51+00:00
hennock,Hennock,verified,https://www.hennockparishcouncil.gov.uk,excel,ok,5,,2026-04-26T15:41:49+00:00
hepscott-parish-council,Hepscott Parish Council,verified,https://www.hepscottparishcouncil.gov.uk/community/hepscott-parish-council-21100/home/,pattern,ok,3,,2026-04-26T15:41:50+00:00
heapey-parish-council,Heapey Parish Council,no_web_presence_found,,,,,,2026-04-26T15:41:14+00:00
hevingham-parish-council,Hevingham Parish Council,verified,https://www.hevinghamparishcouncil.gov.uk,pre-existing,ok,3,,2026-04-26T15:41:57+00:00
hessett-parish-council,Hessett Parish Council,verified,https://www.hessettparishcouncil.gov.uk,excel,ok,4,,2026-04-26T15:41:53+00:00
heversham-parish-council,Heversham Parish Council,verified,https://heversham-pc.gov.uk/,pattern,ok,3,,2026-04-26T15:41:56+00:00
hernhill-parish-council,Hernhill Parish Council,verified,https://www.hernhill-pc.gov.uk/,pattern,ok,5,,2026-04-26T15:41:50+00:00
herringswell-parish-council,Herringswell Parish Council,no_web_presence_found,,,,,,2026-04-26T15:41:50+00:00
hertford-heath-parish-council,Hertford Heath Parish Council,no_web_presence_found,,,,,,2026-04-26T15:41:50+00:00
hethersgill-parish-council,Hethersgill Parish Council,verified,https://www.hethersgill.org.uk/,pattern,ok,3,,2026-04-26T15:41:55+00:00
hesketh-with-becconsall-parish-council,Hesketh-with-Becconsall Parish Council,no_web_presence_found,,,,,,2026-04-26T15:41:51+00:00
heslerton,Heslerton,no_web_presence_found,,,,,,2026-04-26T15:41:52+00:00
hesleyhurst-parish-council,Hesleyhurst Parish Council,no_web_presence_found,,,,,,2026-04-26T15:41:53+00:00
hextable-parish-council,Hextable Parish Council,verified,https://www.hextable-pc.gov.uk/,pattern,ok,5,,2026-04-26T15:42:00+00:00
hethe-parish-council,Hethe Parish Council,no_web_presence_found,,,,,,2026-04-26T15:41:54+00:00
heydour-parish-council,Heydour Parish Council,verified,https://www.heydour-aisby-oasby-pc.gov.uk,pre-existing,ok,5,,2026-04-26T15:42:03+00:00
heyford-park-parish-council,Heyford Park Parish Council,verified,https://www.heyfordpark-pc.gov.uk,pre-existing,ok,4,,2026-04-26T15:42:03+00:00
henley-on-thames-parish-council,Henley-on-Thames Parish Council,no_web_presence_found,,,,,,2026-04-26T15:41:47+00:00
hessle-parish-council,Hessle Parish Council,no_web_presence_found,,,,,,2026-04-26T15:41:54+00:00
hetton-cum-bordley-parish-meeting,Hetton-cum-Bordley (Parish Meeting),no_web_presence_found,,,,,,2026-04-26T15:41:55+00:00
hewick-and-hutton-parish-council,Hewick and Hutton Parish Council,verified,https://www.hewickandhuttonparish.gov.uk,excel,ok,3,,2026-04-26T15:41:59+00:00
heybridge-parish-council,Heybridge Parish Council,verified,https://heybridgeparishcouncil.gov.uk/,pattern,ok,2,,2026-04-26T15:42:02+00:00
hewick-and-hutton,Hewick and Hutton,verified,https://www.hewickandhuttonparish.gov.uk,excel,ok,3,,2026-04-26T15:41:58+00:00
hewelsfield-brockweir-parish-council,Hewelsfield & Brockweir Parish Council,no_web_presence_found,,,,,,2026-04-26T15:41:57+00:00
hewelsfield-and-brockweir-parish-council,Hewelsfield and Brockweir Parish Council,no_web_presence_found,,,,,,2026-04-26T15:41:57+00:00
hexhamshire-parish-council,Hexhamshire Parish Council,verified,https://www.hexhamshire.org.uk/,pattern,ok,,,2026-04-26T15:42:00+00:00
high-and-low-bishopside-pateley-bridge-town-parish-council,High and Low Bishopside (Pateley Bridge Town) Parish Council,verified,https://www.pateleybridgetowncouncil.gov.uk,excel,ok,5,,2026-04-26T15:42:06+00:00
hexhamshire-and-district-parish-council,Hexhamshire and District Parish Council,no_web_presence_found,,,,,,2026-04-26T15:42:00+00:00
heybridge-basin-parish-council,Heybridge Basin Parish Council,no_web_presence_found,,,,,,2026-04-26T15:42:01+00:00
high-halden,High Halden,verified,https://www.highhaldenparishcouncil.gov.uk,excel,ok,4,,2026-04-26T15:42:09+00:00
heywood-parish-council,Heywood Parish Council,verified,https://heywoodparishcouncil.co.uk/,pattern,ok,1,,2026-04-26T15:42:04+00:00
high-kelling-parish-council,High Kelling Parish Council,verified,https://www.highkellingparishcouncil.gov.uk,pre-existing,ok,5,,2026-04-26T15:42:10+00:00
hickling-parish-council,Hickling Parish Council,verified,https://hickling-pc.gov.uk/,pattern,ok,4,,2026-04-26T15:42:06+00:00
heydon-parish-meeting,Heydon Parish Meeting,verified,https://www.heydonparishcouncil.gov.uk/,pattern,ok,5,,2026-04-26T15:42:02+00:00
heytesbury-imber-and-knook-parish-council,Heytesbury Imber and Knook Parish Council,no_web_presence_found,,,,,,2026-04-26T15:42:03+00:00
heythrop-parish-meeting,Heythrop Parish Meeting,no_web_presence_found,,,,,,2026-04-26T15:42:04+00:00
high-ongar-parish-council,High Ongar Parish Council,url_unreachable,https://www.highongar-pc.gov.uk,excel,unreachable,,"SSLError: HTTPSConnectionPool(host='www.highongar-pc.gov.uk', port=443): Max retries exceeded with url: / (Caused by SSLError(SSLCertVerificationError(1, ""[SSL: CERTIFICATE_VERIFY_FAILED] certificate verify fai",2026-04-26T15:42:12+00:00
heywood-parish-meeting,Heywood Parish Meeting,verified,https://heywoodparishcouncil.co.uk/,pattern,ok,1,,2026-04-26T15:42:04+00:00
hickleton-parish-council,Hickleton Parish Council,no_web_presence_found,,,,,,2026-04-26T15:42:04+00:00
higham-ferrers-town-council,Higham Ferrers Town Council,verified,https://www.highamferrers-tc.gov.uk,pre-existing,ok,6,,2026-04-26T15:42:14+00:00
high-ham-parish-council,High Ham Parish Council,verified,https://www.highhamparishlife.org/parish-council,excel,ok,2,,2026-04-26T15:42:10+00:00
high-abbotside-parish-council,High Abbotside Parish Council,no_web_presence_found,,,,,,2026-04-26T15:42:06+00:00
high-and-low-bishopside-parish-council,High and Low Bishopside Parish Council,no_web_presence_found,,,,,,2026-04-26T15:42:06+00:00
heveningham-parish-council,Heveningham Parish Council,verified,https://heveninghamparishcouncil.gov.uk/,pattern,ok,2,,2026-04-26T15:41:55+00:00
highley-parish-council,Highley Parish Council,verified,https://www.highleyparish.gov.uk,pre-existing,ok,1,,2026-04-26T15:42:15+00:00
highmoor-parish-council,Highmoor Parish Council,verified,https://www.highmoorparishcouncil.gov.uk,pre-existing,ok,5,,2026-04-26T15:42:15+00:00
highnam-parish-council,Highnam Parish Council,verified,https://www.highnamparish.org.uk,pre-existing,ok,4,,2026-04-26T15:42:15+00:00
hever-parish-council,Hever Parish Council,verified,https://heverparishcouncil.gov.uk/,pattern,ok,4,,2026-04-26T15:41:56+00:00
high-easter,High Easter,no_web_presence_found,,,,,,2026-04-26T15:42:06+00:00
hildenborough-parish-council,Hildenborough Parish Council,verified,https://www.hildenboroughparishcouncil.gov.uk,pre-existing,ok,6,,2026-04-26T15:42:16+00:00
higher-hurdsfield-parish-council,Higher Hurdsfield Parish Council,verified,https://www.higherhurdsfield-pc.gov.uk,excel,ok,6,,2026-04-26T15:42:15+00:00
hilderstone-parish-council,Hilderstone Parish Council,verified,http://hilderstonevillage.org.uk/parish.php,pre-existing,ok,4,,2026-04-26T15:42:16+00:00
high-easter-parish-council,High Easter Parish Council,no_web_presence_found,,,,,,2026-04-26T15:42:09+00:00
hexham-parish-council,Hexham Parish Council,no_web_presence_found,,,,,,2026-04-26T15:41:59+00:00
high-hoyland-parish-council,High Hoyland Parish Council,no_web_presence_found,,,,,,2026-04-26T15:42:10+00:00
high-laver-parish-council,High Laver Parish Council,no_web_presence_found,,,,,,2026-04-26T15:42:10+00:00
hillesden-parish-council,Hillesden Parish Council,verified,https://www.hillesden-pc.gov.uk,pre-existing,ok,5,,2026-04-26T15:42:20+00:00
hillesley-and-tresham-parish-council,Hillesley and Tresham Parish Council,verified,https://www.htpc.org.uk,pre-existing,ok,4,,2026-04-26T15:42:20+00:00
high-melton-parish-council,High Melton Parish Council,no_web_presence_found,,,,,,2026-04-26T15:42:11+00:00
hillington-parish-council,Hillington Parish Council,verified,https://hillington-pc.gov.uk/,pattern,ok,1,,2026-04-26T15:42:20+00:00
high-roding-parish-council,High Roding Parish Council,no_web_presence_found,,,,,,2026-04-26T15:42:13+00:00
hillam-parish-council,Hillam Parish Council,verified,https://www.hillamparishcouncil.gov.uk,excel,ok,4,,2026-04-26T15:42:17+00:00
high-roding,High Roding,no_web_presence_found,,,,,,2026-04-26T15:42:13+00:00
hilperton-parish-council,Hilperton Parish Council,url_unreachable,https://www.hilperton-pc.gov.uk,excel,unreachable,,"ConnectionError: HTTPSConnectionPool(host='www.hilperton-pc.gov.uk', port=443): Max retries exceeded with url: / (Caused by NameResolutionError(""HTTPSConnection(host='www.hilperton-pc.gov.uk', port=443): Failed to res",2026-04-26T15:42:22+00:00
high-toynton-parish-council,High Toynton Parish Council,no_web_presence_found,,,,,,2026-04-26T15:42:14+00:00
hindhead-parish-council,Hindhead Parish Council,url_unreachable,https://www.hindheadparishcouncil.gov.uk,excel,unreachable,,"ConnectionError: HTTPSConnectionPool(host='www.hindheadparishcouncil.gov.uk', port=443): Max retries exceeded with url: / (Caused by NameResolutionError(""HTTPSConnection(host='www.hindheadparishcouncil.gov.uk', port=4",2026-04-26T15:42:23+00:00
higham-parish-meeting,Higham Parish Meeting,no_web_presence_found,,,,,,2026-04-26T15:42:14+00:00
higham-on-the-hill-parish-council,Higham on the Hill Parish Council,no_web_presence_found,,,,,,2026-04-26T15:42:14+00:00
higham-parish-meeting-1,Higham Parish Meeting,no_web_presence_found,,,,,,2026-04-26T15:42:15+00:00
highworth-parish-council,Highworth Parish Council,no_web_presence_found,,,,,,2026-04-26T15:42:16+00:00
high-legh-parish-council,High Legh Parish Council,verified,https://www.highleghparishcouncil.gov.uk,excel,ok,5,,2026-04-26T15:42:11+00:00
hildersham-parish-council,Hildersham Parish Council,no_web_presence_found,,,,,,2026-04-26T15:42:16+00:00
hinstock-parish-council,Hinstock Parish Council,verified,https://www.hinstock-pc.gov.uk,excel,ok,5,,2026-04-26T15:42:24+00:00
hinton-parish-council,Hinton Parish Council,verified,https://www.hinton-pc.gov.uk,pre-existing,ok,6,,2026-04-26T15:42:25+00:00
hinton-st-george-parish-council,Hinton St George Parish Council,verified,https://hintonstgeorge.org.uk/parish-council/,pre-existing,ok,15,,2026-04-26T15:42:25+00:00
hill-croome-parish-council,Hill Croome Parish Council,no_web_presence_found,,,,,,2026-04-26T15:42:16+00:00
hints-with-canwell-parish-council,Hints with Canwell Parish Council,verified,http://www.hintswithcanwell.co.uk/,pre-existing,ok,6,,2026-04-26T15:42:26+00:00
himley-parish-council,Himley Parish Council,verified,https://himleyparishcouncil.gov.uk/,pattern,ok,1,,2026-04-26T15:42:22+00:00
hilldale-parish-council,Hilldale Parish Council,url_unreachable,https://www.hilldaleparishcouncil.gov.uk,excel,unreachable,,"ReadTimeout: HTTPSConnectionPool(host='www.hilldaleparishcouncil.gov.uk', port=443): Read timed out. (read timeout=6)",2026-04-26T15:42:19+00:00
hill-parish-council,Hill Parish Council,no_web_presence_found,,,,,,2026-04-26T15:42:17+00:00
hinxton-parish-council,Hinxton Parish Council,verified,https://www.hinxton-pc.gov.uk/community/hinxton-parish-council-7847/home/,pattern,ok,4,,2026-04-26T15:42:26+00:00
hipswell,Hipswell,verified,https://hipswell-pc.gov.uk/,pattern,ok,3,,2026-04-26T15:42:26+00:00
hixon-parish-council,Hixon Parish Council,verified,http://www.hixon.gov.uk/,pre-existing,ok,8,,2026-04-26T15:42:29+00:00
hoar-cross-parish-council,Hoar Cross Parish Council,verified,https://hoarcrossparishcouncil.co.uk/,pre-existing,ok,4,,2026-04-26T15:42:29+00:00
hoath,Hoath,verified,https://www.hoathparishcouncil.gov.uk,pre-existing,ok,6,,2026-04-26T15:42:29+00:00
hoath-parish-council,Hoath Parish Council,verified,https://www.hoathparishcouncil.gov.uk,pre-existing,ok,6,,2026-04-26T15:42:29+00:00
hockering-parish-council,Hockering Parish Council,verified,https://www.hockering-pc.gov.uk,pre-existing,ok,6,,2026-04-26T15:42:29+00:00
hillmorton-parish-council,Hillmorton Parish Council,no_web_presence_found,,,,,,2026-04-26T15:42:20+00:00
hightown-parish-council,Hightown Parish Council,no_web_presence_found,,,,,,2026-04-26T15:42:15+00:00
hilmarton-parish-council,Hilmarton Parish Council,no_web_presence_found,,,,,,2026-04-26T15:42:21+00:00
hindolveston-parish-council,Hindolveston Parish Council,verified,https://hindolvestonparishcouncil.gov.uk/,pattern,ok,4,,2026-04-26T15:42:23+00:00
himbleton-parish-council,Himbleton Parish Council,no_web_presence_found,,,,,,2026-04-26T15:42:22+00:00
hitcham-parish-council,Hitcham Parish Council,verified,https://www.hitcham-pc.gov.uk,excel,ok,6,,2026-04-26T15:42:28+00:00
hodthorpe-and-belph-parish-council,Hodthorpe and Belph Parish Council,verified,https://www.hodthorpeandbelph-pc.gov.uk,pre-existing,ok,6,,2026-04-26T15:42:32+00:00
hingham-town-council,Hingham Town Council,no_web_presence_found,,,,,,2026-04-26T15:42:23+00:00
hintlesham-parish-council,Hintlesham Parish Council,no_web_presence_found,,,,,,2026-04-26T15:42:25+00:00
hinton-in-the-hedges-parish-meeting,Hinton-in-the-Hedges Parish Meeting,no_web_presence_found,,,,,,2026-04-26T15:42:25+00:00
hinton-on-the-green-parish-council,Hinton on the Green Parish Council,no_web_presence_found,,,,,,2026-04-26T15:42:25+00:00
hinton-st-george-parish-council-1,Hinton St. George Parish Council,no_web_presence_found,,,,,,2026-04-26T15:42:25+00:00
holcombe-parish-council,Holcombe Parish Council,verified,https://www.holcombepc.org.uk/,pre-existing,ok,4,,2026-04-26T15:42:35+00:00
holcot-parish-council,Holcot Parish Council,verified,https://www.holcot-pc.gov.uk,pre-existing,ok,5,,2026-04-26T15:42:35+00:00
hirst-courtney,Hirst Courtney,no_web_presence_found,,,,,,2026-04-26T15:42:26+00:00
holford-parish-council,Holford Parish Council,verified,https://holford-pc.gov.uk/,pre-existing,ok,7,,2026-04-26T15:42:35+00:00
hirst-courtney-parish-council,Hirst Courtney Parish Council,no_web_presence_found,,,,,,2026-04-26T15:42:26+00:00
holbrook-parish-council,Holbrook Parish Council,url_unreachable,https://www.holbrookparishcouncil.gov.uk,excel,unreachable,,"SSLError: HTTPSConnectionPool(host='www.holbrookparishcouncil.gov.uk', port=443): Max retries exceeded with url: / (Caused by SSLError(SSLCertVerificationError(1, ""[SSL: CERTIFICATE_VERIFY_FAILED] certificate v",2026-04-26T15:42:34+00:00
hindon-parish-council,Hindon Parish Council,no_web_presence_found,,,,,,2026-04-26T15:42:23+00:00
hollesley-parish-council,Hollesley Parish Council,verified,https://hollesley-pc.gov.uk/,pattern,ok,1,,2026-04-26T15:42:35+00:00
hollington-parish-council,Hollington Parish Council,verified,https://www.hollingtonparishcouncil.org.uk,pre-existing,ok,5,,2026-04-26T15:42:37+00:00
hockley-heath-parish-council,Hockley Heath Parish Council,no_web_presence_found,,,,,,2026-04-26T15:42:29+00:00
holbeach-parish-council,Holbeach Parish Council,verified,https://www.holbeach.org.uk//,pattern,ok,,,2026-04-26T15:42:34+00:00
holme-abbey-parish-council,Holme Abbey Parish Council,verified,https://www.holmeabbey-pc.gov.uk,pre-existing,ok,5,,2026-04-26T15:42:39+00:00
hockley-parish-council,Hockley Parish Council,no_web_presence_found,,,,,,2026-04-26T15:42:30+00:00
holme-low-parish-council,Holme Low Parish Council,verified,https://www.holmelow-pc.org.uk,pre-existing,ok,5,,2026-04-26T15:42:39+00:00
hockwold-cum-wilton-parish-council,Hockwold cum Wilton Parish Council,no_web_presence_found,,,,,,2026-04-26T15:42:30+00:00
hockliffe-parish-council,Hockliffe Parish Council,verified,https://hockliffepc.org.uk/,pattern,ok,3,,2026-04-26T15:42:30+00:00
hockwold-parish-council,Hockwold Parish Council,no_web_presence_found,,,,,,2026-04-26T15:42:31+00:00
hoe-and-worthing-parish-meeting,Hoe and Worthing Parish Meeting,no_web_presence_found,,,,,,2026-04-26T15:42:32+00:00
holmes-chapel-parish-council,Holmes Chapel Parish Council,verified,https://www.holmeschapelparishcouncil.gov.uk,pre-existing,ok,5,,2026-04-26T15:42:41+00:00
hoke-parish-council,Hoke Parish Council,no_web_presence_found,,,,,,2026-04-26T15:42:32+00:00
holt-parish-council,Holt Parish Council,verified,https://holt-worcestershire-pc.gov.uk/,pre-existing,ok,4,,2026-04-26T15:42:42+00:00
hinderclay-parish-council,Hinderclay Parish Council,url_unreachable,https://www.hinderclayparishcouncil.gov.uk,excel,unreachable,,"ReadTimeout: HTTPSConnectionPool(host='www.hinderclayparishcouncil.gov.uk', port=443): Read timed out. (read timeout=6)",2026-04-26T15:42:22+00:00
hockham-parish-council,Hockham Parish Council,no_web_presence_found,,,,,,2026-04-26T15:42:29+00:00
holton-st-mary-parish-council,Holton St Mary Parish Council,verified,https://www.holtonstmary-pc.gov.uk,pre-existing,ok,3,,2026-04-26T15:42:43+00:00
holbeck-parish-council,Holbeck Parish Council,no_web_presence_found,,,,,,2026-04-26T15:42:34+00:00
holdenhurst-village-parish-council,Holdenhurst Village Parish Council,no_web_presence_found,,,,,,2026-04-26T15:42:35+00:00
holkham-parish-council,Holkham Parish Council,no_web_presence_found,,,,,,2026-04-26T15:42:35+00:00
holybourne-parish-council,Holybourne Parish Council,url_unreachable,https://www.holybourne-pc.gov.uk,excel,unreachable,,"ConnectionError: HTTPSConnectionPool(host='www.holybourne-pc.gov.uk', port=443): Max retries exceeded with url: / (Caused by NameResolutionError(""HTTPSConnection(host='www.holybourne-pc.gov.uk', port=443): Failed to r",2026-04-26T15:42:44+00:00
holymoorside-walton-parish-council,Holymoorside & Walton Parish Council,verified,https://www.holymoorsideandwalton-pc.gov.uk,pre-existing,ok,4,,2026-04-26T15:42:44+00:00
holton-parish-council,Holton Parish Council,verified,https://www.holtonoxford-pc.gov.uk,excel,ok,2,,2026-04-26T15:42:42+00:00
hollingbourne-parish-council,Hollingbourne Parish Council,no_web_presence_found,,,,,,2026-04-26T15:42:35+00:00
hollinghill-parish-council,Hollinghill Parish Council,no_web_presence_found,,,,,,2026-04-26T15:42:36+00:00
holme-parish-meeting,Holme (Parish Meeting),verified,https://holmeparishcouncil.gov.uk/,pattern,ok,3,,2026-04-26T15:42:39+00:00
hollinsclough-parish-council,Hollinsclough Parish Council,no_web_presence_found,,,,,,2026-04-26T15:42:37+00:00
hollinsclough-parish-council-1,Hollinsclough Parish Council,no_web_presence_found,,,,,,2026-04-26T15:42:38+00:00
holme-lacy-parish-council,Holme Lacy Parish Council,no_web_presence_found,,,,,,2026-04-26T15:42:39+00:00
holme-next-the-sea-parish-council,Holme Next The Sea Parish Council,no_web_presence_found,,,,,,2026-04-26T15:42:39+00:00
holme-parish-meeting-1,Holme Parish Meeting,no_web_presence_found,,,,,,2026-04-26T15:42:39+00:00
hook-norton-parish-council,Hook Norton Parish Council,verified,https://www.hnpc.org.uk,pre-existing,ok,6,,2026-04-26T15:42:48+00:00
holme-pierrepont-parish-council,Holme Pierrepont Parish Council,no_web_presence_found,,,,,,2026-04-26T15:42:40+00:00
holton-le-moor-parish-council,Holton le Moor Parish Council,no_web_presence_found,,,,,,2026-04-26T15:42:42+00:00
holmwood-parish-council,Holmwood Parish Council,no_web_presence_found,,,,,,2026-04-26T15:42:41+00:00
hook-parish-council,Hook Parish Council,verified,https://hook.gov.uk/,pattern,ok,5,,2026-04-26T15:42:48+00:00
hopesay-parish-council,Hopesay Parish Council,url_unreachable,https://www.hopesdayparishcouncil.gov.uk,excel,unreachable,,"ConnectionError: HTTPSConnectionPool(host='www.hopesdayparishcouncil.gov.uk', port=443): Max retries exceeded with url: / (Caused by NameResolutionError(""HTTPSConnection(host='www.hopesdayparishcouncil.gov.uk', port=4",2026-04-26T15:42:51+00:00
holton-st-mary-parish-council-1,Holton St. Mary Parish Council,no_web_presence_found,,,,,,2026-04-26T15:42:43+00:00
holverston-parish-meeting,Holverston Parish Meeting,no_web_presence_found,,,,,,2026-04-26T15:42:43+00:00
holy-island-parish-council,Holy Island Parish Council,no_web_presence_found,,,,,,2026-04-26T15:42:44+00:00
horam-parish-council,Horam Parish Council,verified,https://www.horamparishcouncil.gov.uk,pre-existing,ok,7,,2026-04-26T15:42:53+00:00
honing-with-crostwright-parish-council,Honing with Crostwright Parish Council,no_web_presence_found,,,,,,2026-04-26T15:42:44+00:00
honington-cum-sapiston-parish-council,Honington cum Sapiston Parish Council,no_web_presence_found,,,,,,2026-04-26T15:42:45+00:00
honingham-parish-council,Honingham Parish Council,no_web_presence_found,,,,,,2026-04-26T15:42:44+00:00
hooe-parish-council,Hooe Parish Council,verified,https://www.Hooe-PC.gov.uk,excel,ok,3,,2026-04-26T15:42:48+00:00
horham-and-athelington-parish-council,Horham and Athelington Parish Council,verified,https://www.horhamathelington-pc.gov.uk,pre-existing,ok,4,,2026-04-26T15:42:55+00:00
honnily-parish-council,Honnily Parish Council,no_web_presence_found,,,,,,2026-04-26T15:42:46+00:00
honington-parish-meeting,Honington Parish Meeting,no_web_presence_found,,,,,,2026-04-26T15:42:46+00:00
horley-parish-council,Horley Parish Council,url_unreachable,https://www.horleyparishcouncil.gov.uk,excel,unreachable,,"ConnectionError: HTTPSConnectionPool(host='www.horleyparishcouncil.gov.uk', port=443): Max retries exceeded with url: / (Caused by NameResolutionError(""HTTPSConnection(host='www.horleyparishcouncil.gov.uk', port=443):",2026-04-26T15:42:56+00:00
horncliffe-parish-council,Horncliffe Parish Council,verified,https://www.horncliffeparishcouncil.gov.uk,pre-existing,ok,0,,2026-04-26T15:42:56+00:00
hoo-parish-council,Hoo Parish Council,no_web_presence_found,,,,,,2026-04-26T15:42:47+00:00
honing-parish-council,Honing Parish Council,verified,https://honingparishcouncil.gov.uk/,pattern,ok,3,,2026-04-26T15:42:44+00:00
horning-parish-council,Horning Parish Council,verified,https://www.horningparishcouncil.gov.uk,pre-existing,ok,7,,2026-04-26T15:42:57+00:00
horninglow-and-eton-parish-council,Horninglow and Eton Parish Council,verified,http://www.horninglowandeton.co.uk/,pre-existing,ok,4,,2026-04-26T15:42:57+00:00
hood-grange-parish-meeting,Hood Grange (Parish Meeting),no_web_presence_found,,,,,,2026-04-26T15:42:48+00:00
horningsham-parish-council,Horningsham Parish Council,verified,https://www.horningshamparishcouncil.gov.uk,pre-existing,ok,5,,2026-04-26T15:42:57+00:00
horningtoft-parish-council,Horningtoft Parish Council,verified,https://www.horningtoftparishcouncil.gov.uk,pre-existing,ok,6,,2026-04-26T15:42:57+00:00
hope-bagot-parish-council,Hope Bagot Parish Council,no_web_presence_found,,,,,,2026-04-26T15:42:51+00:00
horrabridge-parish,Horrabridge Parish,verified,https://www.horrabridge-pc.gov.uk,pre-existing,ok,6,,2026-04-26T15:43:00+00:00
horrabridge-parish-parish-council,Horrabridge Parish Parish Council,verified,https://www.horrabridge-pc.gov.uk,pre-existing,ok,6,,2026-04-26T15:43:00+00:00
hope-mansell-parish-council,Hope Mansell Parish Council,no_web_presence_found,,,,,,2026-04-26T15:42:51+00:00
hopton-cangeford-and-stoke-st-milborough-parish-council,Hopton Cangeford and Stoke St Milborough Parish Council,no_web_presence_found,,,,,,2026-04-26T15:42:51+00:00
horne-parish-council,Horne Parish Council,verified,https://horneparishcouncil.gov.uk/,pattern,ok,4,,2026-04-26T15:42:56+00:00
horsford-parish-council,Horsford Parish Council,verified,https://www.horsford-pc.gov.uk,pre-existing,ok,5,,2026-04-26T15:43:01+00:00
hooke-parish-council,Hooke Parish Council,verified,https://hooke.org.uk/,pattern,ok,,,2026-04-26T15:42:49+00:00
horsham-newton-st-faiths-parish-council,Horsham & Newton St Faiths Parish Council,url_unreachable,https://www.stfaithsparishcouncil.gov.uk,excel,unreachable,,"ConnectionError: HTTPSConnectionPool(host='www.stfaithsparishcouncil.gov.uk', port=443): Max retries exceeded with url: / (Caused by NameResolutionError(""HTTPSConnection(host='www.stfaithsparishcouncil.gov.uk', port=4",2026-04-26T15:43:01+00:00
hopton-on-sea-parish-council,Hopton-on-sea Parish Council,no_web_presence_found,,,,,,2026-04-26T15:42:52+00:00
horsington-parish-council,Horsington Parish Council,verified,https://horsingtonparishcouncil.wordpress.com,pre-existing,ok,3,,2026-04-26T15:43:01+00:00
horsley-parish-council,Horsley Parish Council,verified,https://www.corbridge-pc.gov.uk,pre-existing,ok,4,,2026-04-26T15:43:01+00:00
hopton-parish-council,Hopton Parish Council,no_web_presence_found,,,,,,2026-04-26T15:42:52+00:00
horsted-keynes-parish-council,Horsted Keynes Parish Council,verified,https://www.horstedkeynes-pc.gov.uk,pre-existing,ok,6,,2026-04-26T15:43:01+00:00
horbling-parish-council,Horbling Parish Council,no_web_presence_found,,,,,,2026-04-26T15:42:53+00:00
hordley-parish-council,Hordley Parish Council,verified,https://www.hordley-pc.gov.uk/community/hordley-parish-council-12530/home/,pattern,ok,1,,2026-04-26T15:42:55+00:00
horden-parish-council,Horden Parish Council,verified,https://horden-pc.gov.uk/,pattern,ok,2,,2026-04-26T15:42:53+00:00
horton-in-ribblesdale,Horton-In-Ribblesdale,url_unreachable,https://www.hortoninribblesdale-pc.gov.uk,excel,unreachable,,"SSLError: HTTPSConnectionPool(host='www.hortoninribblesdale-pc.gov.uk', port=443): Max retries exceeded with url: / (Caused by SSLError(SSLCertVerificationError(1, ""[SSL: CERTIFICATE_VERIFY_FAILED] certificate ",2026-04-26T15:43:02+00:00
hordington-parish-council,Hordington Parish Council,no_web_presence_found,,,,,,2026-04-26T15:42:54+00:00
horseheath-parish-council,Horseheath Parish Council,verified,https://horseheath-pc.gov.uk/,pattern,ok,1,,2026-04-26T15:43:00+00:00
horham-parish-council,Horham Parish Council,no_web_presence_found,,,,,,2026-04-26T15:42:55+00:00
horwood-lovacott-and-newton-tracey-parish-council,"Horwood, Lovacott and Newton Tracey Parish Council",verified,https://www.hlandntparishcouncil.gov.uk,pre-existing,ok,5,,2026-04-26T15:43:04+00:00
horton-parish-council,Horton Parish Council,url_unreachable,http://hortonpc.btck.co.uk/,excel,unreachable (403),,,2026-04-26T15:43:02+00:00
horningsea-parish-council,Horningsea Parish Council,verified,https://www.horningsea-pc.gov.uk/,pattern,ok,4,,2026-04-26T15:42:57+00:00
horndean-parish-council,Horndean Parish Council,no_web_presence_found,,,,,,2026-04-26T15:42:56+00:00
hough-chorlton-parish-council,Hough & Chorlton Parish Council,verified,https://www.houghandchorlton-pc.gov.uk,pre-existing,ok,2,,2026-04-26T15:43:06+00:00
horton-parish-council-1,Horton Parish Council,url_unreachable,http://hortonpc.btck.co.uk/,excel,unreachable (403),,,2026-04-26T15:43:03+00:00
horringer-cum-ickworth-parish-council,Horringer cum Ickworth Parish Council,verified,https://www.horringer-pc.gov.uk,excel,ok,5,,2026-04-26T15:43:00+00:00
horton-cum-studley-parish-council,Horton-cum-Studley Parish Council,verified,https://www.horton-cum-studley.org.uk/,pattern,ok,,,2026-04-26T15:43:01+00:00
horwich-parish-council,Horwich Parish Council,verified,https://www.horwich.gov.uk/,pattern,ok,2,,2026-04-26T15:43:04+00:00
horncastle-parish-council,Horncastle Parish Council,no_web_presence_found,,,,,,2026-04-26T15:42:56+00:00
horspath-parish-council,Horspath Parish Council,verified,https://horspath.org.uk/,pattern,ok,,,2026-04-26T15:43:01+00:00
hoveton-community-council,Hoveton Community Council,verified,https://www.hoveton-cc.gov.uk,pre-existing,ok,5,,2026-04-26T15:43:09+00:00
horsey-parish-council,Horsey Parish Council,no_web_presence_found,,,,,,2026-04-26T15:43:00+00:00
horton-parish-council-2,Horton Parish Council,url_unreachable,http://hortonpc.btck.co.uk/,excel,unreachable (403),,,2026-04-26T15:43:03+00:00
horsforth-parish-council,Horsforth Parish Council,no_web_presence_found,,,,,,2026-04-26T15:43:01+00:00
horsham-st-faith-and-newton-st-faith-parish-council,Horsham St. Faith and Newton St. Faith Parish Council,no_web_presence_found,,,,,,2026-04-26T15:43:01+00:00
horton-in-ribblesdale-parish-council-1,Horton in Ribblesdale Parish Council,no_web_presence_found,,,,,,2026-04-26T15:43:02+00:00
hornsea-parish-council,Hornsea Parish Council,verified,https://www.hornsea.gov.uk/,pattern,ok,1,,2026-04-26T15:42:57+00:00
hothfield-parish-council,Hothfield Parish Council,no_web_presence_found,,,,,,2026-04-26T15:43:04+00:00
hough-and-chorlton-parish-council,Hough and Chorlton Parish Council,no_web_presence_found,,,,,,2026-04-26T15:43:05+00:00
hothersall-parish-council,Hothersall Parish Council,verified,https://hothersallpc.org.uk/,pattern,ok,,,2026-04-26T15:43:04+00:00
hucclecote-parish-council,Hucclecote Parish Council,verified,https://www.hucclecotepc.gov.uk,pre-existing,ok,5,,2026-04-26T15:43:15+00:00
hougham-without-parish-council,Hougham Without Parish Council,no_web_presence_found,,,,,,2026-04-26T15:43:06+00:00
hough-parish-council,Hough Parish Council,no_web_presence_found,,,,,,2026-04-26T15:43:06+00:00
houghton-conquest-parish-council,Houghton Conquest Parish Council,no_web_presence_found,,,,,,2026-04-26T15:43:07+00:00
houghton-on-the-hill-parish-council,Houghton on the Hill Parish Council,no_web_presence_found,,,,,,2026-04-26T15:43:07+00:00
hound-parish-council,Hound Parish Council,verified,https://www.houndparishcouncil.gov.uk/,pattern,ok,1,,2026-04-26T15:43:09+00:00
houghton-regis-parish-council,Houghton Regis Parish Council,no_web_presence_found,,,,,,2026-04-26T15:43:08+00:00
hudswell-and-district,Hudswell and District,verified,https://www.hudswell-pc.gov.uk,excel,ok,3,,2026-04-26T15:43:16+00:00
hovingham-and-scackleton,Hovingham and Scackleton,no_web_presence_found,,,,,,2026-04-26T15:43:09+00:00
how-caple-sollershope-and-yatton-group-parish-council,How Caple Sollershope and Yatton Group Parish Council,no_web_presence_found,,,,,,2026-04-26T15:43:09+00:00
hudswell-parish-council,Hudswell Parish Council,verified,https://hudswell-pc.gov.uk/,pattern,ok,3,,2026-04-26T15:43:17+00:00
huish-episcopi-parish-council,Huish Episcopi Parish Council,verified,https://huishepiscopi-pc.gov.uk/,pre-existing,ok,6,,2026-04-26T15:43:19+00:00
how-caple-sollershope-yatton-group-parish-council,"How Caple, Sollershope & Yatton Group Parish Council",no_web_presence_found,,,,,,2026-04-26T15:43:10+00:00
huggate-parish-council,Huggate Parish Council,verified,https://huggate-pc.gov.uk/,pattern,ok,2,,2026-04-26T15:43:17+00:00
hudswell-and-district-parish-council,Hudswell and District Parish Council,verified,https://www.hudswell-pc.gov.uk,excel,ok,3,,2026-04-26T15:43:17+00:00
howe-parish-meeting-1,Howe (Parish Meeting),no_web_presence_found,,,,,,2026-04-26T15:43:11+00:00
hulland-ward-parish-council,Hulland Ward Parish Council,verified,https://www.hullandwardparishcouncil.gov.uk,pre-existing,ok,6,,2026-04-26T15:43:20+00:00
howe-parish-meeting,Howe Parish Meeting,no_web_presence_found,,,,,,2026-04-26T15:43:10+00:00
howgrave-parish-council,Howgrave Parish Council,no_web_presence_found,,,,,,2026-04-26T15:43:12+00:00
hullavington-parish-council,Hullavington Parish Council,verified,https://www.hullavington-pc.gov.uk,excel,ok,4,,2026-04-26T15:43:20+00:00
hulme-walfield-somerford-booths-parish-council,Hulme Walfield & Somerford Booths Parish Council,verified,https://www.hulmewalfieldandsomerfordbooths-pc.gov.uk,pre-existing,ok,5,,2026-04-26T15:43:23+00:00
hucklow-great-hucklow-parish-council,Hucklow (Great Hucklow) Parish Council,no_web_presence_found,,,,,,2026-04-26T15:43:15+00:00
huddington-parish-council,Huddington Parish Council,no_web_presence_found,,,,,,2026-04-26T15:43:15+00:00
huddlestone-with-newthorpe-parish-meeting,Huddlestone with Newthorpe (Parish Meeting),no_web_presence_found,,,,,,2026-04-26T15:43:16+00:00
huddleston-with-newthorpe-parish-council,Huddleston with Newthorpe Parish Council,no_web_presence_found,,,,,,2026-04-26T15:43:16+00:00
hungerford-town-council,Hungerford Town Council,verified,https://www.hungerford-tc.gov.uk,pre-existing,ok,6,,2026-04-26T15:43:25+00:00
huby,Huby,no_web_presence_found,,,,,,2026-04-26T15:43:14+00:00
hunmanby,Hunmanby,url_unreachable,https://www.hunmanbyparishcouncil.gov.uk,excel,unreachable,,"ConnectionError: ('Connection aborted.', ConnectionResetError(10054, 'An existing connection was forcibly closed by the remote host', None, 10054, None))",2026-04-26T15:43:26+00:00
hugglescote-and-donington-le-heath-parish-council,Hugglescote and Donington le Heath Parish Council,no_web_presence_found,,,,,,2026-04-26T15:43:18+00:00
hughley-and-kenley-parish-council,Hughley and Kenley Parish Council,no_web_presence_found,,,,,,2026-04-26T15:43:19+00:00
huish-parish-council,Huish Parish Council,no_web_presence_found,,,,,,2026-04-26T15:43:19+00:00
hulcote-and-salford-parish-council,Hulcote and Salford Parish Council,no_web_presence_found,,,,,,2026-04-26T15:43:19+00:00
hulcott-parish-council,Hulcott Parish Council,no_web_presence_found,,,,,,2026-04-26T15:43:20+00:00
hulland-parish-meeting,Hulland (Parish Meeting),no_web_presence_found,,,,,,2026-04-26T15:43:20+00:00
hulme-walfield-parish-council,Hulme Walfield Parish Council,no_web_presence_found,,,,,,2026-04-26T15:43:21+00:00
hunmanby-parish-council,Hunmanby Parish Council,verified,https://hunmanbyparishcouncil.gov.uk/,pattern,ok,4,,2026-04-26T15:43:27+00:00
humberston-parish-council,Humberston Parish Council,no_web_presence_found,,,,,,2026-04-26T15:43:23+00:00
hoxne-parish-council,Hoxne Parish Council,url_unreachable,https://www.hoxneparishcouncil.gov.uk,excel,unreachable,,"ReadTimeout: HTTPSConnectionPool(host='www.hoxneparishcouncil.gov.uk', port=443): Read timed out. (read timeout=6)",2026-04-26T15:43:14+00:00
humbleton-parish-council,Humbleton Parish Council,no_web_presence_found,,,,,,2026-04-26T15:43:24+00:00
hundon-parish-council,Hundon Parish Council,no_web_presence_found,,,,,,2026-04-26T15:43:25+00:00
hunsdon-parish-council,Hunsdon Parish Council,verified,https://hunsdonparishcouncil.gov.uk/,pattern,ok,1,,2026-04-26T15:43:27+00:00
huntington-parish-council,Huntington Parish Council,verified,https://www.huntington-pc.gov.uk/,pattern,ok,5,,2026-04-26T15:43:29+00:00
hurstbourne-tarrant-parish-council,Hurstbourne Tarrant Parish Council,verified,https://www.hurstbournetarrant-pc.gov.uk,pre-existing,ok,5,,2026-04-26T15:43:34+00:00
hurstbourne-priors-parish-council,Hurstbourne Priors Parish Council,url_unreachable,https://www.hurstbournepriors-pc.gov.uk,excel,unreachable,,"ConnectionError: HTTPSConnectionPool(host='www.hurstbournepriors-pc.gov.uk', port=443): Max retries exceeded with url: / (Caused by NameResolutionError(""HTTPSConnection(host='www.hurstbournepriors-pc.gov.uk', port=443",2026-04-26T15:43:34+00:00
hungarton-parish-council,Hungarton Parish Council,no_web_presence_found,,,,,,2026-04-26T15:43:25+00:00
hullbridge-parish-council,Hullbridge Parish Council,verified,https://www.hullbridge-pc.gov.uk/,pattern,ok,3,,2026-04-26T15:43:20+00:00
hungry-bentley-parish-council,Hungry Bentley Parish Council,no_web_presence_found,,,,,,2026-04-26T15:43:25+00:00
hunton-parish-council,Hunton Parish Council,verified,https://www.huntonparishcouncil.gov.uk/,pattern,ok,6,,2026-04-26T15:43:30+00:00
huntley-parish-council,Huntley Parish Council,verified,https://huntleyparishcouncil.gov.uk/,pattern,ok,3,,2026-04-26T15:43:30+00:00
hunsonby-parish-council,Hunsonby Parish Council,no_web_presence_found,,,,,,2026-04-26T15:43:28+00:00
hunshelf-parish-council,Hunshelf Parish Council,no_web_presence_found,,,,,,2026-04-26T15:43:28+00:00
hutton-le-hole,Hutton le Hole,verified,https://www.huttonlehole-pc.gov.uk,pre-existing,ok,4,,2026-04-26T15:43:37+00:00
hunstanton-town-council,Hunstanton Town Council,no_web_presence_found,,,,,,2026-04-26T15:43:28+00:00
hursley-parish-council,Hursley Parish Council,verified,https://www.hursleyparishcouncil.gov.uk/,pattern,ok,2,,2026-04-26T15:43:33+00:00
huttoft-parish-council,Huttoft Parish Council,verified,https://huttoft.parish.lincolnshire.gov.uk/,pattern,ok,5,,2026-04-26T15:43:35+00:00
hutton-roof-parish-council,Hutton Roof Parish Council,verified,https://www.huttonroof-pc.gov.uk,pre-existing,ok,3,,2026-04-26T15:43:39+00:00
hurley-parish-council,Hurley Parish Council,no_web_presence_found,,,,,,2026-04-26T15:43:32+00:00
husborne-crawley-parish-council,Husborne Crawley Parish Council,no_web_presence_found,,,,,,2026-04-26T15:43:34+00:00
hurst-green-parish-council,Hurst Green Parish Council,no_web_presence_found,,,,,,2026-04-26T15:43:33+00:00
hyde-lea-parish-council,Hyde Lea Parish Council,verified,http://www.hydeleapc.org.uk/,pre-existing,ok,2,,2026-04-26T15:43:43+00:00
hyde-parish-council,Hyde Parish Council,verified,https://www.hyde-pc.gov.uk,pre-existing,ok,10,,2026-04-26T15:43:43+00:00
howden-parish-council,Howden Parish Council,no_web_presence_found,,,,,,2026-04-26T15:43:10+00:00
hydestile-and-busbridge-parish-council,Hydestile and Busbridge Parish Council,url_unreachable,https://www.hydestandbusbridge.gov.uk,excel,unreachable,,"ConnectionError: HTTPSConnectionPool(host='www.hydestandbusbridge.gov.uk', port=443): Max retries exceeded with url: / (Caused by NameResolutionError(""HTTPSConnection(host='www.hydestandbusbridge.gov.uk', port=443): F",2026-04-26T15:43:43+00:00
hutton-bonville-parish-meeting,Hutton Bonville (Parish Meeting),no_web_presence_found,,,,,,2026-04-26T15:43:35+00:00
huntingfield-parish-council,Huntingfield Parish Council,verified,https://huntingfieldparishcouncil.gov.uk/,pattern,ok,3,,2026-04-26T15:43:29+00:00
ibstock-town-council,Ibstock Town Council,url_unreachable,https://www.ibstocktc.gov.uk,excel,unreachable,,"ConnectionError: HTTPSConnectionPool(host='www.ibstocktc.gov.uk', port=443): Max retries exceeded with url: / (Caused by NameResolutionError(""HTTPSConnection(host='www.ibstocktc.gov.uk', port=443): Failed to resolve '",2026-04-26T15:43:44+00:00
hutton-conyers-parish-council,Hutton Conyers Parish Council,no_web_presence_found,,,,,,2026-04-26T15:43:36+00:00
hutton-le-hole-parish-council-1,Hutton-le-hole Parish Council,no_web_presence_found,,,,,,2026-04-26T15:43:37+00:00
hutton-hang-parish-council,Hutton Hang Parish Council,no_web_presence_found,,,,,,2026-04-26T15:43:37+00:00
hutton-mulgrave-parish-council,Hutton Mulgrave Parish Council,no_web_presence_found,,,,,,2026-04-26T15:43:37+00:00
icklesham-parish-council,Icklesham Parish Council,verified,https://www.icklesham-pc.gov.uk,pre-existing,ok,5,,2026-04-26T15:43:46+00:00
hythe-dibden-parish-council,Hythe & Dibden Parish Council,verified,https://www.hytheanddibden.gov.uk,excel,ok,6,,2026-04-26T15:43:43+00:00
ickleford-parish-council,Ickleford Parish Council,verified,https://ickleford-pc.gov.uk/,pattern,ok,5,,2026-04-26T15:43:46+00:00
hythe-town-council,Hythe Town Council,verified,https://www.hythe-tc.gov.uk,excel,ok,5,,2026-04-26T15:43:43+00:00
hutton-rudby-parish-council,Hutton Rudby Parish Council,no_web_presence_found,,,,,,2026-04-26T15:43:39+00:00
hurn-parish-council,Hurn Parish Council,verified,https://www.hurnparishcouncil.gov.uk/,pattern,ok,3,,2026-04-26T15:43:32+00:00
ickburgh-parish-meeting,Ickburgh Parish Meeting,verified,https://ickburgh.org.uk/,pattern,ok,,,2026-04-26T15:43:45+00:00
idmiston-parish-council,Idmiston Parish Council,verified,https://www.idmiston-pc.gov.uk,pre-existing,ok,5,,2026-04-26T15:43:50+00:00
huttons-ambo,Huttons Ambo,no_web_presence_found,,,,,,2026-04-26T15:43:42+00:00
huttons-ambo-parish-council,Huttons Ambo Parish Council,no_web_presence_found,,,,,,2026-04-26T15:43:43+00:00
ightham-parish-council,Ightham Parish Council,url_unreachable,https://www.ighthamparishcouncil.org.uk,excel,unreachable,,"ConnectionError: HTTPSConnectionPool(host='www.ighthamparishcouncil.org.uk', port=443): Max retries exceeded with url: / (Caused by NameResolutionError(""HTTPSConnection(host='www.ighthamparishcouncil.org.uk', port=443",2026-04-26T15:43:51+00:00
ilam-parish-council,Ilam Parish Council,verified,http://ilamparishcouncil.co.uk/,pre-existing,ok,1,,2026-04-26T15:43:51+00:00
ilam-parish-council-1,Ilam Parish Council,verified,http://ilamparishcouncil.co.uk/,pre-existing,ok,1,,2026-04-26T15:43:51+00:00
hutton-parish-council,Hutton Parish Council,verified,https://www.hutton-pc.gov.uk/,pattern,ok,3,,2026-04-26T15:43:37+00:00
icomb-parish-meeting,Icomb Parish Meeting,verified,https://sites.google.com/view/icomb-village/home,pattern,ok,1,,2026-04-26T15:43:46+00:00
ilfracombe-town-council,Ilfracombe Town Council,verified,https://www.northdevon.gov.uk,pre-existing,ok,5,,2026-04-26T15:43:52+00:00
illogan-parish-council,Illogan Parish Council,verified,https://www.illoganparishcouncil.gov.uk,pre-existing,ok,10,,2026-04-26T15:43:52+00:00
hutton-buscel,Hutton Buscel,url_unreachable,https://www.huttonbuscelparishcouncil.gov.uk,excel,unreachable,,"ConnectTimeout: HTTPSConnectionPool(host='www.huttonbuscelparishcouncil.gov.uk', port=443): Max retries exceeded with url: / (Caused by ConnectTimeoutError(<HTTPSConnection(host='www.huttonbuscelparishcouncil.gov.uk'",2026-04-26T15:43:35+00:00
ilminster-town-council,Ilminster Town Council,verified,https://www.ilminster.gov.uk/,excel,ok,4,,2026-04-26T15:43:52+00:00
ible-parish-meeting,Ible (Parish Meeting),no_web_presence_found,,,,,,2026-04-26T15:43:44+00:00
ilton-parish-council,Ilton Parish Council,verified,https://www.iltonparishcouncil.gov.uk,pre-existing,ok,6,,2026-04-26T15:43:53+00:00
ibstone-parish-council,Ibstone Parish Council,no_web_presence_found,,,,,,2026-04-26T15:43:45+00:00
husthwaite,Husthwaite,no_web_presence_found,,,,,,2026-04-26T15:43:34+00:00
husthwaite-parish-council,Husthwaite Parish Council,no_web_presence_found,,,,,,2026-04-26T15:43:34+00:00
ingestre-with-tixall-parish-council,Ingestre with Tixall Parish Council,url_unreachable,https://ingestrewithtixallparishcouncil.co.uk/,excel,unreachable,,"ConnectionError: HTTPSConnectionPool(host='ingestrewithtixallparishcouncil.co.uk', port=443): Max retries exceeded with url: / (Caused by NameResolutionError(""HTTPSConnection(host='ingestrewithtixallparishcouncil.co.u",2026-04-26T15:43:55+00:00
ickham-parish-council,Ickham Parish Council,no_web_presence_found,,,,,,2026-04-26T15:43:46+00:00
ingleby-arncliffe-parish-council,Ingleby Arncliffe Parish Council,url_unreachable,https://www.inglebyarncliffe-pc.gov.uk,excel,unreachable,,"ConnectionError: HTTPSConnectionPool(host='www.inglebyarncliffe-pc.gov.uk', port=443): Max retries exceeded with url: / (Caused by NameResolutionError(""HTTPSConnection(host='www.inglebyarncliffe-pc.gov.uk', port=443):",2026-04-26T15:43:55+00:00
ide-parish-council,Ide Parish Council,verified,https://ide.org.uk/,pattern,ok,,,2026-04-26T15:43:47+00:00
ingleton,Ingleton,verified,https://www.ingletonparishcouncil.gov.uk,pre-existing,ok,4,,2026-04-26T15:43:55+00:00
idbury-parish-meeting,Idbury Parish Meeting,no_web_presence_found,,,,,,2026-04-26T15:43:47+00:00
iden-green-parish-council,Iden Green Parish Council,no_web_presence_found,,,,,,2026-04-26T15:43:48+00:00
ingoldisthorpe-parish-council,Ingoldisthorpe Parish Council,verified,https://www.ingoldisthorpe-pc.gov.uk/,pattern,ok,3,,2026-04-26T15:43:55+00:00
ingoldsby-parish-council,Ingoldsby Parish Council,url_unreachable,https://www.ingoldsbyparishcouncil.gov.uk,excel,unreachable,,"SSLError: HTTPSConnectionPool(host='www.ingoldsbyparishcouncil.gov.uk', port=443): Max retries exceeded with url: / (Caused by SSLError(SSLCertVerificationError(1, ""[SSL: CERTIFICATE_VERIFY_FAILED] certificate ",2026-04-26T15:43:57+00:00
iden-parish-council,Iden Parish Council,no_web_presence_found,,,,,,2026-04-26T15:43:49+00:00
ingleby-arncliffe,Ingleby Arncliffe,url_unreachable,https://www.inglebyarncliffe-pc.gov.uk,excel,unreachable,,"ConnectionError: HTTPSConnectionPool(host='www.inglebyarncliffe-pc.gov.uk', port=443): Max retries exceeded with url: / (Caused by NameResolutionError(""HTTPSConnection(host='www.inglebyarncliffe-pc.gov.uk', port=443):",2026-04-26T15:43:55+00:00
ince-parish-council,Ince Parish Council,verified,https://inceparishcouncil.gov.uk/,pattern,ok,5,,2026-04-26T15:43:55+00:00
ipstones-parish-council,Ipstones Parish Council,verified,https://www.ipstonesparishcouncil.gov.uk,pre-existing,ok,6,,2026-04-26T15:43:59+00:00
ipstones-parish-council-1,Ipstones Parish Council,verified,https://www.ipstonesparishcouncil.gov.uk,pre-existing,ok,6,,2026-04-26T15:43:59+00:00
iford-parish-meeting,Iford Parish Meeting,no_web_presence_found,,,,,,2026-04-26T15:43:50+00:00
ireby-and-uldale-parish-council,Ireby and Uldale Parish Council,verified,https://www.ireby-uldalepc.org.uk,pre-existing,ok,0,,2026-04-26T15:43:59+00:00
iford-parish-meeting-1,Iford Parish Meeting,no_web_presence_found,,,,,,2026-04-26T15:43:51+00:00
irthington-parish-council,Irthington Parish Council,verified,https://www.irthington-pc.gov.uk,pre-existing,ok,4,,2026-04-26T15:44:00+00:00
irthlingborough-town-council,Irthlingborough Town Council,verified,https://www.irthlingborough-tc.gov.uk,pre-existing,ok,4,,2026-04-26T15:44:00+00:00
irton,Irton,verified,https://www.irtonparishcouncil.gov.uk,pre-existing,ok,5,,2026-04-26T15:44:00+00:00
irton-parish-council,Irton Parish Council,verified,https://www.irtonparishcouncil.gov.uk,pre-existing,ok,5,,2026-04-26T15:44:00+00:00
ilderton-parish-council,Ilderton Parish Council,no_web_presence_found,,,,,,2026-04-26T15:43:52+00:00
isfield-parish-council,Isfield Parish Council,verified,https://www.isfieldparishcouncil.gov.uk,pre-existing,ok,8,,2026-04-26T15:44:01+00:00
isle-abbotts-parish-council,Isle Abbotts Parish Council,verified,http://www.isle-abbotts.org.uk/,pre-existing,ok,5,,2026-04-26T15:44:01+00:00
ilsington-parish-council,Ilsington Parish Council,no_web_presence_found,,,,,,2026-04-26T15:43:53+00:00
itchen-valley-parish-council,Itchen Valley Parish Council,verified,https://www.itchenvalleyparishcouncil.org.uk,pre-existing,ok,5,,2026-04-26T15:44:02+00:00
ilchester-parish-council,Ilchester Parish Council,verified,http://www.ilchesterparishcouncil.gov.uk/,excel,ok,2,,2026-04-26T15:43:51+00:00
ilton-cum-pott-parish-council,Ilton-cum-pott Parish Council,no_web_presence_found,,,,,,2026-04-26T15:43:53+00:00
iver-parish-council,Iver Parish Council,verified,https://www.iversparishcouncil.gov.uk,pre-existing,ok,8,,2026-04-26T15:44:03+00:00
itchingfield-parish-council,Itchingfield Parish Council,url_unreachable,https://www.itchingfieldparishcouncil.gov.uk,excel,unreachable,,"SSLError: HTTPSConnectionPool(host='www.itchingfieldparishcouncil.gov.uk', port=443): Max retries exceeded with url: / (Caused by SSLError(SSLEOFError(8, '[SSL: UNEXPECTED_EOF_WHILE_READING] EOF occurred in vio",2026-04-26T15:44:02+00:00
inskip-with-sowerby-parish-council,Inskip-with-sowerby Parish Council,verified,https://inskip-with-sowerby.org.uk/,pattern,ok,3,,2026-04-26T15:43:58+00:00
immingham-parish-council,Immingham Parish Council,no_web_presence_found,,,,,,2026-04-26T15:43:53+00:00
impington-parish-council,Impington Parish Council,no_web_presence_found,,,,,,2026-04-26T15:43:54+00:00
icklingham-parish-council,Icklingham Parish Council,url_unreachable,https://www.icklinghamparish.gov.uk,excel,unreachable,,"ConnectTimeout: HTTPSConnectionPool(host='www.icklinghamparish.gov.uk', port=443): Max retries exceeded with url: / (Caused by ConnectTimeoutError(<HTTPSConnection(host='www.icklinghamparish.gov.uk', port=443) at 0x1",2026-04-26T15:43:46+00:00
ingleby-greenhow,Ingleby Greenhow,no_web_presence_found,,,,,,2026-04-26T15:43:55+00:00
irby-parish-council,Irby Parish Council,verified,https://irbyparishcouncil.gov.uk/,pattern,ok,2,,2026-04-26T15:43:59+00:00
ixworth-ixworth-thorpe-parish-council,Ixworth & Ixworth Thorpe Parish Council,url_unreachable,https://www.ixworthparishcouncil.gov.uk,excel,unreachable,,"SSLError: HTTPSConnectionPool(host='www.ixworthparishcouncil.gov.uk', port=443): Max retries exceeded with url: / (Caused by SSLError(SSLCertVerificationError(1, ""[SSL: CERTIFICATE_VERIFY_FAILED] certificate ve",2026-04-26T15:44:05+00:00
innsworth-parish-council,Innsworth Parish Council,verified,https://innsworthparishcouncil.gov.uk/,pattern,ok,4,,2026-04-26T15:43:57+00:00
ingoldmells-parish-council,Ingoldmells Parish Council,no_web_presence_found,,,,,,2026-04-26T15:43:56+00:00
ivinghoe-parish-council,Ivinghoe Parish Council,verified,https://www.ivinghoe-pc.gov.uk,excel,ok,4,,2026-04-26T15:44:03+00:00
ivybridge-town-council,Ivybridge Town Council,verified,https://www.ivybridge.gov.uk,excel,ok,6,,2026-04-26T15:44:03+00:00
ipplepen-parish-council,Ipplepen Parish Council,verified,https://ipplepenparishcouncil.gov.uk/,pattern,ok,6,,2026-04-26T15:43:58+00:00
iron-acton-parish-council,Iron Acton Parish Council,no_web_presence_found,,,,,,2026-04-26T15:43:59+00:00
iwade-parish-council,Iwade Parish Council,verified,https://www.iwade-pc.gov.uk/community/iwade-parish-council-18357/home/,pattern,ok,6,,2026-04-26T15:44:04+00:00
keele-parish-council,Keele Parish Council,verified,http://keeleparish.org/councillors/,pre-existing,ok,7,,2026-04-26T15:44:08+00:00
keevil-parish-council,Keevil Parish Council,verified,https://www.keevilparishcouncil.gov.uk,pre-existing,ok,3,,2026-04-26T15:44:08+00:00
ivychurch-parish-council,Ivychurch Parish Council,verified,https://www.ivychurch-pc.gov.uk/,pattern,ok,4,,2026-04-26T15:44:03+00:00
keinton-mandeville-parish-council,Keinton Mandeville Parish Council,verified,https://www.keintonmandevillepc.org.uk/,pre-existing,ok,6,,2026-04-26T15:44:09+00:00
kegworth-parish-council,Kegworth Parish Council,url_unreachable,https://www.kegworth-pc.gov.uk,excel,unreachable,,"ConnectionError: HTTPSConnectionPool(host='www.kegworth-pc.gov.uk', port=443): Max retries exceeded with url: / (Caused by NameResolutionError(""HTTPSConnection(host='www.kegworth-pc.gov.uk', port=443): Failed to resol",2026-04-26T15:44:08+00:00
kedington-parish-council,Kedington Parish Council,url_unreachable,https://www.kedingtonpc.org.uk,excel,unreachable,,"SSLError: HTTPSConnectionPool(host='www.kedingtonpc.org.uk', port=443): Max retries exceeded with url: / (Caused by SSLError(SSLCertVerificationError(1, ""[SSL: CERTIFICATE_VERIFY_FAILED] certificate verify fail",2026-04-26T15:44:08+00:00
irton-with-santon-parish-council,Irton with Santon Parish Council,no_web_presence_found,,,,,,2026-04-26T15:44:00+00:00
kellington,Kellington,verified,https://www.kellington-pc.gov.uk,pre-existing,ok,5,,2026-04-26T15:44:09+00:00
isle-brewers-parish-meeting,Isle Brewers Parish Meeting,no_web_presence_found,,,,,,2026-04-26T15:44:01+00:00
ixworth-parish-council,Ixworth Parish Council,verified,https://ixworthparishcouncil.gov.uk/,pattern,ok,1,,2026-04-26T15:44:06+00:00
ipplepen,Ipplepen,verified,https://ipplepenparishcouncil.gov.uk/,pattern,ok,6,,2026-04-26T15:43:58+00:00
itteringham-parish-council,Itteringham Parish Council,no_web_presence_found,,,,,,2026-04-26T15:44:02+00:00
kelfield,Kelfield,verified,https://www.kelfieldparishcouncil.gov.uk,excel,ok,2,,2026-04-26T15:44:09+00:00
iwerne-courtney-and-shroton-parish-council,Iwerne Courtney and Shroton Parish Council,no_web_presence_found,,,,,,2026-04-26T15:44:04+00:00
iwerne-minster-parish-council,Iwerne Minster Parish Council,no_web_presence_found,,,,,,2026-04-26T15:44:04+00:00
iwerne-courtney-or-shroton-parish-council,Iwerne Courtney or Shroton Parish Council,no_web_presence_found,,,,,,2026-04-26T15:44:04+00:00
ixworth-thorpe-parish-council,Ixworth Thorpe Parish Council,no_web_presence_found,,,,,,2026-04-26T15:44:06+00:00
kelling-parish-council,Kelling Parish Council,verified,https://kellingparishcouncil.gov.uk/,pattern,ok,1,,2026-04-26T15:44:09+00:00
kempstone-parish-meeting,Kempstone Parish Meeting,verified,https://www.breckland.gov.uk,pre-existing,ok,3,,2026-04-26T15:44:16+00:00
jacobstow-parish-council,Jacobstow Parish Council,no_web_presence_found,,,,,,2026-04-26T15:44:07+00:00
kaber-parish-meeting,Kaber Parish Meeting,no_web_presence_found,,,,,,2026-04-26T15:44:07+00:00
kelsall-parish-council,Kelsall Parish Council,verified,https://www.kelsall.org.uk/,pattern,ok,2,,2026-04-26T15:44:12+00:00
kendal-town-council,Kendal Town Council,verified,https://www.kendaltowncouncil.gov.uk,pre-existing,ok,3,,2026-04-26T15:44:17+00:00
keddington-parish-council,Keddington Parish Council,no_web_presence_found,,,,,,2026-04-26T15:44:08+00:00
kempsford-parish-council,Kempsford Parish Council,verified,https://kempsfordparishcouncil.gov.uk/,pattern,ok,3,,2026-04-26T15:44:13+00:00
kennet-valley-parish-council,Kennet Valley Parish Council,verified,https://www.kvparishcouncil.org.uk,pre-existing,ok,5,,2026-04-26T15:44:18+00:00
kenninghall-parish-council,Kenninghall Parish Council,verified,https://www.kenninghallparishcouncil.gov.uk,pre-existing,ok,4,,2026-04-26T15:44:18+00:00
kenardington,Kenardington,verified,https://www.kenardington-pc.gov.uk,excel,ok,3,,2026-04-26T15:44:16+00:00
kelham-parish-council,Kelham Parish Council,no_web_presence_found,,,,,,2026-04-26T15:44:09+00:00
kennington-community-council,Kennington Community Council,verified,https://www.kenningtoncc.gov.uk,excel,ok,2,,2026-04-26T15:44:18+00:00
kelloe-parish-council,Kelloe Parish Council,no_web_presence_found,,,,,,2026-04-26T15:44:09+00:00
keelby-parish-council,Keelby Parish Council,no_web_presence_found,,,,,,2026-04-26T15:44:08+00:00
kemberton-parish-council,Kemberton Parish Council,verified,https://www.kembertonparishcouncil.gov.uk/community/kemberton-parish-council-13421/home/,pattern,ok,3,,2026-04-26T15:44:13+00:00
kelsale-cum-carlton-parish-council,Kelsale cum Carlton Parish Council,no_web_presence_found,,,,,,2026-04-26T15:44:11+00:00
kenwyn-parish-council,Kenwyn Parish Council,verified,https://www.kenwynparishcouncil.gov.uk/,pre-existing,ok,4,,2026-04-26T15:44:20+00:00
kelmarsh-parish-meeting,Kelmarsh Parish Meeting,no_web_presence_found,,,,,,2026-04-26T15:44:11+00:00
kersey-parish-council,Kersey Parish Council,url_unreachable,https://www.kerseyparish.gov.uk,excel,unreachable,,"SSLError: HTTPSConnectionPool(host='www.kerseyparish.gov.uk', port=443): Max retries exceeded with url: / (Caused by SSLError(SSLCertVerificationError(1, ""[SSL: CERTIFICATE_VERIFY_FAILED] certificate verify fai",2026-04-26T15:44:20+00:00
kentford-parish-council,Kentford Parish Council,verified,https://kentford-pc.gov.uk/,pattern,ok,1,,2026-04-26T15:44:19+00:00
kenardington-parish-council,Kenardington Parish Council,verified,https://www.kenardington-pc.gov.uk,excel,ok,3,,2026-04-26T15:44:16+00:00
kentchurch-parish-council,Kentchurch Parish Council,verified,https://kentchurchparishcouncil.gov.uk/,pattern,ok,3,,2026-04-26T15:44:19+00:00
keswick-intwood-parish-council,Keswick & Intwood Parish Council,verified,https://www.keswickandintwood-pc.gov.uk,pre-existing,ok,0,,2026-04-26T15:44:23+00:00
keswick-town-council,Keswick Town Council,verified,https://www.keswicktowncouncil.gov.uk,pre-existing,ok,12,,2026-04-26T15:44:23+00:00
kempston-parish-council,Kempston Parish Council,no_web_presence_found,,,,,,2026-04-26T15:44:14+00:00
kempley-parish-council,Kempley Parish Council,no_web_presence_found,,,,,,2026-04-26T15:44:13+00:00
kenton-parish-meeting,Kenton Parish Meeting,verified,https://kentonparishcouncil.gov.uk/,pattern,ok,4,,2026-04-26T15:44:19+00:00
kettering-town-council,Kettering Town Council,verified,https://www.ketteringtowncouncil.gov.uk,excel,ok,7,,2026-04-26T15:44:23+00:00
kempston-rural-parish-council,Kempston Rural Parish Council,no_web_presence_found,,,,,,2026-04-26T15:44:16+00:00
kettleshulme-and-lyme-handley-parish-council,Kettleshulme and Lyme Handley Parish Council,verified,https://www.kettleshulmeparishcouncil.gov.uk,pre-existing,ok,6,,2026-04-26T15:44:25+00:00
kenchester-parish-council,Kenchester Parish Council,no_web_presence_found,,,,,,2026-04-26T15:44:16+00:00
kesgrave-parish-council,Kesgrave Parish Council,verified,https://kesgrave.org.uk/,pattern,ok,,,2026-04-26T15:44:21+00:00
kenilworth-parish-council,Kenilworth Parish Council,no_web_presence_found,,,,,,2026-04-26T15:44:17+00:00
kessingland-parish-council,Kessingland Parish Council,verified,https://www.kessinglandparishcouncil.gov.uk/,pattern,ok,1,,2026-04-26T15:44:21+00:00
kelly-parish-meeting,Kelly Parish Meeting,no_web_presence_found,,,,,,2026-04-26T15:44:10+00:00
kenswick-and-wichenford-parish-council,Kenswick and Wichenford Parish Council,no_web_presence_found,,,,,,2026-04-26T15:44:18+00:00
kenswick-parish-council,Kenswick Parish Council,no_web_presence_found,,,,,,2026-04-26T15:44:18+00:00
kepwick-parish-council,Kepwick Parish Council,no_web_presence_found,,,,,,2026-04-26T15:44:20+00:00
ketley-parish-council,Ketley Parish Council,verified,https://www.ketleyparishcouncil.gov.uk/site/index.php,pattern,ok,3,,2026-04-26T15:44:23+00:00
kenley-parish-council,Kenley Parish Council,no_web_presence_found,,,,,,2026-04-26T15:44:17+00:00
kidlington-town-council,Kidlington Town Council,verified,https://www.kidlington-pc.gov.uk,pre-existing,ok,4,,2026-04-26T15:44:30+00:00
kettleshulme-parish-council,Kettleshulme Parish Council,verified,https://kettleshulmeparishcouncil.gov.uk/,pattern,ok,3,,2026-04-26T15:44:25+00:00
kidsgrove-town-council,Kidsgrove Town Council,verified,https://www.kidsgrovetowncouncil.gov.uk/,pre-existing,ok,6,,2026-04-26T15:44:31+00:00
kensworth-parish-council,Kensworth Parish Council,verified,https://kensworthparishcouncil.gov.uk/,pattern,ok,4,,2026-04-26T15:44:19+00:00
kilburn-high-and-low,Kilburn High and Low,verified,https://www.kilburnyorkshire-pc.gov.uk,pre-existing,ok,0,,2026-04-26T15:44:32+00:00
keswick-and-intwood-parish-council,Keswick and Intwood Parish Council,no_web_presence_found,,,,,,2026-04-26T15:44:22+00:00
ketteringham-parish-council,Ketteringham Parish Council,no_web_presence_found,,,,,,2026-04-26T15:44:23+00:00
kettlestone-parish-council,Kettlestone Parish Council,verified,https://kettlestoneparishcouncil.gov.uk/,pattern,ok,5,,2026-04-26T15:44:25+00:00
kettlebaston-parish-council,Kettlebaston Parish Council,no_web_presence_found,,,,,,2026-04-26T15:44:24+00:00
kilkhampton-parish-council,Kilkhampton Parish Council,url_unreachable,https://www.kilkampton-pc.gov.uk,excel,unreachable,,"ConnectionError: HTTPSConnectionPool(host='www.kilkampton-pc.gov.uk', port=443): Max retries exceeded with url: / (Caused by NameResolutionError(""HTTPSConnection(host='www.kilkampton-pc.gov.uk', port=443): Failed to r",2026-04-26T15:44:33+00:00
killamarsh-parish-council,Killamarsh Parish Council,verified,https://www.killamarsh-pc.gov.uk,pre-existing,ok,8,,2026-04-26T15:44:33+00:00
kettlewell-with-starbotton-parish-council,Kettlewell-with-Starbotton Parish Council,no_web_presence_found,,,,,,2026-04-26T15:44:26+00:00
killinghall,Killinghall,verified,https://www.killinghallparishcouncil.gov.uk,pre-existing,ok,5,,2026-04-26T15:44:35+00:00
killinghall-parish-council,Killinghall Parish Council,verified,https://www.killinghallparishcouncil.gov.uk,pre-existing,ok,5,,2026-04-26T15:44:35+00:00
kilmersdon-parish-council,Kilmersdon Parish Council,verified,https://www.kilmersdonpc.co.uk/,pre-existing,ok,2,,2026-04-26T15:44:35+00:00
kettlewell-with-starbotton,Kettlewell-with-Starbotton,no_web_presence_found,,,,,,2026-04-26T15:44:26+00:00
kettlewell-with-starbotton-parish-council-1,Kettlewell with Starbotton Parish Council,no_web_presence_found,,,,,,2026-04-26T15:44:27+00:00
keyham-parish-council,Keyham Parish Council,no_web_presence_found,,,,,,2026-04-26T15:44:27+00:00
kilburn-parish-council,Kilburn Parish Council,verified,https://www.kilburnparishcouncil.gov.uk/,pattern,ok,4,,2026-04-26T15:44:32+00:00
keyworth-parish-council,Keyworth Parish Council,blocked_by_robots,https://keyworthparishcouncil-gov-uk.stackstaging.com/,pattern,robots-disallow,,,2026-04-26T15:44:27+00:00
kew-parish-council,Kew Parish Council,verified,https://www.kew.org.uk/,pattern,ok,,,2026-04-26T15:44:27+00:00
kimberley-carleton-forehoe-parish-council,Kimberley & Carleton Forehoe Parish Council,verified,https://www.kimberleyandcarletonforehoe-pc.gov.uk,pre-existing,ok,6,,2026-04-26T15:44:37+00:00
kilby-parish-council,Kilby Parish Council,verified,https://www.kilbypc.gov.uk/,pattern,ok,3,,2026-04-26T15:44:32+00:00
kilve-parish-council,Kilve Parish Council,url_unreachable,https://kilvevillage.uk/parish-council/,excel,unreachable (404),,,2026-04-26T15:44:36+00:00
kibworth-harcourt-parish-council,Kibworth Harcourt Parish Council,no_web_presence_found,,,,,,2026-04-26T15:44:29+00:00
kimberley-town-council,Kimberley Town Council,url_unreachable,https://www.kimberley-tc.gov.uk,excel,unreachable (403),,,2026-04-26T15:44:37+00:00
kidderminster-foreign-parish-council,Kidderminster Foreign Parish Council,no_web_presence_found,,,,,,2026-04-26T15:44:29+00:00
kings-bromley-parish-council,Kings Bromley Parish Council,url_unreachable,http://www.kingsbromley.com/council,excel,unreachable,,"ConnectionError: HTTPConnectionPool(host='www.kingsbromley.com', port=80): Max retries exceeded with url: /council (Caused by NameResolutionError(""HTTPConnection(host='www.kingsbromley.com', port=80): Failed to resolv",2026-04-26T15:44:39+00:00
kidmore-end-parish-council,Kidmore End Parish Council,no_web_presence_found,,,,,,2026-04-26T15:44:30+00:00
kineton-parish-council,Kineton Parish Council,verified,https://www.kineton-pc.gov.uk/,pattern,ok,2,,2026-04-26T15:44:38+00:00
kings-hill-parish-council,Kings Hill Parish Council,verified,https://www.kingshillparish.gov.uk,pre-existing,ok,8,,2026-04-26T15:44:40+00:00
kildale-parish-meeting,Kildale (Parish Meeting),no_web_presence_found,,,,,,2026-04-26T15:44:32+00:00
kilmeston-parish-meeting,Kilmeston Parish Meeting,verified,https://kilmeston.org.uk/,pattern,ok,6,,2026-04-26T15:44:35+00:00
kings-somborne-parish-council,King's Somborne Parish Council,verified,https://www.kingssomborne-pc.gov.uk,pre-existing,ok,4,,2026-04-26T15:44:42+00:00
kilsby-parish-council,Kilsby Parish Council,verified,https://www.kilsby-pc.gov.uk,excel,ok,5,,2026-04-26T15:44:36+00:00
kingsbridge-town-council,Kingsbridge Town Council,verified,https://www.kingsbridge.gov.uk,pre-existing,ok,8,,2026-04-26T15:44:42+00:00
kingsbury-episcopi-parish-council,Kingsbury Episcopi Parish Council,verified,https://kingsburyepiscopi.org.uk,pre-existing,ok,2,,2026-04-26T15:44:42+00:00
killerby-parish-meeting,Killerby (Parish Meeting),no_web_presence_found,,,,,,2026-04-26T15:44:33+00:00
kingsdon-parish-council,Kingsdon Parish Council,verified,https://www.kingsdon.org/kingsdon-parish-council/,pre-existing,ok,0,,2026-04-26T15:44:42+00:00
kielder-parish-council,Kielder Parish Council,verified,https://www.kielderparishcouncil.gov.uk/,pattern,ok,6,,2026-04-26T15:44:31+00:00
kilmington-parish-council,Kilmington Parish Council,no_web_presence_found,,,,,,2026-04-26T15:44:35+00:00
kilpeck-group-parish-council,Kilpeck Group Parish Council,no_web_presence_found,,,,,,2026-04-26T15:44:35+00:00
kingsley-parish-council-1,Kingsley Parish Council,verified,https://www.kingsleyparishcouncil.org.uk,pre-existing,ok,7,,2026-04-26T15:44:45+00:00
kingsley-parish-council,Kingsley Parish Council,url_unreachable,https://www.kingsleyparish.gov.uk,excel,unreachable,,"ConnectionError: HTTPSConnectionPool(host='www.kingsleyparish.gov.uk', port=443): Max retries exceeded with url: / (Caused by NameResolutionError(""HTTPSConnection(host='www.kingsleyparish.gov.uk', port=443): Failed to",2026-04-26T15:44:45+00:00
kingsclere-parish-council,Kingsclere Parish Council,verified,https://www.kingsclere-pc.gov.uk,excel,ok,6,,2026-04-26T15:44:42+00:00
kingskerswell-parish-council,Kingskerswell Parish Council,verified,https://www.kingskerswell-pc.gov.uk,excel,ok,5,,2026-04-26T15:44:42+00:00
kilvington-parish-council,Kilvington Parish Council,no_web_presence_found,,,,,,2026-04-26T15:44:37+00:00
kingston,Kingston,verified,https://www.kingstonkent-pc.gov.uk,pre-existing,ok,5,,2026-04-26T15:44:46+00:00
kingston-bagpuize-with-southmoor-parish-council,Kingston Bagpuize with Southmoor Parish Council,verified,https://www.kbs-parishcouncil.gov.uk,pre-existing,ok,6,,2026-04-26T15:44:46+00:00
kimmeridge-parish-council,Kimmeridge Parish Council,no_web_presence_found,,,,,,2026-04-26T15:44:38+00:00
kimbolton-parish-council,Kimbolton Parish Council,no_web_presence_found,,,,,,2026-04-26T15:44:38+00:00
kingston-parish-council-1,Kingston Parish Council,verified,https://www.kingston-pc.gov.uk,pre-existing,ok,8,,2026-04-26T15:44:47+00:00
kingston-parish-council-2,Kingston Parish Council,verified,https://www.kingston-pc.gov.uk,pre-existing,ok,8,,2026-04-26T15:44:47+00:00
kingsthorpe-parish-council,Kingsthorpe Parish Council,verified,https://www.kingsthorpe-pc.gov.uk,excel,ok,1,,2026-04-26T15:44:45+00:00
kingsland-parish-council,Kingsland Parish Council,verified,https://kingsland-pc.gov.uk/,pattern,ok,5,,2026-04-26T15:44:44+00:00
kingston-st-mary-parish-council,Kingston St Mary Parish Council,verified,https://kstm.uk/,excel,ok,3,,2026-04-26T15:44:47+00:00
kingham-parish-council,Kingham Parish Council,no_web_presence_found,,,,,,2026-04-26T15:44:38+00:00
kings-bromley-parish-council-1,King's Bromley Parish Council,no_web_presence_found,,,,,,2026-04-26T15:44:39+00:00
kings-cliffe-parish-council,King's Cliffe Parish Council,no_web_presence_found,,,,,,2026-04-26T15:44:39+00:00
kington-langley-parish-council,Kington Langley Parish Council,verified,https://www.kingtonlangley-pc.gov.uk,pre-existing,ok,6,,2026-04-26T15:44:48+00:00
kings-meaburn-parish-meeting,King's Meaburn Parish Meeting,no_web_presence_found,,,,,,2026-04-26T15:44:40+00:00
kingsnorth-parish-council,Kingsnorth Parish Council,verified,https://www.kingsnorthparishcouncil.gov.uk,excel,ok,5,,2026-04-26T15:44:45+00:00
kings-norton-parish-council,King's Norton Parish Council,no_web_presence_found,,,,,,2026-04-26T15:44:41+00:00
kings-worthy-parish-council,Kings Worthy Parish Council,url_unreachable,https://www.kingsworthy-pc.org.uk,excel,unreachable,,"ConnectionError: HTTPSConnectionPool(host='www.kingsworthy-pc.org.uk', port=443): Max retries exceeded with url: / (Caused by NameResolutionError(""HTTPSConnection(host='www.kingsworthy-pc.org.uk', port=443): Failed to",2026-04-26T15:44:42+00:00
kingswood-parish-council,Kingswood Parish Council,url_unreachable,https://www.kingswoodparishcouncil.gov.uk,excel,unreachable,,"ConnectionError: HTTPConnectionPool(host='127.0.0.1', port=80): Max retries exceeded with url: / (Caused by NewConnectionError(""HTTPConnection(host='127.0.0.1', port=80): Failed to establish a new connection: [WinErro",2026-04-26T15:44:48+00:00
kingweston-parish-meeting,Kingweston Parish Meeting,url_unreachable,https://www.kingwestonparishmeeting.gov.uk,excel,unreachable,,"ConnectionError: HTTPSConnectionPool(host='www.kingwestonparishmeeting.gov.uk', port=443): Max retries exceeded with url: / (Caused by NameResolutionError(""HTTPSConnection(host='www.kingwestonparishmeeting.gov.uk', po",2026-04-26T15:44:53+00:00
kinnerley-parish-council,Kinnerley Parish Council,verified,https://www.kinnerleyparishcouncil.gov.uk,pre-existing,ok,3,,2026-04-26T15:44:53+00:00
kingsnorth,Kingsnorth,verified,https://www.kingsnorthparishcouncil.gov.uk,excel,ok,5,,2026-04-26T15:44:45+00:00
kingsmead-parish-council,Kingsmead Parish Council,verified,https://www.kingsmeadpc.org.uk/,pattern,ok,3,,2026-04-26T15:44:45+00:00
kinver-parish-council,Kinver Parish Council,verified,https://kinver-pc.gov.uk/,pre-existing,ok,2,,2026-04-26T15:44:54+00:00
kingston-lisle-parish-council,Kingston Lisle Parish Council,no_web_presence_found,,,,,,2026-04-26T15:44:46+00:00
kildwick-parish-meeting,Kildwick (Parish Meeting),verified,https://www.kildwick.org.uk/,pattern,ok,,,2026-04-26T15:44:33+00:00
kirby-bedon-parish-council,Kirby Bedon Parish Council,verified,https://www.kirbybedon-pc.gov.uk,pre-existing,ok,1,,2026-04-26T15:44:55+00:00
kirby-cane-ellingham-parish-council,Kirby Cane & Ellingham Parish Council,verified,https://www.kce-pc.gov.uk,pre-existing,ok,5,,2026-04-26T15:44:55+00:00
kingston-on-soar-parish-council-1,Kingston on Soar Parish Council,no_web_presence_found,,,,,,2026-04-26T15:44:47+00:00
kingston-st-mary-parish-council-1,Kingston St. Mary Parish Council,no_web_presence_found,,,,,,2026-04-26T15:44:47+00:00
kingstone-thruxton-group-parish-council,Kingstone & Thruxton Group Parish Council,no_web_presence_found,,,,,,2026-04-26T15:44:48+00:00
kirby-hill-and-district,Kirby Hill and District,verified,https://www.kirbyhillanddistrict-pc.gov.uk,pre-existing,ok,8,,2026-04-26T15:44:57+00:00
kirby-hill-and-district-parish-council,Kirby Hill and District Parish Council,verified,https://www.kirbyhillanddistrict-pc.gov.uk,pre-existing,ok,8,,2026-04-26T15:44:57+00:00
kington-magna-parish-council,Kington Magna Parish Council,no_web_presence_found,,,,,,2026-04-26T15:44:48+00:00
kinwarton-parish-council,Kinwarton Parish Council,verified,https://kinwartonparishcouncil.gov.uk/,pattern,ok,2,,2026-04-26T15:44:54+00:00
kinlet-parish-council,Kinlet Parish Council,verified,https://kinletparishcouncil.gov.uk/,pattern,ok,14,,2026-04-26T15:44:53+00:00
kinoulton-parish-council,Kinoulton Parish Council,verified,https://www.kinoultonparishcouncil.gov.uk/,pattern,ok,4,,2026-04-26T15:44:53+00:00
kington-rural-lower-harpton-group-parish-council,Kington Rural & Lower Harpton Group Parish Council,no_web_presence_found,,,,,,2026-04-26T15:44:49+00:00
kirby-wiske-and-newsham-with-breckenbrough,Kirby Wiske and Newsham with Breckenbrough,url_unreachable,https://www.kirbywiskeparishcouncil.gov.uk,excel,unreachable,,"SSLError: HTTPSConnectionPool(host='www.kirbywiskeparishcouncil.gov.uk', port=443): Max retries exceeded with url: / (Caused by SSLError(SSLCertVerificationError(1, ""[SSL: CERTIFICATE_VERIFY_FAILED] certificate",2026-04-26T15:44:58+00:00
kirk-deighton,Kirk Deighton,verified,https://www.kirkdeightonparishcouncil.gov.uk,pre-existing,ok,6,,2026-04-26T15:44:59+00:00
kirk-deighton-parish-council,Kirk Deighton Parish Council,verified,https://www.kirkdeightonparishcouncil.gov.uk,pre-existing,ok,6,,2026-04-26T15:44:59+00:00
kirdford-parish-council,Kirdford Parish Council,url_unreachable,https://www.kirdfordpc.org.uk,excel,unreachable,,"ConnectionError: HTTPSConnectionPool(host='www.kirdfordpc.org.uk', port=443): Max retries exceeded with url: / (Caused by NameResolutionError(""HTTPSConnection(host='www.kirdfordpc.org.uk', port=443): Failed to resolve",2026-04-26T15:44:59+00:00
kirk-hammerton,Kirk Hammerton,url_unreachable,https://www.kirkhammerton-pc.gov.uk,excel,unreachable,,"ConnectionError: HTTPSConnectionPool(host='www.kirkhammerton-pc.gov.uk', port=443): Max retries exceeded with url: / (Caused by NameResolutionError(""HTTPSConnection(host='www.kirkhammerton-pc.gov.uk', port=443): Faile",2026-04-26T15:44:59+00:00
kington-st-michael-parish-council,Kington St Michael Parish Council,no_web_presence_found,,,,,,2026-04-26T15:44:50+00:00
kingstone-parish-council,Kingstone Parish Council,no_web_presence_found,,,,,,2026-04-26T15:44:48+00:00
kingstone-parish-meeting,Kingstone Parish Meeting,no_web_presence_found,,,,,,2026-04-26T15:44:48+00:00
kintbury-parish-council,Kintbury Parish Council,verified,https://www.kintburyparishcouncil.co.uk/,pattern,ok,7,,2026-04-26T15:44:54+00:00
kirby-wiske-and-newsham-with-breckenbrough-parish-council,Kirby Wiske and Newsham with Breckenbrough Parish Council,url_unreachable,https://www.kirbywiskeparishcouncil.gov.uk,excel,unreachable,,"SSLError: HTTPSConnectionPool(host='www.kirbywiskeparishcouncil.gov.uk', port=443): Max retries exceeded with url: / (Caused by SSLError(SSLCertVerificationError(1, ""[SSL: CERTIFICATE_VERIFY_FAILED] certificate",2026-04-26T15:44:58+00:00
kirk-hammerton-parish-council,Kirk Hammerton Parish Council,url_unreachable,https://www.kirkhammerton-pc.gov.uk,excel,unreachable,,"ConnectionError: HTTPSConnectionPool(host='www.kirkhammerton-pc.gov.uk', port=443): Max retries exceeded with url: / (Caused by NameResolutionError(""HTTPSConnection(host='www.kirkhammerton-pc.gov.uk', port=443): Faile",2026-04-26T15:44:59+00:00
kington-town-council,Kington Town Council,no_web_presence_found,,,,,,2026-04-26T15:44:50+00:00
kiplin-parish-meeting,Kiplin (Parish Meeting),no_web_presence_found,,,,,,2026-04-26T15:44:55+00:00
kirby-cane-parish-council,Kirby Cane Parish Council,no_web_presence_found,,,,,,2026-04-26T15:44:55+00:00
kirkby-malzeard-laverton-and-dallowgill,"Kirkby Malzeard, Laverton and Dallowgill",url_unreachable,https://www.kmld-pc.gov.uk,excel,unreachable,,"ConnectionError: HTTPSConnectionPool(host='www.kmld-pc.gov.uk', port=443): Max retries exceeded with url: / (Caused by NameResolutionError(""HTTPSConnection(host='www.kmld-pc.gov.uk', port=443): Failed to resolve 'www.",2026-04-26T15:45:04+00:00
kirby-grindalythe,Kirby Grindalythe,no_web_presence_found,,,,,,2026-04-26T15:44:56+00:00
kirkburn-parish-council,Kirkburn Parish Council,verified,https://www.kirkburnparishcouncil.gov.uk/,pattern,ok,2,,2026-04-26T15:45:00+00:00
kirby-hall-parish-council,Kirby Hall Parish Council,no_web_presence_found,,,,,,2026-04-26T15:44:56+00:00
kirkby-overblow,Kirkby Overblow,url_unreachable,https://www.kirkbyoverblowpc.org.uk,excel,unreachable,,"SSLError: HTTPSConnectionPool(host='www.kirkbyoverblowpc.org.uk', port=443): Max retries exceeded with url: / (Caused by SSLError(SSLEOFError(8, '[SSL: UNEXPECTED_EOF_WHILE_READING] EOF occurred in violation of",2026-04-26T15:45:05+00:00
kirby-hill-parish-council,Kirby Hill Parish Council,no_web_presence_found,,,,,,2026-04-26T15:44:57+00:00
kirby-hill-parish-meeting-richmondshire,Kirby Hill (Parish Meeting) (Richmondshire),no_web_presence_found,,,,,,2026-04-26T15:44:57+00:00
kirkby-malzeard-laverton-and-dallowgill-parish-council,"Kirkby Malzeard, Laverton and Dallowgill Parish Council",url_unreachable,https://www.kmld-pc.gov.uk,excel,unreachable,,"ConnectionError: HTTPSConnectionPool(host='www.kmld-pc.gov.uk', port=443): Max retries exceeded with url: / (Caused by NameResolutionError(""HTTPSConnection(host='www.kmld-pc.gov.uk', port=443): Failed to resolve 'www.",2026-04-26T15:45:04+00:00
kirkbymoorside,Kirkbymoorside,verified,https://www.kirkbymoorsidetowncouncil.gov.uk,pre-existing,ok,15,,2026-04-26T15:45:07+00:00
kirkbymoorside-parish-council,Kirkbymoorside Parish Council,verified,https://www.kirkbymoorsidetowncouncil.gov.uk,pre-existing,ok,15,,2026-04-26T15:45:07+00:00
kirk-bramwith-parish-council,Kirk Bramwith Parish Council,no_web_presence_found,,,,,,2026-04-26T15:44:59+00:00
kirk-ella-parish-council,Kirk Ella Parish Council,no_web_presence_found,,,,,,2026-04-26T15:44:59+00:00
kirkby-overblow-parish-council,Kirkby Overblow Parish Council,url_unreachable,https://www.kirkbyoverblowpc.org.uk,excel,unreachable,,"SSLError: HTTPSConnectionPool(host='www.kirkbyoverblowpc.org.uk', port=443): Max retries exceeded with url: / (Caused by SSLError(SSLEOFError(8, '[SSL: UNEXPECTED_EOF_WHILE_READING] EOF occurred in violation of",2026-04-26T15:45:05+00:00
kirkburton-parish-council,Kirkburton Parish Council,verified,https://www.kirkburtonparishcouncil.gov.uk/,pattern,ok,5,,2026-04-26T15:45:01+00:00
kirkby,Kirkby,no_web_presence_found,,,,,,2026-04-26T15:45:01+00:00
kirkby-lonsdale-town-council,Kirkby Lonsdale Town Council,no_web_presence_found,,,,,,2026-04-26T15:45:02+00:00
kirkby-fleetham-with-fencote,Kirkby Fleetham with Fencote,no_web_presence_found,,,,,,2026-04-26T15:45:02+00:00
kirkwhelpington-parish-council,Kirkwhelpington Parish Council,url_unreachable,https://www.kirkwhelpington-pc.gov.uk,excel,unreachable,,"ConnectionError: HTTPSConnectionPool(host='www.kirkwhelpington-pc.gov.uk', port=443): Max retries exceeded with url: / (Caused by NameResolutionError(""HTTPSConnection(host='www.kirkwhelpington-pc.gov.uk', port=443): F",2026-04-26T15:45:11+00:00
kirkby-malham-parish-council,Kirkby Malham Parish Council,no_web_presence_found,,,,,,2026-04-26T15:45:04+00:00
kirkby-mallory-peckleton-stapleton-parish-council,"Kirkby Mallory, Peckleton & Stapleton Parish Council",no_web_presence_found,,,,,,2026-04-26T15:45:04+00:00
kirkby-malzeard-parish-council,Kirkby Malzeard Parish Council,no_web_presence_found,,,,,,2026-04-26T15:45:05+00:00
kislingbury-parish-council,Kislingbury Parish Council,verified,https://www.kislingburyparishcouncil.gov.uk,pre-existing,ok,8,,2026-04-26T15:45:14+00:00
kirkby-stephen-town-council,Kirkby Stephen Town Council,no_web_presence_found,,,,,,2026-04-26T15:45:06+00:00
kirkby-thore-parish-council,Kirkby Thore Parish Council,no_web_presence_found,,,,,,2026-04-26T15:45:06+00:00
kirklington-parish-council,Kirklington Parish Council,verified,https://www.kirklingtonparishcouncil.gov.uk/community/kirklington-parish-council-13784/home/,pattern,ok,4,,2026-04-26T15:45:10+00:00
kirkby-wharfe-with-north-milford-parish-council,Kirkby Wharfe with North Milford Parish Council,no_web_presence_found,,,,,,2026-04-26T15:45:07+00:00
kirkham-parish-council,Kirkham Parish Council,no_web_presence_found,,,,,,2026-04-26T15:45:07+00:00
kirkland-parish-council,Kirkland Parish Council,no_web_presence_found,,,,,,2026-04-26T15:45:08+00:00
knayton-with-brawith,Knayton with Brawith,verified,https://www.knaytoncumbrawithparishcouncil.gov.uk,excel,ok,2,,2026-04-26T15:45:16+00:00
kirklington-cum-upsland-parish-council,Kirklington-cum-upsland Parish Council,no_web_presence_found,,,,,,2026-04-26T15:45:09+00:00
kirkbampton-parish-council,Kirkbampton Parish Council,no_web_presence_found,,,,,,2026-04-26T15:44:59+00:00
kirknewton-parish-council,Kirknewton Parish Council,verified,https://kirknewtonparishcouncil.gov.uk/,pattern,ok,,,2026-04-26T15:45:11+00:00
kirklington-with-sutton-howgrave,Kirklington with Sutton Howgrave,no_web_presence_found,,,,,,2026-04-26T15:45:11+00:00
kirstead-parish-meeting,Kirstead Parish Meeting,no_web_presence_found,,,,,,2026-04-26T15:45:11+00:00
kirklevington-parish-council,Kirklevington Parish Council,no_web_presence_found,,,,,,2026-04-26T15:45:08+00:00
kettleburgh-parish-council,Kettleburgh Parish Council,no_web_presence_found,,,,,,2026-04-26T15:44:24+00:00
knebworth-parish-council,Knebworth Parish Council,verified,https://www.knebworthparishcouncil.gov.uk/,pattern,ok,3,,2026-04-26T15:45:17+00:00
kirtlington-parish-council,Kirtlington Parish Council,no_web_presence_found,,,,,,2026-04-26T15:45:13+00:00
knaith-parish-council,Knaith Parish Council,no_web_presence_found,,,,,,2026-04-26T15:45:14+00:00
kirton-parish-council,Kirton Parish Council,no_web_presence_found,,,,,,2026-04-26T15:45:13+00:00
knaptoft-parish-council,Knaptoft Parish Council,no_web_presence_found,,,,,,2026-04-26T15:45:15+00:00
knarsdale-with-kirkhaugh-parish-council,Knarsdale with Kirkhaugh Parish Council,no_web_presence_found,,,,,,2026-04-26T15:45:15+00:00
knutsford-town-council,Knutsford Town Council,verified,https://www.knutsfordtowncouncil.gov.uk,pre-existing,ok,3,,2026-04-26T15:45:24+00:00
knaresdale-with-kirkhaugh-parish-council,Knaresdale with Kirkhaugh Parish Council,no_web_presence_found,,,,,,2026-04-26T15:45:15+00:00
knighton-parish-council,Knighton Parish Council,verified,https://knighton.org.uk/,pattern,ok,2,,2026-04-26T15:45:20+00:00
lacey-green-parish-council,Lacey Green Parish Council,verified,https://www.laceygreen-pc.org.uk,excel,ok,2,,2026-04-26T15:45:25+00:00
knowsley-parish-council,Knowsley Parish Council,verified,https://www.knowsley.gov.uk/,pattern,ok,2,,2026-04-26T15:45:24+00:00
lackford-parish-council,Lackford Parish Council,verified,https://www.lackfordparishcouncil.gov.uk,pre-existing,ok,1,,2026-04-26T15:45:27+00:00
lacock-parish-council,Lacock Parish Council,verified,https://www.lacockparishcouncil.gov.uk,pre-existing,ok,5,,2026-04-26T15:45:27+00:00
knedlington-parish-council,Knedlington Parish Council,no_web_presence_found,,,,,,2026-04-26T15:45:18+00:00
kneesall-parish-council,Kneesall Parish Council,no_web_presence_found,,,,,,2026-04-26T15:45:18+00:00
kneesall-kersall-ompton-parish-council,"Kneesall, Kersall & Ompton Parish Council",no_web_presence_found,,,,,,2026-04-26T15:45:18+00:00
lambley-parish-council,Lambley Parish Council,verified,https://www.lambleyparishcouncil.org.uk,pre-existing,ok,5,,2026-04-26T15:45:27+00:00
lambourn-parish-council,Lambourn Parish Council,verified,https://www.lambourn-pc.gov.uk,pre-existing,ok,2,,2026-04-26T15:45:27+00:00
lamerton-parish,Lamerton Parish,verified,https://www.lamertonparishcouncil.gov.uk,pre-existing,ok,6,,2026-04-26T15:45:27+00:00
lamerton-parish-parish-council,Lamerton Parish Parish Council,verified,https://www.lamertonparishcouncil.gov.uk,pre-existing,ok,6,,2026-04-26T15:45:27+00:00
lamport-and-hanging-houghton-parish-council,Lamport and Hanging Houghton Parish Council,url_unreachable,https://www.lhhparishcouncil.gov.uk,excel,unreachable,,"ConnectionError: HTTPSConnectionPool(host='www.lhhparishcouncil.gov.uk', port=443): Max retries exceeded with url: / (Caused by NameResolutionError(""HTTPSConnection(host='www.lhhparishcouncil.gov.uk', port=443): Faile",2026-04-26T15:45:27+00:00
knottingley-parish-council,Knottingley Parish Council,verified,https://knottingley.org.uk/,pattern,ok,,,2026-04-26T15:45:22+00:00
kneeton-parish-meeting,Kneeton Parish Meeting,no_web_presence_found,,,,,,2026-04-26T15:45:19+00:00
knettishall-parish-council,Knettishall Parish Council,no_web_presence_found,,,,,,2026-04-26T15:45:20+00:00
knighton-on-teme-parish-council,Knighton on Teme Parish Council,no_web_presence_found,,,,,,2026-04-26T15:45:20+00:00
knightwick-parish-council,Knightwick Parish Council,no_web_presence_found,,,,,,2026-04-26T15:45:20+00:00
knotting-and-souldrop-parish-council,Knotting and Souldrop Parish Council,no_web_presence_found,,,,,,2026-04-26T15:45:22+00:00
knowle-st-giles-parish-meeting,Knowle St Giles Parish Meeting,no_web_presence_found,,,,,,2026-04-26T15:45:22+00:00
landrake-with-st-erney-parish-council,Landrake with St Erney Parish Council,verified,https://www.landrakeparishcouncil.gov.uk/,pre-existing,ok,4,,2026-04-26T15:45:31+00:00
lamyatt-parish-meeting,Lamyatt Parish Meeting,verified,https://lamyatt.org.uk/,pattern,ok,,,2026-04-26T15:45:28+00:00
lancing-parish-council,Lancing Parish Council,verified,https://lancingparishcouncil.gov.uk/,pattern,ok,3,,2026-04-26T15:45:28+00:00
lach-dennis-and-lostock-green-parish-council,Lach Dennis and Lostock Green Parish Council,no_web_presence_found,,,,,,2026-04-26T15:45:25+00:00
landulph-parish-council,Landulph Parish Council,verified,https://www.landulph.org.uk/,pre-existing,ok,2,,2026-04-26T15:45:34+00:00
laceby-parish-council,Laceby Parish Council,no_web_presence_found,,,,,,2026-04-26T15:45:24+00:00
landbeach-parish-council,Landbeach Parish Council,verified,https://landbeach.org.uk/,pattern,ok,1,,2026-04-26T15:45:29+00:00
knowstone-parish-council,Knowstone Parish Council,verified,https://www.knowstoneparishcouncil.gov.uk/,pattern,ok,4,,2026-04-26T15:45:24+00:00
langcliffe-parish-council,Langcliffe Parish Council,url_unreachable,https://www.langcliffe-pc.gov.uk,excel,unreachable,,"ConnectionError: HTTPSConnectionPool(host='www.langcliffe-pc.gov.uk', port=443): Max retries exceeded with url: / (Caused by NameResolutionError(""HTTPSConnection(host='www.langcliffe-pc.gov.uk', port=443): Failed to r",2026-04-26T15:45:35+00:00
lach-dennis-parish-council,Lach Dennis Parish Council,no_web_presence_found,,,,,,2026-04-26T15:45:26+00:00
langford-budville-parish-council,Langford Budville Parish Council,verified,https://www.langford-budville.co.uk/,pre-existing,ok,1,,2026-04-26T15:45:35+00:00
ladbrook-parish-council,Ladbrook Parish Council,no_web_presence_found,,,,,,2026-04-26T15:45:27+00:00
laneham-parish-council,Laneham Parish Council,verified,https://www.laneham-pc.gov.uk/,pattern,ok,3,,2026-04-26T15:45:34+00:00
lamport-parish-council,Lamport Parish Council,no_web_presence_found,,,,,,2026-04-26T15:45:27+00:00
lakes-parish-council,Lakes Parish Council,no_web_presence_found,,,,,,2026-04-26T15:45:27+00:00
langley-with-hardley-parish-council,Langley with Hardley Parish Council,verified,https://www.langleywithhardley-pc.gov.uk,pre-existing,ok,5,,2026-04-26T15:45:36+00:00
langdon-parish-council,Langdon Parish Council,verified,https://www.langdonpc.org.uk,excel,ok,4,,2026-04-26T15:45:35+00:00
langport-town-council,Langport Town Council,verified,https://langport.life/town-council/,pre-existing,ok,4,,2026-04-26T15:45:37+00:00
landcross-parish-council,Landcross Parish Council,no_web_presence_found,,,,,,2026-04-26T15:45:30+00:00
landkey-parish-council,Landkey Parish Council,no_web_presence_found,,,,,,2026-04-26T15:45:31+00:00
langham-parish-meeting,Langham Parish Meeting,verified,https://www.langham-pc.gov.uk/,pattern,ok,8,,2026-04-26T15:45:35+00:00
langtoft-parish-council,Langtoft Parish Council,url_unreachable,https://www.langtoftparishcouncil.gov.uk,excel,unreachable,,"ConnectionError: HTTPSConnectionPool(host='www.langtoftparishcouncil.gov.uk', port=443): Max retries exceeded with url: / (Caused by NameResolutionError(""HTTPSConnection(host='www.langtoftparishcouncil.gov.uk', port=4",2026-04-26T15:45:40+00:00
lakenheath-parish-council,Lakenheath Parish Council,verified,https://www.lakenheathparishcouncil.gov.uk,excel,ok,2,,2026-04-26T15:45:27+00:00
landrake-with-st-erney-parish-council-1,Landrake with St. Erney Parish Council,no_web_presence_found,,,,,,2026-04-26T15:45:31+00:00
lanchester-parish-council,Lanchester Parish Council,verified,https://lanchesterparishcouncil.co.uk/,pattern,ok,10,,2026-04-26T15:45:28+00:00
lands-common-to-fylingdales-and-hawsker-cum-stainsacre-parish-council,Lands Common To Fylingdales and Hawsker-cum-stainsacre Parish Council,no_web_presence_found,,,,,,2026-04-26T15:45:32+00:00
lands-common-to-axminster-and-kilmington-cps-parish-council,Lands Common To Axminster and Kilmington C.p.s Parish Council,no_web_presence_found,,,,,,2026-04-26T15:45:32+00:00
langwith-parish-council,Langwith Parish Council,verified,https://www.langwithparishcouncil.gov.uk,pre-existing,ok,5,,2026-04-26T15:45:41+00:00
lane-end-parish-council,Lane End Parish Council,no_web_presence_found,,,,,,2026-04-26T15:45:34+00:00
lanivet-parish-council,Lanivet Parish Council,verified,https://www.lanivetparishcouncil.gov.uk,pre-existing,ok,4,,2026-04-26T15:45:43+00:00
lanlivery-parish-council,Lanlivery Parish Council,verified,https://www.lanliveryparishcouncil.gov.uk/,pre-existing,ok,3,,2026-04-26T15:45:43+00:00
lanner-parish-council,Lanner Parish Council,verified,http://www.lanner.org.uk,pre-existing,ok,8,,2026-04-26T15:45:43+00:00
lanreath-parish-council,Lanreath Parish Council,verified,https://www.lanreathparishcouncil.co.uk/,excel,ok,2,,2026-04-26T15:45:43+00:00
langar-cum-barnstone-parish-council,Langar cum Barnstone Parish Council,no_web_presence_found,,,,,,2026-04-26T15:45:35+00:00
langley,Langley,verified,https://www.langleyparishcouncil.gov.uk/,pattern,ok,3,,2026-04-26T15:45:36+00:00
langley-burrell-parish-council,Langley Burrell Parish Council,no_web_presence_found,,,,,,2026-04-26T15:45:36+00:00
langleydale-and-shotton-parish-council,Langleydale and Shotton Parish Council,no_web_presence_found,,,,,,2026-04-26T15:45:36+00:00
lapley-stretton-and-wheaton-aston-parish-council,"Lapley, Stretton and Wheaton Aston Parish Council",url_unreachable,http://www.wheatonastonparishcouncil.gov.uk/,excel,unreachable (429),,,2026-04-26T15:45:44+00:00
lapworth-parish-council,Lapworth Parish Council,verified,https://lapworth-pc.gov.uk/,pattern,ok,3,,2026-04-26T15:45:44+00:00
lathom-south-parish-council,Lathom South Parish Council,verified,https://www.lathomsouthparishcouncil.gov.uk,pre-existing,ok,5,,2026-04-26T15:45:46+00:00
langsett-parish-council,Langsett Parish Council,no_web_presence_found,,,,,,2026-04-26T15:45:37+00:00
langton-by-spilsby-parish-council,Langton by Spilsby Parish Council,verified,https://www.langton-by-spilsby.org.uk/,pattern,ok,,,2026-04-26T15:45:40+00:00
latton-parish-council,Latton Parish Council,verified,https://www.latton-pc.gov.uk,pre-existing,ok,1,,2026-04-26T15:45:48+00:00
langthorpe,Langthorpe,no_web_presence_found,,,,,,2026-04-26T15:45:39+00:00
laughton-parish-council,Laughton Parish Council,verified,https://www.laughton-pc.gov.uk,pre-existing,ok,5,,2026-04-26T15:45:48+00:00
langthorpe-parish-council,Langthorpe Parish Council,no_web_presence_found,,,,,,2026-04-26T15:45:39+00:00
launceston-town-council,Launceston Town Council,verified,https://launceston-tc.gov.uk/,pre-existing,ok,6,,2026-04-26T15:45:48+00:00
langton-by-wragby-parish-council,Langton by Wragby Parish Council,no_web_presence_found,,,,,,2026-04-26T15:45:40+00:00
langton-long-blandford-parish-council,Langton Long Blandford Parish Council,no_web_presence_found,,,,,,2026-04-26T15:45:40+00:00
laverstock-and-ford-parish-council,Laverstock and Ford Parish Council,verified,https://www.laverstockford-pc.gov.uk,pre-existing,ok,7,,2026-04-26T15:45:49+00:00
langton-matravers-parish-council,Langton Matravers Parish Council,no_web_presence_found,,,,,,2026-04-26T15:45:41+00:00
langley-parish-council,Langley Parish Council,verified,https://www.langleyparishcouncil.gov.uk/,pattern,ok,3,,2026-04-26T15:45:36+00:00
laverstoke-and-freefolk-parish-council,Laverstoke and Freefolk Parish Council,url_unreachable,https://www.laverstokepc.org.uk,excel,unreachable,,"ConnectionError: HTTPSConnectionPool(host='www.laverstokepc.org.uk', port=443): Max retries exceeded with url: / (Caused by NameResolutionError(""HTTPSConnection(host='www.laverstokepc.org.uk', port=443): Failed to res",2026-04-26T15:45:50+00:00
lanhydrock-parish-council,Lanhydrock Parish Council,no_web_presence_found,,,,,,2026-04-26T15:45:41+00:00
lawhitton-parish-council,Lawhitton Parish Council,verified,https://www.lawhittonpc.org.uk,pre-existing,ok,3,,2026-04-26T15:45:50+00:00
latchingdon-parish-council,Latchingdon Parish Council,verified,https://www.latchingdon-pc.gov.uk/,pattern,ok,4,,2026-04-26T15:45:45+00:00
lathom-parish-council,Lathom Parish Council,verified,https://lathomparishcouncil.gov.uk/wp-login.php?redirect_to=https%3A%2F%2Flathomparishcouncil.gov.uk%2F,pattern,ok,,,2026-04-26T15:45:46+00:00
laxfield-parish-council,Laxfield Parish Council,verified,https://www.laxfield-pc.gov.uk,pre-existing,ok,1,,2026-04-26T15:45:53+00:00
knowlton-parish-council,Knowlton Parish Council,no_web_presence_found,,,,,,2026-04-26T15:45:23+00:00
lastingham-parish-meeting,Lastingham (Parish Meeting),no_web_presence_found,,,,,,2026-04-26T15:45:45+00:00
lawford-parish-council,Lawford Parish Council,verified,https://www.lawfordparishcouncil.gov.uk/,pattern,ok,9,,2026-04-26T15:45:50+00:00
langton-parish-meeting,Langton (Parish Meeting),no_web_presence_found,,,,,,2026-04-26T15:45:41+00:00
latimer-and-ley-hill-parish-council,Latimer and Ley Hill Parish Council,no_web_presence_found,,,,,,2026-04-26T15:45:46+00:00
latimer-ley-hill-parish-council,Latimer & Ley Hill Parish Council,no_web_presence_found,,,,,,2026-04-26T15:45:47+00:00
lea-garsdon-and-cleverton-parish-council,Lea Garsdon and Cleverton Parish Council,verified,https://www.leagarsdoncleverton-pc.gov.uk,pre-existing,ok,6,,2026-04-26T15:45:57+00:00
laughton-en-le-morthen-parish-council,Laughton-en-le-Morthen Parish Council,no_web_presence_found,,,,,,2026-04-26T15:45:48+00:00
launcells-parish-council,Launcells Parish Council,no_web_presence_found,,,,,,2026-04-26T15:45:48+00:00
laverstock-parish-council,Laverstock Parish Council,no_web_presence_found,,,,,,2026-04-26T15:45:49+00:00
laverton-parish-council,Laverton Parish Council,no_web_presence_found,,,,,,2026-04-26T15:45:50+00:00
lawhitton-rural-parish-council,Lawhitton Rural Parish Council,no_web_presence_found,,,,,,2026-04-26T15:45:50+00:00
layham-parish-council,Layham Parish Council,verified,https://layhamparishcouncil.gov.uk/,pattern,ok,3,,2026-04-26T15:45:54+00:00
lavant-parish-council,Lavant Parish Council,verified,https://www.lavantparishcouncil.gov.uk/community/lavant-parish-council-20640/home/,pattern,ok,2,,2026-04-26T15:45:48+00:00
laxton-and-moorhouse-parish-council,Laxton and Moorhouse Parish Council,no_web_presence_found,,,,,,2026-04-26T15:45:53+00:00
laxton-moorhouse-parish-council,Laxton & Moorhouse Parish Council,no_web_presence_found,,,,,,2026-04-26T15:45:53+00:00
leavenheath-parish-council,Leavenheath Parish Council,url_unreachable,https://www.leavenheath-pc.gov.uk,excel,unreachable,,"SSLError: HTTPSConnectionPool(host='www.leavenheath-pc.gov.uk', port=443): Max retries exceeded with url: / (Caused by SSLError(SSLCertVerificationError(1, ""[SSL: CERTIFICATE_VERIFY_FAILED] certificate verify f",2026-04-26T15:46:02+00:00
lazonby-parish-council,Lazonby Parish Council,no_web_presence_found,,,,,,2026-04-26T15:45:54+00:00
lea-by-backford-parish-council,Lea By Backford Parish Council,no_web_presence_found,,,,,,2026-04-26T15:45:55+00:00
lea-by-backford-parish-council-1,Lea-by-Backford Parish Council,no_web_presence_found,,,,,,2026-04-26T15:45:55+00:00
lasham-parish-council,Lasham Parish Council,no_web_presence_found,,,,,,2026-04-26T15:45:45+00:00
lea-marston-parish-council,Lea Marston Parish Council,no_web_presence_found,,,,,,2026-04-26T15:45:57+00:00
leaden-roding,Leaden Roding,no_web_presence_found,,,,,,2026-04-26T15:45:59+00:00
leaden-roding-parish-council,Leaden Roding Parish Council,no_web_presence_found,,,,,,2026-04-26T15:45:59+00:00
leebotwood-and-longnor-parish-council,Leebotwood and Longnor Parish Council,verified,https://www.leebotwoodandlongnor-pc.gov.uk,pre-existing,ok,7,,2026-04-26T15:46:08+00:00
lead-parish-council,Lead Parish Council,no_web_presence_found,,,,,,2026-04-26T15:45:58+00:00
leek-town-council,Leek Town Council,verified,http://www.leektowncouncil.co.uk/,pre-existing,ok,7,,2026-04-26T15:46:09+00:00
leek-town-council-1,Leek Town Council,verified,http://www.leektowncouncil.co.uk/,pre-existing,ok,7,,2026-04-26T15:46:09+00:00
leadenham-parish-council,Leadenham Parish Council,no_web_presence_found,,,,,,2026-04-26T15:45:59+00:00
leake-parish-meeting,Leake (Parish Meeting),no_web_presence_found,,,,,,2026-04-26T15:46:00+00:00
leeds-parish-council,Leeds Parish Council,verified,https://www.leeds.gov.uk/,pattern,ok,1,,2026-04-26T15:46:08+00:00
leamington-spa-parish-council,Leamington Spa Parish Council,no_web_presence_found,,,,,,2026-04-26T15:46:01+00:00
lawshall-parish-council,Lawshall Parish Council,verified,https://lawshallparishcouncil.gov.uk/,pattern,ok,1,,2026-04-26T15:45:52+00:00
leasingham-parish-council,Leasingham Parish Council,no_web_presence_found,,,,,,2026-04-26T15:46:02+00:00
leighton-bromswold-parish-council,Leighton Bromswold Parish Council,verified,https://www.leightonbromswold-pc.gov.uk,pre-existing,ok,4,,2026-04-26T15:46:11+00:00
leigh-parish-council,Leigh Parish Council,url_unreachable,https://www.leigh.staffslc.gov.uk,excel,unreachable,,"ConnectionError: HTTPSConnectionPool(host='www.leigh.staffslc.gov.uk', port=443): Max retries exceeded with url: / (Caused by NameResolutionError(""HTTPSConnection(host='www.leigh.staffslc.gov.uk', port=443): Failed to",2026-04-26T15:46:11+00:00
leavening,Leavening,no_web_presence_found,,,,,,2026-04-26T15:46:03+00:00
leavening-parish-council,Leavening Parish Council,no_web_presence_found,,,,,,2026-04-26T15:46:04+00:00
leicester-parish-council,Leicester Parish Council,verified,https://www.leicester.gov.uk/,pattern,ok,1,,2026-04-26T15:46:09+00:00
lea-parish-council,Lea Parish Council,no_web_presence_found,,,,,,2026-04-26T15:45:57+00:00
lechlade-parish-council,Lechlade Parish Council,no_web_presence_found,,,,,,2026-04-26T15:46:04+00:00
leck-parish-council,Leck Parish Council,no_web_presence_found,,,,,,2026-04-26T15:46:05+00:00
leonardslee-parish-council,Leonardslee Parish Council,url_unreachable,https://www.leonardsleeparishcouncil.gov.uk,excel,unreachable,,"ConnectionError: HTTPSConnectionPool(host='www.leonardsleeparishcouncil.gov.uk', port=443): Max retries exceeded with url: / (Caused by NameResolutionError(""HTTPSConnection(host='www.leonardsleeparishcouncil.gov.uk', ",2026-04-26T15:46:14+00:00
leckhampton-with-warden-hill-parish-council,Leckhampton with Warden Hill Parish Council,no_web_presence_found,,,,,,2026-04-26T15:46:06+00:00
ledford-parish-council,Ledford Parish Council,no_web_presence_found,,,,,,2026-04-26T15:46:07+00:00
lessingham-with-eccles-parish-council,Lessingham with Eccles Parish Council,verified,https://www.lessinghamparishcouncil.gov.uk,pre-existing,ok,5,,2026-04-26T15:46:16+00:00
leekfrith-parish-council-1,Leekfrith Parish Council,no_web_presence_found,,,,,,2026-04-26T15:46:09+00:00
leicester-forest-east-parish-council,Leicester Forest East Parish Council,no_web_presence_found,,,,,,2026-04-26T15:46:09+00:00
leigh-on-mendip-parish-council-1,Leigh-on-mendip Parish Council,no_web_presence_found,,,,,,2026-04-26T15:46:10+00:00
leigh-parish-council-1,Leigh Parish Council,no_web_presence_found,,,,,,2026-04-26T15:46:11+00:00
lessingham-parish-council,Lessingham Parish Council,verified,https://www.lessinghamparishcouncil.gov.uk/,pattern,ok,4,,2026-04-26T15:46:15+00:00
leighton-linslade-parish-council,Leighton-Linslade Parish Council,no_web_presence_found,,,,,,2026-04-26T15:46:11+00:00
leverington-parish-council,Leverington Parish Council,url_unreachable,https://www.leveringtonparishcouncil.gov.uk,excel,unreachable,,"ConnectionError: HTTPSConnectionPool(host='www.leveringtonparishcouncil.gov.uk', port=443): Max retries exceeded with url: / (Caused by NameResolutionError(""HTTPSConnection(host='www.leveringtonparishcouncil.gov.uk', ",2026-04-26T15:46:20+00:00
lewannick-parish-council,Lewannick Parish Council,verified,https://www.lewannickpc.org.uk,pre-existing,ok,4,,2026-04-26T15:46:20+00:00
leiston-parish-council,Leiston Parish Council,no_web_presence_found,,,,,,2026-04-26T15:46:12+00:00
leighton-minshull-vernon-and-woolstanwood-parish-council,"Leighton, Minshull Vernon and Woolstanwood Parish Council",no_web_presence_found,,,,,,2026-04-26T15:46:12+00:00
lewknor-parish-council,Lewknor Parish Council,verified,https://www.lewknorparishcouncil.gov.uk,pre-existing,ok,4,,2026-04-26T15:46:21+00:00
levens-parish-council,Levens Parish Council,verified,https://levens-pc.gov.uk/,pattern,ok,2,,2026-04-26T15:46:20+00:00
lengthorpe-parish-council,Lengthorpe Parish Council,no_web_presence_found,,,,,,2026-04-26T15:46:13+00:00
lenham-parish-council,Lenham Parish Council,no_web_presence_found,,,,,,2026-04-26T15:46:13+00:00
lenton-hanby-keisby-and-osgodby-parish-meeting,"Lenton, Hanby, Keisby and Osgodby Parish Meeting",no_web_presence_found,,,,,,2026-04-26T15:46:13+00:00
lavendon-parish-council,Lavendon Parish Council,no_web_presence_found,,,,,,2026-04-26T15:45:49+00:00
leysdown-parish-council,Leysdown Parish Council,verified,https://www.lowerhalstowparishcouncil.gov.uk,pre-existing,ok,2,,2026-04-26T15:46:23+00:00
lezant-parish-council,Lezant Parish Council,verified,https://www.lezantparish.org.uk/,pre-existing,ok,4,,2026-04-26T15:46:23+00:00
leyburn-town,Leyburn Town,url_unreachable,https://www.leyburntowncouncil.gov.uk,excel,unreachable,,"SSLError: HTTPSConnectionPool(host='www.leyburntowncouncil.gov.uk', port=443): Max retries exceeded with url: / (Caused by SSLError(SSLCertVerificationError(1, ""[SSL: CERTIFICATE_VERIFY_FAILED] certificate veri",2026-04-26T15:46:22+00:00
lichfield-city-council,Lichfield City Council,verified,http://www.lichfield.gov.uk/,pre-existing,ok,4,,2026-04-26T15:46:23+00:00
leighton-parish-council,Leighton Parish Council,no_web_presence_found,,,,,,2026-04-26T15:46:12+00:00
lesnewth-parish-meeting,Lesnewth Parish Meeting,no_web_presence_found,,,,,,2026-04-26T15:46:14+00:00
lewes-town-council,Lewes Town Council,verified,https://www.lewes-tc.gov.uk,excel,ok,6,,2026-04-26T15:46:20+00:00
leybourne-parish-council,Leybourne Parish Council,verified,https://www.leybourneparish.gov.uk,excel,ok,5,,2026-04-26T15:46:22+00:00
lifton-parish-council,Lifton Parish Council,url_unreachable,https://www.liftonpc.org.uk,excel,unreachable,,"SSLError: HTTPSConnectionPool(host='www.liftonpc.org.uk', port=443): Max retries exceeded with url: / (Caused by SSLError(SSLCertVerificationError(1, ""[SSL: CERTIFICATE_VERIFY_FAILED] certificate verify failed:",2026-04-26T15:46:25+00:00
lickey-and-blackwell-parish-council,Lickey and Blackwell Parish Council,url_unreachable,https://www.lickeyandblackwellpc.org,excel,unreachable,,"ConnectionError: HTTPSConnectionPool(host='bahrainexcellence.org', port=443): Max retries exceeded with url: / (Caused by NewConnectionError(""HTTPSConnection(host='bahrainexcellence.org', port=443): Failed to establis",2026-04-26T15:46:23+00:00
lidgate-parish-council,Lidgate Parish Council,verified,https://www.lidgateparishcouncil.gov.uk,excel,ok,5,,2026-04-26T15:46:23+00:00
leyburn-town-parish-council,Leyburn Town Parish Council,url_unreachable,https://www.leyburntowncouncil.gov.uk,excel,unreachable,,"SSLError: HTTPSConnectionPool(host='www.leyburntowncouncil.gov.uk', port=443): Max retries exceeded with url: / (Caused by SSLError(SSLCertVerificationError(1, ""[SSL: CERTIFICATE_VERIFY_FAILED] certificate veri",2026-04-26T15:46:22+00:00
letcombe-bassett-parish-meeting,Letcombe Bassett Parish Meeting,no_web_presence_found,,,,,,2026-04-26T15:46:18+00:00
letcombe-parish-council,Letcombe Parish Council,no_web_presence_found,,,,,,2026-04-26T15:46:18+00:00
leckhampstead-parish-council,Leckhampstead Parish Council,url_unreachable,https://www.leckhampsteadbucks-pc.gov.uk,excel,unreachable,,"ConnectionError: HTTPSConnectionPool(host='www.leckhampsteadbucks-pc.gov.uk', port=443): Max retries exceeded with url: / (Caused by NewConnectionError(""HTTPSConnection(host='www.leckhampsteadbucks-pc.gov.uk', port=44",2026-04-26T15:46:05+00:00
lewes-town-council-1,Lewes Town Council,verified,https://www.lewes-tc.gov.uk,excel,ok,6,,2026-04-26T15:46:21+00:00
lindfield-parish-council,Lindfield Parish Council,url_unreachable,https://www.lindfield-pc.gov.uk,excel,unreachable,,"ConnectionError: HTTPSConnectionPool(host='www.lindfield-pc.gov.uk', port=443): Max retries exceeded with url: / (Caused by NameResolutionError(""HTTPSConnection(host='www.lindfield-pc.gov.uk', port=443): Failed to res",2026-04-26T15:46:27+00:00
letheringsett-with-glandford-parish-council,Letheringsett with Glandford Parish Council,no_web_presence_found,,,,,,2026-04-26T15:46:19+00:00
levisham-parish-meeting,Levisham (Parish Meeting),no_web_presence_found,,,,,,2026-04-26T15:46:20+00:00
lexham-parish-meeting,Lexham Parish Meeting,no_web_presence_found,,,,,,2026-04-26T15:46:21+00:00
leyburn-parish-council,Leyburn Parish Council,no_web_presence_found,,,,,,2026-04-26T15:46:22+00:00
limpley-stoke-parish-council,Limpley Stoke Parish Council,verified,https://www.limpleystokeparishcouncil.gov.uk,excel,ok,6,,2026-04-26T15:46:26+00:00
lingfield-parish-council,Lingfield Parish Council,verified,https://www.lingfieldparishcouncil.gov.uk,pre-existing,ok,3,,2026-04-26T15:46:32+00:00
lidlington-parish-council,Lidlington Parish Council,verified,https://lidlingtonparishcouncil.gov.uk/,pattern,ok,6,,2026-04-26T15:46:24+00:00
lingwood-burlingham-parish-council,Lingwood & Burlingham Parish Council,verified,https://www.lingwood-burlinghamparishcouncil.gov.uk,pre-existing,ok,4,,2026-04-26T15:46:32+00:00
linton,Linton,verified,https://www.lintonincravenparishcouncil.gov.uk,pre-existing,ok,3,,2026-04-26T15:46:32+00:00
linton-on-ouse,Linton-on-Ouse,verified,https://www.lintononouseparishcouncil.org.uk,pre-existing,ok,1,,2026-04-26T15:46:32+00:00
leziate-parish-council,Leziate Parish Council,verified,https://leziateparishcouncil.gov.uk/,pattern,ok,4,,2026-04-26T15:46:23+00:00
liskeard-town-council,Liskeard Town Council,verified,http://www.liskeard.gov.uk,pre-existing,ok,6,,2026-04-26T15:46:33+00:00
liss-parish-council,Liss Parish Council,verified,https://www.lissparishcouncil.gov.uk,pre-existing,ok,4,,2026-04-26T15:46:33+00:00
lighthorne-heath-parish-council,Lighthorne Heath Parish Council,no_web_presence_found,,,,,,2026-04-26T15:46:25+00:00
litcham-parish-council,Litcham Parish Council,verified,https://www.litchamparishcouncil.gov.uk,pre-existing,ok,6,,2026-04-26T15:46:34+00:00
lilburn-parish-council,Lilburn Parish Council,no_web_presence_found,,,,,,2026-04-26T15:46:25+00:00
lillingstone-dayrell-with-luffield-abbey-parish-council,Lillingstone Dayrell with Luffield Abbey Parish Council,no_web_presence_found,,,,,,2026-04-26T15:46:25+00:00
limington-parish-council,Limington Parish Council,no_web_presence_found,,,,,,2026-04-26T15:46:25+00:00
lindal-and-marton-parish-council,Lindal and Marton Parish Council,no_web_presence_found,,,,,,2026-04-26T15:46:27+00:00
little-bardfield,Little Bardfield,verified,https://www.littlebardfield-pc.gov.uk,pre-existing,ok,6,,2026-04-26T15:46:36+00:00
little-bardfield-parish-council,Little Bardfield Parish Council,verified,https://www.littlebardfield-pc.gov.uk,pre-existing,ok,6,,2026-04-26T15:46:36+00:00
lindfi-parish-council,Lindfi Parish Council,no_web_presence_found,,,,,,2026-04-26T15:46:27+00:00
lindhurst-parish-meeting,Lindhurst Parish Meeting,no_web_presence_found,,,,,,2026-04-26T15:46:27+00:00
lindfield-rural-parish-council,Lindfield Rural Parish Council,no_web_presence_found,,,,,,2026-04-26T15:46:27+00:00
lindley-parish-council,Lindley Parish Council,no_web_presence_found,,,,,,2026-04-26T15:46:28+00:00
lindrick-with-studley-royal-and-fountains-parish-council,Lindrick with Studley Royal and Fountains Parish Council,no_web_presence_found,,,,,,2026-04-26T15:46:29+00:00
little-blakenham-parish-council,Little Blakenham Parish Council,url_unreachable,https://www.littleblakenham-pc.gov.uk,excel,unreachable,,"SSLError: HTTPSConnectionPool(host='www.littleblakenham-pc.gov.uk', port=443): Max retries exceeded with url: / (Caused by SSLError(SSLCertVerificationError(1, ""[SSL: CERTIFICATE_VERIFY_FAILED] certificate veri",2026-04-26T15:46:38+00:00
lindsell,Lindsell,no_web_presence_found,,,,,,2026-04-26T15:46:30+00:00
lindsell-parish-council,Lindsell Parish Council,no_web_presence_found,,,,,,2026-04-26T15:46:32+00:00
lingwood-and-burlingham-parish-council,Lingwood and Burlingham Parish Council,no_web_presence_found,,,,,,2026-04-26T15:46:32+00:00
listingham-parish-council,Listingham Parish Council,no_web_presence_found,,,,,,2026-04-26T15:46:33+00:00
litchfield-and-woodcott-parish-council,Litchfield and Woodcott Parish Council,no_web_presence_found,,,,,,2026-04-26T15:46:34+00:00
little-abington-parish-council,Little Abington Parish Council,no_web_presence_found,,,,,,2026-04-26T15:46:35+00:00
little-canfield,Little Canfield,verified,https://www.littlecanfield-pc.gov.uk,pre-existing,ok,6,,2026-04-26T15:46:43+00:00
little-ayton-parish-meeting,Little Ayton (Parish Meeting),no_web_presence_found,,,,,,2026-04-26T15:46:35+00:00
litchborough-parish-council,Litchborough Parish Council,no_web_presence_found,,,,,,2026-04-26T15:46:34+00:00
little-chalfont-parish-council,Little Chalfont Parish Council,verified,https://www.littlechalfont-pc.gov.uk,pre-existing,ok,2,,2026-04-26T15:46:44+00:00
little-bealings-parish-council,Little Bealings Parish Council,no_web_presence_found,,,,,,2026-04-26T15:46:36+00:00
little-barford-parish-council,Little Barford Parish Council,no_web_presence_found,,,,,,2026-04-26T15:46:36+00:00
little-bedwyn-parish-council,Little Bedwyn Parish Council,no_web_presence_found,,,,,,2026-04-26T15:46:37+00:00
little-berkhamsted-parish-council,Little Berkhamsted Parish Council,no_web_presence_found,,,,,,2026-04-26T15:46:37+00:00
linwood-parish-council,Linwood Parish Council,no_web_presence_found,,,,,,2026-04-26T15:46:32+00:00
little-birch-parish-council,Little Birch Parish Council,no_web_presence_found,,,,,,2026-04-26T15:46:37+00:00
little-bollington-parish-council,Little Bollington Parish Council,no_web_presence_found,,,,,,2026-04-26T15:46:39+00:00
little-cornard-parish-council,Little Cornard Parish Council,verified,https://www.littlecornard-pc.gov.uk,pre-existing,ok,4,,2026-04-26T15:46:48+00:00
little-bollington-with-agden-community-council,Little Bollington with Agden Community Council,no_web_presence_found,,,,,,2026-04-26T15:46:39+00:00
little-bradley-parish-meeting,Little Bradley Parish Meeting,no_web_presence_found,,,,,,2026-04-26T15:46:41+00:00
letchworth-parish-council,Letchworth Parish Council,no_web_presence_found,,,,,,2026-04-26T15:46:16+00:00
little-cheverell-parish-council,Little Cheverell Parish Council,verified,https://www.littlecheverell-pc.gov.uk,excel,ok,6,,2026-04-26T15:46:46+00:00
little-dunham-parish-council,Little Dunham Parish Council,url_unreachable,https://www.littledunhamparishcouncil.gov.uk,excel,unreachable,,"ConnectionError: HTTPSConnectionPool(host='www.littledunhamparishcouncil.gov.uk', port=443): Max retries exceeded with url: / (Caused by NameResolutionError(""HTTPSConnection(host='www.littledunhamparishcouncil.gov.uk'",2026-04-26T15:46:50+00:00
little-chesterford,Little Chesterford,verified,https://little-chesterford.org.uk/,pattern,ok,2,,2026-04-26T15:46:46+00:00
little-easton,Little Easton,verified,https://www.littleeaston-pc.gov.uk,pre-existing,ok,5,,2026-04-26T15:46:50+00:00
little-easton-parish-council,Little Easton Parish Council,verified,https://www.littleeaston-pc.gov.uk,pre-existing,ok,5,,2026-04-26T15:46:50+00:00
little-braxted-parish-council,Little Braxted Parish Council,no_web_presence_found,,,,,,2026-04-26T15:46:41+00:00
little-budworth-parish-council,Little Budworth Parish Council,no_web_presence_found,,,,,,2026-04-26T15:46:42+00:00
little-busby-parish-meeting,Little Busby (Parish Meeting),no_web_presence_found,,,,,,2026-04-26T15:46:43+00:00
little-carlton-parish-council,Little Carlton Parish Council,no_web_presence_found,,,,,,2026-04-26T15:46:43+00:00
little-cawthorpe-parish-council,Little Cawthorpe Parish Council,no_web_presence_found,,,,,,2026-04-26T15:46:44+00:00
little-chart,Little Chart,no_web_presence_found,,,,,,2026-04-26T15:46:44+00:00
little-chesterford-parish-council,Little Chesterford Parish Council,verified,https://little-chesterford.org.uk/,pattern,ok,2,,2026-04-26T15:46:46+00:00
little-chart-parish-council,Little Chart Parish Council,no_web_presence_found,,,,,,2026-04-26T15:46:46+00:00
little-hallingbury,Little Hallingbury,verified,https://www.littlehallingbury-pc.gov.uk,pre-existing,ok,2,,2026-04-26T15:46:54+00:00
little-hallingbury-parish-council,Little Hallingbury Parish Council,verified,https://www.littlehallingbury-pc.gov.uk,pre-existing,ok,2,,2026-04-26T15:46:54+00:00
little-clifton-parish-council,Little Clifton Parish Council,no_web_presence_found,,,,,,2026-04-26T15:46:46+00:00
little-horwood-parish-council,Little Horwood Parish Council,verified,https://www.littlehorwoodparishcouncil.gov.uk,pre-existing,ok,6,,2026-04-26T15:46:55+00:00
little-compton-parish-council,Little Compton Parish Council,no_web_presence_found,,,,,,2026-04-26T15:46:47+00:00
little-houghton-parish-council,Little Houghton Parish Council,verified,https://www.littlehoughtonvillage-pc.gov.uk,excel,ok,2,,2026-04-26T15:46:55+00:00
little-coxwell-parish-council,Little Coxwell Parish Council,no_web_presence_found,,,,,,2026-04-26T15:46:48+00:00
little-cressingham-and-threxton-parish-council,Little Cressingham and Threxton Parish Council,no_web_presence_found,,,,,,2026-04-26T15:46:48+00:00
little-cressingham-parish-council,Little Cressingham Parish Council,no_web_presence_found,,,,,,2026-04-26T15:46:50+00:00
little-dunmow,Little Dunmow,no_web_presence_found,,,,,,2026-04-26T15:46:50+00:00
little-dunmow-parish-council,Little Dunmow Parish Council,no_web_presence_found,,,,,,2026-04-26T15:46:50+00:00
little-longstone-parish-meeting,Little Longstone (Parish Meeting),url_unreachable,https://www.littlelongstoneparishmeeting.gov.uk,excel,unreachable,,"ConnectionError: HTTPSConnectionPool(host='www.littlelongstoneparishmeeting.gov.uk', port=443): Max retries exceeded with url: / (Caused by NameResolutionError(""HTTPSConnection(host='www.littlelongstoneparishmeeting.g",2026-04-26T15:46:59+00:00
little-marlow-parish-council,Little Marlow Parish Council,verified,https://www.littlemarlowparishcouncil.org.uk,pre-existing,ok,8,,2026-04-26T15:47:00+00:00
little-ellingham-parish-council,Little Ellingham Parish Council,no_web_presence_found,,,,,,2026-04-26T15:46:50+00:00
little-melton-parish-council,Little Melton Parish Council,verified,https://www.littlemeltonparishcouncil.gov.uk,pre-existing,ok,2,,2026-04-26T15:47:00+00:00
little-eversden-parish-council,Little Eversden Parish Council,no_web_presence_found,,,,,,2026-04-26T15:46:51+00:00
little-faringdon-parish-meeting,Little Faringdon Parish Meeting,no_web_presence_found,,,,,,2026-04-26T15:46:51+00:00
little-finborough-parish-meeting,Little Finborough Parish Meeting,no_web_presence_found,,,,,,2026-04-26T15:46:52+00:00
little-gidding-parish-council,Little Gidding Parish Council,no_web_presence_found,,,,,,2026-04-26T15:46:53+00:00
little-ouseburn-kirby-hall-and-thorpe-underwoods,Little Ouseburn (Kirby Hall and Thorpe Underwoods),verified,https://www.littleouseburn-pc.gov.uk,pre-existing,ok,4,,2026-04-26T15:47:02+00:00
little-gransden-parish-council,Little Gransden Parish Council,no_web_presence_found,,,,,,2026-04-26T15:46:53+00:00
little-hadham-parish-council,Little Hadham Parish Council,no_web_presence_found,,,,,,2026-04-26T15:46:53+00:00
little-hale-parish-council,Little Hale Parish Council,no_web_presence_found,,,,,,2026-04-26T15:46:53+00:00
little-hoole-parish-council,Little Hoole Parish Council,no_web_presence_found,,,,,,2026-04-26T15:46:54+00:00
little-hucklow-parish-council,Little Hucklow Parish Council,no_web_presence_found,,,,,,2026-04-26T15:46:55+00:00
little-langton-parish-meeting,Little Langton (Parish Meeting),no_web_presence_found,,,,,,2026-04-26T15:46:57+00:00
little-lawford-parish-council,Little Lawford Parish Council,no_web_presence_found,,,,,,2026-04-26T15:46:58+00:00
little-laver-parish-council,Little Laver Parish Council,no_web_presence_found,,,,,,2026-04-26T15:46:57+00:00
little-somerford-parish-council,Little Somerford Parish Council,verified,https://www.littlesomerfordparishcouncil.gov.uk,pre-existing,ok,5,,2026-04-26T15:47:07+00:00
little-leigh-parish-council,Little Leigh Parish Council,no_web_presence_found,,,,,,2026-04-26T15:46:59+00:00
little-stanion-parish-council,Little Stanion Parish Council,verified,https://www.littlestanionparishcouncil.gov.uk,excel,ok,7,,2026-04-26T15:47:07+00:00
little-massingham-parish-council,Little Massingham Parish Council,no_web_presence_found,,,,,,2026-04-26T15:47:00+00:00
little-malvern-parish-council,Little Malvern Parish Council,no_web_presence_found,,,,,,2026-04-26T15:47:00+00:00
little-milton-parish-council,Little Milton Parish Council,no_web_presence_found,,,,,,2026-04-26T15:47:00+00:00
little-mitton-parish-council,Little Mitton Parish Council,no_web_presence_found,,,,,,2026-04-26T15:47:01+00:00
little-munden-parish-council,Little Munden Parish Council,no_web_presence_found,,,,,,2026-04-26T15:47:02+00:00
little-missenden-parish-council,Little Missenden Parish Council,no_web_presence_found,,,,,,2026-04-26T15:47:00+00:00
little-ouseburn-parish-council,Little Ouseburn Parish Council,no_web_presence_found,,,,,,2026-04-26T15:47:02+00:00
little-packington-parish-council,Little Packington Parish Council,no_web_presence_found,,,,,,2026-04-26T15:47:02+00:00
little-paxton-parish-council,Little Paxton Parish Council,no_web_presence_found,,,,,,2026-04-26T15:47:02+00:00
little-ponton-and-stroxton-parish-council,Little Ponton and Stroxton Parish Council,no_web_presence_found,,,,,,2026-04-26T15:47:03+00:00
little-ribston-parish-council,Little Ribston Parish Council,no_web_presence_found,,,,,,2026-04-26T15:47:03+00:00
little-rissington-parish-council,Little Rissington Parish Council,no_web_presence_found,,,,,,2026-04-26T15:47:05+00:00
little-shelford-parish-council,Little Shelford Parish Council,no_web_presence_found,,,,,,2026-04-26T15:47:06+00:00
little-snoring-parish-council,Little Snoring Parish Council,no_web_presence_found,,,,,,2026-04-26T15:47:07+00:00
little-stanney-and-district-parish-council,Little Stanney and District Parish Council,no_web_presence_found,,,,,,2026-04-26T15:47:08+00:00
little-stanney-parish-council,Little Stanney Parish Council,no_web_presence_found,,,,,,2026-04-26T15:47:08+00:00
littlebourne,Littlebourne,verified,https://www.littlebourneparishcouncil.gov.uk,pre-existing,ok,5,,2026-04-26T15:47:17+00:00
littlebourne-parish-council,Littlebourne Parish Council,verified,https://www.littlebourneparishcouncil.gov.uk,pre-existing,ok,5,,2026-04-26T15:47:17+00:00
little-thurlow-parish-council,Little Thurlow Parish Council,verified,https://www.littlethurlowparishcouncil.gov.uk,excel,ok,1,,2026-04-26T15:47:11+00:00
littlebury,Littlebury,url_unreachable,https://www.littleburyparishcouncil.gov.uk,excel,unreachable,,"ConnectionError: HTTPSConnectionPool(host='www.littleburyparishcouncil.gov.uk', port=443): Max retries exceeded with url: / (Caused by NameResolutionError(""HTTPSConnection(host='www.littleburyparishcouncil.gov.uk', po",2026-04-26T15:47:17+00:00
little-staughton-parish-council,Little Staughton Parish Council,no_web_presence_found,,,,,,2026-04-26T15:47:09+00:00
little-stretton-parish-council,Little Stretton Parish Council,no_web_presence_found,,,,,,2026-04-26T15:47:09+00:00
littlehempston-parish-council,Littlehempston Parish Council,verified,https://www.littlehempston-pc.gov.uk,pre-existing,ok,0,,2026-04-26T15:47:18+00:00
little-strickland-parish-meeting,Little Strickland Parish Meeting,no_web_presence_found,,,,,,2026-04-26T15:47:10+00:00
littlethorpe-parish-council,Littlethorpe Parish Council,verified,https://www.littlethorpe-pc.gov.uk,pre-existing,ok,6,,2026-04-26T15:47:19+00:00
littleton-and-harestock-parish-council,Littleton and Harestock Parish Council,url_unreachable,https://www.littletonandharestock-pc.gov.uk,excel,unreachable,,"ConnectionError: HTTPSConnectionPool(host='www.littletonandharestock-pc.gov.uk', port=443): Max retries exceeded with url: / (Caused by NameResolutionError(""HTTPSConnection(host='www.littletonandharestock-pc.gov.uk', ",2026-04-26T15:47:19+00:00
little-sutton-parish-council,Little Sutton Parish Council,no_web_presence_found,,,,,,2026-04-26T15:47:10+00:00
littlewood-green-and-baldock-parish-council,Littlewood Green and Baldock Parish Council,url_unreachable,https://www.littlewoodgreenandaldock-pc.org.uk,excel,unreachable,,"ConnectionError: HTTPSConnectionPool(host='www.littlewoodgreenandaldock-pc.org.uk', port=443): Max retries exceeded with url: / (Caused by NameResolutionError(""HTTPSConnection(host='www.littlewoodgreenandaldock-pc.org",2026-04-26T15:47:19+00:00
little-tew-parish-meeting,Little Tew Parish Meeting,no_web_presence_found,,,,,,2026-04-26T15:47:11+00:00
litton-parish-council,Litton Parish Council,verified,https://littonparish.co.uk/,pre-existing,ok,1,,2026-04-26T15:47:20+00:00
litton-parish-council-1,Litton Parish Council,verified,https://littonparish.co.uk/,pre-existing,ok,1,,2026-04-26T15:47:20+00:00
litton-parish-meeting,Litton (Parish Meeting),verified,https://littonparish.co.uk/,pre-existing,ok,1,,2026-04-26T15:47:20+00:00
little-torrington-parish-council,Little Torrington Parish Council,no_web_presence_found,,,,,,2026-04-26T15:47:11+00:00
little-warford-parish-council,Little Warford Parish Council,no_web_presence_found,,,,,,2026-04-26T15:47:11+00:00
littlebury-parish-council,Littlebury Parish Council,url_unreachable,https://www.littleburyparishcouncil.gov.uk,excel,unreachable,,"ConnectionError: HTTPSConnectionPool(host='www.littleburyparishcouncil.gov.uk', port=443): Max retries exceeded with url: / (Caused by NameResolutionError(""HTTPSConnection(host='www.littleburyparishcouncil.gov.uk', po",2026-04-26T15:47:17+00:00
little-waldingfield-parish-council,Little Waldingfield Parish Council,no_web_presence_found,,,,,,2026-04-26T15:47:11+00:00
little-whelnetham-parish-council,Little Whelnetham Parish Council,no_web_presence_found,,,,,,2026-04-26T15:47:12+00:00
little-wilbraham-parish-council,Little Wilbraham Parish Council,no_web_presence_found,,,,,,2026-04-26T15:47:12+00:00
loddington-parish-council,Loddington Parish Council,verified,https://www.loddingtonparishcouncil.gov.uk,pre-existing,ok,5,,2026-04-26T15:47:21+00:00
loddiswell-parish-council,Loddiswell Parish Council,verified,https://www.loddiswell-pc.gov.uk,pre-existing,ok,4,,2026-04-26T15:47:21+00:00
loddon-town-council,Loddon Town Council,verified,https://www.loddontowncouncil.gov.uk,pre-existing,ok,5,,2026-04-26T15:47:21+00:00
little-witchingham-parish-council,Little Witchingham Parish Council,no_web_presence_found,,,,,,2026-04-26T15:47:14+00:00
loggerheads-parish-council,Loggerheads Parish Council,url_unreachable,https://loggerheads-pc.gov.uk/,excel,unreachable,,"ConnectionError: HTTPSConnectionPool(host='loggerheads-pc.gov.uk', port=443): Max retries exceeded with url: / (Caused by NameResolutionError(""HTTPSConnection(host='loggerheads-pc.gov.uk', port=443): Failed to resolve",2026-04-26T15:47:22+00:00
lockton,Lockton,verified,https://www.lockton-pc.gov.uk,excel,ok,1,,2026-04-26T15:47:21+00:00
littlehampton-parish-council,Littlehampton Parish Council,verified,https://littlehampton.org.uk/,pattern,ok,1,,2026-04-26T15:47:18+00:00
littledean-parish-council,Littledean Parish Council,verified,https://www.littledeanparishcouncil.gov.uk/,pattern,ok,6,,2026-04-26T15:47:17+00:00
little-wittenham-parish-meeting,Little Wittenham Parish Meeting,no_web_presence_found,,,,,,2026-04-26T15:47:15+00:00
long-buckby-parish-council,Long Buckby Parish Council,verified,https://www.longbuckbyparishcouncil.gov.uk,pre-existing,ok,3,,2026-04-26T15:47:24+00:00
littlemore-parish-council,Littlemore Parish Council,verified,https://littlemoreparishcouncil.gov.uk/,pattern,ok,,,2026-04-26T15:47:18+00:00
little-wolford-parish-council,Little Wolford Parish Council,no_web_presence_found,,,,,,2026-04-26T15:47:16+00:00
little-wratting-parish-meeting,Little Wratting Parish Meeting,no_web_presence_found,,,,,,2026-04-26T15:47:17+00:00
littleton-parish-council,Littleton Parish Council,no_web_presence_found,,,,,,2026-04-26T15:47:19+00:00
littleworth-parish-meeting,Littleworth Parish Meeting,no_web_presence_found,,,,,,2026-04-26T15:47:19+00:00
long-load-parish-council,Long Load Parish Council,verified,https://longload-pc.org.uk/,excel,ok,3,,2026-04-26T15:47:26+00:00
long-melford-parish-council,Long Melford Parish Council,verified,https://www.longmelford-pc.gov.uk,pre-existing,ok,5,,2026-04-26T15:47:29+00:00
llanfairwaterdine-parish-council,Llanfairwaterdine Parish Council,no_web_presence_found,,,,,,2026-04-26T15:47:20+00:00
llanwarne-and-district-group-parish-council,Llanwarne and District Group Parish Council,no_web_presence_found,,,,,,2026-04-26T15:47:20+00:00
llanwarne-district-group-parish-council,Llanwarne & District Group Parish Council,no_web_presence_found,,,,,,2026-04-26T15:47:20+00:00
long-stratton-town-council,Long Stratton Town Council,url_unreachable,https://www.longstrattontowncouncil.gov.uk,excel,unreachable,,"ConnectionError: HTTPSConnectionPool(host='www.longstrattontowncouncil.gov.uk', port=443): Max retries exceeded with url: / (Caused by NameResolutionError(""HTTPSConnection(host='www.longstrattontowncouncil.gov.uk', po",2026-04-26T15:47:30+00:00
long-sutton-parish-council,Long Sutton Parish Council,verified,https://www.longsutton-pc.gov.uk/,pre-existing,ok,5,,2026-04-26T15:47:30+00:00
llangarron-parish-council,Llangarron Parish Council,no_web_presence_found,,,,,,2026-04-26T15:47:20+00:00
locking-parish-council,Locking Parish Council,no_web_presence_found,,,,,,2026-04-26T15:47:20+00:00
longbridge-deverill-parish-council,Longbridge Deverill Parish Council,verified,https://www.longbridgedeverill-pc.gov.uk,pre-existing,ok,4,,2026-04-26T15:47:30+00:00
longcot-parish-council,Longcot Parish Council,verified,https://www.longcotparishcouncil.org.uk,pre-existing,ok,0,,2026-04-26T15:47:30+00:00
long-wittenham-parish-council,Long Wittenham Parish Council,url_unreachable,https://www.longwittenham-pc.gov.uk,excel,unreachable,,"ConnectionError: HTTPSConnectionPool(host='www.longwittenham-pc.gov.uk', port=443): Max retries exceeded with url: / (Caused by NameResolutionError(""HTTPSConnection(host='www.longwittenham-pc.gov.uk', port=443): Faile",2026-04-26T15:47:30+00:00
loftus-parish-council,Loftus Parish Council,no_web_presence_found,,,,,,2026-04-26T15:47:21+00:00
london-colney-parish-council,London Colney Parish Council,no_web_presence_found,,,,,,2026-04-26T15:47:23+00:00
longframlington-parish-council,Longframlington Parish Council,verified,https://www.brinkburn-pc.gov.uk,pre-existing,ok,2,,2026-04-26T15:47:32+00:00
longham-parish-council,Longham Parish Council,verified,https://www.longhamparishcouncil.gov.uk,pre-existing,ok,5,,2026-04-26T15:47:32+00:00
lolworth-parish-council,Lolworth Parish Council,no_web_presence_found,,,,,,2026-04-26T15:47:23+00:00
longhorsley-parish-council,Longhorsley Parish Council,verified,https://www.longhorsley-pc.gov.uk,pre-existing,ok,4,,2026-04-26T15:47:32+00:00
long-bredy-and-kingston-russell-parish-council,Long Bredy and Kingston Russell Parish Council,no_web_presence_found,,,,,,2026-04-26T15:47:24+00:00
longnor-parish-council,Longnor Parish Council,verified,https://longnorparishcouncil.org.uk/,pre-existing,ok,6,,2026-04-26T15:47:33+00:00
long-ashton-parish-council,Long Ashton Parish Council,no_web_presence_found,,,,,,2026-04-26T15:47:24+00:00
longparish-parish-council,Longparish Parish Council,verified,https://www.longparish.org.uk,pre-existing,ok,5,,2026-04-26T15:47:33+00:00
long-compton-parish-council,Long Compton Parish Council,no_web_presence_found,,,,,,2026-04-26T15:47:24+00:00
longsdon-parish-council,Longsdon Parish Council,url_unreachable,https://www.longsdonpc.org.uk,excel,unreachable,,"SSLError: HTTPSConnectionPool(host='www.longsdonpc.org.uk', port=443): Max retries exceeded with url: / (Caused by SSLError(SSLError(1, '[SSL: TLSV1_ALERT_INTERNAL_ERROR] tlsv1 alert internal error (_ssl.c:1032",2026-04-26T15:47:33+00:00
long-drax,Long Drax,no_web_presence_found,,,,,,2026-04-26T15:47:25+00:00
longford-parish-council,Longford Parish Council,verified,https://longford-pc.gov.uk/,pattern,ok,1,,2026-04-26T15:47:31+00:00
long-crendon-parish-council,Long Crendon Parish Council,no_web_presence_found,,,,,,2026-04-26T15:47:25+00:00
longnor-parish-council-1,Longnor Parish Council,verified,https://longnorparishcouncil.org.uk/,excel,ok,4,,2026-04-26T15:47:33+00:00
longworth-parish-council,Longworth Parish Council,verified,https://www.longworth-pc.gov.uk,excel,ok,6,,2026-04-26T15:47:35+00:00
looe-town-council,Looe Town Council,verified,http://www.looetowncouncil.gov.uk,pre-existing,ok,7,,2026-04-26T15:47:36+00:00
longsdon-parish-council-1,Longsdon Parish Council,url_unreachable,https://www.longsdonpc.org.uk,excel,unreachable,,"SSLError: HTTPSConnectionPool(host='www.longsdonpc.org.uk', port=443): Max retries exceeded with url: / (Caused by SSLError(SSLError(1, '[SSL: TLSV1_ALERT_INTERNAL_ERROR] tlsv1 alert internal error (_ssl.c:1032",2026-04-26T15:47:33+00:00
lopen-parish-council,Lopen Parish Council,verified,https://www.lopenvillage.org/parish-council,pre-existing,ok,9,,2026-04-26T15:47:37+00:00
loppington-parish-council,Loppington Parish Council,verified,https://www.loppingtonparishcouncil.gov.uk,pre-existing,ok,5,,2026-04-26T15:47:37+00:00
lorton-parish-council,Lorton Parish Council,verified,https://www.lorton-pc.gov.uk,pre-existing,ok,2,,2026-04-26T15:47:37+00:00
long-marton-parish-council,Long Marton Parish Council,no_web_presence_found,,,,,,2026-04-26T15:47:28+00:00
lothersdale,Lothersdale,verified,https://www.lothersdaleparishcouncil.gov.uk,pre-existing,ok,6,,2026-04-26T15:47:37+00:00
lothersdale-parish-council,Lothersdale Parish Council,verified,https://www.lothersdaleparishcouncil.gov.uk,pre-existing,ok,6,,2026-04-26T15:47:37+00:00
long-marston,Long Marston,no_web_presence_found,,,,,,2026-04-26T15:47:28+00:00
loughton-town-council,Loughton Town Council,verified,https://www.loughton-tc.gov.uk,pre-existing,ok,2,,2026-04-26T15:47:37+00:00
loose-parish-council,Loose Parish Council,verified,https://www.loose-pc.gov.uk/,pattern,ok,4,,2026-04-26T15:47:36+00:00
long-newnton-parish-council,Long Newnton Parish Council,no_web_presence_found,,,,,,2026-04-26T15:47:29+00:00
long-preston,Long Preston,no_web_presence_found,,,,,,2026-04-26T15:47:29+00:00
long-preston-parish-council,Long Preston Parish Council,no_web_presence_found,,,,,,2026-04-26T15:47:29+00:00
long-whatton-and-diseworth-parish-council,Long Whatton and Diseworth Parish Council,no_web_presence_found,,,,,,2026-04-26T15:47:30+00:00
longfield-and-new-barn-parish-council,Longfield and New Barn Parish Council,no_web_presence_found,,,,,,2026-04-26T15:47:30+00:00
longdon-queenhill-and-holdfast-parish-council,"Longdon, Queenhill and Holdfast Parish Council",no_web_presence_found,,,,,,2026-04-26T15:47:30+00:00
longney-and-epney-parish-council,Longney and Epney Parish Council,no_web_presence_found,,,,,,2026-04-26T15:47:32+00:00
lowdham-parish-council,Lowdham Parish Council,verified,https://lowdham-pc.gov.uk/,pattern,ok,1,,2026-04-26T15:47:39+00:00
longstanton-parish-council,Longstanton Parish Council,verified,https://www.longstanton-pc.gov.uk/,pattern,ok,4,,2026-04-26T15:47:34+00:00
lower-penn-parish-council,Lower Penn Parish Council,url_unreachable,https://www.sstaffs.gov.uk/council-democracy/lower-penn-parish-council.cfm,excel,unreachable (404),,,2026-04-26T15:47:41+00:00
lower-withington-parish-council,Lower Withington Parish Council,verified,https://www.lowerwithington-pc.gov.uk,pre-existing,ok,6,,2026-04-26T15:47:42+00:00
longsle-parish-council,Longsle Parish Council,no_web_presence_found,,,,,,2026-04-26T15:47:34+00:00
longwick-cum-ilmer-parish-council,Longwick cum Ilmer Parish Council,no_web_presence_found,,,,,,2026-04-26T15:47:34+00:00
longstowe-parish-council,Longstowe Parish Council,verified,https://longstoweparishcouncil.co.uk/,pattern,ok,5,,2026-04-26T15:47:34+00:00
lowside-quarter-parish-council,Lowside Quarter Parish Council,verified,https://www.lowsidequarter-pc.gov.uk,pre-existing,ok,8,,2026-04-26T15:47:45+00:00
lowther-parish-council,Lowther Parish Council,verified,https://www.lowtherparishcouncil.gov.uk,pre-existing,ok,4,,2026-04-26T15:47:45+00:00
lostock-gralam-parish-council,Lostock Gralam Parish Council,no_web_presence_found,,,,,,2026-04-26T15:47:37+00:00
loughton-great-holm-parish-council,Loughton & Great Holm Parish Council,no_web_presence_found,,,,,,2026-04-26T15:47:37+00:00
luccombe-parish-council,Luccombe Parish Council,verified,https://www.luccombe.org/parish-council/,pre-existing,ok,14,,2026-04-26T15:47:46+00:00
low-abbotside-parish-council,Low Abbotside Parish Council,no_web_presence_found,,,,,,2026-04-26T15:47:38+00:00
low-worsall-parish-council,Low Worsall Parish Council,no_web_presence_found,,,,,,2026-04-26T15:47:38+00:00
ludgershall-town-council,Ludgershall Town Council,verified,http://www.ludgershall-tc.gov.uk,pre-existing,ok,1,,2026-04-26T15:47:47+00:00
ludgvan-parish-council,Ludgvan Parish Council,verified,https://www.ludgvan.org/,pre-existing,ok,1,,2026-04-26T15:47:47+00:00
low-toynton-parish-council,Low Toynton Parish Council,no_web_presence_found,,,,,,2026-04-26T15:47:38+00:00
ludlow-town-council,Ludlow Town Council,verified,https://www.ludlow.gov.uk,pre-existing,ok,3,,2026-04-26T15:47:47+00:00
louth-parish-council,Louth Parish Council,no_web_presence_found,,,,,,2026-04-26T15:47:38+00:00
lower-halstow-parish-council,Lower Halstow Parish Council,no_web_presence_found,,,,,,2026-04-26T15:47:40+00:00
lustleigh-parish-council,Lustleigh Parish Council,verified,https://www.lustleighparishcouncil.gov.uk,pre-existing,ok,4,,2026-04-26T15:47:49+00:00
lower-beeding-parish-council,Lower Beeding Parish Council,no_web_presence_found,,,,,,2026-04-26T15:47:40+00:00
lowestoft-parish-council,Lowestoft Parish Council,verified,https://www.lowestoftpc.org.uk/,pattern,ok,,,2026-04-26T15:47:43+00:00
luttons,Luttons,verified,https://www.luttonsparishcouncil.gov.uk,pre-existing,ok,5,,2026-04-26T15:47:50+00:00
luttons-parish-council,Luttons Parish Council,verified,https://www.luttonsparishcouncil.gov.uk,pre-existing,ok,5,,2026-04-26T15:47:50+00:00
luxborough-parish-council,Luxborough Parish Council,verified,https://www.luxborough-pc.co.uk/,pre-existing,ok,15,,2026-04-26T15:47:50+00:00
luxulyan-parish-council,Luxulyan Parish Council,verified,http://www.luxulyanpc.co.uk/,pre-existing,ok,4,,2026-04-26T15:47:50+00:00
lupton-parish-council,Lupton Parish Council,verified,https://lupton-pc.gov.uk/,pattern,ok,4,,2026-04-26T15:47:48+00:00
luddesdown-parish-council,Luddesdown Parish Council,verified,https://www.luddesdown-pc.gov.uk/community/luddesdown-parish-council-13072/home/,pattern,ok,3,,2026-04-26T15:47:47+00:00
lydford-on-fosse-parish-council,Lydford on Fosse Parish Council,verified,https://lydfordonfosseparish.gov.uk/,pre-existing,ok,3,,2026-04-26T15:47:51+00:00
lower-washburn,Lower Washburn,no_web_presence_found,,,,,,2026-04-26T15:47:41+00:00
lydiard-millicent-parish-council,Lydiard Millicent Parish Council,verified,https://www.lydiardmillicent-pc.gov.uk,pre-existing,ok,6,,2026-04-26T15:47:51+00:00
lydiard-tregoze-parish-council,Lydiard Tregoze Parish Council,verified,https://www.lydiardtregoze-pc.gov.uk,pre-existing,ok,8,,2026-04-26T15:47:51+00:00
lower-heyford-parish-council,Lower Heyford Parish Council,no_web_presence_found,,,,,,2026-04-26T15:47:41+00:00
lowesby-parish-council,Lowesby Parish Council,no_web_presence_found,,,,,,2026-04-26T15:47:42+00:00
lowick-and-slipton-parish-council,Lowick and Slipton Parish Council,no_web_presence_found,,,,,,2026-04-26T15:47:43+00:00
ludham-parish-council,Ludham Parish Council,verified,https://ludham-pc.gov.uk/,pattern,ok,5,,2026-04-26T15:47:47+00:00
lymington-pennington-town-council,Lymington & Pennington Town Council,verified,https://www.lymingtonandpennington-tc.gov.uk,pre-existing,ok,1,,2026-04-26T15:47:53+00:00
loxbeare-parish-council,Loxbeare Parish Council,no_web_presence_found,,,,,,2026-04-26T15:47:45+00:00
lympne-parish-council,Lympne Parish Council,verified,https://www.lympneparishcouncil.gov.uk,pre-existing,ok,5,,2026-04-26T15:47:54+00:00
lympsham-parish-council,Lympsham Parish Council,verified,http://www.lympshamvillage.co.uk/#,pre-existing,ok,5,,2026-04-26T15:47:54+00:00
lydden-parish-council,Lydden Parish Council,verified,http://lydden-pc.gov.uk/community/lydden-parish-council-20270/home/,pattern,ok,5,,2026-04-26T15:47:50+00:00
lydiate-parish-council,Lydiate Parish Council,verified,https://lydiateparishcouncil.gov.uk/,pattern,ok,5,,2026-04-26T15:47:51+00:00
lutterworth-parish-council,Lutterworth Parish Council,verified,https://www.lutterworth.org.uk/,pattern,ok,3,,2026-04-26T15:47:49+00:00
lynford-parish-meeting,Lynford Parish Meeting,url_unreachable,https://www.norfolknalc.gov.uk,excel,unreachable,,"ConnectionError: HTTPSConnectionPool(host='www.norfolknalc.gov.uk', port=443): Max retries exceeded with url: / (Caused by NameResolutionError(""HTTPSConnection(host='www.norfolknalc.gov.uk', port=443): Failed to resol",2026-04-26T15:47:55+00:00
lyng-parish-council,Lyng Parish Council,verified,https://lyngparish.square.site/,pre-existing,ok,0,,2026-04-26T15:47:55+00:00
lyng-parish-council-1,Lyng Parish Council,verified,https://lyngparish.square.site/,pre-existing,ok,0,,2026-04-26T15:47:55+00:00
luddenham-parish-council,Luddenham Parish Council,no_web_presence_found,,,,,,2026-04-26T15:47:46+00:00
lynsted-with-kingsdown-parish-council,Lynsted with Kingsdown Parish Council,url_unreachable,https://www.swale.gov.uk,excel,unreachable (403),,,2026-04-26T15:47:55+00:00
luffincott-parish-council,Luffincott Parish Council,no_web_presence_found,,,,,,2026-04-26T15:47:47+00:00
lyneham-and-bradenstoke-parish-council,Lyneham and Bradenstoke Parish Council,verified,https://www.lynehamandbradenstoke-pc.gov.uk,excel,ok,10,,2026-04-26T15:47:54+00:00
lyminge-parish-council,Lyminge Parish Council,verified,https://www.lymingeparishcouncil.gov.uk,excel,ok,4,,2026-04-26T15:47:52+00:00
luston-group-parish-council,Luston Group Parish Council,no_web_presence_found,,,,,,2026-04-26T15:47:49+00:00
lydbrook-parish-council,Lydbrook Parish Council,no_web_presence_found,,,,,,2026-04-26T15:47:50+00:00
mabe-parish-council,Mabe Parish Council,verified,https://www.mabeparish.gov.uk,excel,ok,5,,2026-04-26T15:47:57+00:00
lound-parish-council,Lound Parish Council,verified,https://loundparishcouncil.gov.uk/,pattern,ok,1,,2026-04-26T15:47:37+00:00
maer-and-aston-parish-council,Maer and Aston Parish Council,verified,http://www.maerastonparishcouncil.co.uk/,pre-existing,ok,3,,2026-04-26T15:47:59+00:00
lyford-parish-meeting,Lyford Parish Meeting,no_web_presence_found,,,,,,2026-04-26T15:47:51+00:00
lydford-parish,Lydford Parish,no_web_presence_found,,,,,,2026-04-26T15:47:51+00:00
maiden-bradley-parish-council,Maiden Bradley Parish Council,verified,https://www.maidenbradley-pc.gov.uk,pre-existing,ok,8,,2026-04-26T15:48:00+00:00
macclesfield-town-council,Macclesfield Town Council,verified,https://www.macclesfield-tc.gov.uk,excel,ok,3,,2026-04-26T15:47:58+00:00
lyme-regis-parish-council,Lyme Regis Parish Council,no_web_presence_found,,,,,,2026-04-26T15:47:51+00:00
lyminster-and-crossbush-parish-council,Lyminster and Crossbush Parish Council,no_web_presence_found,,,,,,2026-04-26T15:47:53+00:00
lynemouth-parish-council,Lynemouth Parish Council,verified,https://www.lynemouthparishcouncil.gov.uk/community/lynemouth-parish-council-21159/home/,pattern,ok,4,,2026-04-26T15:47:54+00:00
lyneham-parish-meeting,Lyneham Parish Meeting,no_web_presence_found,,,,,,2026-04-26T15:47:54+00:00
maghull-parish-council,Maghull Parish Council,verified,https://maghull.org.uk/,pattern,ok,,,2026-04-26T15:48:00+00:00
loxley-parish-council,Loxley Parish Council,no_web_presence_found,,,,,,2026-04-26T15:47:46+00:00
lytchett-minster-and-upton-parish-council,Lytchett Minster and Upton Parish Council,no_web_presence_found,,,,,,2026-04-26T15:47:56+00:00
maisemore-parish-council,Maisemore Parish Council,verified,https://www.maisemore-pc.gov.uk,pre-existing,ok,4,,2026-04-26T15:48:06+00:00
longhope-parish-council,Longhope Parish Council,no_web_presence_found,,,,,,2026-04-26T15:47:32+00:00
maker-with-rame-parish-council,Maker with Rame Parish Council,verified,https://www.makerwithrame-pc.gov.uk,pre-existing,ok,3,,2026-04-26T15:48:06+00:00
malborough-parish-council,Malborough Parish Council,verified,https://www.malboroughparishcouncil.gov.uk,pre-existing,ok,6,,2026-04-26T15:48:06+00:00
mablethorpe-and-sutton-parish-council,Mablethorpe and Sutton Parish Council,no_web_presence_found,,,,,,2026-04-26T15:47:57+00:00
macclesfield-forest-and-wildboarclough-parish-council,Macclesfield Forest and Wildboarclough Parish Council,no_web_presence_found,,,,,,2026-04-26T15:47:57+00:00
macclesfield-forest-wildboarclough-parish-meeting,Macclesfield Forest & Wildboarclough Parish Meeting,no_web_presence_found,,,,,,2026-04-26T15:47:58+00:00
madeley-parish-council,Madeley Parish Council,verified,https://www.madeleyparishcouncil.gov.uk/,excel,ok,5,,2026-04-26T15:47:59+00:00
malmesbury-st-paul-without-parish-council,Malmesbury St Paul Without Parish Council,verified,https://www.stpaulmalmesburywithoutparishcouncil.org.uk,pre-existing,ok,3,,2026-04-26T15:48:08+00:00
malmesbury-town-council,Malmesbury Town Council,verified,http://malmesbury.gov.uk/,pre-existing,ok,1,,2026-04-26T15:48:08+00:00
magdalen-laver-parish-council,Magdalen Laver Parish Council,no_web_presence_found,,,,,,2026-04-26T15:47:59+00:00
maldon-parish-council,Maldon Parish Council,verified,https://www.maldon.gov.uk/site/,pattern,ok,1,,2026-04-26T15:48:06+00:00
malton,Malton,verified,https://www.malton-tc.gov.uk,excel,ok,1,,2026-04-26T15:48:08+00:00
maiden-bradley-with-yarnfield-parish-council,Maiden Bradley with Yarnfield Parish Council,no_web_presence_found,,,,,,2026-04-26T15:48:00+00:00
maids-moreton-parish-council,Maids Moreton Parish Council,no_web_presence_found,,,,,,2026-04-26T15:48:01+00:00
maidstone-st-annes-neighbourhood-council,Maidstone: St Annes Neighbourhood Council,no_web_presence_found,,,,,,2026-04-26T15:48:02+00:00
malpas-parish-council,Malpas Parish Council,verified,https://www.malpasparishcouncil.gov.uk/,pattern,ok,1,,2026-04-26T15:48:08+00:00
manea-parish-council,Manea Parish Council,url_unreachable,https://www.manea-pc.gov.uk,excel,unreachable,,"SSLError: HTTPSConnectionPool(host='www.manea-pc.gov.uk', port=443): Max retries exceeded with url: / (Caused by SSLError(SSLCertVerificationError(1, ""[SSL: CERTIFICATE_VERIFY_FAILED] certificate verify failed:",2026-04-26T15:48:12+00:00
maidstone-watermead-neighbourhood-council,Maidstone: Watermead Neighbourhood Council,no_web_presence_found,,,,,,2026-04-26T15:48:04+00:00
maidford-parish-council,Maidford Parish Council,no_web_presence_found,,,,,,2026-04-26T15:48:00+00:00
maidstone-weald-neighbourhood-council,Maidstone: Weald Neighbourhood Council,no_web_presence_found,,,,,,2026-04-26T15:48:05+00:00
maidwell-parish-council,Maidwell Parish Council,no_web_presence_found,,,,,,2026-04-26T15:48:05+00:00
maidstone-parish-council,Maidstone Parish Council,no_web_presence_found,,,,,,2026-04-26T15:48:02+00:00
manaton-parish-council,Manaton Parish Council,verified,https://manatonparishcouncil.gov.uk/,pattern,ok,4,,2026-04-26T15:48:11+00:00
mancetter-parish-council,Mancetter Parish Council,verified,https://mancetterparishcouncil.gov.uk/,pattern,ok,3,,2026-04-26T15:48:11+00:00
maiseyhampton-parish-council,Maiseyhampton Parish Council,no_web_presence_found,,,,,,2026-04-26T15:48:06+00:00
malham-moor-parish-council,Malham Moor Parish Council,no_web_presence_found,,,,,,2026-04-26T15:48:06+00:00
mapledurwell-and-up-nately-parish-council,Mapledurwell and Up Nately Parish Council,url_unreachable,https://www.mapledurwellandupnately-pc.gov.uk,excel,unreachable,,"ConnectionError: HTTPSConnectionPool(host='www.mapledurwellandupnately-pc.gov.uk', port=443): Max retries exceeded with url: / (Caused by NameResolutionError(""HTTPSConnection(host='www.mapledurwellandupnately-pc.gov.u",2026-04-26T15:48:15+00:00
malham-parish-council,Malham Parish Council,no_web_presence_found,,,,,,2026-04-26T15:48:06+00:00
mallerstang-parish-meeting,Mallerstang Parish Meeting,no_web_presence_found,,,,,,2026-04-26T15:48:07+00:00
marazion-town-council,Marazion Town Council,url_unreachable,https://www.marazion.info/marazion-town-council/,excel,unreachable (404),,,2026-04-26T15:48:15+00:00
mansfield-parish-council,Mansfield Parish Council,verified,https://www.mansfield.gov.uk,pattern,ok,1,,2026-04-26T15:48:15+00:00
march-town-council,March Town Council,verified,https://www.marchtowncouncil.gov.uk,pre-existing,ok,6,,2026-04-26T15:48:17+00:00
marcham-parish-council,Marcham Parish Council,url_unreachable,https://www.marchamparishcouncil.gov.uk,excel,unreachable,,"SSLError: HTTPSConnectionPool(host='www.marchamparishcouncil.gov.uk', port=443): Max retries exceeded with url: / (Caused by SSLError(SSLCertVerificationError(1, '[SSL: CERTIFICATE_VERIFY_FAILED] certificate ve",2026-04-26T15:48:17+00:00
mamhead-parish-meeting,Mamhead (Parish Meeting),no_web_presence_found,,,,,,2026-04-26T15:48:09+00:00
marchwood-parish-council,Marchwood Parish Council,verified,https://www.marchwoodparish.gov.uk,pre-existing,ok,6,,2026-04-26T15:48:18+00:00
marchington-parish-council,Marchington Parish Council,verified,https://marchingtonparishcouncil.org/,excel,ok,1,,2026-04-26T15:48:18+00:00
manfield-with-cliffe-parish-council,Manfield with Cliffe Parish Council,no_web_presence_found,,,,,,2026-04-26T15:48:13+00:00
mangerton-parish-council,Mangerton Parish Council,no_web_presence_found,,,,,,2026-04-26T15:48:13+00:00
maresfield-parish-council,Maresfield Parish Council,verified,https://www.maresfieldparish.org.uk,pre-existing,ok,8,,2026-04-26T15:48:22+00:00
margaret-roding,Margaret Roding,verified,https://www.margaretroding-pc.gov.uk,pre-existing,ok,0,,2026-04-26T15:48:22+00:00
margaret-roding-parish-council,Margaret Roding Parish Council,verified,https://www.margaretroding-pc.gov.uk,pre-existing,ok,0,,2026-04-26T15:48:22+00:00
mansergh-parish-meeting,Mansergh Parish Meeting,no_web_presence_found,,,,,,2026-04-26T15:48:14+00:00
marhamchurch-parish-council,Marhamchurch Parish Council,verified,https://www.marhamchurch-pc.gov.uk,pre-existing,ok,3,,2026-04-26T15:48:23+00:00
marholm-parish-council,Marholm Parish Council,verified,https://www.marholmparishcouncil.gov.uk,pre-existing,ok,6,,2026-04-26T15:48:23+00:00
mariansleigh-parish-meeting,Mariansleigh Parish Meeting,url_unreachable,https://www.mariansleighparish.gov.uk,excel,unreachable,,"ConnectionError: HTTPSConnectionPool(host='www.mariansleighparish.gov.uk', port=443): Max retries exceeded with url: / (Caused by NameResolutionError(""HTTPSConnection(host='www.mariansleighparish.gov.uk', port=443): F",2026-04-26T15:48:23+00:00
manley-parish-council,Manley Parish Council,no_web_presence_found,,,,,,2026-04-26T15:48:14+00:00
malton-parish-council,Malton Parish Council,verified,https://www.malton-tc.gov.uk,excel,ok,1,,2026-04-26T15:48:09+00:00
mark-cross-parish-council,Mark Cross Parish Council,url_unreachable,https://www.markcrosspc.org.uk,excel,unreachable,,"ConnectionError: HTTPSConnectionPool(host='www.markcrosspc.org.uk', port=443): Max retries exceeded with url: / (Caused by NameResolutionError(""HTTPSConnection(host='www.markcrosspc.org.uk', port=443): Failed to resol",2026-04-26T15:48:24+00:00
maperton-parish-council,Maperton Parish Council,no_web_presence_found,,,,,,2026-04-26T15:48:15+00:00
marbury-and-district-parish-council,Marbury and District Parish Council,no_web_presence_found,,,,,,2026-04-26T15:48:16+00:00
market-bosworth-parish-council,Market Bosworth Parish Council,verified,https://www.marketbosworth-pc.gov.uk,pre-existing,ok,7,,2026-04-26T15:48:25+00:00
marbury-cum-quoisley-parish-council,Marbury cum Quoisley Parish Council,no_web_presence_found,,,,,,2026-04-26T15:48:16+00:00
market-drayton-town-council,Market Drayton Town Council,verified,https://www.marketdrayton.gov.uk,pre-existing,ok,3,,2026-04-26T15:48:25+00:00
market-lavington-parish-council,Market Lavington Parish Council,verified,https://www.marketlavingtonparishcouncil.gov.uk,pre-existing,ok,5,,2026-04-26T15:48:25+00:00
mapledurham-parish-council,Mapledurham Parish Council,no_web_presence_found,,,,,,2026-04-26T15:48:15+00:00
marbury-district-parish-council,Marbury & District Parish Council,no_web_presence_found,,,,,,2026-04-26T15:48:16+00:00
market-deeping-town-council,Market Deeping Town Council,url_unreachable,https://www.marketdeeping-tc.gov.uk,excel,unreachable,,"SSLError: HTTPSConnectionPool(host='www.marketdeeping-tc.gov.uk', port=443): Max retries exceeded with url: / (Caused by SSLError(SSLCertVerificationError(1, ""[SSL: CERTIFICATE_VERIFY_FAILED] certificate verify",2026-04-26T15:48:25+00:00
markfield-parish-council,Markfield Parish Council,verified,https://www.markfieldparishcouncil.gov.uk,pre-existing,ok,6,,2026-04-26T15:48:26+00:00
marefield-parish-council,Marefield Parish Council,no_web_presence_found,,,,,,2026-04-26T15:48:19+00:00
marlborough-town-council,Marlborough Town Council,verified,http://www.marlboroughtowncouncil.gov.uk,pre-existing,ok,7,,2026-04-26T15:48:28+00:00
manaccan-parish-council,Manaccan Parish Council,url_unreachable,http://www.manaccanparishcouncil.btck.co.uk/,excel,unreachable (403),,,2026-04-26T15:48:10+00:00
marden-parish-council,Marden Parish Council,no_web_presence_found,,,,,,2026-04-26T15:48:18+00:00
marldon-parish-council,Marldon Parish Council,url_unreachable,https://www.marldonparishcouncil.org.uk,excel,unreachable,,"SSLError: HTTPSConnectionPool(host='www.marldonparishcouncil.org.uk', port=443): Max retries exceeded with url: / (Caused by SSLError(SSLEOFError(8, '[SSL: UNEXPECTED_EOF_WHILE_READING] EOF occurred in violatio",2026-04-26T15:48:28+00:00
marlow-town-council,Marlow Town Council,verified,https://www.marlow-tc.gov.uk,pre-existing,ok,5,,2026-04-26T15:48:28+00:00
mareham-on-the-hill-parish-council,Mareham on the Hill Parish Council,no_web_presence_found,,,,,,2026-04-26T15:48:22+00:00
marham-parish-council,Marham Parish Council,no_web_presence_found,,,,,,2026-04-26T15:48:22+00:00
madron-parish-council,Madron Parish Council,url_unreachable,https://madron.org/,excel,unreachable,,"ConnectionError: HTTPSConnectionPool(host='madron.org', port=443): Max retries exceeded with url: / (Caused by NameResolutionError(""HTTPSConnection(host='madron.org', port=443): Failed to resolve 'madron.org' ([Errno ",2026-04-26T15:47:59+00:00
marrick,Marrick,verified,https://www.marrickpc.org.uk,pre-existing,ok,3,,2026-04-26T15:48:32+00:00
markby-parish-council,Markby Parish Council,no_web_presence_found,,,,,,2026-04-26T15:48:24+00:00
marion-mulley-lynsted-and-kingsdown-parish-council,Marion Mulley - Lynsted and Kingsdown Parish Council,no_web_presence_found,,,,,,2026-04-26T15:48:23+00:00
marishes-parish-meeting,Marishes (Parish Meeting),no_web_presence_found,,,,,,2026-04-26T15:48:24+00:00
manifold-parish-council,Manifold Parish Council,no_web_presence_found,,,,,,2026-04-26T15:48:14+00:00
markenfield-hall-parish-meeting,Markenfield Hall (Parish Meeting),no_web_presence_found,,,,,,2026-04-26T15:48:24+00:00
market-stainton-parish-council,Market Stainton Parish Council,no_web_presence_found,,,,,,2026-04-26T15:48:25+00:00
market-rasen-parish-council,Market Rasen Parish Council,no_web_presence_found,,,,,,2026-04-26T15:48:25+00:00
marsh-gibbon-parish-council,Marsh Gibbon Parish Council,verified,https://www.marshgibbon-pc.gov.uk,excel,ok,4,,2026-04-26T15:48:32+00:00
marston-magna-parish-council,Marston Magna Parish Council,url_unreachable,https://marstonmagnaparish.co.uk/parish-council-2/,excel,unreachable,,"ConnectionError: HTTPSConnectionPool(host='marstonmagnaparish.co.uk', port=443): Max retries exceeded with url: /parish-council-2/ (Caused by NameResolutionError(""HTTPSConnection(host='marstonmagnaparish.co.uk', port=",2026-04-26T15:48:35+00:00
marske-and-new-forest,Marske and New Forest,url_unreachable,https://www.marskeandnf-pc.org.uk,excel,unreachable,,"SSLError: HTTPSConnectionPool(host='www.marskeandnf-pc.org.uk', port=443): Max retries exceeded with url: / (Caused by SSLError(SSLCertVerificationError(1, ""[SSL: CERTIFICATE_VERIFY_FAILED] certificate verify f",2026-04-26T15:48:34+00:00
markington-with-wallerthwaite,Markington with Wallerthwaite,no_web_presence_found,,,,,,2026-04-26T15:48:26+00:00
marlingford-and-colton-parish-council,Marlingford and Colton Parish Council,no_web_presence_found,,,,,,2026-04-26T15:48:28+00:00
marston-parish-council,Marston Parish Council,verified,http://www.parish-council.com/Marston/,pre-existing,ok,2,,2026-04-26T15:48:37+00:00
marston-parish-council-1,Marston Parish Council,verified,http://www.parish-council.com/Marston/,pre-existing,ok,2,,2026-04-26T15:48:37+00:00
marston-parish-council-2,Marston Parish Council,verified,http://www.parish-council.com/Marston/,pre-existing,ok,2,,2026-04-26T15:48:37+00:00
maplebeck-parish-meeting,Maplebeck Parish Meeting,no_web_presence_found,,,,,,2026-04-26T15:48:15+00:00
marlow-bottom-parish-council,Marlow Bottom Parish Council,no_web_presence_found,,,,,,2026-04-26T15:48:28+00:00
marnham-parish-council,Marnham Parish Council,no_web_presence_found,,,,,,2026-04-26T15:48:28+00:00
marsworth-parish-council,Marsworth Parish Council,verified,https://www.marsworth-pc.gov.uk,pre-existing,ok,5,,2026-04-26T15:48:38+00:00
marnhull-parish-council,Marnhull Parish Council,verified,https://marnhullparishcouncil.gov.uk/,pattern,ok,4,,2026-04-26T15:48:31+00:00
marston-st-lawrence-parish-council,Marston St Lawrence Parish Council,verified,https://www.marstonstlawrenceparishcouncil.gov.uk,excel,ok,5,,2026-04-26T15:48:37+00:00
marsham-parish-council,Marsham Parish Council,verified,https://www.marsham-pc.gov.uk/community/marsham-parish-council-13787/home/,pattern,ok,2,,2026-04-26T15:48:33+00:00
marshalsea-parish-council,Marshalsea Parish Council,no_web_presence_found,,,,,,2026-04-26T15:48:33+00:00
marstow-parish-council,Marstow Parish Council,verified,http://www.marstowpc.org.uk/,pattern,ok,3,,2026-04-26T15:48:37+00:00
martin-parish-council,Martin Parish Council,url_unreachable,https://www.martinparishcouncil.gov.uk,excel,unreachable,,"SSLError: HTTPSConnectionPool(host='www.martinparishcouncil.gov.uk', port=443): Max retries exceeded with url: / (Caused by SSLError(SSLCertVerificationError(1, ""[SSL: CERTIFICATE_VERIFY_FAILED] certificate ver",2026-04-26T15:48:42+00:00
marr-parish-meeting,Marr Parish Meeting,no_web_presence_found,,,,,,2026-04-26T15:48:32+00:00
martock-parish-council,Martock Parish Council,verified,https://martock-pc.gov.uk/,pre-existing,ok,3,,2026-04-26T15:48:43+00:00
marton-cum-grafton,Marton cum Grafton,verified,https://www.marton-cum-grafton-pc.gov.uk,pre-existing,ok,6,,2026-04-26T15:48:43+00:00
marshchapel-parish-council,Marshchapel Parish Council,no_web_presence_found,,,,,,2026-04-26T15:48:33+00:00
marshland-st-james-parish-council,Marshland St James Parish Council,no_web_presence_found,,,,,,2026-04-26T15:48:34+00:00
marshland-st-james-parish-council-1,Marshland St. James Parish Council,no_web_presence_found,,,,,,2026-04-26T15:48:34+00:00
marske-parish-council,Marske Parish Council,no_web_presence_found,,,,,,2026-04-26T15:48:34+00:00
market-weston-parish-council,Market Weston Parish Council,url_unreachable,https://www.marketweston-pc.gov.uk,excel,unreachable,,"ReadTimeout: HTTPSConnectionPool(host='www.marketweston-pc.gov.uk', port=443): Read timed out. (read timeout=6)",2026-04-26T15:48:26+00:00
marston-maisey-parish-council,Marston Maisey Parish Council,no_web_presence_found,,,,,,2026-04-26T15:48:35+00:00
mary-tavy-parish,Mary Tavy Parish,verified,https://www.marytavyparishcouncil.gov.uk,pre-existing,ok,7,,2026-04-26T15:48:44+00:00
marston-montgomery-parish-council,Marston Montgomery Parish Council,no_web_presence_found,,,,,,2026-04-26T15:48:35+00:00
masham-parish-council,Masham Parish Council,verified,https://www.masham-pc.gov.uk,pre-existing,ok,6,,2026-04-26T15:48:44+00:00
matching-parish-council,Matching Parish Council,verified,https://www.matching-pc.gov.uk,pre-existing,ok,3,,2026-04-26T15:48:44+00:00
matfen-parish-council,Matfen Parish Council,verified,https://www.matfen-pc.gov.uk,pre-existing,ok,5,,2026-04-26T15:48:44+00:00
marston-meysey-parish-meeting,Marston Meysey Parish Meeting,no_web_presence_found,,,,,,2026-04-26T15:48:35+00:00
matlock-town-council,Matlock Town Council,verified,https://www.matlock.gov.uk,pre-existing,ok,5,,2026-04-26T15:48:44+00:00
marston-trussell-parish-meeting,Marston Trussell Parish Meeting,no_web_presence_found,,,,,,2026-04-26T15:48:37+00:00
marthall-parish-council,Marthall Parish Council,no_web_presence_found,,,,,,2026-04-26T15:48:38+00:00
martham-parish-council,Martham Parish Council,verified,https://marthampc.org.uk/,pattern,ok,2,,2026-04-26T15:48:39+00:00
mattishall-parish-council,Mattishall Parish Council,verified,https://www.mattishallparish.gov.uk,pre-existing,ok,4,,2026-04-26T15:48:49+00:00
maulden-parish-council,Maulden Parish Council,verified,https://maulden-pc.gov.uk/,pattern,ok,5,,2026-04-26T15:48:49+00:00
martin-hussingtree-parish-council,Martin Hussingtree Parish Council,no_web_presence_found,,,,,,2026-04-26T15:48:41+00:00
martinhoe-parish-meeting,Martinhoe Parish Meeting,no_web_presence_found,,,,,,2026-04-26T15:48:42+00:00
martinstown-parish-council,Martinstown Parish Council,no_web_presence_found,,,,,,2026-04-26T15:48:42+00:00
mawgan-in-meneage-parish-council,Mawgan in Meneage Parish Council,verified,http://mawganparishcouncil.org.uk/,pre-existing,ok,2,,2026-04-26T15:48:51+00:00
marton-le-moor-parish-council,Marton le Moor Parish Council,no_web_presence_found,,,,,,2026-04-26T15:48:43+00:00
mawgan-in-pydar-parish-council,Mawgan In Pydar Parish Council,verified,https://www.stmawganparishcouncil.org.uk/,pre-existing,ok,4,,2026-04-26T15:48:52+00:00
marton-cum-moxby-parish-meeting,Marton-cum-Moxby (Parish Meeting),no_web_presence_found,,,,,,2026-04-26T15:48:43+00:00
mawnan-parish-council,Mawnan Parish Council,verified,http://mawnan.org.uk/,pre-existing,ok,4,,2026-04-26T15:48:52+00:00
marton-le-moor-parish-council-1,Marton-le-moor Parish Council,no_web_presence_found,,,,,,2026-04-26T15:48:43+00:00
marton-le-moor,Marton le Moor,no_web_presence_found,,,,,,2026-04-26T15:48:43+00:00
martons-both-parish-meeting,Martons Both (Parish Meeting),no_web_presence_found,,,,,,2026-04-26T15:48:44+00:00
mayfield-parish-council,Mayfield Parish Council,verified,https://mayfieldparishcouncil.org.uk/,pre-existing,ok,8,,2026-04-26T15:48:53+00:00
matlask-parish-council,Matlask Parish Council,no_web_presence_found,,,,,,2026-04-26T15:48:44+00:00
meare-parish-council,Meare Parish Council,verified,https://meare-pc.gov.uk/meare-parish-council/meare-parish-council/,pre-existing,ok,5,,2026-04-26T15:48:53+00:00
matlock-town-parish-council,Matlock Town Parish Council,no_web_presence_found,,,,,,2026-04-26T15:48:44+00:00
mears-ashby-parish-council,Mears Ashby Parish Council,verified,https://www.mearsashby-pc.gov.uk,pre-existing,ok,8,,2026-04-26T15:48:54+00:00
maryport-town-council,Maryport Town Council,no_web_presence_found,,,,,,2026-04-26T15:48:44+00:00
meavy-parish,Meavy Parish,verified,https://www.burrator.gov.uk,pre-existing,ok,4,,2026-04-26T15:48:54+00:00
meavy-parish-parish-council,Meavy Parish Parish Council,verified,https://www.burrator.gov.uk,pre-existing,ok,4,,2026-04-26T15:48:54+00:00
measham-parish-council,Measham Parish Council,url_unreachable,https://www.meashampc.gov.uk,excel,unreachable,,"ConnectionError: HTTPSConnectionPool(host='www.meashampc.gov.uk', port=443): Max retries exceeded with url: / (Caused by NameResolutionError(""HTTPSConnection(host='www.meashampc.gov.uk', port=443): Failed to resolve '",2026-04-26T15:48:54+00:00
mattersey-parish-council,Mattersey Parish Council,no_web_presence_found,,,,,,2026-04-26T15:48:46+00:00
medmenham-parish-council,Medmenham Parish Council,verified,https://www.medmenham-pc.gov.uk,excel,ok,6,,2026-04-26T15:48:56+00:00
martlesham-parish-council,Martlesham Parish Council,no_web_presence_found,,,,,,2026-04-26T15:48:43+00:00
mavesyn-ridware-parish-council,Mavesyn Ridware Parish Council,no_web_presence_found,,,,,,2026-04-26T15:48:50+00:00
mavis-enderby-parish-council,Mavis Enderby Parish Council,no_web_presence_found,,,,,,2026-04-26T15:48:50+00:00
maxey-parish-council,Maxey Parish Council,url_unreachable,https://www.maxey-pc.gov.uk,excel,unreachable,,"ReadTimeout: HTTPSConnectionPool(host='maxey-pc.gov.uk', port=443): Read timed out. (read timeout=6)",2026-04-26T15:48:52+00:00
mawgan-in-meneage-parish-council-1,Mawgan-in-Meneage Parish Council,no_web_presence_found,,,,,,2026-04-26T15:48:51+00:00
mawgan-in-pydar-parish-council-1,Mawgan-in-Pydar Parish Council,no_web_presence_found,,,,,,2026-04-26T15:48:52+00:00
maxstoke-parish-council,Maxstoke Parish Council,no_web_presence_found,,,,,,2026-04-26T15:48:52+00:00
melbecks,Melbecks,verified,https://melbecks-pc.gov.uk/,pattern,ok,1,,2026-04-26T15:48:59+00:00
mayfield-and-five-ashes-parish-council,Mayfield and Five Ashes Parish Council,no_web_presence_found,,,,,,2026-04-26T15:48:52+00:00
mearley-parish-council,Mearley Parish Council,no_web_presence_found,,,,,,2026-04-26T15:48:53+00:00
medbourne-parish-council,Medbourne Parish Council,verified,https://www.medbourneparishcouncil.gov.uk/,pattern,ok,3,,2026-04-26T15:48:54+00:00
medlar-with-wesham-parish-council,Medlar-with-wesham Parish Council,no_web_presence_found,,,,,,2026-04-26T15:48:54+00:00
marton-parish-meeting,Marton (Parish Meeting),no_web_presence_found,,,,,,2026-04-26T15:48:43+00:00
melksham-without-parish-council,Melksham Without Parish Council,verified,https://www.melkshamwithout-pc.gov.uk,pre-existing,ok,7,,2026-04-26T15:49:04+00:00
mayland-parish-council,Mayland Parish Council,verified,https://maylandparish.gov.uk/,pattern,ok,5,,2026-04-26T15:48:53+00:00
mellis-parish-council,Mellis Parish Council,verified,https://www.mellisparishcouncil.gov.uk,pre-existing,ok,3,,2026-04-26T15:49:04+00:00
mattingley-parish-council,Mattingley Parish Council,verified,https://www.mattingleyparishcouncil.gov.uk/community/mattingley-parish-council-10113/home/,pattern,ok,3,,2026-04-26T15:48:47+00:00
melbourne-parish-council,Melbourne Parish Council,verified,https://www.melbourneparishcouncil.gov.uk/,pattern,ok,3,,2026-04-26T15:49:01+00:00
meldreth-parish-council,Meldreth Parish Council,verified,https://www.meldreth-pc.gov.uk/,pattern,ok,4,,2026-04-26T15:49:03+00:00
melmerby-and-middleton-quernhow-parish-council,Melmerby and Middleton Quernhow Parish Council,verified,https://www.melmerbyandmiddleton-pc.gov.uk,excel,ok,3,,2026-04-26T15:49:05+00:00
mells-parish-council,Mells Parish Council,verified,https://mellsparishcouncil.org.uk/,excel,ok,1,,2026-04-26T15:49:05+00:00
meldon-parish-council,Meldon Parish Council,verified,https://meldonparishcouncil.gov.uk/,pattern,ok,1,,2026-04-26T15:49:03+00:00
melbourn-parish-council,Melbourn Parish Council,verified,https://melbournparishcouncil.gov.uk/,pattern,ok,4,,2026-04-26T15:49:00+00:00
melton-constable-parish-council,Melton Constable Parish Council,verified,https://www.meltonconstable-pc.gov.uk,pre-existing,ok,1,,2026-04-26T15:49:08+00:00
melksham-town-council,Melksham Town Council,verified,https://www.melksham-tc.gov.uk/,excel,ok,2,,2026-04-26T15:49:03+00:00
medstead-parish-council,Medstead Parish Council,no_web_presence_found,,,,,,2026-04-26T15:48:59+00:00
meering-parish-council,Meering Parish Council,no_web_presence_found,,,,,,2026-04-26T15:48:59+00:00
menheniot-parish-council,Menheniot Parish Council,verified,http://www.menheniotparish.org.uk/,pre-existing,ok,4,,2026-04-26T15:49:09+00:00
meesden-parish-council,Meesden Parish Council,no_web_presence_found,,,,,,2026-04-26T15:48:59+00:00
melchbourne-and-yielden-parish-council,Melchbourne and Yielden Parish Council,no_web_presence_found,,,,,,2026-04-26T15:49:01+00:00
melton-parish-council,Melton Parish Council,verified,https://www.melton.gov.uk/,pattern,ok,1,,2026-04-26T15:49:08+00:00
melcombe-regis-parish-council,Melcombe Regis Parish Council,no_web_presence_found,,,,,,2026-04-26T15:49:03+00:00
melchet-park-and-plaitford-parish-council,Melchet Park and Plaitford Parish Council,no_web_presence_found,,,,,,2026-04-26T15:49:02+00:00
mentmore-parish-council,Mentmore Parish Council,verified,https://www.mentmoreparishcouncil.gov.uk,excel,ok,5,,2026-04-26T15:49:09+00:00
meopham-parish-council,Meopham Parish Council,verified,https://meopham-pc.gov.uk/,pattern,ok,3,,2026-04-26T15:49:09+00:00
mereworth-parish-council,Mereworth Parish Council,verified,https://www.mereworthparishcouncil.gov.uk,pre-existing,ok,6,,2026-04-26T15:49:14+00:00
melkridge-parish-council,Melkridge Parish Council,verified,https://www.melkridgeparishcouncil.gov.uk/community/melkridge-parish-council-21189/home/,pattern,ok,2,,2026-04-26T15:49:03+00:00
merriott-parish-council,Merriott Parish Council,verified,https://merriottpc.org.uk/,pre-existing,ok,6,,2026-04-26T15:49:14+00:00
melplash-parish-council,Melplash Parish Council,no_web_presence_found,,,,,,2026-04-26T15:49:07+00:00
melsonby-parish-council,Melsonby Parish Council,no_web_presence_found,,,,,,2026-04-26T15:49:07+00:00
meltham-parish-council,Meltham Parish Council,no_web_presence_found,,,,,,2026-04-26T15:49:08+00:00
mendham-parish-council,Mendham Parish Council,no_web_presence_found,,,,,,2026-04-26T15:49:09+00:00
merton-parish-council,Merton Parish Council,verified,https://www.merton.gov.uk/,pattern,ok,3,,2026-04-26T15:49:17+00:00
mepal-parish-council,Mepal Parish Council,no_web_presence_found,,,,,,2026-04-26T15:49:11+00:00
mercaston-parish-meeting,Mercaston (Parish Meeting),no_web_presence_found,,,,,,2026-04-26T15:49:12+00:00
mere-town-council,Mere Town Council,no_web_presence_found,,,,,,2026-04-26T15:49:13+00:00
mere-parish-council,Mere Parish Council,no_web_presence_found,,,,,,2026-04-26T15:49:13+00:00
michelmersh-and-timsbury-parish-council,Michelmersh and Timsbury Parish Council,url_unreachable,https://www.michelmershandtimsbury-pc.gov.uk,excel,unreachable,,"ConnectionError: HTTPSConnectionPool(host='www.michelmershandtimsbury-pc.gov.uk', port=443): Max retries exceeded with url: / (Caused by NameResolutionError(""HTTPSConnection(host='www.michelmershandtimsbury-pc.gov.uk'",2026-04-26T15:49:23+00:00
mersham,Mersham,verified,https://www.mershamparishcouncil.gov.uk/community/mersham-parish-council-18392/home/,pattern,ok,6,,2026-04-26T15:49:14+00:00
merevale-parish-council,Merevale Parish Council,no_web_presence_found,,,,,,2026-04-26T15:49:14+00:00
merley-and-ferndown-parish-council,Merley and Ferndown Parish Council,no_web_presence_found,,,,,,2026-04-26T15:49:14+00:00
methwold-parish-council,Methwold Parish Council,verified,https://methwold-pc.gov.uk/,pattern,ok,1,,2026-04-26T15:49:21+00:00
metfield-parish-council,Metfield Parish Council,verified,https://metfieldparishcouncil.gov.uk/,pattern,ok,1,,2026-04-26T15:49:19+00:00
mersham-parish-council,Mersham Parish Council,verified,https://www.mershamparishcouncil.gov.uk/community/mersham-parish-council-18392/home/,pattern,ok,6,,2026-04-26T15:49:17+00:00
middleham-town,Middleham Town,verified,https://www.middlehamtowncouncil.gov.uk,pre-existing,ok,8,,2026-04-26T15:49:26+00:00
melling-parish-council,Melling Parish Council,no_web_presence_found,,,,,,2026-04-26T15:49:04+00:00
michaelstow-parish-council,Michaelstow Parish Council,verified,https://www.michaelstow-pc.gov.uk/community/michaelstow-parish-council-21057/home/,pattern,ok,4,,2026-04-26T15:49:23+00:00
melmerby-parish-meeting,Melmerby (Parish Meeting),no_web_presence_found,,,,,,2026-04-26T15:49:06+00:00
mawdesley-parish-council,Mawdesley Parish Council,no_web_presence_found,,,,,,2026-04-26T15:48:51+00:00
melverley-parish-council,Melverley Parish Council,no_web_presence_found,,,,,,2026-04-26T15:49:09+00:00
mickfield-parish-council,Mickfield Parish Council,no_web_presence_found,,,,,,2026-04-26T15:49:23+00:00
mickle-trafford-and-district-parish-council,Mickle Trafford and District Parish Council,no_web_presence_found,,,,,,2026-04-26T15:49:23+00:00
mickleby-parish-council,Mickleby Parish Council,no_web_presence_found,,,,,,2026-04-26T15:49:23+00:00
middle-aston-parish-meeting,Middle Aston Parish Meeting,no_web_presence_found,,,,,,2026-04-26T15:49:24+00:00
meshaw-parish-meeting,Meshaw Parish Meeting,no_web_presence_found,,,,,,2026-04-26T15:49:18+00:00
middle-rasen-parish-council,Middle Rasen Parish Council,no_web_presence_found,,,,,,2026-04-26T15:49:25+00:00
mettingham-parish-council,Mettingham Parish Council,no_web_presence_found,,,,,,2026-04-26T15:49:22+00:00
middleton-cheney-parish-council,Middleton Cheney Parish Council,no_web_presence_found,,,,,,2026-04-26T15:49:26+00:00
middleham-parish-council,Middleham Parish Council,no_web_presence_found,,,,,,2026-04-26T15:49:26+00:00
middleton-in-teesdale-parish-council,Middleton in Teesdale Parish Council,no_web_presence_found,,,,,,2026-04-26T15:49:27+00:00
middleton-on-leven-parish-council,Middleton-on-leven Parish Council,no_web_presence_found,,,,,,2026-04-26T15:49:29+00:00
middleton-on-sea-parish-council,Middleton-on-Sea Parish Council,url_unreachable,https://middleton-on-sea-pc.gov.uk/,pattern,unreachable,,"ReadTimeout: HTTPSConnectionPool(host='middleton-on-sea-pc.gov.uk', port=443): Read timed out. (read timeout=6)",2026-04-26T15:49:29+00:00
middleton-on-the-hill-and-leysters-group-parish-council,Middleton-on-the-Hill and Leysters Group Parish Council,no_web_presence_found,,,,,,2026-04-26T15:49:31+00:00
milborne-port-parish-council,Milborne Port Parish Council,verified,https://milborneport-pc.gov.uk,pre-existing,ok,2,,2026-04-26T15:49:41+00:00
middleton-on-the-wolds-parish-council,Middleton on the Wolds Parish Council,no_web_presence_found,,,,,,2026-04-26T15:49:31+00:00
mellor-parish-council,Mellor Parish Council,no_web_presence_found,,,,,,2026-04-26T15:49:04+00:00
mildenhall-parish-council,Mildenhall Parish Council,verified,https://mildenhallwiltshireparishcouncil.gov.uk/,pre-existing,ok,7,,2026-04-26T15:49:41+00:00
mileham-parish-council,Mileham Parish Council,verified,https://www.milehamparishcouncil.gov.uk,pre-existing,ok,2,,2026-04-26T15:49:41+00:00
milfield-parish-council,Milfield Parish Council,url_unreachable,https://www.milfied-pc.gov.uk,excel,unreachable,,"ConnectionError: HTTPSConnectionPool(host='www.milfied-pc.gov.uk', port=443): Max retries exceeded with url: / (Caused by NameResolutionError(""HTTPSConnection(host='www.milfied-pc.gov.uk', port=443): Failed to resolve",2026-04-26T15:49:41+00:00
metheringham-parish-council,Metheringham Parish Council,no_web_presence_found,,,,,,2026-04-26T15:49:21+00:00
millbrook-parish-council,Millbrook Parish Council,verified,https://millbrook-pc.gov.uk/,pre-existing,ok,4,,2026-04-26T15:49:43+00:00
millington-and-rostherne-parish-council,Millington and Rostherne Parish Council,verified,https://www.millingtonandrostherne-pc.gov.uk,pre-existing,ok,6,,2026-04-26T15:49:43+00:00
midgham-parish-council,Midgham Parish Council,verified,https://midghampc.org.uk/,pattern,ok,5,,2026-04-26T15:49:36+00:00
middleton-quernhow-parish-council,Middleton Quernhow Parish Council,no_web_presence_found,,,,,,2026-04-26T15:49:33+00:00
middleton-scriven-parish-council,Middleton Scriven Parish Council,no_web_presence_found,,,,,,2026-04-26T15:49:34+00:00
middleton-stoney-parish-council,Middleton Stoney Parish Council,no_web_presence_found,,,,,,2026-04-26T15:49:34+00:00
middleton-tyas,Middleton Tyas,no_web_presence_found,,,,,,2026-04-26T15:49:35+00:00
middop-parish-council,Middop Parish Council,no_web_presence_found,,,,,,2026-04-26T15:49:36+00:00
milton-abbot-grouped-parish-parish-council,Milton Abbot Grouped Parish Parish Council,verified,https://www.miltonabbotgroupedparishcouncil.gov.uk,pre-existing,ok,3,,2026-04-26T15:49:45+00:00
milnthorpe-parish-council,Milnthorpe Parish Council,verified,https://milnthorpe-pc.gov.uk/,pattern,ok,6,,2026-04-26T15:49:43+00:00
midhurst-parish-council,Midhurst Parish Council,no_web_presence_found,,,,,,2026-04-26T15:49:36+00:00
midsomer-norton-parish-council,Midsomer Norton Parish Council,no_web_presence_found,,,,,,2026-04-26T15:49:37+00:00
middlewich-town-council,Middlewich Town Council,verified,https://middlewichtowncouncil.gov.uk/,pattern,ok,3,,2026-04-26T15:49:36+00:00
midville-parish-council,Midville Parish Council,no_web_presence_found,,,,,,2026-04-26T15:49:38+00:00
mil-parish-council,Mil Parish Council,no_web_presence_found,,,,,,2026-04-26T15:49:39+00:00
milverton-parish-council,Milverton Parish Council,verified,https://milverton.org.uk,pre-existing,ok,0,,2026-04-26T15:49:49+00:00
milton-parish-meeting,Milton Parish Meeting,verified,https://www.milton-pc.gov.uk/,pattern,ok,3,,2026-04-26T15:49:47+00:00
milwich-with-fradswell-parish-council,Milwich with Fradswell Parish Council,verified,https://www.milwichfradswellparishcouncil.gov.uk/,pre-existing,ok,2,,2026-04-26T15:49:50+00:00
minehead-town-council,Minehead Town Council,verified,https://www.mineheadtowncouncil.gov.uk,pre-existing,ok,5,,2026-04-26T15:49:50+00:00
milby-parish-council,Milby Parish Council,no_web_presence_found,,,,,,2026-04-26T15:49:41+00:00
minety-parish-council,Minety Parish Council,verified,https://www.minety-pc.gov.uk,pre-existing,ok,5,,2026-04-26T15:49:51+00:00
milden-parish-meeting,Milden Parish Meeting,no_web_presence_found,,,,,,2026-04-26T15:49:41+00:00
milland-parish-council,Milland Parish Council,no_web_presence_found,,,,,,2026-04-26T15:49:41+00:00
minster-lovell-parish-council,Minster Lovell Parish Council,verified,https://www.minsterlovell-pc.gov.uk,pre-existing,ok,5,,2026-04-26T15:49:51+00:00
milton-under-wychwood-parish-council,Milton under Wychwood Parish Council,url_unreachable,https://www.miltonunderwychwood-pc.gov.uk,excel,unreachable,,"ConnectionError: HTTPConnectionPool(host='127.0.0.1', port=80): Max retries exceeded with url: / (Caused by NewConnectionError(""HTTPConnection(host='127.0.0.1', port=80): Failed to establish a new connection: [WinErro",2026-04-26T15:49:47+00:00
milstead-parish-council,Milstead Parish Council,no_web_presence_found,,,,,,2026-04-26T15:49:44+00:00
milson-and-neen-sollars-parish-council,Milson and Neen Sollars Parish Council,no_web_presence_found,,,,,,2026-04-26T15:49:44+00:00
milston-parish-meeting,Milston Parish Meeting,no_web_presence_found,,,,,,2026-04-26T15:49:44+00:00
milton-abbas-parish-council,Milton Abbas Parish Council,no_web_presence_found,,,,,,2026-04-26T15:49:45+00:00
milton-clevedon-parish-meeting,Milton Clevedon Parish Meeting,no_web_presence_found,,,,,,2026-04-26T15:49:46+00:00
miserden-parish-council,Miserden Parish Council,verified,https://www.miserdenparishcouncil.gov.uk,pre-existing,ok,6,,2026-04-26T15:49:56+00:00
milton-ernest-parish-council,Milton Ernest Parish Council,no_web_presence_found,,,,,,2026-04-26T15:49:46+00:00
misterton-parish-council,Misterton Parish Council,verified,https://mistertonparishcouncil.org.uk/,pre-existing,ok,6,,2026-04-26T15:49:56+00:00
milton-bryan-parish-council,Milton Bryan Parish Council,no_web_presence_found,,,,,,2026-04-26T15:49:45+00:00
minsterworth-parish-council,Minsterworth Parish Council,verified,https://www.minsterworthparishcouncil.org.uk,excel,ok,3,,2026-04-26T15:49:54+00:00
minster-on-sea-parish-council,Minster-on-Sea Parish Council,url_unreachable,https://www.swale.gov.uk,excel,unreachable (403),,,2026-04-26T15:49:51+00:00
milton-under-wychwood-parish-council-1,Milton-under-wychwood Parish Council,no_web_presence_found,,,,,,2026-04-26T15:49:48+00:00
milwich-parish-council,Milwich Parish Council,no_web_presence_found,,,,,,2026-04-26T15:49:49+00:00
minehead-without-parish-council,Minehead Without Parish Council,no_web_presence_found,,,,,,2026-04-26T15:49:50+00:00
modbury-parish-council,Modbury Parish Council,verified,https://www.modburyparishcouncil.gov.uk,pre-existing,ok,5,,2026-04-26T15:50:00+00:00
minshull-vernon-parish-council,Minshull Vernon Parish Council,no_web_presence_found,,,,,,2026-04-26T15:49:51+00:00
moira-parish-council,Moira Parish Council,url_unreachable,https://www.moirapollards.gov.uk,excel,unreachable,,"ConnectionError: HTTPSConnectionPool(host='www.moirapollards.gov.uk', port=443): Max retries exceeded with url: / (Caused by NameResolutionError(""HTTPSConnection(host='www.moirapollards.gov.uk', port=443): Failed to r",2026-04-26T15:50:01+00:00
mitford-parish-council,Mitford Parish Council,verified,https://www.mitfordparishcouncil.gov.uk/,pattern,ok,3,,2026-04-26T15:49:56+00:00
minster-parish-council,Minster Parish Council,no_web_presence_found,,,,,,2026-04-26T15:49:52+00:00
moggerhanger-parish-council,Moggerhanger Parish Council,verified,https://moggerhanger-pc.gov.uk/,pattern,ok,6,,2026-04-26T15:50:00+00:00
misson-parish-council,Misson Parish Council,verified,https://www.missonparishcouncil.gov.uk/community/misson-parish-council-8129/home/,pattern,ok,7,,2026-04-26T15:49:56+00:00
minterne-magna-parish-council,Minterne Magna Parish Council,no_web_presence_found,,,,,,2026-04-26T15:49:54+00:00
mollington-parish-council,Mollington Parish Council,url_unreachable,https://www.mollingtonoxon-pc.gov.uk,excel,unreachable,,"SSLError: HTTPSConnectionPool(host='www.mollingtonoxon-pc.gov.uk', port=443): Max retries exceeded with url: / (Caused by SSLError(SSLEOFError(8, '[SSL: UNEXPECTED_EOF_WHILE_READING] EOF occurred in violation o",2026-04-26T15:50:02+00:00
minstead-parish-council,Minstead Parish Council,verified,https://minstead.org.uk/,pattern,ok,5,,2026-04-26T15:49:51+00:00
millom-town-council,Millom Town Council,no_web_presence_found,,,,,,2026-04-26T15:49:43+00:00
minting-parish-council,Minting Parish Council,no_web_presence_found,,,,,,2026-04-26T15:49:55+00:00
minsterley-parish-council,Minsterley Parish Council,verified,https://minsterley.org.uk/,pattern,ok,,,2026-04-26T15:49:54+00:00
monksilver-parish-council,Monksilver Parish Council,verified,https://monksilver.org,pre-existing,ok,9,,2026-04-26T15:50:05+00:00
misterton-with-walcote-parish-council,Misterton with Walcote Parish Council,no_web_presence_found,,,,,,2026-04-26T15:49:56+00:00
mitcheldean-parish-council,Mitcheldean Parish Council,no_web_presence_found,,,,,,2026-04-26T15:49:56+00:00
montacute-parish-council,Montacute Parish Council,verified,http://www.montacuteparishcouncil.com/community/montacute-parish-council-7985/home/,pre-existing,ok,5,,2026-04-26T15:50:06+00:00
montford-parish-council,Montford Parish Council,verified,https://www.montford-pc.gov.uk,pre-existing,ok,0,,2026-04-26T15:50:06+00:00
monxton-parish-council,Monxton Parish Council,url_unreachable,https://www.monxton-pc.gov.uk,excel,unreachable,,"ConnectionError: HTTPSConnectionPool(host='www.monxton-pc.gov.uk', port=443): Max retries exceeded with url: / (Caused by NameResolutionError(""HTTPSConnection(host='www.monxton-pc.gov.uk', port=443): Failed to resolve",2026-04-26T15:50:06+00:00
mixbury-parish-meeting,Mixbury Parish Meeting,no_web_presence_found,,,,,,2026-04-26T15:49:58+00:00
molash-parish-council,Molash Parish Council,verified,https://molashpc.org.uk/,pattern,ok,6,,2026-04-26T15:50:01+00:00
mithian-parish-council,Mithian Parish Council,no_web_presence_found,,,,,,2026-04-26T15:49:57+00:00
moor-park-parish-council,Moor Park Parish Council,url_unreachable,https://www.moorpark-pc.gov.uk,excel,unreachable,,"ConnectionError: HTTPSConnectionPool(host='www.moorpark-pc.gov.uk', port=443): Max retries exceeded with url: / (Caused by NameResolutionError(""HTTPSConnection(host='www.moorpark-pc.gov.uk', port=443): Failed to resol",2026-04-26T15:50:09+00:00
middleton-parish-council,Middleton Parish Council,verified,https://www.middletonparishcouncil.gov.uk/community/middleton-cum-fordley-18414/home/,pattern,ok,4,,2026-04-26T15:49:33+00:00
molash,Molash,verified,https://molashpc.org.uk/,pattern,ok,6,,2026-04-26T15:50:01+00:00
molland-parish-council,Molland Parish Council,no_web_presence_found,,,,,,2026-04-26T15:50:02+00:00
mobberley-parish-council,Mobberley Parish Council,verified,https://www.mobberleyparishcouncil.co.uk/,pattern,ok,4,,2026-04-26T15:49:59+00:00
monewden-parish-council,Monewden Parish Council,no_web_presence_found,,,,,,2026-04-26T15:50:03+00:00
monk-fryston-parish-council,Monk Fryston Parish Council,no_web_presence_found,,,,,,2026-04-26T15:50:03+00:00
monk-soham-parish-council,Monk Soham Parish Council,no_web_presence_found,,,,,,2026-04-26T15:50:03+00:00
monks-horton-parish-council,Monks Horton Parish Council,no_web_presence_found,,,,,,2026-04-26T15:50:04+00:00
monks-kirby-parish-council,Monks Kirby Parish Council,no_web_presence_found,,,,,,2026-04-26T15:50:05+00:00
monkton-farleigh-parish-council,Monkton Farleigh Parish Council,no_web_presence_found,,,,,,2026-04-26T15:50:05+00:00
monkton-up-wimborne-parish-council,Monkton Up Wimborne Parish Council,no_web_presence_found,,,,,,2026-04-26T15:50:06+00:00
moore-parish-council,Moore Parish Council,verified,https://www.domainportfolio.uk/full-domain-list.html,pattern,ok,,,2026-04-26T15:50:09+00:00
monkleigh-parish-council,Monkleigh Parish Council,verified,https://monkleighparishcouncil.co.uk/,pattern,ok,2,,2026-04-26T15:50:04+00:00
moreton-valance-parish-council,Moreton Valance Parish Council,url_unreachable,https://www.moretonvalance-pc.gov.uk,excel,unreachable,,"ConnectionError: HTTPSConnectionPool(host='www.moretonvalance-pc.gov.uk', port=443): Max retries exceeded with url: / (Caused by NameResolutionError(""HTTPSConnection(host='www.moretonvalance-pc.gov.uk', port=443): Fai",2026-04-26T15:50:16+00:00
moretonhampstead,Moretonhampstead,verified,https://www.moretonhampstead-pc.gov.uk,pre-existing,ok,4,,2026-04-26T15:50:16+00:00
moretonhampstead-parish-council,Moretonhampstead Parish Council,verified,https://www.moretonhampstead-pc.gov.uk,pre-existing,ok,4,,2026-04-26T15:50:16+00:00
monyash-parish-council,Monyash Parish Council,no_web_presence_found,,,,,,2026-04-26T15:50:06+00:00
moor-monkton,Moor Monkton,no_web_presence_found,,,,,,2026-04-26T15:50:08+00:00
moorland-parish-council,Moorland Parish Council,no_web_presence_found,,,,,,2026-04-26T15:50:09+00:00
morebath-parish-council,Morebath Parish Council,verified,https://morebathpc.org.uk/,pattern,ok,4,,2026-04-26T15:50:13+00:00
morpeth-parish-council,Morpeth Parish Council,verified,https://www.alwintonparishcouncil.gov.uk,pre-existing,ok,3,,2026-04-26T15:50:20+00:00
moorlinch-parish-meeting,Moorlinch Parish Meeting,no_web_presence_found,,,,,,2026-04-26T15:50:11+00:00
moorthorpe-parish-council,Moorthorpe Parish Council,no_web_presence_found,,,,,,2026-04-26T15:50:12+00:00
morley-parish-council,Morley Parish Council,verified,https://www.morley.gov.uk/,pattern,ok,5,,2026-04-26T15:50:18+00:00
morchard-bishop-parish-council,Morchard Bishop Parish Council,no_web_presence_found,,,,,,2026-04-26T15:50:13+00:00
moreton-pinkney-parish-council,Moreton Pinkney Parish Council,verified,https://www.moreton-pinkney.org.uk/,pattern,ok,3,,2026-04-26T15:50:16+00:00
morton-parish-council,Morton Parish Council,verified,https://www.mortonparishcouncil.org.uk,pre-existing,ok,11,,2026-04-26T15:50:23+00:00
morecambe-parish-council,Morecambe Parish Council,verified,https://www.morecambe.gov.uk/,pattern,ok,3,,2026-04-26T15:50:14+00:00
moreton-bobbingworth-and-the-lavers-parish-council,"Moreton, Bobbingworth and the Lavers Parish Council",no_web_presence_found,,,,,,2026-04-26T15:50:14+00:00
morval-parish-council,Morval Parish Council,verified,https://www.morvalparishcouncil.org.uk,pre-existing,ok,5,,2026-04-26T15:50:24+00:00
moreton-cum-alcumlow-parish-council,Moreton cum Alcumlow Parish Council,no_web_presence_found,,,,,,2026-04-26T15:50:15+00:00
more-parish-council,More Parish Council,no_web_presence_found,,,,,,2026-04-26T15:50:13+00:00
moreton-parish-council,Moreton Parish Council,no_web_presence_found,,,,,,2026-04-26T15:50:15+00:00
moss-and-district-parish-council,Moss and District Parish Council,url_unreachable,https://www.mossanddistrict-pc.gov.uk,excel,unreachable,,"SSLError: HTTPSConnectionPool(host='www.mossanddistrict-pc.gov.uk', port=443): Max retries exceeded with url: / (Caused by SSLError(SSLEOFError(8, '[SSL: UNEXPECTED_EOF_WHILE_READING] EOF occurred in violation ",2026-04-26T15:50:25+00:00
moor-parish-council,Moor Parish Council,no_web_presence_found,,,,,,2026-04-26T15:50:08+00:00
mottram-st-andrew-parish-council,Mottram St Andrew Parish Council,verified,https://www.mottramstandrewpc.org.uk,pre-existing,ok,6,,2026-04-26T15:50:26+00:00
moreton-in-marsh-parish-council,Moreton-in-marsh Parish Council,no_web_presence_found,,,,,,2026-04-26T15:50:15+00:00
morningthorpe-and-fritton-parish-council,Morningthorpe (and Fritton) Parish Council,no_web_presence_found,,,,,,2026-04-26T15:50:18+00:00
moulsford-parish-council,Moulsford Parish Council,verified,https://www.moulsford-pc.org.uk,pre-existing,ok,8,,2026-04-26T15:50:27+00:00
morston-parish-council,Morston Parish Council,verified,https://morston-pc.gov.uk/,pattern,ok,,,2026-04-26T15:50:20+00:00
morningthorpe-and-fritton-parish-council-1,Morningthorpe and Fritton Parish Council,no_web_presence_found,,,,,,2026-04-26T15:50:19+00:00
mortimer-west-end-parish-council,Mortimer West End Parish Council,no_web_presence_found,,,,,,2026-04-26T15:50:21+00:00
morland-parish-council,Morland Parish Council,no_web_presence_found,,,,,,2026-04-26T15:50:16+00:00
morton-bagot-parish-council,Morton Bagot Parish Council,no_web_presence_found,,,,,,2026-04-26T15:50:22+00:00
morwenstow-parish-council,Morwenstow Parish Council,verified,https://www.morwenstowparish.gov.uk,pattern,ok,3,,2026-04-26T15:50:24+00:00
morton-on-the-hill-parish-meeting,Morton on the Hill Parish Meeting,no_web_presence_found,,,,,,2026-04-26T15:50:22+00:00
morton-palms-parish-council,Morton Palms Parish Council,no_web_presence_found,,,,,,2026-04-26T15:50:23+00:00
morton-tinmouth-parish-council,Morton Tinmouth Parish Council,no_web_presence_found,,,,,,2026-04-26T15:50:23+00:00
much-wenlock-town-council,Much Wenlock Town Council,verified,https://www.muchwenlock-tc.gov.uk,pre-existing,ok,9,,2026-04-26T15:50:32+00:00
muchelney-parish-meeting,Muchelney Parish Meeting,url_unreachable,https://www.muchelneyparish.gov.uk,excel,unreachable,,"ConnectionError: HTTPSConnectionPool(host='www.muchelneyparish.gov.uk', port=443): Max retries exceeded with url: / (Caused by NameResolutionError(""HTTPSConnection(host='www.muchelneyparish.gov.uk', port=443): Failed ",2026-04-26T15:50:32+00:00
muckstone-and-oakthorpe-parish-council,Muckstone and Oakthorpe Parish Council,url_unreachable,https://www.muckstoneoakthorpe-pc.gov.uk,excel,unreachable,,"ConnectionError: HTTPSConnectionPool(host='www.muckstoneoakthorpe-pc.gov.uk', port=443): Max retries exceeded with url: / (Caused by NameResolutionError(""HTTPSConnection(host='www.muckstoneoakthorpe-pc.gov.uk', port=4",2026-04-26T15:50:32+00:00
morvah-parish-meeting,Morvah Parish Meeting,no_web_presence_found,,,,,,2026-04-26T15:50:23+00:00
mudford-parish-council,Mudford Parish Council,verified,https://mudford-pc.gov.uk/,pre-existing,ok,4,,2026-04-26T15:50:33+00:00
mouldsworth-parish-council,Mouldsworth Parish Council,verified,https://mouldsworth-pc.gov.uk/,pattern,ok,5,,2026-04-26T15:50:27+00:00
mountfield-parish-council,Mountfield Parish Council,verified,https://mountfield.org.uk/,pattern,ok,2,,2026-04-26T15:50:29+00:00
mulbarton-parish-council,Mulbarton Parish Council,verified,https://www.mulbarton-pc.gov.uk,pre-existing,ok,6,,2026-04-26T15:50:34+00:00
moston-parish-council,Moston Parish Council,verified,https://www.mostonparishcouncil.gov.uk/community/moston-parish-council-20844/home/,pattern,ok,3,,2026-04-26T15:50:26+00:00
mullion-parish-council,Mullion Parish Council,verified,http://www.mullionparishcouncil.org.uk/,pre-existing,ok,2,,2026-04-26T15:50:35+00:00
muncaster-parish-council,Muncaster Parish Council,verified,https://www.muncaster-pc.gov.uk,pre-existing,ok,4,,2026-04-26T15:50:35+00:00
mundesley-parish-council,Mundesley Parish Council,verified,https://www.mundesley-pc.gov.uk,pre-existing,ok,4,,2026-04-26T15:50:35+00:00
mottram-st-andrew-parish-council-1,Mottram St. Andrew Parish Council,no_web_presence_found,,,,,,2026-04-26T15:50:26+00:00
muker,Muker,verified,https://yorkshireparishes.gov.uk/council/muker-parish-council/,pattern,ok,2,,2026-04-26T15:50:33+00:00
mountsorrel-parish-council,Mountsorrel Parish Council,verified,https://www.mountsorrelparishcouncil.gov.uk/,pattern,ok,5,,2026-04-26T15:50:30+00:00
mowsley-parish-council,Mowsley Parish Council,no_web_presence_found,,,,,,2026-04-26T15:50:31+00:00
much-birch-parish-council,Much Birch Parish Council,no_web_presence_found,,,,,,2026-04-26T15:50:31+00:00
much-dewchurch-parish-council,Much Dewchurch Parish Council,no_web_presence_found,,,,,,2026-04-26T15:50:31+00:00
much-hadham-parish-council,Much Hadham Parish Council,no_web_presence_found,,,,,,2026-04-26T15:50:32+00:00
much-hoole-parish-council,Much Hoole Parish Council,no_web_presence_found,,,,,,2026-04-26T15:50:32+00:00
muckton-parish-council,Muckton Parish Council,no_web_presence_found,,,,,,2026-04-26T15:50:32+00:00
muker-parish-council,Muker Parish Council,verified,https://yorkshireparishes.gov.uk/council/muker-parish-council/,pattern,ok,2,,2026-04-26T15:50:33+00:00
moulton-parish-meeting,Moulton (Parish Meeting),verified,https://moultonparishcouncil.gov.uk/,pattern,ok,2,,2026-04-26T15:50:28+00:00
moss-parish-council,Moss Parish Council,no_web_presence_found,,,,,,2026-04-26T15:50:25+00:00
nailstone-parish-council,Nailstone Parish Council,url_unreachable,https://www.nailstonepc.gov.uk,excel,unreachable,,"ConnectionError: HTTPSConnectionPool(host='www.nailstonepc.gov.uk', port=443): Max retries exceeded with url: / (Caused by NameResolutionError(""HTTPSConnection(host='www.nailstonepc.gov.uk', port=443): Failed to resol",2026-04-26T15:50:43+00:00
mull-hill-parish-council,Mull Hill Parish Council,no_web_presence_found,,,,,,2026-04-26T15:50:34+00:00
murton-parish-council,Murton Parish Council,verified,https://www.murton-cumbria-pc.gov.uk/,pattern,ok,1,,2026-04-26T15:50:39+00:00
narborough-parish-council,Narborough Parish Council,verified,https://www.narborough-norfolk-pc.gov.uk,pre-existing,ok,6,,2026-04-26T15:50:44+00:00
naseby-parish-council,Naseby Parish Council,verified,https://www.nasebyparishcouncil.gov.uk,pre-existing,ok,7,,2026-04-26T15:50:44+00:00
munstead-and-tuesley-parish-council,Munstead and Tuesley Parish Council,no_web_presence_found,,,,,,2026-04-26T15:50:35+00:00
mundford-parish-council,Mundford Parish Council,verified,https://mundfordparishcouncil.co.uk/,pattern,ok,1,,2026-04-26T15:50:35+00:00
moulton-parish-council,Moulton Parish Council,verified,https://www.moultonparishcouncil.gov.uk,excel,ok,2,,2026-04-26T15:50:27+00:00
nash-parish-council-1,Nash Parish Council,verified,https://www.nashpc.org.uk,excel,ok,6,,2026-04-26T15:50:44+00:00
natland-parish-council,Natland Parish Council,verified,https://natland-pc.gov.uk/,pattern,ok,2,,2026-04-26T15:50:45+00:00
nantwich-town-council,Nantwich Town Council,verified,https://www.nantwichtowncouncil.gov.uk,excel,ok,7,,2026-04-26T15:50:43+00:00
murley-parish-council,Murley Parish Council,no_web_presence_found,,,,,,2026-04-26T15:50:39+00:00
nawton,Nawton,verified,https://www.nawtonparishcouncil.gov.uk,excel,ok,3,,2026-04-26T15:50:47+00:00
nayland-with-wissington-parish-council,Nayland with Wissington Parish Council,url_unreachable,https://www.naylandwithwissington-pc.gov.uk,excel,unreachable,,"SSLError: HTTPSConnectionPool(host='www.naylandwithwissington-pc.gov.uk', port=443): Max retries exceeded with url: / (Caused by SSLError(SSLCertVerificationError(1, ""[SSL: CERTIFICATE_VERIFY_FAILED] certificat",2026-04-26T15:50:48+00:00
naunton-parish-council,Naunton Parish Council,verified,https://naunton-pc.gov.uk/,pattern,ok,2,,2026-04-26T15:50:45+00:00
muston-parish-council,Muston Parish Council,no_web_presence_found,,,,,,2026-04-26T15:50:40+00:00
nash-parish-council,Nash Parish Council,verified,https://www.nash-bucks-pc.gov.uk,excel,ok,5,,2026-04-26T15:50:44+00:00
myland-parish-council,Myland Parish Council,no_web_presence_found,,,,,,2026-04-26T15:50:41+00:00
myerscough-and-bilsborrow-parish-council,Myerscough and Bilsborrow Parish Council,no_web_presence_found,,,,,,2026-04-26T15:50:41+00:00
myton-on-swale-parish-meeting,Myton-on-Swale (Parish Meeting),no_web_presence_found,,,,,,2026-04-26T15:50:41+00:00
myndtown-parish-council,Myndtown Parish Council,no_web_presence_found,,,,,,2026-04-26T15:50:41+00:00
nadersford-parish-council,Nadersford Parish Council,no_web_presence_found,,,,,,2026-04-26T15:50:42+00:00
neroche-parish-council-grouped-council-to-include-bickenhall-curland-orchard-portman-and-thurlbear-and-staple-fitzpaine,"Neroche - Parish Council (Grouped Council to include Bickenhall, Curland, Orchard Portman and Thurlbear and Staple Fitzpaine)",verified,https://www.nerochevillages.org.uk/,pre-existing,ok,6,,2026-04-26T15:50:51+00:00
nawton-parish-council,Nawton Parish Council,verified,https://www.nawtonparishcouncil.gov.uk,excel,ok,3,,2026-04-26T15:50:47+00:00
needham-market-town-council,Needham Market Town Council,verified,https://www.needhammarket-tc.gov.uk,excel,ok,6,,2026-04-26T15:50:50+00:00
nailsea-parish-council,Nailsea Parish Council,no_web_presence_found,,,,,,2026-04-26T15:50:42+00:00
nalby-parish-council,Nalby Parish Council,no_web_presence_found,,,,,,2026-04-26T15:50:43+00:00
nether-heyford-parish-council,Nether Heyford Parish Council,verified,https://www.netherheyfordparishcouncil.gov.uk,excel,ok,3,,2026-04-26T15:50:52+00:00
nazeing-parish-council,Nazeing Parish Council,verified,https://nazeingparishcouncil.gov.uk/,pattern,ok,5,,2026-04-26T15:50:49+00:00
neasham-parish-council,Neasham Parish Council,verified,https://neashamparishcouncil.gov.uk/,pattern,ok,1,,2026-04-26T15:50:49+00:00
navenby-parish-council,Navenby Parish Council,no_web_presence_found,,,,,,2026-04-26T15:50:46+00:00
nether-alderley-parish-council,Nether Alderley Parish Council,verified,https://www.netheralderleyparishcouncil.gov.uk,excel,ok,5,,2026-04-26T15:50:52+00:00
nether-stowey-parish-council,Nether Stowey Parish Council,verified,https://netherstowey-pc.gov.uk/,pre-existing,ok,7,,2026-04-26T15:50:55+00:00
nether-langwith-parish-council,Nether Langwith Parish Council,verified,https://nether-langwith-pc.gov.uk/,pattern,ok,5,,2026-04-26T15:50:54+00:00
neston-town-council,Neston Town Council,verified,https://nestontowncouncil.gov.uk/,pattern,ok,4,,2026-04-26T15:50:51+00:00
nayland-with-wissington-parish-council-1,Nayland-with-wissington Parish Council,no_web_presence_found,,,,,,2026-04-26T15:50:48+00:00
netherhampton-parish-council,Netherhampton Parish Council,verified,https://netherhamptonparishcouncil.gov.uk/,pre-existing,ok,6,,2026-04-26T15:50:57+00:00
musgrave-parish-council,Musgrave Parish Council,no_web_presence_found,,,,,,2026-04-26T15:50:40+00:00
necton-parish-council,Necton Parish Council,no_web_presence_found,,,,,,2026-04-26T15:50:49+00:00
neen-sollars-parish-council,Neen Sollars Parish Council,no_web_presence_found,,,,,,2026-04-26T15:50:50+00:00
netley-marsh-parish-council,Netley Marsh Parish Council,verified,https://www.netleymarsh-pc.gov.uk,pre-existing,ok,9,,2026-04-26T15:50:59+00:00
nettlebed-parish-council,Nettlebed Parish Council,verified,https://www.nettlebed-pc.gov.uk,pre-existing,ok,5,,2026-04-26T15:50:59+00:00
nettlecombe-parish-council,Nettlecombe Parish Council,verified,http://www.nettlecombewestsomerset.life/,pre-existing,ok,7,,2026-04-26T15:50:59+00:00
mossley-parish-council,Mossley Parish Council,no_web_presence_found,,,,,,2026-04-26T15:50:25+00:00
nettleden-with-pratling-street-parish-council,Nettleden with Pratling Street Parish Council,url_unreachable,https://www.nettledenpc.org.uk,excel,unreachable,,"ConnectionError: HTTPSConnectionPool(host='www.nettledenpc.org.uk', port=443): Max retries exceeded with url: / (Caused by NameResolutionError(""HTTPSConnection(host='www.nettledenpc.org.uk', port=443): Failed to resol",2026-04-26T15:50:59+00:00
neenton-parish-council,Neenton Parish Council,no_web_presence_found,,,,,,2026-04-26T15:50:50+00:00
nesfield-with-langbar-parish-council,Nesfield with Langbar Parish Council,no_web_presence_found,,,,,,2026-04-26T15:50:51+00:00
nether-haddon-parish-meeting,Nether Haddon (Parish Meeting),no_web_presence_found,,,,,,2026-04-26T15:50:52+00:00
new-alresford-town-council,New Alresford Town Council,verified,https://www.newalresford-tc.gov.uk,pre-existing,ok,5,,2026-04-26T15:51:01+00:00
new-buckenham-parish-council,New Buckenham Parish Council,verified,https://www.newbuckenhamparishcouncil.gov.uk,pre-existing,ok,6,,2026-04-26T15:51:01+00:00
nettleham-parish-council,Nettleham Parish Council,verified,https://nettleham.parish.lincolnshire.gov.uk,pattern,ok,4,,2026-04-26T15:50:59+00:00
nedging-with-naughton-parish-council,Nedging with Naughton Parish Council,url_unreachable,https://www.nedgingwithnaughton-pc.gov.uk,excel,unreachable,,"ConnectTimeout: HTTPSConnectionPool(host='www.nedgingwithnaughton-pc.gov.uk', port=443): Max retries exceeded with url: / (Caused by ConnectTimeoutError(<HTTPSConnection(host='www.nedgingwithnaughton-pc.gov.uk', port",2026-04-26T15:50:50+00:00
nether-kellet-parish-council,Nether Kellet Parish Council,no_web_presence_found,,,,,,2026-04-26T15:50:53+00:00
nether-peover-parish-council,Nether Peover Parish Council,no_web_presence_found,,,,,,2026-04-26T15:50:55+00:00
new-milton-town-council,New Milton Town Council,verified,https://www.newmiltontowncouncil.gov.uk,pre-existing,ok,4,,2026-04-26T15:51:04+00:00
nether-poppleton-parish-council,Nether Poppleton Parish Council,no_web_presence_found,,,,,,2026-04-26T15:50:55+00:00
nether-whitacre-parish-council,Nether Whitacre Parish Council,no_web_presence_found,,,,,,2026-04-26T15:50:55+00:00
netheravon-parish-council,Netheravon Parish Council,verified,https://www.netheravonparishcouncil.co.uk/,pattern,ok,9,,2026-04-26T15:50:57+00:00
nether-wyresdale-parish-council,Nether Wyresdale Parish Council,no_web_presence_found,,,,,,2026-04-26T15:50:56+00:00
newbiggin-by-the-sea-parish-council,Newbiggin-by-the-Sea Parish Council,verified,https://www.newbiggintowncouncil.gov.uk,pre-existing,ok,6,,2026-04-26T15:51:05+00:00
netherwitton-parish-council,Netherwitton Parish Council,verified,https://netherwittonparishcouncil.gov.uk/,pattern,ok,1,,2026-04-26T15:50:58+00:00
newbold-astbury-cum-moreton-parish-council,Newbold Astbury-cum-Moreton Parish Council,verified,https://www.astbury-moreton-pc.gov.uk,pre-existing,ok,5,,2026-04-26T15:51:06+00:00
netherton-parish-council,Netherton Parish Council,no_web_presence_found,,,,,,2026-04-26T15:50:57+00:00
netherton-with-biddlestone-parish-council,Netherton with Biddlestone Parish Council,no_web_presence_found,,,,,,2026-04-26T15:50:58+00:00
nettlestead-parish-meeting,Nettlestead Parish Meeting,no_web_presence_found,,,,,,2026-04-26T15:50:59+00:00
newbold-verdon-parish-council,Newbold Verdon Parish Council,verified,https://www.newboldverdon-pc.gov.uk,pre-existing,ok,8,,2026-04-26T15:51:08+00:00
newborough-and-borough-fen-parish-council,Newborough and Borough Fen Parish Council,verified,https://www.newboroughandboroughfen-pc.gov.uk,pre-existing,ok,6,,2026-04-26T15:51:08+00:00
nevill-holt-parish-council,Nevill Holt Parish Council,no_web_presence_found,,,,,,2026-04-26T15:51:00+00:00
newbottle-parish-council,Newbottle Parish Council,verified,https://www.newbottleparishcouncil.gov.uk,pre-existing,ok,9,,2026-04-26T15:51:09+00:00
newark-town-council,Newark Town Council,verified,https://www.newark.gov.uk/,pattern,ok,3,,2026-04-26T15:51:05+00:00
new-byth-parish-council,New Byth Parish Council,no_web_presence_found,,,,,,2026-04-26T15:51:01+00:00
newbury-town-council,Newbury Town Council,verified,https://www.newbury.gov.uk,pre-existing,ok,12,,2026-04-26T15:51:10+00:00
new-leake-parish-council,New Leake Parish Council,no_web_presence_found,,,,,,2026-04-26T15:51:01+00:00
new-forest-parish-council,New Forest Parish Council,no_web_presence_found,,,,,,2026-04-26T15:51:01+00:00
nettleton-parish-council,Nettleton Parish Council,no_web_presence_found,,,,,,2026-04-26T15:50:59+00:00
new-malton-parish-council,New Malton Parish Council,no_web_presence_found,,,,,,2026-04-26T15:51:02+00:00
nelson-parish-council,Nelson Parish Council,no_web_presence_found,,,,,,2026-04-26T15:50:50+00:00
newenden,Newenden,verified,https://www.Newenden-PC.gov.uk,pre-existing,ok,4,,2026-04-26T15:51:12+00:00
newent-town-council,Newent Town Council,verified,https://www.newenttowncouncil.gov.uk,pre-existing,ok,5,,2026-04-26T15:51:12+00:00
new-waltham-parish-council,New Waltham Parish Council,no_web_presence_found,,,,,,2026-04-26T15:51:04+00:00
newhaven-town-council,Newhaven Town Council,verified,https://www.newhaventowncouncil.gov.uk,pre-existing,ok,9,,2026-04-26T15:51:13+00:00
newhaven-town-council-1,Newhaven Town Council,verified,https://www.newhaventowncouncil.gov.uk,pre-existing,ok,9,,2026-04-26T15:51:13+00:00
new-romney-town-council,New Romney Town Council,no_web_presence_found,,,,,,2026-04-26T15:51:04+00:00
newall-with-clifton-parish-council,Newall with Clifton Parish Council,no_web_presence_found,,,,,,2026-04-26T15:51:04+00:00
newbiggin-by-the-sea-parish-council-1,Newbiggin by the Sea Parish Council,no_web_presence_found,,,,,,2026-04-26T15:51:05+00:00
newbold-pacey-and-ashorne-parish-council,Newbold Pacey and Ashorne Parish Council,no_web_presence_found,,,,,,2026-04-26T15:51:06+00:00
newmarket-town-council,Newmarket Town Council,verified,https://www.newmarket.gov.uk,pre-existing,ok,3,,2026-04-26T15:51:15+00:00
newburgh-parish-meeting,Newburgh (Parish Meeting),verified,https://newburghparishcouncil.gov.uk/,pattern,ok,2,,2026-04-26T15:51:10+00:00
newbold-pacey-parish-council,Newbold Pacey Parish Council,no_web_presence_found,,,,,,2026-04-26T15:51:06+00:00
newington-parish-council,Newington Parish Council,verified,https://www.newingtonoxford-pc.gov.uk,excel,ok,2,,2026-04-26T15:51:13+00:00
newquay-town-council,Newquay Town Council,url_unreachable,https://www.newquaycouncil.uk/,excel,unreachable,,"SSLError: HTTPSConnectionPool(host='www.newquaycouncil.uk', port=443): Max retries exceeded with url: / (Caused by SSLError(SSLError(1, '[SSL: TLSV1_ALERT_INTERNAL_ERROR] tlsv1 alert internal error (_ssl.c:1032",2026-04-26T15:51:16+00:00
newbold-parish-council,Newbold Parish Council,no_web_presence_found,,,,,,2026-04-26T15:51:07+00:00
newland,Newland,verified,https://newland-pc.gov.uk/,pattern,ok,1,,2026-04-26T15:51:14+00:00
newstead-parish-council,Newstead Parish Council,url_unreachable,https://www.newsteadparishcouncil.gov.uk,excel,unreachable,,"ConnectionError: HTTPSConnectionPool(host='www.newsteadparishcouncil.gov.uk', port=443): Max retries exceeded with url: / (Caused by NameResolutionError(""HTTPSConnection(host='www.newsteadparishcouncil.gov.uk', port=4",2026-04-26T15:51:17+00:00
newborough-parish-council,Newborough Parish Council,no_web_presence_found,,,,,,2026-04-26T15:51:08+00:00
newdigate-parish-council,Newdigate Parish Council,verified,https://www.newdigateparishcouncil.gov.uk/,pattern,ok,5,,2026-04-26T15:51:11+00:00
newick-parish-council,Newick Parish Council,verified,https://newickparishcouncil.gov.uk/,pattern,ok,3,,2026-04-26T15:51:13+00:00
newby-with-mulwith-parish-council,Newby with Mulwith Parish Council,no_web_presence_found,,,,,,2026-04-26T15:51:11+00:00
newcastle-on-clun-parish-council,Newcastle on Clun Parish Council,no_web_presence_found,,,,,,2026-04-26T15:51:11+00:00
newby-parish-council,Newby Parish Council,no_web_presence_found,,,,,,2026-04-26T15:51:10+00:00
newnham-parish-council,Newnham Parish Council,verified,https://www.newnham-pc.gov.uk/,pattern,ok,2,,2026-04-26T15:51:15+00:00
newby,Newby,no_web_presence_found,,,,,,2026-04-26T15:51:10+00:00
newton-flotman-parish-council,Newton Flotman Parish Council,verified,https://www.newtonflotman-pc.gov.uk,pre-existing,ok,4,,2026-04-26T15:51:21+00:00
newhall-parish-council,Newhall Parish Council,no_web_presence_found,,,,,,2026-04-26T15:51:12+00:00
newbrough-parish-council,Newbrough Parish Council,verified,https://newbroughparishcouncil.gov.uk/,pattern,ok,1,,2026-04-26T15:51:09+00:00
newick-parish-council-1,Newick Parish Council,no_web_presence_found,,,,,,2026-04-26T15:51:13+00:00
newport-parish-council,Newport Parish Council,verified,https://newport.org.uk/,pattern,ok,,,2026-04-26T15:51:15+00:00
newsham,Newsham,no_web_presence_found,,,,,,2026-04-26T15:51:16+00:00
newsham-with-breckenbrough-parish-council,Newsham with Breckenbrough Parish Council,no_web_presence_found,,,,,,2026-04-26T15:51:16+00:00
newtimber-parish-council,Newtimber Parish Council,no_web_presence_found,,,,,,2026-04-26T15:51:17+00:00
newton-abbot-parish-council,Newton Abbot Parish Council,no_web_presence_found,,,,,,2026-04-26T15:51:17+00:00
newsholme-parish-council,Newsholme Parish Council,no_web_presence_found,,,,,,2026-04-26T15:51:17+00:00
newton-and-little-oakley-parish-council,Newton and Little Oakley Parish Council,no_web_presence_found,,,,,,2026-04-26T15:51:18+00:00
newton-bewley-parish-council,Newton Bewley Parish Council,no_web_presence_found,,,,,,2026-04-26T15:51:18+00:00
newton-toney-parish-council,Newton Toney Parish Council,verified,https://www.newtontoney-pc.gov.uk,pre-existing,ok,6,,2026-04-26T15:51:27+00:00
newton-by-castle-acre-parish-meeting,Newton by Castle Acre Parish Meeting,no_web_presence_found,,,,,,2026-04-26T15:51:20+00:00
newton-bromswold-parish-meeting,Newton Bromswold Parish Meeting,no_web_presence_found,,,,,,2026-04-26T15:51:20+00:00
newton-le-willows,Newton-le-Willows,verified,https://www.newton-le-willows.org.uk/,pattern,ok,2,,2026-04-26T15:51:22+00:00
newton-by-the-sea-parish-council,Newton by the Sea Parish Council,no_web_presence_found,,,,,,2026-04-26T15:51:20+00:00
newton-by-the-sea-parish-council-1,Newton-by-the-Sea Parish Council,no_web_presence_found,,,,,,2026-04-26T15:51:21+00:00
newton-grange-parish-council,Newton Grange Parish Council,no_web_presence_found,,,,,,2026-04-26T15:51:21+00:00
newton-kyme-cum-toulston,Newton Kyme cum Toulston,no_web_presence_found,,,,,,2026-04-26T15:51:22+00:00
newton-in-the-isle-parish-council,Newton-in-the-Isle Parish Council,no_web_presence_found,,,,,,2026-04-26T15:51:21+00:00
newton-morrell-parish-meeting,Newton Morrell (Parish Meeting),no_web_presence_found,,,,,,2026-04-26T15:51:24+00:00
newton-mulgrave-parish-council,Newton Mulgrave Parish Council,no_web_presence_found,,,,,,2026-04-26T15:51:25+00:00
norbury-parish-council,Norbury Parish Council,url_unreachable,https://www.norburystafford.co.uk/,excel,unreachable,,"ConnectionError: HTTPSConnectionPool(host='www.norburystafford.co.uk', port=443): Max retries exceeded with url: / (Caused by NameResolutionError(""HTTPSConnection(host='www.norburystafford.co.uk', port=443): Failed to",2026-04-26T15:51:35+00:00
norham-parish-council,Norham Parish Council,verified,https://www.norhamparishcouncil.gov.uk,pre-existing,ok,6,,2026-04-26T15:51:35+00:00
newton-on-ouse-parish-council,Newton-on-Ouse Parish Council,no_web_presence_found,,,,,,2026-04-26T15:51:25+00:00
newton-parish-council-1,Newton Parish Council,verified,https://www.newton-pc.gov.uk,excel,ok,3,,2026-04-26T15:51:26+00:00
newtown-parish-council,Newtown Parish Council,verified,https://newtown.org.uk/,pattern,ok,,,2026-04-26T15:51:29+00:00
nocton-parish-council,Nocton Parish Council,verified,https://noctonparishcouncil.gov.uk/index.html,pattern,ok,,,2026-04-26T15:51:30+00:00
normanton-le-heath-parish-council,Normanton le Heath Parish Council,url_unreachable,https://www.normanton-le-heath-pc.org.uk,excel,unreachable,,"ConnectionError: HTTPSConnectionPool(host='www.normanton-le-heath-pc.org.uk', port=443): Max retries exceeded with url: / (Caused by NameResolutionError(""HTTPSConnection(host='www.normanton-le-heath-pc.org.uk', port=4",2026-04-26T15:51:36+00:00
normanton-on-soar-parish-council,Normanton-on-Soar Parish Council,verified,https://www.nospc.org.uk,pre-existing,ok,3,,2026-04-26T15:51:36+00:00
ninfield-parish-council,Ninfield Parish Council,verified,https://ninfield.org.uk/,pattern,ok,2,,2026-04-26T15:51:29+00:00
newton-on-the-moor-and-swarland-parish-council,Newton-on-the-Moor and Swarland Parish Council,no_web_presence_found,,,,,,2026-04-26T15:51:26+00:00
newton-st-cyres-parish-council,Newton St. Cyres Parish Council,no_web_presence_found,,,,,,2026-04-26T15:51:27+00:00
newton-purcell-with-shelswell-parish-meeting,Newton Purcell with Shelswell Parish Meeting,no_web_presence_found,,,,,,2026-04-26T15:51:26+00:00
newton-with-clifton-parish-council,Newton-with-clifton Parish Council,no_web_presence_found,,,,,,2026-04-26T15:51:27+00:00
north-baddesley-parish-council,North Baddesley Parish Council,verified,https://www.northbaddesley-pc.gov.uk,pre-existing,ok,6,,2026-04-26T15:51:38+00:00
no-mans-heath-and-district-parish-council,No Man's Heath and District Parish Council,no_web_presence_found,,,,,,2026-04-26T15:51:29+00:00
no-mans-heath-district-parish-council,No Mans Heath & District Parish Council,no_web_presence_found,,,,,,2026-04-26T15:51:30+00:00
noning-parish-council,Noning Parish Council,no_web_presence_found,,,,,,2026-04-26T15:51:31+00:00
norbury-and-roston-parish-council,Norbury And Roston Parish Council,no_web_presence_found,,,,,,2026-04-26T15:51:33+00:00
noke-parish-meeting,Noke Parish Meeting,no_web_presence_found,,,,,,2026-04-26T15:51:30+00:00
north-cadbury-grouped-council,North Cadbury - Grouped Council,verified,https://www.northcadbury.org.uk/,pre-existing,ok,4,,2026-04-26T15:51:44+00:00
nonington-parish-council,Nonington Parish Council,verified,https://www.noningtonparishcouncil.gov.uk/community/nonington-parish-council-15998/home/,pattern,ok,7,,2026-04-26T15:51:31+00:00
norley-parish-council,Norley Parish Council,no_web_presence_found,,,,,,2026-04-26T15:51:35+00:00
normanby-by-spital-parish-council,Normanby by Spital Parish Council,no_web_presence_found,,,,,,2026-04-26T15:51:35+00:00
normanby-le-wold-parish-council,Normanby le Wold Parish Council,no_web_presence_found,,,,,,2026-04-26T15:51:35+00:00
normanby-parish-meeting,Normanby (Parish Meeting),no_web_presence_found,,,,,,2026-04-26T15:51:36+00:00
normanton-on-trent-parish-council,Normanton on Trent Parish Council,no_web_presence_found,,,,,,2026-04-26T15:51:36+00:00
normanton-on-the-wolds-parish-council-1,Normanton on the Wolds Parish Council,no_web_presence_found,,,,,,2026-04-26T15:51:36+00:00
north-and-middle-littleton-parish-council,North and Middle Littleton Parish Council,no_web_presence_found,,,,,,2026-04-26T15:51:37+00:00
north-and-south-wheatley-parish-council,North and South Wheatley Parish Council,no_web_presence_found,,,,,,2026-04-26T15:51:37+00:00
north-curry-parish-council,North Curry Parish Council,verified,https://northcurry.com/,pre-existing,ok,5,,2026-04-26T15:51:46+00:00
north-aston-parish-meeting,North Aston Parish Meeting,no_web_presence_found,,,,,,2026-04-26T15:51:37+00:00
north-barrow-parish-council,North Barrow Parish Council,no_web_presence_found,,,,,,2026-04-26T15:51:38+00:00
north-duffield,North Duffield,verified,https://www.northduffieldparishcouncil.gov.uk,pre-existing,ok,5,,2026-04-26T15:51:47+00:00
north-duffield-parish-council,North Duffield Parish Council,verified,https://www.northduffieldparishcouncil.gov.uk,pre-existing,ok,5,,2026-04-26T15:51:47+00:00
north-dalton-parish-council,North Dalton Parish Council,url_unreachable,https://www.northdaltonparishcouncil.org.uk,excel,unreachable,,"SSLError: HTTPSConnectionPool(host='www.northdaltonparishcouncil.org.uk', port=443): Max retries exceeded with url: / (Caused by SSLError(SSLCertVerificationError(1, ""[SSL: CERTIFICATE_VERIFY_FAILED] certificat",2026-04-26T15:51:46+00:00
north-bovey,North Bovey,no_web_presence_found,,,,,,2026-04-26T15:51:38+00:00
north-bovey-parish-council,North Bovey Parish Council,no_web_presence_found,,,,,,2026-04-26T15:51:39+00:00
north-horsham-parish-council,North Horsham Parish Council,verified,https://www.northhorsham-pc.gov.uk,pre-existing,ok,8,,2026-04-26T15:51:48+00:00
north-bradley-parish-council,North Bradley Parish Council,no_web_presence_found,,,,,,2026-04-26T15:51:40+00:00
north-bromyard-group-parish-council,North Bromyard Group Parish Council,no_web_presence_found,,,,,,2026-04-26T15:51:42+00:00
north-leigh-parish-council,North Leigh Parish Council,verified,https://www.northleighparishcouncil.gov.uk,pre-existing,ok,7,,2026-04-26T15:51:51+00:00
north-carlton-parish-council,North Carlton Parish Council,no_web_presence_found,,,,,,2026-04-26T15:51:44+00:00
north-cadbury-parish-council,North Cadbury Parish Council,no_web_presence_found,,,,,,2026-04-26T15:51:44+00:00
north-cerney-parish-council,North Cerney Parish Council,no_web_presence_found,,,,,,2026-04-26T15:51:44+00:00
north-cliffe-parish-council,North Cliffe Parish Council,no_web_presence_found,,,,,,2026-04-26T15:51:45+00:00
north-cheriton-parish-council,North Cheriton Parish Council,no_web_presence_found,,,,,,2026-04-26T15:51:44+00:00
north-newnton-parish-council,North Newnton Parish Council,verified,http://nnpc.org.uk/,pre-existing,ok,4,,2026-04-26T15:51:54+00:00
north-clifton-parish-meeting,North Clifton Parish Meeting,no_web_presence_found,,,,,,2026-04-26T15:51:45+00:00
north-perrott-parish-council,North Perrott Parish Council,verified,https://northperrottparish.gov.uk,pre-existing,ok,3,,2026-04-26T15:51:54+00:00
north-petherton-town-council,North Petherton Town Council,verified,https://northpethertontowncouncil.gov.uk/,pre-existing,ok,4,,2026-04-26T15:51:54+00:00
north-petherwin-parish-council,North Petherwin Parish Council,verified,https://www.north-petherwin-parish-council.org.uk/,pre-existing,ok,12,,2026-04-26T15:51:54+00:00
north-cockerington-parish-council,North Cockerington Parish Council,no_web_presence_found,,,,,,2026-04-26T15:51:46+00:00
north-cove-parish-council,North Cove Parish Council,no_web_presence_found,,,,,,2026-04-26T15:51:46+00:00
north-cowton,North Cowton,no_web_presence_found,,,,,,2026-04-26T15:51:46+00:00
north-deighton,North Deighton,no_web_presence_found,,,,,,2026-04-26T15:51:47+00:00
north-elmham-parish-council,North Elmham Parish Council,no_web_presence_found,,,,,,2026-04-26T15:51:47+00:00
north-sunderland-and-seahouses-parish-council,North Sunderland and Seahouses Parish Council,verified,https://www.northsunderland-pc.gov.uk,pre-existing,ok,2,,2026-04-26T15:51:56+00:00
north-fambridge-parish-council,North Fambridge Parish Council,no_web_presence_found,,,,,,2026-04-26T15:51:47+00:00
north-ferriby-parish-council,North Ferriby Parish Council,no_web_presence_found,,,,,,2026-04-26T15:51:48+00:00
north-tawton-town,North Tawton Town,verified,https://www.northtawtontowncouncil.gov.uk,pre-existing,ok,5,,2026-04-26T15:51:57+00:00
north-tawton-town-parish-council,North Tawton Town Parish Council,verified,https://www.northtawtontowncouncil.gov.uk,pre-existing,ok,5,,2026-04-26T15:51:57+00:00
north-hykeham-parish-council,North Hykeham Parish Council,no_web_presence_found,,,,,,2026-04-26T15:51:48+00:00
north-tuddenham-parish-council,North Tuddenham Parish Council,verified,https://www.northtuddenhamparishcouncil.gov.uk,pre-existing,ok,2,,2026-04-26T15:51:57+00:00
north-vale-parish-council-grouped-council-to-include-holton-maperton-and-north-cheriton,"North Vale - Parish Council (Grouped Council to include Holton, Maperton and North Cheriton)",verified,https://northvaleparishcouncil.wordpress.com,pre-existing,ok,4,,2026-04-26T15:51:57+00:00
north-walsham-town-council,North Walsham Town Council,verified,https://www.northwalsham-tc.gov.uk,pre-existing,ok,5,,2026-04-26T15:51:57+00:00
north-waltham-parish-council,North Waltham Parish Council,url_unreachable,https://www.northwaltham-pc.gov.uk,excel,unreachable,,"ConnectionError: HTTPSConnectionPool(host='www.northwaltham-pc.gov.uk', port=443): Max retries exceeded with url: / (Caused by NameResolutionError(""HTTPSConnection(host='www.northwaltham-pc.gov.uk', port=443): Failed ",2026-04-26T15:51:57+00:00
north-weald-bassett-parish-council,North Weald Bassett Parish Council,verified,https://www.northweald-pc.gov.uk,pre-existing,ok,5,,2026-04-26T15:51:57+00:00
north-kilvington-parish-meeting,North Kilvington (Parish Meeting),no_web_presence_found,,,,,,2026-04-26T15:51:49+00:00
north-leverton-with-habblesthorpe-parish-council,North Leverton with Habblesthorpe Parish Council,no_web_presence_found,,,,,,2026-04-26T15:51:51+00:00
north-lopham-parish-council,North Lopham Parish Council,no_web_presence_found,,,,,,2026-04-26T15:51:53+00:00
north-wootton-parish-council,North Wootton Parish Council,verified,http://www.northwoottonparishcouncil.org.uk/,pre-existing,ok,7,,2026-04-26T15:52:02+00:00
north-wraxall-parish-council,North Wraxall Parish Council,verified,https://www.northwraxall-pc.gov.uk,pre-existing,ok,10,,2026-04-26T15:52:02+00:00
northallerton,Northallerton,verified,https://www.northallertontowncouncil.gov.uk,pre-existing,ok,3,,2026-04-26T15:52:02+00:00
northallerton-parish-council,Northallerton Parish Council,verified,https://www.northallertontowncouncil.gov.uk,pre-existing,ok,3,,2026-04-26T15:52:02+00:00
northampton-town-council,Northampton Town Council,verified,https://www.northamptontowncouncil.gov.uk,pre-existing,ok,8,,2026-04-26T15:52:02+00:00
north-muskham-parish-council,North Muskham Parish Council,no_web_presence_found,,,,,,2026-04-26T15:51:53+00:00
northborough-parish-council,Northborough Parish Council,verified,https://www.northborough-pc.gov.uk,pre-existing,ok,6,,2026-04-26T15:52:02+00:00
north-molton-parish-council,North Molton Parish Council,no_web_presence_found,,,,,,2026-04-26T15:51:53+00:00
northiam-parish-council,Northiam Parish Council,verified,https://www.northiamparishcouncil.gov.uk,pre-existing,ok,6,,2026-04-26T15:52:03+00:00
north-newington-parish-council,North Newington Parish Council,no_web_presence_found,,,,,,2026-04-26T15:51:53+00:00
north-otterington-parish-meeting,North Otterington (Parish Meeting),no_web_presence_found,,,,,,2026-04-26T15:51:54+00:00
northlew-parish,Northlew Parish,verified,https://www.northlewparishcouncil.org.uk,pre-existing,ok,4,,2026-04-26T15:52:03+00:00
northlew-parish-parish-council,Northlew Parish Parish Council,verified,https://www.northlewparishcouncil.org.uk,pre-existing,ok,4,,2026-04-26T15:52:03+00:00
northmoor-parish-council,Northmoor Parish Council,verified,https://www.northmoor-pc.gov.uk,pre-existing,ok,4,,2026-04-26T15:52:03+00:00
north-pickenham-parish-council,North Pickenham Parish Council,no_web_presence_found,,,,,,2026-04-26T15:51:54+00:00
northway-parish-council,Northway Parish Council,verified,https://www.northwaypc.org.uk,pre-existing,ok,5,,2026-04-26T15:52:03+00:00
north-rauceby-parish-council,North Rauceby Parish Council,no_web_presence_found,,,,,,2026-04-26T15:51:55+00:00
north-rigton,North Rigton,no_web_presence_found,,,,,,2026-04-26T15:51:55+00:00
northwood-and-tinkersley-parish-council,Northwood And Tinkersley Parish Council,verified,https://www.northwoodandtinkersleyparishcouncil.gov.uk,pre-existing,ok,6,,2026-04-26T15:52:04+00:00
north-scarle-parish-council,North Scarle Parish Council,no_web_presence_found,,,,,,2026-04-26T15:51:55+00:00
north-sunderland-parish-council,North Sunderland Parish Council,no_web_presence_found,,,,,,2026-04-26T15:51:56+00:00
north-stainley-with-sleningford,North Stainley with Sleningford,no_web_presence_found,,,,,,2026-04-26T15:51:56+00:00
northbourne-parish-council,Northbourne Parish Council,verified,https://www.northbourne-pc.gov.uk/community/northbourne-parish-council-17847/home/,pattern,ok,5,,2026-04-26T15:52:02+00:00
norton-canes-parish-council,Norton Canes Parish Council,verified,http://www.nortoncanesparishcouncil.co.uk/,pre-existing,ok,12,,2026-04-26T15:52:05+00:00
north-tamerton-parish-council,North Tamerton Parish Council,no_web_presence_found,,,,,,2026-04-26T15:51:56+00:00
north-thoresby-parish-council,North Thoresby Parish Council,no_web_presence_found,,,,,,2026-04-26T15:51:57+00:00
norton-fitzwarren-parish-council,Norton Fitzwarren Parish Council,verified,https://nortonfitzwarren-pc.gov.uk/,pre-existing,ok,6,,2026-04-26T15:52:06+00:00
north-willingham-parish-council,North Willingham Parish Council,no_web_presence_found,,,,,,2026-04-26T15:51:57+00:00
north-wingfield-parish-council,North Wingfield Parish Council,no_web_presence_found,,,,,,2026-04-26T15:51:58+00:00
norton-on-derwent-parish-council,Norton on Derwent Parish Council,verified,https://www.norton-on-derwent-tc.gov.uk,pre-existing,ok,0,,2026-04-26T15:52:07+00:00
north-witham-parish-council,North Witham Parish Council,no_web_presence_found,,,,,,2026-04-26T15:52:00+00:00
norton-parish-council,Norton Parish Council,verified,https://norton-pc.gov.uk/,pattern,ok,2,,2026-04-26T15:52:07+00:00
norton-sub-hamdon-parish-council,Norton Sub Hamdon Parish Council,verified,https://nortonsubhamdon-pc.gov.uk/,pre-existing,ok,5,,2026-04-26T15:52:10+00:00
norton-subcourse-parish-council,Norton Subcourse Parish Council,verified,https://www.nortonsubcourse-pc.gov.uk,pre-existing,ok,3,,2026-04-26T15:52:10+00:00
northaw-and-cuffley-parish-council,Northaw and Cuffley Parish Council,no_web_presence_found,,,,,,2026-04-26T15:52:02+00:00
northill-parish-council,Northill Parish Council,verified,https://northillparishcouncil.gov.uk/,pattern,ok,5,,2026-04-26T15:52:03+00:00
nowton-parish-council,Nowton Parish Council,verified,https://www.nowtonparishcouncil.gov.uk,pre-existing,ok,1,,2026-04-26T15:52:11+00:00
northstowe-parish-council,Northstowe Parish Council,no_web_presence_found,,,,,,2026-04-26T15:52:03+00:00
northwold-parish-council,Northwold Parish Council,no_web_presence_found,,,,,,2026-04-26T15:52:04+00:00
norton-and-cuckney-parish-council,Norton and Cuckney Parish Council,no_web_presence_found,,,,,,2026-04-26T15:52:04+00:00
norton-and-foxley-parish-meeting,Norton and Foxley Parish Meeting,no_web_presence_found,,,,,,2026-04-26T15:52:04+00:00
norton-bavant-parish-meeting,Norton Bavant Parish Meeting,no_web_presence_found,,,,,,2026-04-26T15:52:05+00:00
norton-conyers-parish-council,Norton Conyers Parish Council,no_web_presence_found,,,,,,2026-04-26T15:52:05+00:00
nuthurst-parish-council,Nuthurst Parish Council,verified,https://www.nuthurst-pc.gov.uk,pre-existing,ok,7,,2026-04-26T15:52:14+00:00
norton-buckland-and-stone-parish-council,"Norton, Buckland and Stone Parish Council",no_web_presence_found,,,,,,2026-04-26T15:52:05+00:00
norton-cuckney-holbeck-and-welbeck-parish-council,"Norton, Cuckney, Holbeck and Welbeck Parish Council",no_web_presence_found,,,,,,2026-04-26T15:52:05+00:00
norton-lindsey-parish-council,Norton Lindsey Parish Council,no_web_presence_found,,,,,,2026-04-26T15:52:06+00:00
nynehead-parish-council,Nynehead Parish Council,verified,https://nynehead.org/,pre-existing,ok,4,,2026-04-26T15:52:15+00:00
norton-le-clay-parish-council,Norton-le-clay Parish Council,no_web_presence_found,,,,,,2026-04-26T15:52:06+00:00
northwich-town-council,Northwich Town Council,verified,https://discoverburnley.co.uk/,pattern,ok,,,2026-04-26T15:52:03+00:00
oake-parish-council,Oake Parish Council,verified,https://www.oake.org.uk/,pre-existing,ok,4,,2026-04-26T15:52:15+00:00
oakamoor-parish-council,Oakamoor Parish Council,url_unreachable,https://www.oakamoorparishcouncil.gov.uk,excel,unreachable,,"ConnectionError: HTTPSConnectionPool(host='www.oakamoorparishcouncil.gov.uk', port=443): Max retries exceeded with url: / (Caused by NameResolutionError(""HTTPSConnection(host='www.oakamoorparishcouncil.gov.uk', port=4",2026-04-26T15:52:15+00:00
norton-parish-council-1,Norton Parish Council,no_web_presence_found,,,,,,2026-04-26T15:52:10+00:00
nunthorpe-parish-council,Nunthorpe Parish Council,verified,https://nunthorpepc.org.uk/,pattern,ok,7,,2026-04-26T15:52:13+00:00
noseley-parish-council,Noseley Parish Council,no_web_presence_found,,,,,,2026-04-26T15:52:10+00:00
oakley-and-deane-parish-council,Oakley and Deane Parish Council,url_unreachable,https://www.oakleyanddeane-pc.gov.uk,excel,unreachable,,"ConnectionError: HTTPSConnectionPool(host='www.oakleyanddeane-pc.gov.uk', port=443): Max retries exceeded with url: / (Caused by NameResolutionError(""HTTPSConnection(host='www.oakleyanddeane-pc.gov.uk', port=443): Fai",2026-04-26T15:52:20+00:00
notgrove-parish-meeting,Notgrove Parish Meeting,no_web_presence_found,,,,,,2026-04-26T15:52:11+00:00
nuthall-parish-council,Nuthall Parish Council,verified,https://www.nuthallparishcouncil.co.uk/,pattern,ok,2,,2026-04-26T15:52:14+00:00
nun-monkton,Nun Monkton,no_web_presence_found,,,,,,2026-04-26T15:52:11+00:00
nunnington,Nunnington,no_web_presence_found,,,,,,2026-04-26T15:52:13+00:00
nuthampstead-parish-council,Nuthampstead Parish Council,no_web_presence_found,,,,,,2026-04-26T15:52:14+00:00
oaksey-parish-council,Oaksey Parish Council,verified,https://oaksey-pc.gov.uk/,pattern,ok,1,,2026-04-26T15:52:20+00:00
occold-parish-council,Occold Parish Council,verified,https://www.occold-pc.gov.uk,pre-existing,ok,4,,2026-04-26T15:52:23+00:00
nutley-parish-council,Nutley Parish Council,no_web_presence_found,,,,,,2026-04-26T15:52:14+00:00
nymet-rowland-parish-council,Nymet Rowland Parish Council,no_web_presence_found,,,,,,2026-04-26T15:52:14+00:00
nympsfield-parish-council,Nympsfield Parish Council,no_web_presence_found,,,,,,2026-04-26T15:52:15+00:00
oakamoor-parish-council-1,Oakamoor Parish Council,no_web_presence_found,,,,,,2026-04-26T15:52:15+00:00
oare-parish-meeting,Oare Parish Meeting,verified,https://www.oareparishcouncil.gov.uk/,pattern,ok,1,,2026-04-26T15:52:21+00:00
oakford-parish-council,Oakford Parish Council,no_web_presence_found,,,,,,2026-04-26T15:52:15+00:00
odcombe-parish-council,Odcombe Parish Council,url_unreachable,http://www.odcombeparishcouncil.gov.uk/PARISH_COUNCIL_25713.aspx,excel,unreachable (404),,,2026-04-26T15:52:24+00:00
odstock-parish-council,Odstock Parish Council,verified,https://www.odstock-pc.org.uk,pre-existing,ok,4,,2026-04-26T15:52:26+00:00
northington-parish-meeting,Northington Parish Meeting,no_web_presence_found,,,,,,2026-04-26T15:52:03+00:00
oakhanger-parish-council,Oakhanger Parish Council,no_web_presence_found,,,,,,2026-04-26T15:52:19+00:00
oakthorpe-and-donisthorpe-parish-council,Oakthorpe and Donisthorpe Parish Council,no_web_presence_found,,,,,,2026-04-26T15:52:21+00:00
oddington-parish-meeting,Oddington Parish Meeting,verified,https://oddingtonparishcouncil.gov.uk/,pattern,ok,2,,2026-04-26T15:52:25+00:00
odiham-parish-council,Odiham Parish Council,verified,https://odihamparishcouncil.gov.uk/,pattern,ok,4,,2026-04-26T15:52:26+00:00
obearn-parish-council,Obearn Parish Council,no_web_presence_found,,,,,,2026-04-26T15:52:22+00:00
ockbrook-and-borrowash-parish-council,Ockbrook and Borrowash Parish Council,no_web_presence_found,,,,,,2026-04-26T15:52:23+00:00
ocle-pychard-group-parish-council,Ocle Pychard Group Parish Council,no_web_presence_found,,,,,,2026-04-26T15:52:23+00:00
odell-parish-council,Odell Parish Council,verified,https://odell-pc.gov.uk/,pattern,ok,5,,2026-04-26T15:52:25+00:00
odd-rode-parish-council,Odd Rode Parish Council,no_web_presence_found,,,,,,2026-04-26T15:52:24+00:00
offley-parish-council,Offley Parish Council,verified,https://offleyparishcouncil.gov.uk/,pattern,ok,6,,2026-04-26T15:52:26+00:00
oakley-parish-council,Oakley Parish Council,verified,https://www.oakleyparishcouncil.gov.uk/,pattern,ok,4,,2026-04-26T15:52:20+00:00
offerton-parish-council,Offerton Parish Council,no_web_presence_found,,,,,,2026-04-26T15:52:26+00:00
okehampton-hamlets-parish,Okehampton Hamlets Parish,verified,https://www.okehamptonhamlets-pc.gov.uk,pre-existing,ok,4,,2026-04-26T15:52:35+00:00
okehampton-hamlets-parish-parish-council,Okehampton Hamlets Parish Parish Council,verified,https://www.okehamptonhamlets-pc.gov.uk,pre-existing,ok,4,,2026-04-26T15:52:35+00:00
okehampton-town-parish-council,Okehampton Town Parish Council,verified,https://www.okehampton.gov.uk,pre-existing,ok,6,,2026-04-26T15:52:35+00:00
ogwell-parish-council,Ogwell Parish Council,verified,https://ogwellparishcouncil.gov.uk/,pattern,ok,1,,2026-04-26T15:52:34+00:00
old-basing-and-lychpit-parish-council,Old Basing and Lychpit Parish Council,verified,https://www.oldbasing.gov.uk,pre-existing,ok,4,,2026-04-26T15:52:38+00:00
old-bolsover-town-council,Old Bolsover Town Council,verified,https://www.oldbolsovertowncouncil.gov.uk,pre-existing,ok,4,,2026-04-26T15:52:38+00:00
offord-cluny-and-offord-darcy-parish-council,Offord Cluny and Offord D'arcy Parish Council,no_web_presence_found,,,,,,2026-04-26T15:52:29+00:00
ogbourne-st-andrew-parish-council,Ogbourne St Andrew Parish Council,no_web_presence_found,,,,,,2026-04-26T15:52:30+00:00
ogbourne-st-george-parish-council,Ogbourne St George Parish Council,no_web_presence_found,,,,,,2026-04-26T15:52:30+00:00
ogbourne-st-george-parish-council-1,Ogbourne St. George Parish Council,no_web_presence_found,,,,,,2026-04-26T15:52:30+00:00
ogdby-parish-council,Ogdby Parish Council,no_web_presence_found,,,,,,2026-04-26T15:52:31+00:00
ogwell,Ogwell,verified,https://ogwellparishcouncil.gov.uk/,pattern,ok,1,,2026-04-26T15:52:33+00:00
old-hutton-and-holmescales-parish-council,Old Hutton and Holmescales Parish Council,verified,https://www.oldhuttonparishcouncil.gov.uk,pre-existing,ok,0,,2026-04-26T15:52:41+00:00
old-cleeve-parish-council,Old Cleeve Parish Council,verified,https://www.oldcleeveparishcouncil.org/,excel,ok,3,,2026-04-26T15:52:39+00:00
ogling-parish-council,Ogling Parish Council,no_web_presence_found,,,,,,2026-04-26T15:52:33+00:00
ogsden-parish-council,Ogsden Parish Council,no_web_presence_found,,,,,,2026-04-26T15:52:33+00:00
oger-parish-council,Oger Parish Council,no_web_presence_found,,,,,,2026-04-26T15:52:33+00:00
ogleton-parish-council,Ogleton Parish Council,no_web_presence_found,,,,,,2026-04-26T15:52:33+00:00
okeover-parish-council,Okeover Parish Council,no_web_presence_found,,,,,,2026-04-26T15:52:35+00:00
old-stratford-parish-council,Old Stratford Parish Council,verified,https://www.oldstratfordparishcouncil.gov.uk,pre-existing,ok,6,,2026-04-26T15:52:44+00:00
old-buckenham-parish-council,Old Buckenham Parish Council,no_web_presence_found,,,,,,2026-04-26T15:52:38+00:00
nutfield-parish-council,Nutfield Parish Council,no_web_presence_found,,,,,,2026-04-26T15:52:13+00:00
old-byland-and-scawton-parish-council,Old Byland and Scawton Parish Council,no_web_presence_found,,,,,,2026-04-26T15:52:38+00:00
old-catton-parish-council,Old Catton Parish Council,no_web_presence_found,,,,,,2026-04-26T15:52:39+00:00
olivers-battery-parish-council,Oliver's Battery Parish Council,url_unreachable,https://www.oliversbattery-pc.gov.uk,excel,unreachable,,"ConnectionError: HTTPSConnectionPool(host='www.oliversbattery-pc.gov.uk', port=443): Max retries exceeded with url: / (Caused by NameResolutionError(""HTTPSConnection(host='www.oliversbattery-pc.gov.uk', port=443): Fai",2026-04-26T15:52:48+00:00
old-denaby-parish-council,Old Denaby Parish Council,no_web_presence_found,,,,,,2026-04-26T15:52:39+00:00
oakengates-parish-council,Oakengates Parish Council,no_web_presence_found,,,,,,2026-04-26T15:52:15+00:00
old-hunstanton-parish-council,Old Hunstanton Parish Council,no_web_presence_found,,,,,,2026-04-26T15:52:40+00:00
ombersley-parish-council,Ombersley Parish Council,verified,https://www.odpc.co.uk/,pre-existing,ok,2,,2026-04-26T15:52:49+00:00
old-leake-parish-council,Old Leake Parish Council,no_web_presence_found,,,,,,2026-04-26T15:52:41+00:00
onecote-parish-council,Onecote Parish Council,verified,https://onecote.wixsite.com/onecote/parish-council,pre-existing,ok,5,,2026-04-26T15:52:50+00:00
onecote-parish-council-1,Onecote Parish Council,verified,https://onecote.wixsite.com/onecote/parish-council,pre-existing,ok,5,,2026-04-26T15:52:50+00:00
old-laund-booth-parish-council,Old Laund Booth Parish Council,no_web_presence_found,,,,,,2026-04-26T15:52:41+00:00
obedience-parish-council,Obedience Parish Council,no_web_presence_found,,,,,,2026-04-26T15:52:23+00:00
onehouse-parish-council,Onehouse Parish Council,url_unreachable,https://www.onehouseparishcouncil.gov.uk,excel,unreachable,,"SSLError: HTTPSConnectionPool(host='www.onehouseparishcouncil.gov.uk', port=443): Max retries exceeded with url: / (Caused by SSLError(SSLCertVerificationError(1, ""[SSL: CERTIFICATE_VERIFY_FAILED] certificate v",2026-04-26T15:52:50+00:00
ongar-town-council,Ongar Town Council,url_unreachable,https://www.ongartowncouncil.gov.uk,excel,unreachable,,"SSLError: HTTPSConnectionPool(host='www.ongartowncouncil.gov.uk', port=443): Max retries exceeded with url: / (Caused by SSLError(SSLCertVerificationError(1, ""[SSL: CERTIFICATE_VERIFY_FAILED] certificate verify",2026-04-26T15:52:50+00:00
orcheston-parish-council,Orcheston Parish Council,verified,https://www.orcheston-pc.gov.uk,pre-existing,ok,3,,2026-04-26T15:52:51+00:00
old-milverton-parish-council,Old Milverton Parish Council,no_web_presence_found,,,,,,2026-04-26T15:52:42+00:00
old-marston-parish-council,Old Marston Parish Council,no_web_presence_found,,,,,,2026-04-26T15:52:42+00:00
old-newton-with-dagworth-and-gipping-parish-council,Old Newton with Dagworth and Gipping Parish Council,no_web_presence_found,,,,,,2026-04-26T15:52:42+00:00
orlingbury-parish-council,Orlingbury Parish Council,verified,https://www.orlingbury-pc.gov.uk,pre-existing,ok,5,,2026-04-26T15:52:51+00:00
old-romney-parish-council,Old Romney Parish Council,no_web_presence_found,,,,,,2026-04-26T15:52:42+00:00
old-warden-parish-council,Old Warden Parish Council,no_web_presence_found,,,,,,2026-04-26T15:52:44+00:00
onibury-parish-council,Onibury Parish Council,verified,https://www.oniburyparishcouncil.gov.uk,excel,ok,3,,2026-04-26T15:52:50+00:00
orton-longueville-parish-council,Orton Longueville Parish Council,verified,https://www.ortonlongueville-pc.gov.uk,pre-existing,ok,9,,2026-04-26T15:52:53+00:00
orton-parish-council,Orton Parish Council,verified,https://www.ortonpc-carlisle.org.uk,pre-existing,ok,4,,2026-04-26T15:52:53+00:00
orton-waterville-parish-council,Orton Waterville Parish Council,verified,https://www.ortonwaterville-pc.gov.uk,pre-existing,ok,6,,2026-04-26T15:52:53+00:00
oldberrow-parish-council,Oldberrow Parish Council,no_web_presence_found,,,,,,2026-04-26T15:52:47+00:00
old-woughton-parish-council,Old Woughton Parish Council,no_web_presence_found,,,,,,2026-04-26T15:52:46+00:00
osbaston-parish-council,Osbaston Parish Council,url_unreachable,https://www.osbastonpc.org.uk,excel,unreachable,,"ConnectionError: HTTPSConnectionPool(host='www.osbastonpc.org.uk', port=443): Max retries exceeded with url: / (Caused by NameResolutionError(""HTTPSConnection(host='www.osbastonpc.org.uk', port=443): Failed to resolve",2026-04-26T15:52:56+00:00
oldstead-parish-council,Oldstead Parish Council,no_web_presence_found,,,,,,2026-04-26T15:52:47+00:00
ollerton-and-boughton-parish-council,Ollerton and Boughton Parish Council,no_web_presence_found,,,,,,2026-04-26T15:52:48+00:00
ollerton-parish-council,Ollerton Parish Council,no_web_presence_found,,,,,,2026-04-26T15:52:48+00:00
ollerton-with-marthall-parish-council,Ollerton with Marthall Parish Council,no_web_presence_found,,,,,,2026-04-26T15:52:49+00:00
ompton-parish-council,Ompton Parish Council,no_web_presence_found,,,,,,2026-04-26T15:52:49+00:00
ord-parish-council,Ord Parish Council,verified,https://ordparishcouncil.gov.uk/,pattern,ok,,,2026-04-26T15:52:51+00:00
orchard-park-parish-council,Orchard Park Parish Council,no_web_presence_found,,,,,,2026-04-26T15:52:51+00:00
otham-parish-council,Otham Parish Council,url_unreachable,https://www.othamparishcouncil.gov.uk,excel,unreachable,,"ConnectionError: HTTPSConnectionPool(host='www.othamparishcouncil.gov.uk', port=443): Max retries exceeded with url: / (Caused by NameResolutionError(""HTTPSConnection(host='www.othamparishcouncil.gov.uk', port=443): F",2026-04-26T15:53:00+00:00
othery-parish-council,Othery Parish Council,verified,https://othery.org.uk/,pre-existing,ok,4,,2026-04-26T15:53:00+00:00
otterbourne-parish-council,Otterbourne Parish Council,verified,https://www.otterbourne-pc.gov.uk,pre-existing,ok,5,,2026-04-26T15:53:00+00:00
orlestone-parish-council,Orlestone Parish Council,no_web_presence_found,,,,,,2026-04-26T15:52:51+00:00
ormesby-st-michael-parish-council,Ormesby St. Michael Parish Council,no_web_presence_found,,,,,,2026-04-26T15:52:51+00:00
otterford-parish-council,Otterford Parish Council,verified,http://www.otterfordparishcouncil.org/,pre-existing,ok,4,,2026-04-26T15:53:01+00:00
ormesby-st-margaret-with-scratby-parish-council,Ormesby St. Margaret with Scratby Parish Council,no_web_presence_found,,,,,,2026-04-26T15:52:51+00:00
otterhampton-parish-council,Otterhampton Parish Council,verified,https://www.otterhamptonparishcouncil.gov.uk,pre-existing,ok,5,,2026-04-26T15:53:01+00:00
otterham-parish-council,Otterham Parish Council,url_unreachable,https://www.hugofox.com/community/otterham-parish-council-7863/home,excel,unreachable (404),,,2026-04-26T15:53:01+00:00
osbaldeston-parish-council,Osbaldeston Parish Council,verified,https://osbaldeston.org.uk/,pattern,ok,1,,2026-04-26T15:52:56+00:00
orston-parish-council,Orston Parish Council,no_web_presence_found,,,,,,2026-04-26T15:52:53+00:00
orford-parish-council,Orford Parish Council,no_web_presence_found,,,,,,2026-04-26T15:52:51+00:00
oundle-town-council,Oundle Town Council,verified,https://www.oundle.gov.uk,pre-existing,ok,5,,2026-04-26T15:53:04+00:00
oswestry-town-council,Oswestry Town Council,verified,https://www.oswestry-tc.gov.uk,excel,ok,3,,2026-04-26T15:52:59+00:00
oakham-parish-council,Oakham Parish Council,no_web_presence_found,,,,,,2026-04-26T15:52:19+00:00
osbournby-parish-council,Osbournby Parish Council,no_web_presence_found,,,,,,2026-04-26T15:52:56+00:00
oulton-parish-council,Oulton Parish Council,verified,https://www.oulton-pc.gov.uk/community/oulton-parish-council-15017/home/,pattern,ok,3,,2026-04-26T15:53:03+00:00
osgodby-parish-council,Osgodby Parish Council,no_web_presence_found,,,,,,2026-04-26T15:52:56+00:00
osmotherley-area-parish-council,Osmotherley Area Parish Council,no_web_presence_found,,,,,,2026-04-26T15:52:57+00:00
otford-parish-council,Otford Parish Council,verified,https://www.otfordparishcouncil.gov.uk/,pattern,ok,5,,2026-04-26T15:53:00+00:00
over-haddon-parish-council,Over Haddon Parish Council,verified,https://www.overhaddonparish.org.uk,pre-existing,ok,3,,2026-04-26T15:53:08+00:00
otterburn-parish-meeting,Otterburn (Parish Meeting),verified,https://www.otterburnpc.org.uk/,pattern,ok,,,2026-04-26T15:53:00+00:00
oswaldkirk-parish-meeting,Oswaldkirk (Parish Meeting),no_web_presence_found,,,,,,2026-04-26T15:52:58+00:00
over-parish-council,Over Parish Council,verified,https://over-pc.gov.uk/,pattern,ok,1,,2026-04-26T15:53:08+00:00
outwell-parish-council,Outwell Parish Council,verified,https://outwellparishcouncil.gov.uk/,pattern,ok,1,,2026-04-26T15:53:06+00:00
overstone-parish-council,Overstone Parish Council,verified,https://www.overstone-pc.gov.uk,pre-existing,ok,6,,2026-04-26T15:53:10+00:00
overstrand-parish-council,Overstrand Parish Council,verified,https://www.overstrandparishcouncil.org.uk,pre-existing,ok,6,,2026-04-26T15:53:10+00:00
otterden-parish-council,Otterden Parish Council,no_web_presence_found,,,,,,2026-04-26T15:53:00+00:00
ouston-parish-council,Ouston Parish Council,verified,https://oustonparishcouncil.gov.uk/,pattern,ok,2,,2026-04-26T15:53:05+00:00
overton-parish-council,Overton Parish Council,url_unreachable,https://www.overton-pc.gov.uk,excel,unreachable,,"SSLError: HTTPSConnectionPool(host='www.overton-pc.gov.uk', port=443): Max retries exceeded with url: / (Caused by SSLError(SSLCertVerificationError(1, '[SSL: CERTIFICATE_VERIFY_FAILED] certificate verify faile",2026-04-26T15:53:10+00:00
outwoods-parish-council,Outwoods Parish Council,verified,http://www.outwoodsparishcouncil.org.uk/,excel,ok,1,,2026-04-26T15:53:07+00:00
ottery-st-mary-parish-council,Ottery St. Mary Parish Council,no_web_presence_found,,,,,,2026-04-26T15:53:01+00:00
over-alderley-parish-council,Over Alderley Parish Council,verified,https://www.overalderleyparishcouncil.gov.uk,excel,ok,4,,2026-04-26T15:53:07+00:00
oxborough-parish-council,Oxborough Parish Council,verified,https://www.oxboroughparishcouncil.gov.uk,pre-existing,ok,2,,2026-04-26T15:53:12+00:00
overton-parish-meeting,Overton (Parish Meeting),verified,https://overton-pc.gov.uk/,pattern,ok,4,,2026-04-26T15:53:10+00:00
oulton-broad-parish-council,Oulton Broad Parish Council,no_web_presence_found,,,,,,2026-04-26T15:53:02+00:00
outwood-parish-council,Outwood Parish Council,verified,https://www.outwood.org/,pattern,ok,2,,2026-04-26T15:53:07+00:00
oulston-parish-meeting,Oulston (Parish Meeting),no_web_presence_found,,,,,,2026-04-26T15:53:01+00:00
orwell-parish-council,Orwell Parish Council,verified,https://www.orwellparishcouncil.co.uk/,pattern,ok,2,,2026-04-26T15:52:53+00:00
ousby-parish-council,Ousby Parish Council,no_web_presence_found,,,,,,2026-04-26T15:53:04+00:00
over-norton-parish-council,Over Norton Parish Council,no_web_presence_found,,,,,,2026-04-26T15:53:08+00:00
over-kellet-parish-council,Over Kellet Parish Council,no_web_presence_found,,,,,,2026-04-26T15:53:08+00:00
ospringe-parish-council,Ospringe Parish Council,verified,https://www.ospringeparishcouncil.gov.uk/community/ospringe-parish-council-13674/home/,pattern,ok,3,,2026-04-26T15:52:58+00:00
padstow-town-council,Padstow Town Council,verified,http://www.padstow-tc.gov.uk,pre-existing,ok,6,,2026-04-26T15:53:17+00:00
oxhill-parish-council,Oxhill Parish Council,verified,https://oxhill.org.uk/,pattern,ok,,,2026-04-26T15:53:12+00:00
over-whitacre-parish-council,Over Whitacre Parish Council,no_web_presence_found,,,,,,2026-04-26T15:53:10+00:00
oxton-parish-council,Oxton Parish Council,verified,https://www.broxtonparishcouncil.gov.uk/community/broxton-and-district-parish-council-20605/home/,pattern,ok,4,,2026-04-26T15:53:12+00:00
owlpen-parish-meeting,Owlpen Parish Meeting,no_web_presence_found,,,,,,2026-04-26T15:53:11+00:00
pannal-and-burn-bridge,Pannal and Burn Bridge,verified,https://www.pannalandburnbridge-pc.gov.uk,pre-existing,ok,4,,2026-04-26T15:53:20+00:00
pannal-and-burn-bridge-parish-council,Pannal and Burn Bridge Parish Council,verified,https://www.pannalandburnbridge-pc.gov.uk,pre-existing,ok,4,,2026-04-26T15:53:20+00:00
owmby-by-spital-parish-council,Owmby-by-spital Parish Council,no_web_presence_found,,,,,,2026-04-26T15:53:11+00:00
owthorpe-parish-meeting,Owthorpe Parish Meeting,no_web_presence_found,,,,,,2026-04-26T15:53:11+00:00
oxenhall-parish-meeting,Oxenhall Parish Meeting,no_web_presence_found,,,,,,2026-04-26T15:53:12+00:00
padiham-parish-council,Padiham Parish Council,verified,https://padiham.org.uk/,pattern,ok,,,2026-04-26T15:53:17+00:00
oxspring-parish-council,Oxspring Parish Council,verified,https://oxspring-parish.org.uk/,pattern,ok,5,,2026-04-26T15:53:12+00:00
parson-drove-parish-council,Parson Drove Parish Council,url_unreachable,https://www.parsondrove-pc.gov.uk,excel,unreachable,,"ConnectionError: HTTPSConnectionPool(host='www.parsondrove-pc.gov.uk', port=443): Max retries exceeded with url: / (Caused by NameResolutionError(""HTTPSConnection(host='www.parsondrove-pc.gov.uk', port=443): Failed to",2026-04-26T15:53:22+00:00
oxted-parish-council,Oxted Parish Council,no_web_presence_found,,,,,,2026-04-26T15:53:12+00:00
oxton-parish-meeting,Oxton (Parish Meeting),verified,https://www.broxtonparishcouncil.gov.uk/community/broxton-and-district-parish-council-20605/home/,pattern,ok,4,,2026-04-26T15:53:12+00:00
ozleworth-parish-meeting,Ozleworth Parish Meeting,no_web_presence_found,,,,,,2026-04-26T15:53:14+00:00
parwich-parish-council,Parwich Parish Council,verified,https://www.parwichparishcouncil.gov.uk,excel,ok,4,,2026-04-26T15:53:22+00:00
ousden-parish-council,Ousden Parish Council,url_unreachable,https://www.ousdenparishcouncil.gov.uk,excel,unreachable,,"ReadTimeout: HTTPSConnectionPool(host='www.ousdenparishcouncil.gov.uk', port=443): Read timed out. (read timeout=6)",2026-04-26T15:53:05+00:00
ovington-parish-council,Ovington Parish Council,verified,https://ovingtonparishcouncil.gov.uk/community/ovington-parish-council-7950/home/,pattern,ok,3,,2026-04-26T15:53:11+00:00
patrick-brompton,Patrick Brompton,url_unreachable,https://www.patrickbromptonparishcouncil.gov.uk,excel,unreachable,,"SSLError: HTTPSConnectionPool(host='www.patrickbromptonparishcouncil.gov.uk', port=443): Max retries exceeded with url: / (Caused by SSLError(SSLCertVerificationError(1, ""[SSL: CERTIFICATE_VERIFY_FAILED] certif",2026-04-26T15:53:24+00:00
partington-parish-council,Partington Parish Council,verified,https://partingtonparishcouncil.gov.uk/,pattern,ok,2,,2026-04-26T15:53:22+00:00
parracombe-parish-council,Parracombe Parish Council,verified,https://parracombe.org.uk/,pattern,ok,3,,2026-04-26T15:53:21+00:00
pattishall-parish-council,Pattishall Parish Council,verified,https://www.pattishallparish.gov.uk,pre-existing,ok,5,,2026-04-26T15:53:26+00:00
paddock-wood-parish-council,Paddock Wood Parish Council,no_web_presence_found,,,,,,2026-04-26T15:53:17+00:00
pauntley-parish-council,Pauntley Parish Council,verified,https://www.pauntleyparishcouncil.gov.uk,pre-existing,ok,6,,2026-04-26T15:53:26+00:00
palmers-green-parish-council,Palmers Green Parish Council,no_web_presence_found,,,,,,2026-04-26T15:53:18+00:00
patterdale-parish-council,Patterdale Parish Council,verified,https://www.patterdale-pc.gov.uk,excel,ok,6,,2026-04-26T15:53:25+00:00
paxton-parish-council,Paxton Parish Council,url_unreachable,https://www.paxton-parish.org.uk,excel,unreachable,,"ConnectionError: HTTPSConnectionPool(host='www.paxton-parish.org.uk', port=443): Max retries exceeded with url: / (Caused by NameResolutionError(""HTTPSConnection(host='www.paxton-parish.org.uk', port=443): Failed to r",2026-04-26T15:53:28+00:00
peacehaven-town-council,Peacehaven Town Council,verified,https://www.peacehaventowncouncil.gov.uk,pre-existing,ok,7,,2026-04-26T15:53:28+00:00
peacehaven-town-council-1,Peacehaven Town Council,verified,https://www.peacehaventowncouncil.gov.uk,pre-existing,ok,7,,2026-04-26T15:53:28+00:00
pavenham-parish-council,Pavenham Parish Council,verified,https://pavenham-pc.gov.uk/,pattern,ok,,,2026-04-26T15:53:26+00:00
peakirk-parish-council,Peakirk Parish Council,url_unreachable,https://www.peakirk-pc.gov.uk,excel,unreachable,,"ConnectionError: HTTPSConnectionPool(host='www.peakirk-pc.gov.uk', port=443): Max retries exceeded with url: / (Caused by NameResolutionError(""HTTPSConnection(host='www.peakirk-pc.gov.uk', port=443): Failed to resolve",2026-04-26T15:53:28+00:00
peasemore-parish-council,Peasemore Parish Council,verified,https://www.peasemore-pc.gov.uk,pre-existing,ok,5,,2026-04-26T15:53:28+00:00
painsley-parish-council,Painsley Parish Council,no_web_presence_found,,,,,,2026-04-26T15:53:17+00:00
pannage-parish-council,Pannage Parish Council,no_web_presence_found,,,,,,2026-04-26T15:53:19+00:00
pegswood-parish-council,Pegswood Parish Council,verified,https://www.longhorsley-pc.gov.uk,pre-existing,ok,4,,2026-04-26T15:53:28+00:00
papley-parish-council,Papley Parish Council,no_web_presence_found,,,,,,2026-04-26T15:53:20+00:00
peak-forest-parish-council,Peak Forest Parish Council,verified,https://www.peakforestparishcouncil.org.uk,excel,ok,2,,2026-04-26T15:53:28+00:00
pen-selwood-parish-council,Pen Selwood Parish Council,verified,http://penselwood.ning.com/page/parish-council,pre-existing,ok,4,,2026-04-26T15:53:29+00:00
papworth-everard-parish-council,Papworth Everard Parish Council,no_web_presence_found,,,,,,2026-04-26T15:53:20+00:00
papworth-st-agnes-parish-council,Papworth St. Agnes Parish Council,no_web_presence_found,,,,,,2026-04-26T15:53:20+00:00
parton-parish-council,Parton Parish Council,no_web_presence_found,,,,,,2026-04-26T15:53:22+00:00
pembridge-parish-council,Pembridge Parish Council,verified,https://pembridgeparishcouncil.gov.uk/,pattern,ok,5,,2026-04-26T15:53:29+00:00
patchway-parish-council,Patchway Parish Council,no_web_presence_found,,,,,,2026-04-26T15:53:23+00:00
penrith-town-council,Penrith Town Council,verified,https://www.penrithtowncouncil.gov.uk,pre-existing,ok,9,,2026-04-26T15:53:33+00:00
pebworth-parish-council,Pebworth Parish Council,verified,https://pebworthparishcouncil.gov.uk/,pattern,ok,1,,2026-04-26T15:53:28+00:00
penshurst-parish-council,Penshurst Parish Council,url_unreachable,https://www.penshurstparishcouncil.org.uk,excel,unreachable,,"ConnectionError: HTTPSConnectionPool(host='www.penshurstparishcouncil.org.uk', port=443): Max retries exceeded with url: / (Caused by NameResolutionError(""HTTPSConnection(host='www.penshurstparishcouncil.org.uk', port",2026-04-26T15:53:33+00:00
patney-parish-council,Patney Parish Council,no_web_presence_found,,,,,,2026-04-26T15:53:24+00:00
patching-parish-council,Patching Parish Council,no_web_presence_found,,,,,,2026-04-26T15:53:23+00:00
penryn-town-council,Penryn Town Council,url_unreachable,https://www.penryntowncouncil.co.uk/,excel,unreachable,,"SSLError: HTTPSConnectionPool(host='www.penryntowncouncil.co.uk', port=443): Max retries exceeded with url: / (Caused by SSLError(SSLError(1, '[SSL: TLSV1_ALERT_INTERNAL_ERROR] tlsv1 alert internal error (_ssl.",2026-04-26T15:53:33+00:00
pentewan-valley-parish-council,Pentewan Valley Parish Council,verified,https://www.pentewanvalley-pc.gov.uk,excel,ok,7,,2026-04-26T15:53:33+00:00
pennington-parish-council,Pennington Parish Council,verified,https://www.pennington-pc.gov.uk,excel,ok,2,,2026-04-26T15:53:32+00:00
pattingham-and-patshull-parish-council,Pattingham and Patshull Parish Council,no_web_presence_found,,,,,,2026-04-26T15:53:26+00:00
pakenham-parish-council,Pakenham Parish Council,url_unreachable,https://www.pakenham-pc.gov.uk,excel,unreachable,,"SSLError: HTTPSConnectionPool(host='www.pakenham-pc.gov.uk', port=443): Max retries exceeded with url: / (Caused by SSLError(SSLCertVerificationError(1, ""[SSL: CERTIFICATE_VERIFY_FAILED] certificate verify fail",2026-04-26T15:53:18+00:00
paythorne-parish-council,Paythorne Parish Council,no_web_presence_found,,,,,,2026-04-26T15:53:28+00:00
penzance-town-council,Penzance Town Council,verified,https://www.penzance-tc.gov.uk/,excel,ok,4,,2026-04-26T15:53:34+00:00
peckforton-parish-meeting,Peckforton Parish Meeting,no_web_presence_found,,,,,,2026-04-26T15:53:28+00:00
pelynt-parish-council,Pelynt Parish Council,no_web_presence_found,,,,,,2026-04-26T15:53:28+00:00
paul-parish-council,Paul Parish Council,no_web_presence_found,,,,,,2026-04-26T15:53:26+00:00
perranuthnoe-parish-council,Perranuthnoe Parish Council,url_unreachable,https://www.perranuthnoepc.info/,excel,unreachable,,"ConnectionError: HTTPSConnectionPool(host='www.perranuthnoepc.info', port=443): Max retries exceeded with url: / (Caused by NameResolutionError(""HTTPSConnection(host='www.perranuthnoepc.info', port=443): Failed to res",2026-04-26T15:53:38+00:00
perranzabuloe-parish-council,Perranzabuloe Parish Council,verified,https://www.perranzabuloe-pc.gov.uk,pre-existing,ok,8,,2026-04-26T15:53:38+00:00
penistone-parish-council,Penistone Parish Council,no_web_presence_found,,,,,,2026-04-26T15:53:30+00:00
pencombe-group-parish-council,Pencombe Group Parish Council,no_web_presence_found,,,,,,2026-04-26T15:53:29+00:00
perton-parish-council,Perton Parish Council,verified,http://www.pertonparishcouncil.gov.uk,pre-existing,ok,2,,2026-04-26T15:53:39+00:00
pentney-parish-council,Pentney Parish Council,verified,https://pentneyparishcouncil.gov.uk/,pattern,ok,1,,2026-04-26T15:53:33+00:00
petersfield-town-council,Petersfield Town Council,verified,https://www.petersfield-tc.gov.uk,pre-existing,ok,8,,2026-04-26T15:53:39+00:00
perranarworthal-parish-council,Perranarworthal Parish Council,url_unreachable,http://www.parish-council.com/perranarworthal/,excel,unreachable (404),,,2026-04-26T15:53:37+00:00
penhurst-parish-council,Penhurst Parish Council,no_web_presence_found,,,,,,2026-04-26T15:53:30+00:00
peterborough-city-council,Peterborough City Council,verified,https://www.peterborough.gov.uk/,pattern,ok,2,,2026-04-26T15:53:39+00:00
penton-grafton-and-penton-mewsey-parish-council,Penton Grafton and Penton Mewsey Parish Council,no_web_presence_found,,,,,,2026-04-26T15:53:33+00:00
pevensey-parish-council,Pevensey Parish Council,verified,https://www.pevenseyparishcouncil.gov.uk,pre-existing,ok,9,,2026-04-26T15:53:42+00:00
pewsey-parish-council,Pewsey Parish Council,verified,http://www.pewsey-pc.gov.uk,pre-existing,ok,2,,2026-04-26T15:53:42+00:00
petham,Petham,verified,https://www.pethamparishcouncil.gov.uk,excel,ok,4,,2026-04-26T15:53:39+00:00
penwortham-parish-council,Penwortham Parish Council,no_web_presence_found,,,,,,2026-04-26T15:53:33+00:00
peover-inferior-parish-council,Peover Inferior Parish Council,no_web_presence_found,,,,,,2026-04-26T15:53:35+00:00
peover-su-parish-council,Peover Su Parish Council,no_web_presence_found,,,,,,2026-04-26T15:53:35+00:00
peover-superior-and-snelson-parish-council,Peover Superior and Snelson Parish Council,no_web_presence_found,,,,,,2026-04-26T15:53:36+00:00
pickmere-parish-council,Pickmere Parish Council,verified,https://www.pickmereparishcouncil.gov.uk,pre-existing,ok,9,,2026-04-26T15:53:45+00:00
peover-superior-parish-council,Peover Superior Parish Council,no_web_presence_found,,,,,,2026-04-26T15:53:37+00:00
petham-parish-council,Petham Parish Council,verified,https://www.pethamparishcouncil.gov.uk,excel,ok,4,,2026-04-26T15:53:39+00:00
piddinghoe-parish-council-1,Piddinghoe Parish Council,verified,https://www.piddinghoe-pc.org.uk,pre-existing,ok,5,,2026-04-26T15:53:46+00:00
piddington-and-wheeler-end-parish-council,Piddington and Wheeler End Parish Council,verified,https://www.piddingtonandwheelerend-pc.gov.uk,pre-existing,ok,6,,2026-04-26T15:53:46+00:00
picton-parish-meeting,Picton (Parish Meeting),url_unreachable,https://www.pictonparish.gov.uk,excel,unreachable,,"ConnectionError: HTTPSConnectionPool(host='www.pictonparish.gov.uk', port=443): Max retries exceeded with url: / (Caused by NameResolutionError(""HTTPSConnection(host='www.pictonparish.gov.uk', port=443): Failed to res",2026-04-26T15:53:46+00:00
pidley-cum-fen-drayton-parish-council,Pidley cum Fen Drayton Parish Council,url_unreachable,https://www.pidley-fendrayton-pc.gov.uk,excel,unreachable,,"ConnectionError: HTTPSConnectionPool(host='www.pidley-fendrayton-pc.gov.uk', port=443): Max retries exceeded with url: / (Caused by NameResolutionError(""HTTPSConnection(host='www.pidley-fendrayton-pc.gov.uk', port=443",2026-04-26T15:53:46+00:00
perlethorpe-cum-budby-parish-meeting,Perlethorpe-cum-Budby Parish Meeting,no_web_presence_found,,,,,,2026-04-26T15:53:37+00:00
petworth-parish-council,Petworth Parish Council,verified,http://www.bitcloud.org.uk/petworth/,pattern,ok,,,2026-04-26T15:53:41+00:00
pickering-parish-council,Pickering Parish Council,verified,https://www.pickering.gov.uk,excel,ok,6,,2026-04-26T15:53:43+00:00
perlethorpe-cum-budby-parish-council,Perlethorpe cum Budby Parish Council,no_web_presence_found,,,,,,2026-04-26T15:53:37+00:00
pertenhall-parish-council,Pertenhall Parish Council,no_web_presence_found,,,,,,2026-04-26T15:53:39+00:00
pilsley-parish-council,Pilsley Parish Council,verified,https://www.pilsleyparishcouncil.gov.uk,pre-existing,ok,6,,2026-04-26T15:53:48+00:00
pilton-parish-council,Pilton Parish Council,verified,https://www.piltonparishcouncil.org/,pre-existing,ok,2,,2026-04-26T15:53:48+00:00
pershore-parish-council,Pershore Parish Council,no_web_presence_found,,,,,,2026-04-26T15:53:38+00:00
petton-parish-council,Petton Parish Council,no_web_presence_found,,,,,,2026-04-26T15:53:40+00:00
pillaton-parish-council,Pillaton Parish Council,verified,https://pillaton.org.uk/,excel,ok,,,2026-04-26T15:53:46+00:00
pilling-parish-council,Pilling Parish Council,verified,https://www.pilling-pc.gov.uk/,pattern,ok,4,,2026-04-26T15:53:46+00:00
pinchbeck-parish-council,Pinchbeck Parish Council,verified,https://pinchbeck.parish.lincolnshire.gov.uk/,pattern,ok,3,,2026-04-26T15:53:48+00:00
pirbright-parish-council,Pirbright Parish Council,verified,https://pirbright-pc.gov.uk/,pattern,ok,4,,2026-04-26T15:53:50+00:00
pitchcombe-parish-council,Pitchcombe Parish Council,verified,https://www.pitchcombe-pc.gov.uk,pre-existing,ok,5,,2026-04-26T15:53:51+00:00
penkridge-parish-council,Penkridge Parish Council,url_unreachable,https://www.penkridgeparishcouncil.co.uk/,excel,unreachable,,"ReadTimeout: HTTPSConnectionPool(host='www.penkridgeparishcouncil.co.uk', port=443): Read timed out. (read timeout=6)",2026-04-26T15:53:31+00:00
pitcombe-parish-council,Pitcombe Parish Council,verified,http://pitcombepc.org.uk/,pre-existing,ok,2,,2026-04-26T15:53:51+00:00
philleigh-parish-meeting,Philleigh Parish Meeting,no_web_presence_found,,,,,,2026-04-26T15:53:42+00:00
pitney-parish-council,Pitney Parish Council,verified,https://sites.google.com/site/pitneyparishcouncil/home,pre-existing,ok,6,,2026-04-26T15:53:52+00:00
pitsford-parish-council,Pitsford Parish Council,verified,https://www.pitsfordparishcouncil.org.uk,pre-existing,ok,8,,2026-04-26T15:53:52+00:00
pickhill-with-roxby-and-sinderby,Pickhill with Roxby and Sinderby,no_web_presence_found,,,,,,2026-04-26T15:53:44+00:00
pitton-and-farley-parish-council,Pitton and Farley Parish Council,verified,https://www.pittonandFarley-pc.gov.uk,pre-existing,ok,3,,2026-04-26T15:53:53+00:00
pickhill-with-roxby-and-sinderby-parish-council,Pickhill with Roxby and Sinderby Parish Council,no_web_presence_found,,,,,,2026-04-26T15:53:44+00:00
pirton-parish-council,Pirton Parish Council,verified,https://pirtonparishcouncil.gov.uk/,pattern,ok,5,,2026-04-26T15:53:50+00:00
plasterdown-grouped-parish,Plasterdown Grouped Parish,verified,https://www.plasterdownparishcouncil.gov.uk,pre-existing,ok,3,,2026-04-26T15:53:54+00:00
plasterdown-grouped-parish-parish-council,Plasterdown Grouped Parish Parish Council,verified,https://www.plasterdownparishcouncil.gov.uk,pre-existing,ok,3,,2026-04-26T15:53:54+00:00
platt-parish-council,Platt Parish Council,verified,https://www.plattparishcouncil.gov.uk,pre-existing,ok,3,,2026-04-26T15:53:54+00:00
pleasley-parish-council,Pleasley Parish Council,verified,https://www.pleasleyparishcouncil.gov.uk,pre-existing,ok,5,,2026-04-26T15:53:54+00:00
plenmeller-with-whitfield-parish-council,Plenmeller with Whitfield Parish Council,verified,https://www.plenmellerwithwhitfield-pc.gov.uk,pre-existing,ok,5,,2026-04-26T15:53:54+00:00
pickworth-parish-meeting,Pickworth Parish Meeting,no_web_presence_found,,,,,,2026-04-26T15:53:45+00:00
pickering,Pickering,url_unreachable,https://www.pickering.gov.uk,excel,unreachable,,"ConnectionError: HTTPSConnectionPool(host='www.pickering.gov.uk', port=443): Read timed out.",2026-04-26T15:53:43+00:00
piddington-parish-council,Piddington Parish Council,no_web_presence_found,,,,,,2026-04-26T15:53:46+00:00
plumbland-parish-council,Plumbland Parish Council,verified,https://www.plumblandparishcouncil.org.uk,pre-existing,ok,12,,2026-04-26T15:53:55+00:00
pidley-cum-fenton-parish-council,Pidley cum Fenton Parish Council,no_web_presence_found,,,,,,2026-04-26T15:53:46+00:00
pillerton-hersey-parish-council,Pillerton Hersey Parish Council,no_web_presence_found,,,,,,2026-04-26T15:53:46+00:00
plumpton-parish-council,Plumpton Parish Council,verified,https://www.plumptonparishcouncil.gov.uk,pre-existing,ok,6,,2026-04-26T15:53:56+00:00
pilton-west-parish-council,Pilton West Parish Council,no_web_presence_found,,,,,,2026-04-26T15:53:48+00:00
pillerton-priors-parish-council,Pillerton Priors Parish Council,no_web_presence_found,,,,,,2026-04-26T15:53:46+00:00
pinxton-parish-council,Pinxton Parish Council,verified,https://www.pinxtonparishcouncil.gov.uk/,pattern,ok,5,,2026-04-26T15:53:49+00:00
pointon-sempringham-parish-council,Pointon & Sempringham Parish Council,verified,https://www.pointon-pc.gov.uk,pre-existing,ok,0,,2026-04-26T15:53:57+00:00
pitstone-parish-council,Pitstone Parish Council,verified,https://www.pitstone-pc.gov.uk/,pattern,ok,4,,2026-04-26T15:53:52+00:00
polegate-town-council,Polegate Town Council,verified,https://www.polegatetowncouncil.gov.uk,pre-existing,ok,7,,2026-04-26T15:53:58+00:00
polebrook-parish-council,Polebrook Parish Council,verified,https://www.polebrookparishcouncil.gov.uk,excel,ok,2,,2026-04-26T15:53:57+00:00
polperro-parish-council,Polperro Parish Council,verified,http://www.polperrocommunitycouncil.gov.uk/,pre-existing,ok,8,,2026-04-26T15:53:59+00:00
polstead-parish-council,Polstead Parish Council,verified,https://www.polstead-pc.gov.uk,pre-existing,ok,13,,2026-04-26T15:53:59+00:00
pipe-and-lyde-parish-council,Pipe and Lyde Parish Council,no_web_presence_found,,,,,,2026-04-26T15:53:50+00:00
pitminster-parish-council,Pitminster Parish Council,verified,https://www.pitminsterparish.org.uk/index.php,excel,ok,4,,2026-04-26T15:53:51+00:00
ponsonby-parish-council,Ponsonby Parish Council,verified,https://www.calderbridgeandponsonby-pc.gov.uk,pre-existing,ok,4,,2026-04-26T15:54:01+00:00
parbold-parish-council,Parbold Parish Council,no_web_presence_found,,,,,,2026-04-26T15:53:21+00:00
pixley-district-parish-council,Pixley & District Parish Council,no_web_presence_found,,,,,,2026-04-26T15:53:53+00:00
podington-parish-council,Podington Parish Council,verified,https://podington-pc.gov.uk/,pattern,ok,5,,2026-04-26T15:53:57+00:00
plaistow-parish-council,Plaistow Parish Council,no_web_presence_found,,,,,,2026-04-26T15:53:53+00:00
plompton-parish-council,Plompton Parish Council,no_web_presence_found,,,,,,2026-04-26T15:53:54+00:00
poringland-parish-council,Poringland Parish Council,verified,https://www.poringland-pc.gov.uk,pre-existing,ok,4,,2026-04-26T15:54:03+00:00
pluckley-parish-council,Pluckley Parish Council,no_web_presence_found,,,,,,2026-04-26T15:53:55+00:00
porthleven-town-council,Porthleven Town Council,verified,https://www.porthleventc.org.uk,pre-existing,ok,2,,2026-04-26T15:54:03+00:00
pluckley,Pluckley,no_web_presence_found,,,,,,2026-04-26T15:53:54+00:00
portreath-parish-council,Portreath Parish Council,verified,https://www.portreath-pc.gov.uk,pre-existing,ok,7,,2026-04-26T15:54:03+00:00
polesworth-parish-council,Polesworth Parish Council,verified,https://polesworth-pc.gov.uk/,pattern,ok,3,,2026-04-26T15:53:58+00:00
ponsanooth-parish-council,Ponsanooth Parish Council,verified,https://www.ponsanooth-pc.gov.uk,excel,ok,5,,2026-04-26T15:53:59+00:00
plumley-with-toft-bexton-parish-council,Plumley with Toft & Bexton Parish Council,no_web_presence_found,,,,,,2026-04-26T15:53:55+00:00
postwick-witton-parish-council,Postwick (Witton) Parish Council,verified,https://www.postwickwitton-pc.gov.uk,pre-existing,ok,1,,2026-04-26T15:54:04+00:00
plumley-parish-council,Plumley Parish Council,no_web_presence_found,,,,,,2026-04-26T15:53:55+00:00
pott-shrigley-parish-council,Pott Shrigley Parish Council,verified,https://www.pottshrigley-pc.gov.uk,pre-existing,ok,4,,2026-04-26T15:54:04+00:00
potter-heigham-parish-council,Potter Heigham Parish Council,url_unreachable,https://www.phpc.norfolkparishes.gov.uk,excel,unreachable,,"SSLError: HTTPSConnectionPool(host='www.phpc.norfolkparishes.gov.uk', port=443): Max retries exceeded with url: / (Caused by SSLError(SSLCertVerificationError(1, ""[SSL: CERTIFICATE_VERIFY_FAILED] certificate ve",2026-04-26T15:54:04+00:00
potterne-parish-council,Potterne Parish Council,verified,https://www.potterne-pc.gov.uk,pre-existing,ok,4,,2026-04-26T15:54:05+00:00
pockley,Pockley,no_web_presence_found,,,,,,2026-04-26T15:53:57+00:00
potterspury-parish-council,Potterspury Parish Council,verified,https://www.potterspuryparishcouncil.gov.uk,pre-existing,ok,4,,2026-04-26T15:54:06+00:00
plymtree-parish-council,Plymtree Parish Council,no_web_presence_found,,,,,,2026-04-26T15:53:56+00:00
portishead-parish-council,Portishead Parish Council,verified,https://www.portishead.gov.uk/,pattern,ok,4,,2026-04-26T15:54:03+00:00
poole-parish-council,Poole Parish Council,verified,https://poole.org.uk/,pattern,ok,,,2026-04-26T15:54:02+00:00
pontefract-parish-council,Pontefract Parish Council,verified,https://www.pontefract.org.uk/,pattern,ok,,,2026-04-26T15:54:01+00:00
pitchcott-parish-council,Pitchcott Parish Council,no_web_presence_found,,,,,,2026-04-26T15:53:51+00:00
poltimore-parish-council,Poltimore Parish Council,verified,https://www.poltimoreparishcouncil.gov.uk/,pattern,ok,4,,2026-04-26T15:53:59+00:00
potto,Potto,verified,https://potto.org.uk/,pattern,ok,,,2026-04-26T15:54:06+00:00
poynton-town-council,Poynton Town Council,verified,https://www.poyntontowncouncil.gov.uk,pre-existing,ok,3,,2026-04-26T15:54:10+00:00
poole-keynes-parish-meeting,Poole Keynes Parish Meeting,no_web_presence_found,,,,,,2026-04-26T15:54:02+00:00
popham-parish-council,Popham Parish Council,no_web_presence_found,,,,,,2026-04-26T15:54:02+00:00
postwick-with-witton-parish-council,Postwick with Witton Parish Council,no_web_presence_found,,,,,,2026-04-26T15:54:04+00:00
potsgrove-parish-council,Potsgrove Parish Council,no_web_presence_found,,,,,,2026-04-26T15:54:04+00:00
preshute-parish-council,Preshute Parish Council,verified,https://www.preshutepc.org.uk,pre-existing,ok,6,,2026-04-26T15:54:13+00:00
poulshot-parish-council,Poulshot Parish Council,verified,https://www.poulshotparishcouncil.co.uk/,pattern,ok,2,,2026-04-26T15:54:07+00:00
postling-parish-council,Postling Parish Council,verified,https://www.postling-pc.gov.uk/community/postling-parish-council-16398/home/,pattern,ok,5,,2026-04-26T15:54:04+00:00
potters-marston-parish-council,Potters Marston Parish Council,no_web_presence_found,,,,,,2026-04-26T15:54:05+00:00
potton-parish-council,Potton Parish Council,no_web_presence_found,,,,,,2026-04-26T15:54:06+00:00
poughill-parish-council,Poughill Parish Council,no_web_presence_found,,,,,,2026-04-26T15:54:07+00:00
prestbury-parish-council,Prestbury Parish Council,verified,https://www.prestbury.gov.uk,excel,ok,6,,2026-04-26T15:54:13+00:00
preston-under-scar,Preston under Scar,url_unreachable,https://www.prestonunderscar-pc.gov.uk,excel,unreachable,,"ConnectionError: HTTPSConnectionPool(host='www.prestonunderscar-pc.gov.uk', port=443): Max retries exceeded with url: / (Caused by NameResolutionError(""HTTPSConnection(host='www.prestonunderscar-pc.gov.uk', port=443):",2026-04-26T15:54:16+00:00
poulton-and-pulford-parish-council,Poulton and Pulford Parish Council,no_web_presence_found,,,,,,2026-04-26T15:54:08+00:00
portbury-parish-council,Portbury Parish Council,verified,https://www.portburypc.org.uk/,pattern,ok,3,,2026-04-26T15:54:03+00:00
pool-parish-council,Pool Parish Council,verified,https://www.poolparishcouncil.gov.uk/,pattern,ok,6,,2026-04-26T15:54:01+00:00
priddy-parish-council,Priddy Parish Council,verified,https://priddyparish.gov.uk,pre-existing,ok,5,,2026-04-26T15:54:18+00:00
powderham-parish-meeting,Powderham (Parish Meeting),no_web_presence_found,,,,,,2026-04-26T15:54:10+00:00
preston-under-scar-parish-council,Preston under Scar Parish Council,url_unreachable,https://www.prestonunderscar-pc.gov.uk,excel,unreachable,,"ConnectionError: HTTPSConnectionPool(host='www.prestonunderscar-pc.gov.uk', port=443): Max retries exceeded with url: / (Caused by NameResolutionError(""HTTPSConnection(host='www.prestonunderscar-pc.gov.uk', port=443):",2026-04-26T15:54:16+00:00
poynton-with-worth-parish-council,Poynton with Worth Parish Council,no_web_presence_found,,,,,,2026-04-26T15:54:10+00:00
probus-parish-council,Probus Parish Council,verified,http://www.probusparishcouncil.gov.uk/,pre-existing,ok,6,,2026-04-26T15:54:20+00:00
prees-parish-council,Prees Parish Council,no_web_presence_found,,,,,,2026-04-26T15:54:11+00:00
poynton-with-worth-parish-council-1,Poynton-with-Worth Parish Council,no_web_presence_found,,,,,,2026-04-26T15:54:11+00:00
prescot-parish-council,Prescot Parish Council,no_web_presence_found,,,,,,2026-04-26T15:54:13+00:00
princes-risborough-town-council,Princes Risborough Town Council,verified,https://www.princesrisboroughtowncouncil.gov.uk,excel,ok,7,,2026-04-26T15:54:19+00:00
preston-on-stour-parish-council,Preston-on-Stour Parish Council,no_web_presence_found,,,,,,2026-04-26T15:54:15+00:00
preston-bissett-parish-council,Preston Bissett Parish Council,no_web_presence_found,,,,,,2026-04-26T15:54:15+00:00
pulham-market-parish-council,Pulham Market Parish Council,url_unreachable,https://www.pulhammarket.gov.uk,excel,unreachable,,"ConnectionError: HTTPSConnectionPool(host='www.pulhammarket.gov.uk', port=443): Max retries exceeded with url: / (Caused by NameResolutionError(""HTTPSConnection(host='www.pulhammarket.gov.uk', port=443): Failed to res",2026-04-26T15:54:24+00:00
pulham-st-mary-parish-council,Pulham St Mary Parish Council,verified,https://www.pulhamstmarypc.org.uk,pre-existing,ok,3,,2026-04-26T15:54:24+00:00
preston-candover-parish-council,Preston Candover Parish Council,no_web_presence_found,,,,,,2026-04-26T15:54:15+00:00
preston-richard-parish-council,Preston Richard Parish Council,no_web_presence_found,,,,,,2026-04-26T15:54:15+00:00
puriton-parish-council,Puriton Parish Council,verified,https://puritonparishcouncil.org/,pre-existing,ok,6,,2026-04-26T15:54:24+00:00
preston-st-mary-parish-council,Preston St Mary Parish Council,no_web_presence_found,,,,,,2026-04-26T15:54:16+00:00
purton-parish-council,Purton Parish Council,verified,https://www.purtonparishcouncil.gov.uk,pre-existing,ok,7,,2026-04-26T15:54:25+00:00
pucklechurch-parish-council,Pucklechurch Parish Council,verified,https://www.pucklechurchparishcouncil.gov.uk/,pattern,ok,4,,2026-04-26T15:54:21+00:00
preston-under-scar-parish-council-1,Preston-under-scar Parish Council,no_web_presence_found,,,,,,2026-04-26T15:54:17+00:00
prestwold-parish-council,Prestwold Parish Council,no_web_presence_found,,,,,,2026-04-26T15:54:18+00:00
priest-hutton-parish-council,Priest Hutton Parish Council,no_web_presence_found,,,,,,2026-04-26T15:54:18+00:00
pulborough-parish-council,Pulborough Parish Council,verified,https://pulboroughparishcouncil.gov.uk/,pattern,ok,3,,2026-04-26T15:54:24+00:00
pulloxhill-parish-council,Pulloxhill Parish Council,verified,https://pulloxhillparishcouncil.gov.uk/,pattern,ok,6,,2026-04-26T15:54:24+00:00
quatt-malvern-parish-council,Quatt Malvern Parish Council,verified,https://www.quattmalvernparishcouncil.gov.uk,pre-existing,ok,4,,2026-04-26T15:54:28+00:00
queen-camel-parish-council,Queen Camel Parish Council,verified,https://queencamelpc.org.uk/,pre-existing,ok,4,,2026-04-26T15:54:28+00:00
privett-parish-meeting,Privett Parish Meeting,no_web_presence_found,,,,,,2026-04-26T15:54:19+00:00
quarnford-parish-council,Quarnford Parish Council,url_unreachable,https://quarnfordparishcouncil.org/,excel,unreachable,,"ConnectionError: HTTPSConnectionPool(host='quarnfordparishcouncil.org', port=443): Max retries exceeded with url: / (Caused by NameResolutionError(""HTTPSConnection(host='quarnfordparishcouncil.org', port=443): Failed ",2026-04-26T15:54:28+00:00
pyecombe-parish-council,Pyecombe Parish Council,verified,https://pyecombeparishcouncil.gov.uk/,pattern,ok,,,2026-04-26T15:54:25+00:00
poslingford-parish-council,Poslingford Parish Council,url_unreachable,https://www.poslingford-pc.gov.uk,excel,unreachable,,"ConnectTimeout: HTTPSConnectionPool(host='www.poslingford-pc.gov.uk', port=443): Max retries exceeded with url: / (Caused by ConnectTimeoutError(<HTTPSConnection(host='www.poslingford-pc.gov.uk', port=443) at 0x1d094",2026-04-26T15:54:03+00:00
quethiock-parish-council,Quethiock Parish Council,verified,https://quethiockparishcouncil.gov.uk/,pre-existing,ok,7,,2026-04-26T15:54:29+00:00
quidhampton-parish-council,Quidhampton Parish Council,verified,https://parishcouncil.quidhampton.org.uk/,pre-existing,ok,7,,2026-04-26T15:54:29+00:00
puckeridge-parish-council,Puckeridge Parish Council,no_web_presence_found,,,,,,2026-04-26T15:54:20+00:00
pytchley-parish-council,Pytchley Parish Council,verified,https://www.pytchleyparishcouncil.gov.uk,excel,ok,3,,2026-04-26T15:54:27+00:00
rackheath-parish-council,Rackheath Parish Council,verified,https://www.rackheathparishcouncil.org.uk,pre-existing,ok,6,,2026-04-26T15:54:29+00:00
puckington-parish-meeting,Puckington Parish Meeting,no_web_presence_found,,,,,,2026-04-26T15:54:21+00:00
pudding-norton-parish-council,Pudding Norton Parish Council,no_web_presence_found,,,,,,2026-04-26T15:54:22+00:00
quainton-parish-council,Quainton Parish Council,verified,https://quainton.org.uk/,pattern,ok,4,,2026-04-26T15:54:27+00:00
puddington-parish-council,Puddington Parish Council,no_web_presence_found,,,,,,2026-04-26T15:54:24+00:00
pulham-st-mary-parish-council-1,Pulham St. Mary Parish Council,no_web_presence_found,,,,,,2026-04-26T15:54:24+00:00
purley-on-thames-parish-council,Purley on Thames Parish Council,no_web_presence_found,,,,,,2026-04-26T15:54:24+00:00
pyrton-parish-council,Pyrton Parish Council,no_web_presence_found,,,,,,2026-04-26T15:54:26+00:00
pylle-parish-meeting,Pylle Parish Meeting,no_web_presence_found,,,,,,2026-04-26T15:54:26+00:00
queenhill-parish-council,Queenhill Parish Council,no_web_presence_found,,,,,,2026-04-26T15:54:28+00:00
queenborough-parish-council,Queenborough Parish Council,no_web_presence_found,,,,,,2026-04-26T15:54:28+00:00
quendon-and-rickling,Quendon and Rickling,no_web_presence_found,,,,,,2026-04-26T15:54:28+00:00
quendon-and-rickling-parish-council,Quendon and Rickling Parish Council,no_web_presence_found,,,,,,2026-04-26T15:54:29+00:00
radbourn-parish-council,Radbourn Parish Council,no_web_presence_found,,,,,,2026-04-26T15:54:29+00:00
radbourne-parish-meeting,Radbourne Parish Meeting,no_web_presence_found,,,,,,2026-04-26T15:54:30+00:00
radcliffe-on-trent-parish-council,Radcliffe-on-Trent Parish Council,no_web_presence_found,,,,,,2026-04-26T15:54:31+00:00
quorn-parish-council,Quorn Parish Council,verified,https://www.quornparishcouncil.gov.uk/,pattern,ok,3,,2026-04-26T15:54:29+00:00
radcliffe-on-trent-parish-council-1,Radcliffe on Trent Parish Council,no_web_presence_found,,,,,,2026-04-26T15:54:32+00:00
poulton-parish-council,Poulton Parish Council,no_web_presence_found,,,,,,2026-04-26T15:54:09+00:00
rainton-with-newby,Rainton with Newby,verified,https://www.raintonparishcouncil.gov.uk,pre-existing,ok,3,,2026-04-26T15:54:42+00:00
radclive-cum-chackmore-parish-council,Radclive-cum-Chackmore Parish Council,no_web_presence_found,,,,,,2026-04-26T15:54:33+00:00
radnor-parish-council,Radnor Parish Council,no_web_presence_found,,,,,,2026-04-26T15:54:36+00:00
radwell-parish-council,Radwell Parish Council,no_web_presence_found,,,,,,2026-04-26T15:54:37+00:00
rainford-parish-council,Rainford Parish Council,verified,https://rainfordparishcouncil.gov.uk/,pattern,ok,4,,2026-04-26T15:54:39+00:00
ragnall-parish-council,Ragnall Parish Council,no_web_presence_found,,,,,,2026-04-26T15:54:38+00:00
radway-parish-council,Radway Parish Council,no_web_presence_found,,,,,,2026-04-26T15:54:37+00:00
ramsey-parish-council,Ramsey Parish Council,url_unreachable,https://www.ramsey-parish.gov.uk,excel,unreachable,,"ConnectionError: HTTPSConnectionPool(host='www.ramsey-parish.gov.uk', port=443): Max retries exceeded with url: / (Caused by NameResolutionError(""HTTPSConnection(host='www.ramsey-parish.gov.uk', port=443): Failed to r",2026-04-26T15:54:47+00:00
rainhill-parish-council,Rainhill Parish Council,verified,https://rainhillparishcouncil.gov.uk/,pattern,ok,4,,2026-04-26T15:54:40+00:00
rainham-parish-council,Rainham Parish Council,no_web_presence_found,,,,,,2026-04-26T15:54:40+00:00
radwinter,Radwinter,verified,https://radwinterparishcouncil.gov.uk/,pattern,ok,5,,2026-04-26T15:54:37+00:00
rainow-parish-council,Rainow Parish Council,no_web_presence_found,,,,,,2026-04-26T15:54:41+00:00
raithby-cum-maltby-parish-council,Raithby cum Maltby Parish Council,no_web_presence_found,,,,,,2026-04-26T15:54:42+00:00
ramsgate-parish-council,Ramsgate Parish Council,verified,https://ramsgate.org.uk/,pattern,ok,,,2026-04-26T15:54:47+00:00
ranton-parish-council,Ranton Parish Council,verified,http://www.ranton.info/ranton/page.asp?code=rpc,pre-existing,ok,3,,2026-04-26T15:54:52+00:00
ramshorn-parish-council,Ramshorn Parish Council,verified,https://ramshorn.org.uk/,pattern,ok,,,2026-04-26T15:54:48+00:00
radwinter-parish-council,Radwinter Parish Council,verified,https://radwinterparishcouncil.gov.uk/,pattern,ok,5,,2026-04-26T15:54:38+00:00
rampton-and-woodbeck-parish-council,Rampton and Woodbeck Parish Council,no_web_presence_found,,,,,,2026-04-26T15:54:46+00:00
ramsden-bellhous-parish-council,Ramsden Bellhous Parish Council,no_web_presence_found,,,,,,2026-04-26T15:54:46+00:00
randwick-and-westrip-parish-council,Randwick and Westrip Parish Council,verified,https://www.randwickandwestrip-pc.gov.uk,excel,ok,1,,2026-04-26T15:54:51+00:00
ramsholt-parish-council,Ramsholt Parish Council,no_web_presence_found,,,,,,2026-04-26T15:54:47+00:00
ramsden-parish-council,Ramsden Parish Council,no_web_presence_found,,,,,,2026-04-26T15:54:47+00:00
raunds-town-council,Raunds Town Council,verified,https://www.raunds-tc.gov.uk,pre-existing,ok,7,,2026-04-26T15:54:57+00:00
raskelf,Raskelf,verified,https://www.raskelf.org.uk/,pattern,ok,2,,2026-04-26T15:54:52+00:00
ranby-parish-council,Ranby Parish Council,no_web_presence_found,,,,,,2026-04-26T15:54:50+00:00
ravenshead-parish-council,Ravenshead Parish Council,verified,https://www.ravensheadpc.org.uk,pre-existing,ok,0,,2026-04-26T15:54:59+00:00
ranskill-parish-council,Ranskill Parish Council,verified,https://ranskillparishcouncil.gov.uk/,pattern,ok,4,,2026-04-26T15:54:51+00:00
ravenstone-with-snibstone-parish-council,Ravenstone with Snibstone Parish Council,url_unreachable,https://www.ravenstone-snibstone.gov.uk,excel,unreachable,,"ConnectionError: HTTPSConnectionPool(host='www.ravenstone-snibstone.gov.uk', port=443): Max retries exceeded with url: / (Caused by NameResolutionError(""HTTPSConnection(host='www.ravenstone-snibstone.gov.uk', port=443",2026-04-26T15:54:59+00:00
rand-grange-parish-meeting,Rand Grange (Parish Meeting),no_web_presence_found,,,,,,2026-04-26T15:54:50+00:00
ratby-parish-council,Ratby Parish Council,verified,https://www.ratbyparishcouncil.gov.uk/,pattern,ok,3,,2026-04-26T15:54:52+00:00
raskelf-parish-council,Raskelf Parish Council,verified,https://www.raskelf.org.uk/,pattern,ok,2,,2026-04-26T15:54:52+00:00
raydon-parish-council,Raydon Parish Council,verified,https://www.raydonparishcouncil.gov.uk,pre-existing,ok,5,,2026-04-26T15:55:01+00:00
ratcliffe-on-soar-parish-council,Ratcliffe on Soar Parish Council,no_web_presence_found,,,,,,2026-04-26T15:54:55+00:00
reach-parish-council,Reach Parish Council,url_unreachable,https://www.reach-pc.gov.uk,excel,unreachable,,"ConnectionError: HTTPSConnectionPool(host='www.reach-pc.gov.uk', port=443): Max retries exceeded with url: / (Caused by NameResolutionError(""HTTPSConnection(host='www.reach-pc.gov.uk', port=443): Failed to resolve 'ww",2026-04-26T15:55:04+00:00
ratcliffe-on-soar-parish-meeting,Ratcliffe-on-Soar Parish Meeting,no_web_presence_found,,,,,,2026-04-26T15:54:55+00:00
red-lodge-parish-council,Red Lodge Parish Council,url_unreachable,https://www.redlodgeparishcouncil.gov.uk,excel,unreachable,,"SSLError: HTTPSConnectionPool(host='www.redlodgeparishcouncil.gov.uk', port=443): Max retries exceeded with url: / (Caused by SSLError(SSLCertVerificationError(1, ""[SSL: CERTIFICATE_VERIFY_FAILED] certificate v",2026-04-26T15:55:04+00:00
quinton-parish-council,Quinton Parish Council,verified,https://www.quintonparishcouncil.gov.uk/,pattern,ok,4,,2026-04-26T15:54:29+00:00
redenhall-with-harleston-town-council,Redenhall with Harleston Town Council,verified,https://www.harleston-tc.gov.uk,pre-existing,ok,6,,2026-04-26T15:55:05+00:00
ratlinghope-and-wentnor-parish-council,Ratlinghope and Wentnor Parish Council,no_web_presence_found,,,,,,2026-04-26T15:54:56+00:00
redlingfield-parish-meeting,Redlingfield Parish Meeting,verified,https://www.redlingfieldparishcouncil.gov.uk,pre-existing,ok,5,,2026-04-26T15:55:05+00:00
redgrave-parish-council,Redgrave Parish Council,url_unreachable,https://www.redgrave-pc.gov.uk,excel,unreachable (404),,,2026-04-26T15:55:05+00:00
ravensden-parish-council,Ravensden Parish Council,verified,https://ravensden-pc.gov.uk/,pattern,ok,5,,2026-04-26T15:54:58+00:00
redbourn-parish-council,Redbourn Parish Council,verified,https://www.redbourn-pc.gov.uk/,pattern,ok,6,,2026-04-26T15:55:04+00:00
radford-parish-council,Radford Parish Council,no_web_presence_found,,,,,,2026-04-26T15:54:34+00:00
redruth-town-council,Redruth Town Council,verified,https://www.redruth-tc.gov.uk,pre-existing,ok,5,,2026-04-26T15:55:07+00:00
radnage-parish-council,Radnage Parish Council,no_web_presence_found,,,,,,2026-04-26T15:54:34+00:00
reedham-parish-council,Reedham Parish Council,verified,https://www.reedhamparishcouncil.gov.uk,pre-existing,ok,2,,2026-04-26T15:55:07+00:00
reepham-parish-council,Reepham Parish Council,verified,https://www.reephamtowncouncil.gov.uk,pre-existing,ok,4,,2026-04-26T15:55:07+00:00
raynham-parish-council,Raynham Parish Council,verified,https://raynhamparishcouncil.gov.uk/,pattern,ok,5,,2026-04-26T15:55:01+00:00
radstock-parish-council,Radstock Parish Council,no_web_presence_found,,,,,,2026-04-26T15:54:36+00:00
reighton-and-speeton,Reighton and Speeton,verified,https://www.reightonspeeton-pc.gov.uk,pre-existing,ok,4,,2026-04-26T15:55:10+00:00
redlynch-parish-council,Redlynch Parish Council,verified,https://redlynch.org.uk/,pattern,ok,,,2026-04-26T15:55:05+00:00
ravenstonedale-parish-council,Ravenstonedale Parish Council,no_web_presence_found,,,,,,2026-04-26T15:54:59+00:00
reed-parish-council,Reed Parish Council,verified,https://reedparishcouncil.gov.uk/,pattern,ok,4,,2026-04-26T15:55:07+00:00
rathmell-parish-council,Rathmell Parish Council,no_web_presence_found,,,,,,2026-04-26T15:54:56+00:00
ravensthorpe-parish-council,Ravensthorpe Parish Council,no_web_presence_found,,,,,,2026-04-26T15:54:59+00:00
redmarley-parish-council,Redmarley Parish Council,verified,https://www.redmarley.org.uk/,pattern,ok,4,,2026-04-26T15:55:05+00:00
renhold-parish-council,Renhold Parish Council,verified,https://renhold-pc.gov.uk/,pattern,ok,6,,2026-04-26T15:55:11+00:00
rede-parish-meeting,Rede Parish Meeting,no_web_presence_found,,,,,,2026-04-26T15:55:04+00:00
reeth-fremington-and-healaugh,Reeth; Fremington and Healaugh,no_web_presence_found,,,,,,2026-04-26T15:55:07+00:00
rainworth-parish-council,Rainworth Parish Council,no_web_presence_found,,,,,,2026-04-26T15:54:42+00:00
rawdon-parish-council,Rawdon Parish Council,verified,https://www.rawdonparishcouncil.gov.uk/,pattern,ok,2,,2026-04-26T15:55:00+00:00
raveningham-parish-meeting,Raveningham Parish Meeting,no_web_presence_found,,,,,,2026-04-26T15:54:57+00:00
reighton-parish-council,Reighton Parish Council,no_web_presence_found,,,,,,2026-04-26T15:55:10+00:00
richards-castle-parish-council,Richards Castle Parish Council,verified,https://www.richardscastle-shropshire-pc.gov.uk,pre-existing,ok,7,,2026-04-26T15:55:19+00:00
reeth-fremington-and-healaugh-parish-council-1,"Reeth, Fremington and Healaugh Parish Council",no_web_presence_found,,,,,,2026-04-26T15:55:09+00:00
rempstone-parish-council,Rempstone Parish Council,no_web_presence_found,,,,,,2026-04-26T15:55:10+00:00
rendcomb-parish-council,Rendcomb Parish Council,no_web_presence_found,,,,,,2026-04-26T15:55:11+00:00
repps-with-bastwick-parish-council,Repps with Bastwick Parish Council,no_web_presence_found,,,,,,2026-04-26T15:55:11+00:00
ravensworth-parish-council,Ravensworth Parish Council,no_web_presence_found,,,,,,2026-04-26T15:54:59+00:00
revesby-parish-council,Revesby Parish Council,no_web_presence_found,,,,,,2026-04-26T15:55:13+00:00
rimpton-parish-council,Rimpton Parish Council,verified,https://rimptonpc.org.uk/,pre-existing,ok,1,,2026-04-26T15:55:22+00:00
ringland-parish-council,Ringland Parish Council,verified,https://www.ringlandparishcouncil.gov.uk,pre-existing,ok,6,,2026-04-26T15:55:22+00:00
ringmer-parish-council,Ringmer Parish Council,verified,https://www.ringmerparishcouncil.gov.uk,pre-existing,ok,9,,2026-04-26T15:55:22+00:00
ringmer-parish-council-1,Ringmer Parish Council,verified,https://www.ringmerparishcouncil.gov.uk,pre-existing,ok,9,,2026-04-26T15:55:22+00:00
riccall,Riccall,verified,https://www.riccallparishcouncil.gov.uk,excel,ok,4,,2026-04-26T15:55:17+00:00
ringshall-parish-council,Ringshall Parish Council,verified,https://www.ringshall-pc.gov.uk,pre-existing,ok,2,,2026-04-26T15:55:23+00:00
reydon-parish-council,Reydon Parish Council,no_web_presence_found,,,,,,2026-04-26T15:55:14+00:00
ringstead-parish-council,Ringstead Parish Council,verified,https://www.ringsteadpc.gov.uk,excel,ok,3,,2026-04-26T15:55:23+00:00
ringwood-town-council,Ringwood Town Council,verified,https://www.ringwood.gov.uk,pre-existing,ok,2,,2026-04-26T15:55:24+00:00
ribble-banks-group-parish-council,Ribble Banks Group Parish Council,no_web_presence_found,,,,,,2026-04-26T15:55:15+00:00
ribby-with-wrea-parish-council,Ribby-with-wrea Parish Council,no_web_presence_found,,,,,,2026-04-26T15:55:16+00:00
rimington-parish-council,Rimington Parish Council,verified,https://rimington.org.uk/,pattern,ok,2,,2026-04-26T15:55:21+00:00
ripon,Ripon,verified,https://www.riponcity.gov.uk,pre-existing,ok,3,,2026-04-26T15:55:27+00:00
ripon-parish-council,Ripon Parish Council,verified,https://www.riponcity.gov.uk,pre-existing,ok,3,,2026-04-26T15:55:27+00:00
rhodesia-parish-council,Rhodesia Parish Council,no_web_presence_found,,,,,,2026-04-26T15:55:15+00:00
riby-parish-council,Riby Parish Council,no_web_presence_found,,,,,,2026-04-26T15:55:17+00:00
richards-castle-herefordshire-parish-council,Richard's Castle (Herefordshire) Parish Council,no_web_presence_found,,,,,,2026-04-26T15:55:19+00:00
riseden-parish-council,Riseden Parish Council,url_unreachable,https://www.risedenpc.org.uk,excel,unreachable,,"ConnectionError: HTTPSConnectionPool(host='www.risedenpc.org.uk', port=443): Max retries exceeded with url: / (Caused by NameResolutionError(""HTTPSConnection(host='www.risedenpc.org.uk', port=443): Failed to resolve '",2026-04-26T15:55:29+00:00
riddlesworth-parish-meeting,Riddlesworth Parish Meeting,no_web_presence_found,,,,,,2026-04-26T15:55:19+00:00
rishangles-parish-meeting,Rishangles Parish Meeting,verified,https://www.midsuffolk.gov.uk,pre-existing,ok,1,,2026-04-26T15:55:30+00:00
risby-parish-council,Risby Parish Council,url_unreachable,https://www.risbyparishcouncil.gov.uk,excel,unreachable,,"SSLError: HTTPSConnectionPool(host='www.risbyparishcouncil.gov.uk', port=443): Max retries exceeded with url: / (Caused by SSLError(SSLCertVerificationError(1, ""[SSL: CERTIFICATE_VERIFY_FAILED] certificate veri",2026-04-26T15:55:28+00:00
ridgmont-parish-council,Ridgmont Parish Council,no_web_presence_found,,,,,,2026-04-26T15:55:20+00:00
redmire-parish-council,Redmire Parish Council,no_web_presence_found,,,,,,2026-04-26T15:55:06+00:00
redmire,Redmire,no_web_presence_found,,,,,,2026-04-26T15:55:06+00:00
rievaulx-parish-meeting,Rievaulx (Parish Meeting),no_web_presence_found,,,,,,2026-04-26T15:55:21+00:00
rocester-parish-council,Rocester Parish Council,verified,https://rocesterparishcouncil.com/,pre-existing,ok,3,,2026-04-26T15:55:31+00:00
roche-parish-council,Roche Parish Council,verified,https://www.rocheparishcouncil.gov.uk/,pre-existing,ok,4,,2026-04-26T15:55:31+00:00
rillington,Rillington,no_web_presence_found,,,,,,2026-04-26T15:55:21+00:00
rockcliffe-parish-council,Rockcliffe Parish Council,verified,https://www.rockcliffeparishcouncil.org.uk,pre-existing,ok,2,,2026-04-26T15:55:31+00:00
ridley-parish-council,Ridley Parish Council,no_web_presence_found,,,,,,2026-04-26T15:55:20+00:00
ringsfield-parish-council,Ringsfield Parish Council,no_web_presence_found,,,,,,2026-04-26T15:55:22+00:00
rodborough-parish-council,Rodborough Parish Council,verified,https://www.rodborough.gov.uk,pre-existing,ok,0,,2026-04-26T15:55:32+00:00
ringway-parish-council,Ringway Parish Council,no_web_presence_found,,,,,,2026-04-26T15:55:24+00:00
rode-parish-council,Rode Parish Council,verified,https://www.rodeparishcouncil.gov.uk,pre-existing,ok,5,,2026-04-26T15:55:33+00:00
ripple-parish-council,Ripple Parish Council,verified,https://rippleparishcouncil.gov.uk/,pattern,ok,2,,2026-04-26T15:55:27+00:00
ringwould-with-kingsdown-parish-council,Ringwould with Kingsdown Parish Council,no_web_presence_found,,,,,,2026-04-26T15:55:24+00:00
roade-parish-council,Roade Parish Council,verified,https://www.roadeparishcouncil.gov.uk,excel,ok,6,,2026-04-26T15:55:30+00:00
ripley,Ripley,verified,https://ripleyparishcouncil.gov.uk/,pattern,ok,3,,2026-04-26T15:55:25+00:00
rodney-stoke-parish-council,Rodney Stoke Parish Council,verified,https://www.rodneystoke-pc.gov.uk,pre-existing,ok,5,,2026-04-26T15:55:34+00:00
rivenhall-parish-council,Rivenhall Parish Council,verified,https://rivenhall-pc.gov.uk/,pattern,ok,4,,2026-04-26T15:55:30+00:00
rochester-parish-council,Rochester Parish Council,verified,https://rochester.org.uk/,pattern,ok,,,2026-04-26T15:55:31+00:00
rippingale-parish-council,Rippingale Parish Council,no_web_presence_found,,,,,,2026-04-26T15:55:27+00:00
ripley-parish-council,Ripley Parish Council,verified,https://ripleyparishcouncil.gov.uk/,pattern,ok,3,,2026-04-26T15:55:26+00:00
rodmarton-parish-council,Rodmarton Parish Council,verified,https://rodmartonparishcouncil.gov.uk/,pattern,ok,,,2026-04-26T15:55:33+00:00
riseley-parish-council,Riseley Parish Council,verified,https://riseleyparishcouncil.gov.uk/,pattern,ok,4,,2026-04-26T15:55:29+00:00
rolleston-on-dove-parish-council,Rolleston on Dove Parish Council,verified,https://rollestonondove-pc.gov.uk,pre-existing,ok,4,,2026-04-26T15:55:38+00:00
roecliffe-and-westwick,Roecliffe and Westwick,verified,https://www.roecliffewestwick-pc.gov.uk,excel,ok,4,,2026-04-26T15:55:37+00:00
rockingham-parish-council,Rockingham Parish Council,no_web_presence_found,,,,,,2026-04-26T15:55:31+00:00
romanby,Romanby,verified,https://www.romanby-pc.gov.uk,pre-existing,ok,2,,2026-04-26T15:55:41+00:00
romanby-parish-council,Romanby Parish Council,verified,https://www.romanby-pc.gov.uk,pre-existing,ok,2,,2026-04-26T15:55:41+00:00
rockland-st-mary-parish-council,Rockland St. Mary Parish Council,no_web_presence_found,,,,,,2026-04-26T15:55:32+00:00
romsey-town-council,Romsey Town Council,url_unreachable,https://www.romseytowncouncil.gov.uk,excel,unreachable,,"ConnectionError: HTTPSConnectionPool(host='www.romseytowncouncil.gov.uk', port=443): Max retries exceeded with url: / (Caused by NameResolutionError(""HTTPSConnection(host='www.romseytowncouncil.gov.uk', port=443): Fai",2026-04-26T15:55:42+00:00
roddam-parish-council,Roddam Parish Council,no_web_presence_found,,,,,,2026-04-26T15:55:32+00:00
rolvenden,Rolvenden,verified,https://www.rolvendenparishcouncil.gov.uk,excel,ok,4,,2026-04-26T15:55:41+00:00
rope-parish-council,Rope Parish Council,verified,https://www.ropeparishcouncil.org.uk,pre-existing,ok,3,,2026-04-26T15:55:43+00:00
ropley-parish-council,Ropley Parish Council,url_unreachable,https://www.ropleyparishcouncil.org.uk,excel,unreachable,,"ConnectionError: HTTPSConnectionPool(host='www.ropleyparishcouncil.org.uk', port=443): Max retries exceeded with url: / (Caused by NameResolutionError(""HTTPSConnection(host='www.ropleyparishcouncil.org.uk', port=443):",2026-04-26T15:55:43+00:00
ropsley-district-parish-council,Ropsley & District Parish Council,verified,https://www.ropsleyparishcouncil.gov.uk,pre-existing,ok,0,,2026-04-26T15:55:43+00:00
rollesby-parish-council,Rollesby Parish Council,verified,https://rollesby-pc.gov.uk/,pattern,ok,3,,2026-04-26T15:55:38+00:00
rodmell-parish-council-1,Rodmell Parish Council,no_web_presence_found,,,,,,2026-04-26T15:55:34+00:00
rodsley-and-yeaveley,Rodsley And Yeaveley,no_web_presence_found,,,,,,2026-04-26T15:55:34+00:00
rodmersham-parish-council,Rodmersham Parish Council,no_web_presence_found,,,,,,2026-04-26T15:55:34+00:00
rivington-parish-council,Rivington Parish Council,no_web_presence_found,,,,,,2026-04-26T15:55:30+00:00
rodsley-and-yeaveley-parish-council,Rodsley And Yeaveley Parish Council,no_web_presence_found,,,,,,2026-04-26T15:55:35+00:00
rodmell-parish-council,Rodmell Parish Council,verified,https://www.rodmellparishcouncil.gov.uk/community/rodmell-parish-council-20664/home/,pattern,ok,5,,2026-04-26T15:55:34+00:00
riverhead-parish-council,Riverhead Parish Council,verified,https://www.riverheadparishcouncil.gov.uk/,pattern,ok,4,,2026-04-26T15:55:30+00:00
rodsley-parish-council,Rodsley Parish Council,no_web_presence_found,,,,,,2026-04-26T15:55:36+00:00
roeburndale-parish-council,Roeburndale Parish Council,no_web_presence_found,,,,,,2026-04-26T15:55:37+00:00
rollright-parish-council,Rollright Parish Council,no_web_presence_found,,,,,,2026-04-26T15:55:38+00:00
roudham-and-larling-parish-council,Roudham and Larling Parish Council,verified,https://www.roudhamandlarlingparishcouncil.gov.uk,pre-existing,ok,1,,2026-04-26T15:55:48+00:00
river-parish-council,River Parish Council,no_web_presence_found,,,,,,2026-04-26T15:55:30+00:00
rooksdown-parish-council,Rooksdown Parish Council,verified,https://rooksdown.org.uk/,pattern,ok,4,,2026-04-26T15:55:42+00:00
rothwell-town-council,Rothwell Town Council,verified,https://www.rothwelltowncouncil.gov.uk,excel,ok,5,,2026-04-26T15:55:47+00:00
romsey-extra-parish-council,Romsey Extra Parish Council,no_web_presence_found,,,,,,2026-04-26T15:55:41+00:00
rowde-parish-council,Rowde Parish Council,verified,https://www.rowdeparishcouncil.gov.uk,pre-existing,ok,5,,2026-04-26T15:55:51+00:00
rotherwick-parish-council,Rotherwick Parish Council,verified,https://www.rotherwick.org.uk/,pattern,ok,5,,2026-04-26T15:55:45+00:00
rookwith-parish-council,Rookwith Parish Council,no_web_presence_found,,,,,,2026-04-26T15:55:42+00:00
rosedale-east-and-west-parish-council,Rosedale East and West Parish Council,no_web_presence_found,,,,,,2026-04-26T15:55:43+00:00
roxby-group,Roxby Group,verified,https://www.roxbygrouppc.org.uk,pre-existing,ok,2,,2026-04-26T15:55:53+00:00
roxby-group-parish-council,Roxby Group Parish Council,verified,https://www.roxbygrouppc.org.uk,pre-existing,ok,2,,2026-04-26T15:55:53+00:00
rosedale-east-and-west,Rosedale East and West,no_web_presence_found,,,,,,2026-04-26T15:55:43+00:00
rosedale-east-side-parish-council,Rosedale East Side Parish Council,no_web_presence_found,,,,,,2026-04-26T15:55:44+00:00
royal-wootton-bassett-town-council,Royal Wootton Bassett Town Council,verified,http://www.royalwoottonbassett.gov.uk,pre-existing,ok,7,,2026-04-26T15:55:54+00:00
roydon-parish-council,Roydon Parish Council,verified,https://www.roydon-southnorfolk-pc.gov.uk,pre-existing,ok,2,,2026-04-26T15:55:54+00:00
royston-town-council,Royston Town Council,url_unreachable,https://www.roystontowncouncil.org.uk,excel,unreachable,,"ConnectionError: HTTPSConnectionPool(host='www.roystontowncouncil.org.uk', port=443): Max retries exceeded with url: / (Caused by NameResolutionError(""HTTPSConnection(host='www.roystontowncouncil.org.uk', port=443): F",2026-04-26T15:55:54+00:00
ruan-lanihorne-parish-council,Ruan Lanihorne Parish Council,verified,https://www.ruanlanihorne-pc.gov.uk,pre-existing,ok,1,,2026-04-26T15:55:54+00:00
rosedale-west-side-parish-council,Rosedale West Side Parish Council,no_web_presence_found,,,,,,2026-04-26T15:55:44+00:00
ross-on-wye-town-council,Ross-on-Wye Town Council,no_web_presence_found,,,,,,2026-04-26T15:55:44+00:00
ruckinge-parish-council,Ruckinge Parish Council,verified,https://www.ruckinge-pc.gov.uk,pre-existing,ok,7,,2026-04-26T15:55:54+00:00
rostherne-parish-council,Rostherne Parish Council,no_web_presence_found,,,,,,2026-04-26T15:55:45+00:00
ruckley-and-langley-parish-council,Ruckley and Langley Parish Council,verified,https://www.actonburnell-pc.gov.uk,pre-existing,ok,2,,2026-04-26T15:55:54+00:00
rudby,Rudby,verified,https://www.rudbyparishcouncil.gov.uk,pre-existing,ok,5,,2026-04-26T15:55:54+00:00
rudby-parish-council,Rudby Parish Council,verified,https://www.rudbyparishcouncil.gov.uk,pre-existing,ok,5,,2026-04-26T15:55:54+00:00
ruddington-parish-council,Ruddington Parish Council,verified,https://www.ruddingtonparishcouncil.gov.uk,pre-existing,ok,6,,2026-04-26T15:55:54+00:00
roxton-parish-council,Roxton Parish Council,verified,https://roxton-pc.gov.uk/,pattern,ok,6,,2026-04-26T15:55:53+00:00
rothley-with-hollinghill-parish-council,Rothley with Hollinghill Parish Council,no_web_presence_found,,,,,,2026-04-26T15:55:46+00:00
ruanlanihorne-parish-council,Ruanlanihorne Parish Council,verified,https://www.ruanlanihorne-pc.gov.uk/,pattern,ok,,,2026-04-26T15:55:54+00:00
rossington-parish-council,Rossington Parish Council,no_web_presence_found,,,,,,2026-04-26T15:55:45+00:00
rougham-parish-council,Rougham Parish Council,no_web_presence_found,,,,,,2026-04-26T15:55:48+00:00
rounton-parish-council,Rounton Parish Council,no_web_presence_found,,,,,,2026-04-26T15:55:48+00:00
rugeley-town-council,Rugeley Town Council,verified,http://www.rugeleytowncouncil.gov.uk/,pre-existing,ok,5,,2026-04-26T15:55:58+00:00
rothbury-parish-council,Rothbury Parish Council,verified,https://rothburyparishcouncil.gov.uk/,pattern,ok,2,,2026-04-26T15:55:45+00:00
rudheath-parish-council,Rudheath Parish Council,verified,https://rudheath-pc.gov.uk/,pattern,ok,1,,2026-04-26T15:55:57+00:00
rousham-parish-meeting,Rousham Parish Meeting,no_web_presence_found,,,,,,2026-04-26T15:55:50+00:00
rowton-parish-council,Rowton Parish Council,verified,https://www.rowtonparishcouncil.gov.uk/community/rowton-parish-council-20962/home/,pattern,ok,4,,2026-04-26T15:55:52+00:00
ruishton-thornfalcon-parish-council,Ruishton & Thornfalcon Parish Council,verified,https://ruishton.org.uk/,excel,ok,3,,2026-04-26T15:55:58+00:00
ruardean-parish-council,Ruardean Parish Council,verified,https://ruardean-pc.gov.uk/,pattern,ok,4,,2026-04-26T15:55:54+00:00
rowston-parish-council,Rowston Parish Council,no_web_presence_found,,,,,,2026-04-26T15:55:52+00:00
routh-parish-council,Routh Parish Council,no_web_presence_found,,,,,,2026-04-26T15:55:50+00:00
rushden-parish-council,Rushden Parish Council,url_unreachable,https://www.rushden-pc.gov.uk,excel,unreachable,,"ConnectionError: HTTPSConnectionPool(host='www.rushden-pc.gov.uk', port=443): Max retries exceeded with url: / (Caused by NameResolutionError(""HTTPSConnection(host='www.rushden-pc.gov.uk', port=443): Failed to resolve",2026-04-26T15:56:02+00:00
royal-leamington-spa-parish-council,Royal Leamington Spa Parish Council,no_web_presence_found,,,,,,2026-04-26T15:55:53+00:00
rushbrooke-with-rougham-parish-council,Rushbrooke with Rougham Parish Council,url_unreachable,https://www.rushbrookewithrougham-pc.gov.uk,excel,unreachable,,"SSLError: HTTPSConnectionPool(host='www.rushbrookewithrougham-pc.gov.uk', port=443): Max retries exceeded with url: / (Caused by SSLError(SSLCertVerificationError(1, ""[SSL: CERTIFICATE_VERIFY_FAILED] certificat",2026-04-26T15:56:01+00:00
runton-parish-council,Runton Parish Council,verified,https://runton-pc.gov.uk/,pattern,ok,4,,2026-04-26T15:56:00+00:00
ruyton-xi-towns-parish-council,Ruyton-XI-Towns Parish Council,verified,https://www.ruytonxitownsparishcouncil.org.uk,pre-existing,ok,6,,2026-04-26T15:56:05+00:00
ryarsh-parish-council,Ryarsh Parish Council,verified,https://www.ryarsh-pc.gov.uk,pre-existing,ok,7,,2026-04-26T15:56:05+00:00
rudge-parish-council,Rudge Parish Council,no_web_presence_found,,,,,,2026-04-26T15:55:54+00:00
rye-town-council,Rye Town Council,verified,https://www.ryetowncouncil.gov.uk,pre-existing,ok,6,,2026-04-26T15:56:05+00:00
rudford-highleadon-parish-council,Rudford & Highleadon Parish Council,no_web_presence_found,,,,,,2026-04-26T15:55:54+00:00
ruckl-parish-council,Ruckl Parish Council,no_web_presence_found,,,,,,2026-04-26T15:55:54+00:00
rowland-parish-meeting,Rowland (Parish Meeting),no_web_presence_found,,,,,,2026-04-26T15:55:51+00:00
ruskington-parish-council,Ruskington Parish Council,verified,https://ruskington.parish.lincolnshire.gov.uk/,pattern,ok,2,,2026-04-26T15:56:04+00:00
ruishton-parish-council,Ruishton Parish Council,verified,https://ruishtonparish.gov.uk/,pattern,ok,3,,2026-04-26T15:55:58+00:00
rushall-parish-council,Rushall Parish Council,verified,https://rushall.org.uk/,pattern,ok,1,,2026-04-26T15:56:01+00:00
rudgwick-parish-council,Rudgwick Parish Council,verified,https://rudgwick-pc.gov.uk/,pattern,ok,4,,2026-04-26T15:55:56+00:00
runcton-holme-parish-council,Runcton Holme Parish Council,no_web_presence_found,,,,,,2026-04-26T15:55:59+00:00
rufford-parish-council,Rufford Parish Council,no_web_presence_found,,,,,,2026-04-26T15:55:58+00:00
rudston-parish-council,Rudston Parish Council,no_web_presence_found,,,,,,2026-04-26T15:55:58+00:00
saham-toney-parish-council,Saham Toney Parish Council,verified,https://www.sahamtoney-pc.gov.uk,pre-existing,ok,2,,2026-04-26T15:56:11+00:00
rushbury-parish-council,Rushbury Parish Council,verified,https://www.rushburyparishcouncil.gov.uk/community/rushbury-parish-council-10625/home/,pattern,ok,3,,2026-04-26T15:56:01+00:00
rushmere-parish-council,Rushmere Parish Council,no_web_presence_found,,,,,,2026-04-26T15:56:02+00:00
rushton-parish-council-1,Rushton Parish Council,no_web_presence_found,,,,,,2026-04-26T15:56:03+00:00
saffron-walden-parish-council,Saffron Walden Parish Council,verified,https://www.saffronwalden.gov.uk,excel,ok,4,,2026-04-26T15:56:10+00:00
salhouse-parish-council,Salhouse Parish Council,verified,https://www.salhouseparishcouncil.gov.uk,excel,ok,3,,2026-04-26T15:56:13+00:00
rylstone-parish-meeting,Rylstone (Parish Meeting),no_web_presence_found,,,,,,2026-04-26T15:56:05+00:00
rye-foreign-parish-council,Rye Foreign Parish Council,no_web_presence_found,,,,,,2026-04-26T15:56:05+00:00
saltash-town-council,Saltash Town Council,verified,https://www.saltash.gov.uk/,pre-existing,ok,8,,2026-04-26T15:56:15+00:00
salford-parish-council,Salford Parish Council,verified,https://www.salford.gov.uk/,pattern,ok,2,,2026-04-26T15:56:11+00:00
salthouse-parish-council,Salthouse Parish Council,verified,https://www.salthouseparishcouncil.gov.uk,pre-existing,ok,5,,2026-04-26T15:56:15+00:00
ryther-cum-ossendyke-parish-council,Ryther cum Ossendyke Parish Council,no_web_presence_found,,,,,,2026-04-26T15:56:05+00:00
ryther-cum-ossendyke,Ryther cum Ossendyke,no_web_presence_found,,,,,,2026-04-26T15:56:05+00:00
salisbury-city-council,Salisbury City Council,verified,http://www.salisburycitycouncil.gov.uk,excel,ok,7,,2026-04-26T15:56:13+00:00
saffron-walden,Saffron Walden,verified,https://www.saffronwalden.gov.uk,excel,ok,4,,2026-04-26T15:56:10+00:00
sampford-arundel-parish-council,Sampford Arundel Parish Council,verified,http://www.sampfordarundel-pc.gov.uk/Home_1313.aspx,pre-existing,ok,2,,2026-04-26T15:56:16+00:00
sampford-brett-parish-council,Sampford Brett Parish Council,verified,https://www.sampfordbrett.org.uk/parish-council,pre-existing,ok,5,,2026-04-26T15:56:16+00:00
sacriston-parish-council,Sacriston Parish Council,verified,https://www.sacristonparishcouncil.co.uk/,pattern,ok,1,,2026-04-26T15:56:07+00:00
ryton-and-grindle-parish-council,Ryton and Grindle Parish Council,no_web_presence_found,,,,,,2026-04-26T15:56:06+00:00
salt-and-enson-parish-council,Salt and Enson Parish Council,url_unreachable,http://www.saltandenson.btck.co.uk/,excel,unreachable (403),,,2026-04-26T15:56:15+00:00
sacombe-parish-council,Sacombe Parish Council,no_web_presence_found,,,,,,2026-04-26T15:56:07+00:00
sandbach-town-council,Sandbach Town Council,verified,https://www.sandbach.gov.uk,pre-existing,ok,5,,2026-04-26T15:56:17+00:00
salcombe-town-council,Salcombe Town Council,verified,https://www.salcombetowncouncil.gov.uk,excel,ok,2,,2026-04-26T15:56:11+00:00
sandford-st-martin-parish-council,Sandford St Martin Parish Council,verified,https://www.sandfordstmartin-pc.gov.uk,pre-existing,ok,4,,2026-04-26T15:56:19+00:00
saddleworth-parish-council,Saddleworth Parish Council,no_web_presence_found,,,,,,2026-04-26T15:56:09+00:00
sambourne-parish-council,Sambourne Parish Council,verified,https://sambourne.org.uk/,pattern,ok,2,,2026-04-26T15:56:16+00:00
salterforth-parish-council,Salterforth Parish Council,verified,https://www.salterforth-pc.gov.uk/community/salterforth-parish-council-and-village-16350/home/,pattern,ok,7,,2026-04-26T15:56:15+00:00
sandhurst-parish-council,Sandhurst Parish Council,verified,https://www.sandhurst-pc.gov.uk,pre-existing,ok,5,,2026-04-26T15:56:22+00:00
salford-priors-parish-council,Salford Priors Parish Council,no_web_presence_found,,,,,,2026-04-26T15:56:12+00:00
salle-parish-meeting,Salle Parish Meeting,no_web_presence_found,,,,,,2026-04-26T15:56:14+00:00
sandon-and-burston-parish-council,Sandon and Burston Parish Council,verified,https://sandonandburstonpc.org.uk/,pre-existing,ok,4,,2026-04-26T15:56:24+00:00
sandgate-parish-council,Sandgate Parish Council,verified,https://sandgate-pc.gov.uk/,pattern,ok,7,,2026-04-26T15:56:20+00:00
rumburgh-parish-council,Rumburgh Parish Council,verified,https://rumburgh-pc.gov.uk/,pattern,ok,3,,2026-04-26T15:55:59+00:00
saltley-parish-council,Saltley Parish Council,no_web_presence_found,,,,,,2026-04-26T15:56:15+00:00
salton-parish-meeting,Salton (Parish Meeting),no_web_presence_found,,,,,,2026-04-26T15:56:16+00:00
sampford-courtenay-parish-parish-council,Sampford Courtenay Parish Parish Council,no_web_presence_found,,,,,,2026-04-26T15:56:16+00:00
sandridge-parish-council,Sandridge Parish Council,verified,https://sandridge-pc.gov.uk/,pattern,ok,2,,2026-04-26T15:56:24+00:00
sand-hutton-parish-council,Sand Hutton Parish Council,no_web_presence_found,,,,,,2026-04-26T15:56:17+00:00
sampford-peverell-parish-council,Sampford Peverell Parish Council,no_web_presence_found,,,,,,2026-04-26T15:56:16+00:00
saredon-parish-council,Saredon Parish Council,verified,https://www.saredonparishcouncil.co.uk,excel,ok,2,,2026-04-26T15:56:26+00:00
sandford-st-martin-parish-council-1,Sandford St. Martin Parish Council,no_web_presence_found,,,,,,2026-04-26T15:56:19+00:00
saltwood-parish-council,Saltwood Parish Council,verified,https://www.saltwoodpc.org.uk/community/saltwood-parish-council-18461/home/,pattern,ok,4,,2026-04-26T15:56:16+00:00
satterthwaite-parish-council,Satterthwaite Parish Council,verified,https://www.satterthwaiteparishcouncil.gov.uk,pre-existing,ok,4,,2026-04-26T15:56:30+00:00
sandwich-parish-council,Sandwich Parish Council,verified,https://www.sandwich.org.uk/,pattern,ok,2,,2026-04-26T15:56:25+00:00
sandhutton,Sandhutton,no_web_presence_found,,,,,,2026-04-26T15:56:22+00:00
sandhutton-parish-council,Sandhutton Parish Council,no_web_presence_found,,,,,,2026-04-26T15:56:23+00:00
sandhoe-parish-council,Sandhoe Parish Council,verified,https://www.sandhoeparishcouncil.co.uk/,pattern,ok,2,,2026-04-26T15:56:21+00:00
sandon-parish-council,Sandon Parish Council,no_web_presence_found,,,,,,2026-04-26T15:56:24+00:00
sancton-parish-council,Sancton Parish Council,verified,https://www.sanctonparishcouncil.gov.uk/Home_14028.aspx,pattern,ok,2,,2026-04-26T15:56:17+00:00
sawtry-parish-council,Sawtry Parish Council,url_unreachable,https://www.sawtryparishcouncil.gov.uk,excel,unreachable,,"ConnectionError: HTTPSConnectionPool(host='www.sawtryparishcouncil.gov.uk', port=443): Max retries exceeded with url: / (Caused by NameResolutionError(""HTTPSConnection(host='www.sawtryparishcouncil.gov.uk', port=443):",2026-04-26T15:56:34+00:00
santon-downham-parish-council,Santon Downham Parish Council,no_web_presence_found,,,,,,2026-04-26T15:56:26+00:00
sardine-parish-council,Sardine Parish Council,no_web_presence_found,,,,,,2026-04-26T15:56:26+00:00
sarnesfield-parish-council,Sarnesfield Parish Council,no_web_presence_found,,,,,,2026-04-26T15:56:27+00:00
sarisbury-parish-council,Sarisbury Parish Council,no_web_presence_found,,,,,,2026-04-26T15:56:27+00:00
saxlingham-nethergate-parish-council,Saxlingham Nethergate Parish Council,url_unreachable,https://www.saxlinghamnethergate-pc.gov.uk,excel,unreachable,,"ConnectionError: HTTPSConnectionPool(host='www.saxlinghamnethergate-pc.gov.uk', port=443): Max retries exceeded with url: / (Caused by NameResolutionError(""HTTPSConnection(host='www.saxlinghamnethergate-pc.gov.uk', po",2026-04-26T15:56:37+00:00
sarre-parish-council,Sarre Parish Council,no_web_presence_found,,,,,,2026-04-26T15:56:28+00:00
sarsden-parish-council,Sarsden Parish Council,no_web_presence_found,,,,,,2026-04-26T15:56:29+00:00
saughall-and-shotwick-park-parish-council,Saughall and Shotwick Park Parish Council,no_web_presence_found,,,,,,2026-04-26T15:56:30+00:00
scaleby-parish-council,Scaleby Parish Council,url_unreachable,https://www.scaleby-pc.gov.uk,excel,unreachable,,"ConnectionError: HTTPSConnectionPool(host='www.scaleby-pc.gov.uk', port=443): Max retries exceeded with url: / (Caused by NameResolutionError(""HTTPSConnection(host='www.scaleby-pc.gov.uk', port=443): Failed to resolve",2026-04-26T15:56:40+00:00
sawston-parish-council,Sawston Parish Council,verified,https://sawstonparishcouncil.gov.uk/,pattern,ok,2,,2026-04-26T15:56:34+00:00
saundby-parish-council,Saundby Parish Council,no_web_presence_found,,,,,,2026-04-26T15:56:31+00:00
sausthorpe-parish-council,Sausthorpe Parish Council,no_web_presence_found,,,,,,2026-04-26T15:56:32+00:00
sandy-parish-council,Sandy Parish Council,no_web_presence_found,,,,,,2026-04-26T15:56:26+00:00
savernake-parish-council,Savernake Parish Council,no_web_presence_found,,,,,,2026-04-26T15:56:32+00:00
sandford-parish-council,Sandford Parish Council,verified,https://www.sandfordparishcouncil.gov.uk/,pattern,ok,2,,2026-04-26T15:56:17+00:00
scarcliffe-parish-council,Scarcliffe Parish Council,url_unreachable,https://www.scarcliffeparishcouncil.gov.uk,excel,unreachable,,"SSLError: HTTPSConnectionPool(host='www.scarcliffeparishcouncil.gov.uk', port=443): Max retries exceeded with url: / (Caused by SSLError(SSLCertVerificationError(1, ""[SSL: CERTIFICATE_VERIFY_FAILED] certificate",2026-04-26T15:56:42+00:00
scarisbrick-parish-council,Scarisbrick Parish Council,url_unreachable,https://www.scarisbrickparishcouncil.gov.uk,excel,unreachable,,"ConnectionError: HTTPSConnectionPool(host='www.scarisbrickparishcouncil.gov.uk', port=443): Max retries exceeded with url: / (Caused by NameResolutionError(""HTTPSConnection(host='www.scarisbrickparishcouncil.gov.uk', ",2026-04-26T15:56:43+00:00
scarning-parish-council,Scarning Parish Council,verified,https://www.scarning-pc.gov.uk,pre-existing,ok,5,,2026-04-26T15:56:43+00:00
scole-parish-council,Scole Parish Council,verified,https://www.scoleparish.org.uk,pre-existing,ok,4,,2026-04-26T15:56:43+00:00
scorton,Scorton,url_unreachable,https://www.scorton-pc.gov.uk,excel,unreachable,,"ConnectionError: HTTPSConnectionPool(host='www.scorton-pc.gov.uk', port=443): Max retries exceeded with url: / (Caused by NameResolutionError(""HTTPSConnection(host='www.scorton-pc.gov.uk', port=443): Failed to resolve",2026-04-26T15:56:43+00:00
scosthrop-parish-meeting,Scosthrop (Parish Meeting),verified,https://www.scosthropparish.org.uk,pre-existing,ok,0,,2026-04-26T15:56:44+00:00
sabden-parish-council,Sabden Parish Council,no_web_presence_found,,,,,,2026-04-26T15:56:06+00:00
saxilby-with-ingleby-parish-council,Saxilby with Ingleby Parish Council,no_web_presence_found,,,,,,2026-04-26T15:56:36+00:00
scotton,Scotton,verified,https://www.scottonlingerfield-pc.gov.uk,pre-existing,ok,4,,2026-04-26T15:56:46+00:00
scarborough-town,Scarborough Town,verified,https://www.scarboroughtowncouncil.gov.uk,excel,ok,4,,2026-04-26T15:56:42+00:00
scagglethorpe,Scagglethorpe,url_unreachable,https://www.scagglethorpe-pc.gov.uk,excel,unreachable,,"ReadTimeout: HTTPSConnectionPool(host='www.scagglethorpe-pc.gov.uk', port=443): Read timed out. (read timeout=6)",2026-04-26T15:56:39+00:00
scrayingham,Scrayingham,verified,https://www.scrayinghamparishcouncil.org.uk,pre-existing,ok,3,,2026-04-26T15:56:46+00:00
scrayingham-parish-council,Scrayingham Parish Council,verified,https://www.scrayinghamparishcouncil.org.uk,pre-existing,ok,3,,2026-04-26T15:56:46+00:00
saxmundham-parish-council,Saxmundham Parish Council,no_web_presence_found,,,,,,2026-04-26T15:56:37+00:00
sawyer-parish-council,Sawyer Parish Council,no_web_presence_found,,,,,,2026-04-26T15:56:34+00:00
saxby-parish-council,Saxby Parish Council,no_web_presence_found,,,,,,2026-04-26T15:56:36+00:00
saxondale-parish-meeting,Saxondale Parish Meeting,no_web_presence_found,,,,,,2026-04-26T15:56:37+00:00
saxton-with-scarthingwell-parish-council,Saxton with Scarthingwell Parish Council,no_web_presence_found,,,,,,2026-04-26T15:56:37+00:00
sculthorpe-parish-council,Sculthorpe Parish Council,verified,https://www.sculthorpe-pc.gov.uk,pre-existing,ok,5,,2026-04-26T15:56:47+00:00
sawley-parish-council,Sawley Parish Council,verified,https://www.sawleyparishcouncil.gov.uk/,pattern,ok,4,,2026-04-26T15:56:33+00:00
seaford-town-council,Seaford Town Council,verified,https://www.seafordtowncouncil.gov.uk,pre-existing,ok,14,,2026-04-26T15:56:48+00:00
seaford-town-council-1,Seaford Town Council,verified,https://www.seafordtowncouncil.gov.uk,pre-existing,ok,14,,2026-04-26T15:56:48+00:00
seagry-parish-council,Seagry Parish Council,verified,https://www.seagryparishcouncil.gov.uk,pre-existing,ok,5,,2026-04-26T15:56:48+00:00
seaham-town-council,Seaham Town Council,url_unreachable,https://www.seahamtowncouncil.gov.uk,excel,unreachable,,"ConnectionError: HTTPSConnectionPool(host='www.seahamtowncouncil.gov.uk', port=443): Max retries exceeded with url: / (Caused by NameResolutionError(""HTTPSConnection(host='www.seahamtowncouncil.gov.uk', port=443): Fai",2026-04-26T15:56:48+00:00
scarborough-town-parish-council,Scarborough Town Parish Council,verified,https://www.scarboroughtowncouncil.gov.uk,excel,ok,4,,2026-04-26T15:56:42+00:00
seale-and-sealeford-parish-council,Seale and Sealeford Parish Council,url_unreachable,https://www.sealesealeford-pc.gov.uk,excel,unreachable,,"ConnectionError: HTTPSConnectionPool(host='www.sealesealeford-pc.gov.uk', port=443): Max retries exceeded with url: / (Caused by NameResolutionError(""HTTPSConnection(host='www.sealesealeford-pc.gov.uk', port=443): Fai",2026-04-26T15:56:49+00:00
scamblesby-parish-council,Scamblesby Parish Council,no_web_presence_found,,,,,,2026-04-26T15:56:40+00:00
scampston,Scampston,no_web_presence_found,,,,,,2026-04-26T15:56:41+00:00
seamer-scarborough,Seamer (Scarborough),verified,https://www.seamercrossgates-pc.gov.uk,excel,ok,6,,2026-04-26T15:56:49+00:00
scarcroft-parish-council,Scarcroft Parish Council,verified,https://scarcroftparishcouncil.gov.uk/,pattern,ok,4,,2026-04-26T15:56:43+00:00
seaton-parish-council,Seaton Parish Council,verified,https://www.seatonparishcouncil.gov.uk,pre-existing,ok,1,,2026-04-26T15:56:52+00:00
scottow-parish-council,Scottow Parish Council,verified,https://scottowparishcouncil.gov.uk/,pattern,ok,,,2026-04-26T15:56:46+00:00
seaton-valley-parish-council,Seaton Valley Parish Council,verified,https://www.seatonvalleycommunitycouncil.gov.uk,pre-existing,ok,4,,2026-04-26T15:56:52+00:00
seavington-parish-council,Seavington Parish Council,verified,https://www.theseavingtons.org/parish-council,pre-existing,ok,4,,2026-04-26T15:56:52+00:00
scotforth-parish-council,Scotforth Parish Council,no_web_presence_found,,,,,,2026-04-26T15:56:44+00:00
scampton-parish-council,Scampton Parish Council,no_web_presence_found,,,,,,2026-04-26T15:56:42+00:00
sedbergh-parish-council,Sedbergh Parish Council,verified,https://www.sedberghparishcouncil.gov.uk,pre-existing,ok,4,,2026-04-26T15:56:54+00:00
scraptoft-parish-council,Scraptoft Parish Council,verified,https://www.scraptoftparishcouncil.gov.uk/,pattern,ok,4,,2026-04-26T15:56:46+00:00
scrivelsby-parish-council,Scrivelsby Parish Council,no_web_presence_found,,,,,,2026-04-26T15:56:47+00:00
screveton-parish-meeting,Screveton Parish Meeting,no_web_presence_found,,,,,,2026-04-26T15:56:46+00:00
sedgwick-parish-council,Sedgwick Parish Council,verified,https://www.sedgwickparishcouncil.gov.uk,pre-existing,ok,6,,2026-04-26T15:56:57+00:00
sedlescombe-parish-council,Sedlescombe Parish Council,verified,https://www.sedlescombeparishcouncil.gov.uk,pre-existing,ok,6,,2026-04-26T15:56:57+00:00
scriven,Scriven,no_web_presence_found,,,,,,2026-04-26T15:56:47+00:00
seer-green-parish-council,Seer Green Parish Council,verified,https://www.seergreenparishcouncil.gov.uk,pre-existing,ok,5,,2026-04-26T15:56:57+00:00
scrooby-parish-council,Scrooby Parish Council,no_web_presence_found,,,,,,2026-04-26T15:56:47+00:00
scruton,Scruton,no_web_presence_found,,,,,,2026-04-26T15:56:47+00:00
seighford-parish-council,Seighford Parish Council,verified,https://www.seighford-pc.co.uk/,pre-existing,ok,4,,2026-04-26T15:56:58+00:00
sea-palling-parish-council,Sea Palling Parish Council,no_web_presence_found,,,,,,2026-04-26T15:56:47+00:00
sedgeford-parish-council,Sedgeford Parish Council,verified,https://sedgefordparishcouncil.gov.uk/,pattern,ok,1,,2026-04-26T15:56:54+00:00
seamer-parish-council,Seamer Parish Council,verified,https://www.seamerparishcouncil.gov.uk/,pattern,ok,3,,2026-04-26T15:56:49+00:00
sedgehill-and-semley-parish-council,Sedgehill and Semley Parish Council,verified,https://www.sedgehillsemley-pc.gov.uk,excel,ok,2,,2026-04-26T15:56:56+00:00
selattyn-gobowen-parish-council,Selattyn & Gobowen Parish Council,verified,https://www.selattyngobowen-pc.gov.uk,excel,ok,6,,2026-04-26T15:56:58+00:00
selby,Selby,url_unreachable,https://www.selbytowncouncil.gov.uk,excel,unreachable,,"SSLError: HTTPSConnectionPool(host='www.selbytowncouncil.gov.uk', port=443): Max retries exceeded with url: / (Caused by SSLError(SSLCertVerificationError(1, '[SSL: CERTIFICATE_VERIFY_FAILED] certificate verify",2026-04-26T15:56:58+00:00
sefton-parish-council,Sefton Parish Council,verified,https://sefton.gov.uk/,pattern,ok,2,,2026-04-26T15:56:57+00:00
searby-cum-owmby-parish-council,Searby cum Owmby Parish Council,no_web_presence_found,,,,,,2026-04-26T15:56:50+00:00
seal-parish-council,Seal Parish Council,no_web_presence_found,,,,,,2026-04-26T15:56:48+00:00
seaton-ross-parish-council,Seaton Ross Parish Council,no_web_presence_found,,,,,,2026-04-26T15:56:52+00:00
semington-parish-council,Semington Parish Council,verified,https://www.semingtonparish.gov.uk,pre-existing,ok,4,,2026-04-26T15:57:02+00:00
seend-parish-council,Seend Parish Council,verified,https://seend.org.uk/,pattern,ok,,,2026-04-26T15:56:57+00:00
sebergham-parish-council,Sebergham Parish Council,no_web_presence_found,,,,,,2026-04-26T15:56:52+00:00
settle,Settle,verified,https://www.settletowncouncil.gov.uk,pre-existing,ok,5,,2026-04-26T15:57:02+00:00
settle-parish-council,Settle Parish Council,verified,https://www.settletowncouncil.gov.uk,pre-existing,ok,5,,2026-04-26T15:57:02+00:00
settrington-parish-council,Settrington Parish Council,verified,https://www.settringtonparishcouncil.gov.uk,pre-existing,ok,5,,2026-04-26T15:57:02+00:00
semer-parish-council,Semer Parish Council,url_unreachable,https://www.semerparishcouncil.gov.uk,excel,unreachable,,"SSLError: HTTPSConnectionPool(host='www.semerparishcouncil.gov.uk', port=443): Max retries exceeded with url: / (Caused by SSLError(SSLCertVerificationError(1, ""[SSL: CERTIFICATE_VERIFY_FAILED] certificate veri",2026-04-26T15:57:01+00:00
sevenoaks-town-council,Sevenoaks Town Council,url_unreachable,https://www.sevenoakstowncouncil.gov.uk,excel,unreachable,,"ConnectionError: HTTPSConnectionPool(host='www.sevenoakstowncouncil.gov.uk', port=443): Max retries exceeded with url: / (Caused by NameResolutionError(""HTTPSConnection(host='www.sevenoakstowncouncil.gov.uk', port=443",2026-04-26T15:57:02+00:00
selby-parish-council,Selby Parish Council,url_unreachable,https://www.selbytowncouncil.gov.uk,excel,unreachable,,"SSLError: HTTPSConnectionPool(host='www.selbytowncouncil.gov.uk', port=443): Max retries exceeded with url: / (Caused by SSLError(SSLCertVerificationError(1, '[SSL: CERTIFICATE_VERIFY_FAILED] certificate verify",2026-04-26T15:56:59+00:00
sellindge-parish-council,Sellindge Parish Council,verified,https://www.sellindge-pc.gov.uk/,pattern,ok,2,,2026-04-26T15:57:00+00:00
selworthy-minehead-without-parish-council,Selworthy & Minehead Without Parish Council,url_unreachable,https://smwpc.co.uk/index.html,excel,unreachable (404),,,2026-04-26T15:57:01+00:00
sedgebrook-parish-council,Sedgebrook Parish Council,no_web_presence_found,,,,,,2026-04-26T15:56:54+00:00
sellack-parish-council,Sellack Parish Council,verified,https://sellackparishcouncil.gov.uk/,pattern,ok,5,,2026-04-26T15:56:59+00:00
seascale-parish-council,Seascale Parish Council,verified,https://www.seascaleparishcouncil.co.uk/,pattern,ok,4,,2026-04-26T15:56:51+00:00
scothern-parish-council,Scothern Parish Council,no_web_presence_found,,,,,,2026-04-26T15:56:44+00:00
seething-parish-council,Seething Parish Council,no_web_presence_found,,,,,,2026-04-26T15:56:57+00:00
shadoxhurst-parish-council,Shadoxhurst Parish Council,verified,https://www.shadoxhurst-pc.gov.uk,pre-existing,ok,7,,2026-04-26T15:57:06+00:00
sessay,Sessay,verified,https://sessayparishcouncil.gov.uk/,pattern,ok,1,,2026-04-26T15:57:02+00:00
selston-parish-council,Selston Parish Council,verified,https://selstonparishcouncil.gov.uk/,pattern,ok,5,,2026-04-26T15:57:01+00:00
selmeston-parish-meeting,Selmeston Parish Meeting,no_web_presence_found,,,,,,2026-04-26T15:57:00+00:00
sevington-parish-council,Sevington Parish Council,no_web_presence_found,,,,,,2026-04-26T15:57:02+00:00
sevington-with-finberry-parish-council,Sevington with Finberry Parish Council,no_web_presence_found,,,,,,2026-04-26T15:57:02+00:00
sewards-end-parish-council,Sewards End Parish Council,no_web_presence_found,,,,,,2026-04-26T15:57:03+00:00
shapwick-parish-council,Shapwick Parish Council,verified,https://www.shapwickparishcouncil.org.uk/,pre-existing,ok,7,,2026-04-26T15:57:13+00:00
shareshill-parish-council,Shareshill Parish Council,verified,http://www.shares.f9.co.uk/parishcouncil.html,pre-existing,ok,1,,2026-04-26T15:57:13+00:00
sewards-end,Sewards End,no_web_presence_found,,,,,,2026-04-26T15:57:03+00:00
send-parish-council,Send Parish Council,verified,https://sendparishcouncil.gov.uk/,pattern,ok,5,,2026-04-26T15:57:02+00:00
sezincote-parish-meeting,Sezincote Parish Meeting,no_web_presence_found,,,,,,2026-04-26T15:57:04+00:00
seckington-parish-council,Seckington Parish Council,no_web_presence_found,,,,,,2026-04-26T15:56:54+00:00
shaugh-prior-parish-council,Shaugh Prior Parish Council,verified,https://www.shaughpriorparish.gov.uk,pre-existing,ok,3,,2026-04-26T15:57:14+00:00
sexhow-parish-meeting,Sexhow (Parish Meeting),no_web_presence_found,,,,,,2026-04-26T15:57:04+00:00
shackerstone-parish-council,Shackerstone Parish Council,no_web_presence_found,,,,,,2026-04-26T15:57:04+00:00
shabbington-parish-council,Shabbington Parish Council,no_web_presence_found,,,,,,2026-04-26T15:57:04+00:00
shaw-cum-donnington-parish-council,Shaw-cum-Donnington Parish Council,verified,https://www.shawcumdonningtonparish.gov.uk,pre-existing,ok,8,,2026-04-26T15:57:14+00:00
shawbury-parish-council,Shawbury Parish Council,verified,https://www.shawbury-pc.gov.uk,pre-existing,ok,4,,2026-04-26T15:57:14+00:00
shadingfield-parish-council,Shadingfield Parish Council,no_web_presence_found,,,,,,2026-04-26T15:57:06+00:00
shedfield-parish-council,Shedfield Parish Council,url_unreachable,https://www.shedfieldpc.org.uk,excel,unreachable,,"ConnectionError: HTTPSConnectionPool(host='www.shedfieldpc.org.uk', port=443): Max retries exceeded with url: / (Caused by NameResolutionError(""HTTPSConnection(host='www.shedfieldpc.org.uk', port=443): Failed to resol",2026-04-26T15:57:16+00:00
sheen-parish-council,Sheen Parish Council,verified,http://sheen-pc.org/,pre-existing,ok,6,,2026-04-26T15:57:16+00:00
sheen-parish-council-1,Sheen Parish Council,verified,http://sheen-pc.org/,pre-existing,ok,6,,2026-04-26T15:57:16+00:00
sheepstor-parish,Sheepstor Parish,verified,https://www.burrator.gov.uk,pre-existing,ok,4,,2026-04-26T15:57:16+00:00
sheepstor-parish-parish-council,Sheepstor Parish Parish Council,verified,https://www.burrator.gov.uk,pre-existing,ok,4,,2026-04-26T15:57:16+00:00
sharnbrook-parish-council,Sharnbrook Parish Council,verified,https://sharnbrook-pc.gov.uk/,pattern,ok,5,,2026-04-26T15:57:13+00:00
sheet-parish-council,Sheet Parish Council,url_unreachable,https://www.sheetpc.org.uk,excel,unreachable,,"ConnectionError: HTTPSConnectionPool(host='www.sheetpc.org.uk', port=443): Max retries exceeded with url: / (Caused by NameResolutionError(""HTTPSConnection(host='www.sheetpc.org.uk', port=443): Failed to resolve 'www.",2026-04-26T15:57:17+00:00
selling-parish-council,Selling Parish Council,verified,https://www.sellingparishcouncil.gov.uk/,pattern,ok,2,,2026-04-26T15:57:00+00:00
shalford-peasmarsh-and-chilworth-parish-council,"Shalford, Peasmarsh and Chilworth Parish Council",no_web_presence_found,,,,,,2026-04-26T15:57:09+00:00
shelfanger-parish-council,Shelfanger Parish Council,verified,https://www.shelfanger-pc.gov.uk,pre-existing,ok,5,,2026-04-26T15:57:19+00:00
shalstone-parish-council,Shalstone Parish Council,no_web_presence_found,,,,,,2026-04-26T15:57:09+00:00
shearsby-parish-council,Shearsby Parish Council,verified,https://www.shearsbyparishcouncil.gov.uk/,pattern,ok,5,,2026-04-26T15:57:14+00:00
shap-rural-parish-council,Shap Rural Parish Council,no_web_presence_found,,,,,,2026-04-26T15:57:13+00:00
sharow-parish-council,Sharow Parish Council,no_web_presence_found,,,,,,2026-04-26T15:57:14+00:00
sharow,Sharow,no_web_presence_found,,,,,,2026-04-26T15:57:13+00:00
sharpham-parish-meeting,Sharpham Parish Meeting,no_web_presence_found,,,,,,2026-04-26T15:57:14+00:00
shavington-cum-gresty-parish-council-1,Shavington cum Gresty Parish Council,no_web_presence_found,,,,,,2026-04-26T15:57:14+00:00
shaw-and-crompton-parish-council,Shaw and Crompton Parish Council,no_web_presence_found,,,,,,2026-04-26T15:57:14+00:00
shepshed-town-council,Shepshed Town Council,url_unreachable,https://www.shepshedtowncouncil.gov.uk,excel,unreachable,,"ConnectionError: HTTPSConnectionPool(host='www.shepshedtowncouncil.gov.uk', port=443): Max retries exceeded with url: / (Caused by NameResolutionError(""HTTPSConnection(host='www.shepshedtowncouncil.gov.uk', port=443):",2026-04-26T15:57:24+00:00
shavington-cum-gresty-parish-council,Shavington-cum-Gresty Parish Council,no_web_presence_found,,,,,,2026-04-26T15:57:14+00:00
shepton-mallet-town-council,Shepton Mallet Town Council,verified,https://sheptonmallet-tc.gov.uk/,pre-existing,ok,6,,2026-04-26T15:57:25+00:00
shepton-montague-parish-council,Shepton Montague Parish Council,verified,https://www.sheptonmontagueparish.gov.uk/,excel,ok,7,,2026-04-26T15:57:25+00:00
shellingford-parish-meeting,Shellingford Parish Meeting,verified,https://shellingford.org.uk/,pattern,ok,1,,2026-04-26T15:57:20+00:00
shefford-parish-council,Shefford Parish Council,no_web_presence_found,,,,,,2026-04-26T15:57:17+00:00
shap-parish-council,Shap Parish Council,no_web_presence_found,,,,,,2026-04-26T15:57:12+00:00
sheerness-parish-council,Sheerness Parish Council,no_web_presence_found,,,,,,2026-04-26T15:57:16+00:00
shelland-parish-meeting,Shelland Parish Meeting,no_web_presence_found,,,,,,2026-04-26T15:57:19+00:00
shelley-parish-meeting,Shelley Parish Meeting,no_web_presence_found,,,,,,2026-04-26T15:57:19+00:00
sheldon-parish-meeting,Sheldon (Parish Meeting),no_web_presence_found,,,,,,2026-04-26T15:57:17+00:00
sherfield-english-parish-council,Sherfield English Parish Council,verified,https://www.sherfieldenglish-pc.gov.uk,pre-existing,ok,4,,2026-04-26T15:57:29+00:00
shalford-parish-council,Shalford Parish Council,verified,https://shalford-cc.gov.uk/,pattern,ok,5,,2026-04-26T15:57:06+00:00
shenley-parish-council,Shenley Parish Council,verified,https://www.shenleyparishcouncil.gov.uk/,pattern,ok,7,,2026-04-26T15:57:24+00:00
sheriffhales-parish-council,Sheriffhales Parish Council,verified,https://www.sheriffhales-pc.gov.uk,pre-existing,ok,1,,2026-04-26T15:57:30+00:00
sherburn-in-elmet,Sherburn-in-Elmet,verified,https://www.sherburninelmet-tc.gov.uk,excel,ok,5,,2026-04-26T15:57:26+00:00
sheringham-upper-parish-council,Sheringham (Upper) Parish Council,verified,https://www.uppersheringhamparishcouncil.gov.uk,pre-existing,ok,5,,2026-04-26T15:57:30+00:00
shepton-beauchamp-parish-council,Shepton Beauchamp Parish Council,url_unreachable,https://sheptonbeauchamp-pc.gov.uk,excel,unreachable,,"ReadTimeout: HTTPSConnectionPool(host='sheptonbeauchamp-pc.gov.uk', port=443): Read timed out. (read timeout=6)",2026-04-26T15:57:24+00:00
shangton-parish-council,Shangton Parish Council,no_web_presence_found,,,,,,2026-04-26T15:57:09+00:00
shelton-and-hardwick-parish-council,Shelton and Hardwick Parish Council,no_web_presence_found,,,,,,2026-04-26T15:57:23+00:00
shifnal-town-council,Shifnal Town Council,verified,https://www.shifnaltowncouncil.gov.uk,pre-existing,ok,11,,2026-04-26T15:57:33+00:00
shelsley-walsh-parish-council,Shelsley Walsh Parish Council,no_web_presence_found,,,,,,2026-04-26T15:57:23+00:00
shenington-with-alkerton-parish-council,Shenington with Alkerton Parish Council,no_web_presence_found,,,,,,2026-04-26T15:57:23+00:00
shenley-church-end-parish-council,Shenley Church End Parish Council,no_web_presence_found,,,,,,2026-04-26T15:57:24+00:00
sherburn-in-elmet-parish-council,Sherburn-in-Elmet Parish Council,verified,https://www.sherburninelmet-tc.gov.uk,excel,ok,5,,2026-04-26T15:57:26+00:00
shillington-parish-council,Shillington Parish Council,verified,https://www.shillington-pc.gov.uk,pre-existing,ok,6,,2026-04-26T15:57:34+00:00
shilton-parish-council,Shilton Parish Council,url_unreachable,https://www.shiltonparishcouncil.gov.uk,excel,unreachable,,"ConnectionError: HTTPSConnectionPool(host='www.shiltonparishcouncil.gov.uk', port=443): Max retries exceeded with url: / (Caused by NameResolutionError(""HTTPSConnection(host='www.shiltonparishcouncil.gov.uk', port=443",2026-04-26T15:57:34+00:00
shimpling-parish-council,Shimpling Parish Council,verified,https://www.shimpling-pc.gov.uk,pre-existing,ok,4,,2026-04-26T15:57:34+00:00
sherborne-st-john-parish-council,Sherborne St John Parish Council,no_web_presence_found,,,,,,2026-04-26T15:57:26+00:00
sheraton-with-hulam-parish-council,Sheraton with Hulam Parish Council,no_web_presence_found,,,,,,2026-04-26T15:57:25+00:00
shipdham-parish-council,Shipdham Parish Council,verified,https://www.shipdhamparish.gov.uk,pre-existing,ok,0,,2026-04-26T15:57:35+00:00
shipham-parish-council,Shipham Parish Council,verified,https://www.shipham.org.uk,pre-existing,ok,3,,2026-04-26T15:57:35+00:00
shipley-parish-council,Shipley Parish Council,url_unreachable,https://www.shipley-pc.gov.uk,excel,unreachable,,"ConnectionError: HTTPSConnectionPool(host='www.shipley-pc.gov.uk', port=443): Max retries exceeded with url: / (Caused by NameResolutionError(""HTTPSConnection(host='www.shipley-pc.gov.uk', port=443): Failed to resolve",2026-04-26T15:57:35+00:00
sheringham-town-council,Sheringham Town Council,verified,https://www.sheringhamtowncouncil.gov.uk,excel,ok,2,,2026-04-26T15:57:30+00:00
sherburn-in-elmet-parish-council-1,Sherburn in Elmet Parish Council,no_web_presence_found,,,,,,2026-04-26T15:57:27+00:00
sherburn-parish-council,Sherburn Parish Council,verified,https://www.sherburnparishcouncil.gov.uk/,pattern,ok,4,,2026-04-26T15:57:28+00:00
shilbottle-parish-council,Shilbottle Parish Council,verified,https://www.shilbottle-pc.gov.uk/community/shilbottle-parish-council-21047/home/,pattern,ok,5,,2026-04-26T15:57:33+00:00
shipbourne-parish-council,Shipbourne Parish Council,verified,https://www.shipbourneparishcouncil.gov.uk,excel,ok,5,,2026-04-26T15:57:35+00:00
sherfield-park-parish-council,Sherfield Park Parish Council,no_web_presence_found,,,,,,2026-04-26T15:57:29+00:00
shipton-under-wychwood-parish-council,Shipton under Wychwood Parish Council,url_unreachable,https://www.shiptonunderwychwood-pc.gov.uk,excel,unreachable,,"ConnectionError: HTTPSConnectionPool(host='www.shiptonunderwychwood-pc.gov.uk', port=443): Max retries exceeded with url: / (Caused by NameResolutionError(""HTTPSConnection(host='www.shiptonunderwychwood-pc.gov.uk', po",2026-04-26T15:57:38+00:00
shipton-bellinger-parish-council,Shipton Bellinger Parish Council,url_unreachable,https://www.shiptonbellinger-pc.gov.uk,excel,unreachable,,"ConnectionError: HTTPSConnectionPool(host='www.shiptonbellinger-pc.gov.uk', port=443): Max retries exceeded with url: / (Caused by NameResolutionError(""HTTPSConnection(host='www.shiptonbellinger-pc.gov.uk', port=443):",2026-04-26T15:57:38+00:00
sherburn-village-parish-council,Sherburn Village Parish Council,no_web_presence_found,,,,,,2026-04-26T15:57:29+00:00
sheriff-hutton,Sheriff Hutton,no_web_presence_found,,,,,,2026-04-26T15:57:30+00:00
shirland-higham-parish-council,Shirland & Higham Parish Council,blocked_by_robots,https://www.shirlandhigham-pc.gov.uk,excel,robots-disallow,,,2026-04-26T15:57:39+00:00
shobnall-parish-council,Shobnall Parish Council,verified,https://shobnall-pc.gov.uk/,pre-existing,ok,5,,2026-04-26T15:57:39+00:00
shernborne-parish-meeting,Shernborne Parish Meeting,no_web_presence_found,,,,,,2026-04-26T15:57:30+00:00
shildon-town-council,Shildon Town Council,verified,https://shildon.gov.uk/,pattern,ok,5,,2026-04-26T15:57:33+00:00
sherston-parish-council,Sherston Parish Council,verified,https://sherston.org.uk/,pattern,ok,1,,2026-04-26T15:57:32+00:00
shoreham-parish-council,Shoreham Parish Council,url_unreachable,https://www.shorehamepc.org.uk,excel,unreachable,,"ConnectionError: HTTPSConnectionPool(host='www.shorehamepc.org.uk', port=443): Max retries exceeded with url: / (Caused by NameResolutionError(""HTTPSConnection(host='www.shorehamepc.org.uk', port=443): Failed to resol",2026-04-26T15:57:40+00:00
shipton,Shipton,verified,https://shipton-pc.gov.uk/,pattern,ok,5,,2026-04-26T15:57:36+00:00
sherrington-parish-meeting,Sherrington Parish Meeting,no_web_presence_found,,,,,,2026-04-26T15:57:31+00:00
shirley-parish-council,Shirley Parish Council,verified,https://www.shirley-pc.gov.uk/,pattern,ok,1,,2026-04-26T15:57:39+00:00
shillingford-st-george,Shillingford St George,no_web_presence_found,,,,,,2026-04-26T15:57:33+00:00
shillingford-st-george-parish-council,Shillingford St George Parish Council,no_web_presence_found,,,,,,2026-04-26T15:57:33+00:00
shingay-cum-wendy-parish-council,Shingay cum Wendy Parish Council,no_web_presence_found,,,,,,2026-04-26T15:57:34+00:00
shrewsbury-town-council,Shrewsbury Town Council,verified,https://www.shrewsburytowncouncil.gov.uk,pre-existing,ok,13,,2026-04-26T15:57:43+00:00
shrewton-parish-council,Shrewton Parish Council,verified,https://www.shrewtonparishcouncil.gov.uk,pre-existing,ok,5,,2026-04-26T15:57:43+00:00
shipton-parish-council,Shipton Parish Council,verified,https://shipton-pc.gov.uk/,pattern,ok,5,,2026-04-26T15:57:38+00:00
shropham-parish-council,Shropham Parish Council,verified,https://www.shrophamparishcouncil.gov.uk,pre-existing,ok,5,,2026-04-26T15:57:44+00:00
shurdington-parish-council,Shurdington Parish Council,verified,https://www.shurdington-pc.gov.uk,pre-existing,ok,8,,2026-04-26T15:57:44+00:00
shireoaks-parish-council,Shireoaks Parish Council,verified,https://www.shireoaks-pc.gov.uk/community/shireoaks-parish-council-10637/home/,pattern,ok,3,,2026-04-26T15:57:38+00:00
shipston-on-stour-parish-council,Shipston on Stour Parish Council,no_web_presence_found,,,,,,2026-04-26T15:57:35+00:00
shipston-on-stour-town-council,Shipston-on-Stour Town Council,no_web_presence_found,,,,,,2026-04-26T15:57:36+00:00
shoreswood-parish-council,Shoreswood Parish Council,verified,https://shoreswoodparishcouncil.gov.uk/,pattern,ok,,,2026-04-26T15:57:41+00:00
shipton-and-stanton-long-parish-council,Shipton and Stanton Long Parish Council,no_web_presence_found,,,,,,2026-04-26T15:57:37+00:00
